id,product_id,product_sku,rating,title,body,reviewer_name,verified_purchase,created_at
1,1,ZL00001,3,Love this,Instructions were clear and setup took only a few minutes.,Uma,1,2024-07-05 14:00:00
2,1,ZL00001,3,Reliable so far,Used it for two weeks and it holds up well for daily use.,Ben,1,2024-07-30 14:00:00
3,1,ZL00001,4,Solid everyday pick,Good value compared with similar products I have tried.,Danial,0,2024-05-28 14:00:00
4,1,ZL00001,4,Useful addition,Feels durable. A couple of small scuffs from shipping but fine overall.,Farid,1,2024-06-07 14:00:00
5,2,ZL00002,5,Happy with it,Packaging was neat and the item matched the listing details.,Victor,1,2024-07-24 01:00:00
6,3,ZL00003,4,Love this,"Would appreciate more colour options, but this shade works for me.",Nora,1,2025-07-03 20:00:00
7,3,ZL00003,5,Nice finish,Good value compared with similar products I have tried.,Wei,1,2025-04-27 20:00:00
8,3,ZL00003,5,Useful addition,Feels durable. A couple of small scuffs from shipping but fine overall.,Omar,0,2025-03-22 20:00:00
9,4,ZL00004,3,Would buy again,Packaging was neat and the item matched the listing details.,Marcus,1,2025-01-17 07:00:00
10,5,ZL00005,2,Decent for the money,"Would appreciate more colour options, but this shade works for me.",Siti,1,2024-09-24 16:00:00
11,5,ZL00005,3,Love this,Instructions were clear and setup took only a few minutes.,Elena,1,2025-01-05 16:00:00
12,5,ZL00005,2,Better than expected,Feels durable. A couple of small scuffs from shipping but fine overall.,Jonas,1,2024-11-10 16:00:00
13,5,ZL00005,4,Not bad at all,Material quality is better than I expected at this price point.,Aisha,1,2025-01-12 16:00:00
14,6,ZL00006,5,Exactly as described,Colour is accurate and sizing feels true based on the chart.,Yasmin,1,2024-05-28 20:00:00
15,7,ZL00007,4,Would buy again,Used it for two weeks and it holds up well for daily use.,Victor,1,2024-07-13 00:00:00
16,7,ZL00007,4,Useful addition,Used it for two weeks and it holds up well for daily use.,Yasmin,1,2024-06-28 00:00:00
17,8,ZL00008,4,Better than expected,Colour is accurate and sizing feels true based on the chart.,Uma,1,2024-09-27 09:00:00
18,9,ZL00009,5,Reliable so far,Packaging was neat and the item matched the listing details.,Zara,0,2025-05-02 17:00:00
19,9,ZL00009,3,Arrived quickly,Instructions were clear and setup took only a few minutes.,Zara,0,2025-06-19 17:00:00
20,9,ZL00009,4,Love this,Material quality is better than I expected at this price point.,Tom,1,2025-05-03 17:00:00
21,9,ZL00009,3,Good build quality,I bought this as a gift and the recipient liked it immediately.,Priya,1,2025-04-20 17:00:00
22,10,ZL00010,4,Reliable so far,Good value compared with similar products I have tried.,Chloe,1,2024-02-09 08:00:00
23,10,ZL00010,5,Nice finish,Instructions were clear and setup took only a few minutes.,Victor,1,2024-05-07 08:00:00
24,11,ZL00011,4,Love this,Material quality is better than I expected at this price point.,Lina,0,2024-07-05 23:00:00
25,11,ZL00011,5,Arrived quickly,Feels durable. A couple of small scuffs from shipping but fine overall.,Wei,0,2024-05-05 23:00:00
26,11,ZL00011,4,Good build quality,Good value compared with similar products I have tried.,Danial,1,2024-05-11 23:00:00
27,11,ZL00011,3,Reliable so far,Material quality is better than I expected at this price point.,Zara,1,2024-04-25 23:00:00
28,12,ZL00012,3,Useful addition,Good value compared with similar products I have tried.,Ivy,1,2024-10-31 09:00:00
29,13,ZL00013,4,Worth the price,"Would appreciate more colour options, but this shade works for me.",Nora,0,2025-02-19 20:00:00
30,13,ZL00013,4,Arrived quickly,I bought this as a gift and the recipient liked it immediately.,Kai,1,2025-05-04 20:00:00
31,13,ZL00013,3,Happy with it,Colour is accurate and sizing feels true based on the chart.,Kai,0,2025-05-07 20:00:00
32,14,ZL00014,4,Nice finish,Material quality is better than I expected at this price point.,Ivy,1,2024-10-29 11:00:00
33,14,ZL00014,4,Happy with it,"Would appreciate more colour options, but this shade works for me.",Siti,0,2025-01-11 11:00:00
34,15,ZL00015,4,Would buy again,Colour is accurate and sizing feels true based on the chart.,Hassan,0,2024-04-05 10:00:00
35,15,ZL00015,5,Nice finish,Colour is accurate and sizing feels true based on the chart.,Farid,1,2024-02-03 10:00:00
36,15,ZL00015,5,Happy with it,I bought this as a gift and the recipient liked it immediately.,Tom,1,2024-03-27 10:00:00
37,15,ZL00015,5,Worth the price,Good value compared with similar products I have tried.,Omar,1,2024-03-22 10:00:00
38,16,ZL00016,5,Nice finish,Colour is accurate and sizing feels true based on the chart.,Uma,1,2024-11-08 15:00:00
39,16,ZL00016,5,Useful addition,Packaging was neat and the item matched the listing details.,Jonas,0,2024-07-20 15:00:00
40,17,ZL00017,5,Solid everyday pick,Colour is accurate and sizing feels true based on the chart.,Ben,1,2025-06-18 09:00:00
41,17,ZL00017,5,Solid everyday pick,Used it for two weeks and it holds up well for daily use.,Hassan,1,2025-06-29 09:00:00
42,17,ZL00017,5,Arrived quickly,Material quality is better than I expected at this price point.,Nora,1,2025-09-01 09:00:00
43,17,ZL00017,5,Useful addition,Used it for two weeks and it holds up well for daily use.,Priya,0,2025-06-15 09:00:00
44,18,ZL00018,2,Useful addition,Packaging was neat and the item matched the listing details.,Elena,1,2025-01-09 20:00:00
45,18,ZL00018,3,Not bad at all,Feels durable. A couple of small scuffs from shipping but fine overall.,Aisha,1,2024-12-28 20:00:00
46,19,ZL00019,5,Love this,Material quality is better than I expected at this price point.,Kai,1,2024-03-25 15:00:00
47,20,ZL00020,3,Arrived quickly,Instructions were clear and setup took only a few minutes.,Yasmin,1,2025-01-28 07:00:00
48,20,ZL00020,2,Exactly as described,Colour is accurate and sizing feels true based on the chart.,Farid,1,2025-01-15 07:00:00
49,20,ZL00020,2,Good build quality,Works as advertised. Battery/performance is satisfactory so far.,Victor,0,2024-12-22 07:00:00
50,21,ZL00021,3,Would buy again,"Would appreciate more colour options, but this shade works for me.",Marcus,1,2024-02-24 06:00:00
51,22,ZL00022,2,Not bad at all,"Would appreciate more colour options, but this shade works for me.",Quinn,0,2024-06-10 05:00:00
52,22,ZL00022,2,Decent for the money,"Would appreciate more colour options, but this shade works for me.",Uma,1,2024-05-23 05:00:00
53,22,ZL00022,5,Love this,Colour is accurate and sizing feels true based on the chart.,Ben,0,2024-04-25 05:00:00
54,23,ZL00023,3,Better than expected,Feels durable. A couple of small scuffs from shipping but fine overall.,Zara,0,2025-01-07 19:00:00
55,23,ZL00023,3,Worth the price,Colour is accurate and sizing feels true based on the chart.,Chloe,1,2025-04-01 19:00:00
56,23,ZL00023,2,Love this,Material quality is better than I expected at this price point.,Yasmin,1,2025-03-08 19:00:00
57,24,ZL00024,4,Better than expected,I bought this as a gift and the recipient liked it immediately.,Chloe,1,2024-05-28 17:00:00
58,24,ZL00024,3,Arrived quickly,Used it for two weeks and it holds up well for daily use.,Wei,1,2024-08-09 17:00:00
59,24,ZL00024,3,Worth the price,Packaging was neat and the item matched the listing details.,Jonas,0,2024-07-28 17:00:00
60,24,ZL00024,3,Nice finish,Works as advertised. Battery/performance is satisfactory so far.,Omar,1,2024-08-23 17:00:00
61,25,ZL00025,3,Exactly as described,Feels durable. A couple of small scuffs from shipping but fine overall.,Ravi,1,2024-05-17 03:00:00
62,25,ZL00025,5,Worth the price,Works as advertised. Battery/performance is satisfactory so far.,Wei,0,2024-04-23 03:00:00
63,25,ZL00025,3,Nice finish,Colour is accurate and sizing feels true based on the chart.,Chloe,0,2024-02-07 03:00:00
64,25,ZL00025,4,Better than expected,Packaging was neat and the item matched the listing details.,Grace,1,2024-03-14 03:00:00
65,26,ZL00026,4,Arrived quickly,I bought this as a gift and the recipient liked it immediately.,Siti,1,2024-10-28 12:00:00
66,26,ZL00026,3,Useful addition,Works as advertised. Battery/performance is satisfactory so far.,Lina,1,2024-10-07 12:00:00
67,26,ZL00026,2,Not bad at all,Colour is accurate and sizing feels true based on the chart.,Quinn,1,2024-10-01 12:00:00
68,27,ZL00027,4,Nice finish,Material quality is better than I expected at this price point.,Elena,1,2024-04-21 03:00:00
69,27,ZL00027,4,Would buy again,Works as advertised. Battery/performance is satisfactory so far.,Quinn,0,2024-07-20 03:00:00
70,27,ZL00027,4,Happy with it,"Would appreciate more colour options, but this shade works for me.",Chloe,1,2024-05-23 03:00:00
71,27,ZL00027,5,Solid everyday pick,Works as advertised. Battery/performance is satisfactory so far.,Omar,1,2024-04-29 03:00:00
72,28,ZL00028,5,Love this,Instructions were clear and setup took only a few minutes.,Uma,1,2025-05-10 02:00:00
73,28,ZL00028,3,Nice finish,I bought this as a gift and the recipient liked it immediately.,Jonas,0,2025-03-19 02:00:00
74,28,ZL00028,5,Exactly as described,Colour is accurate and sizing feels true based on the chart.,Omar,0,2025-05-10 02:00:00
75,29,ZL00029,4,Nice finish,I bought this as a gift and the recipient liked it immediately.,Lina,1,2024-05-04 03:00:00
76,29,ZL00029,2,Not bad at all,Material quality is better than I expected at this price point.,Grace,1,2024-05-23 03:00:00
77,30,ZL00030,3,Love this,"Would appreciate more colour options, but this shade works for me.",Zara,0,2024-11-23 16:00:00
78,30,ZL00030,5,Better than expected,Packaging was neat and the item matched the listing details.,Siti,1,2024-11-29 16:00:00
79,31,ZL00031,3,Exactly as described,Material quality is better than I expected at this price point.,Hassan,1,2025-05-11 05:00:00
80,31,ZL00031,3,Would buy again,Feels durable. A couple of small scuffs from shipping but fine overall.,Wei,0,2025-05-17 05:00:00
81,31,ZL00031,5,Nice finish,Colour is accurate and sizing feels true based on the chart.,Aisha,1,2025-06-26 05:00:00
82,32,ZL00032,4,Useful addition,Feels durable. A couple of small scuffs from shipping but fine overall.,Wei,1,2025-05-01 01:00:00
83,32,ZL00032,2,Decent for the money,Instructions were clear and setup took only a few minutes.,Farid,0,2025-07-20 01:00:00
84,33,ZL00033,5,Exactly as described,I bought this as a gift and the recipient liked it immediately.,Ivy,1,2025-04-28 17:00:00
85,33,ZL00033,3,Not bad at all,Used it for two weeks and it holds up well for daily use.,Ben,0,2025-03-08 17:00:00
86,33,ZL00033,5,Solid everyday pick,Material quality is better than I expected at this price point.,Ben,1,2025-05-22 17:00:00
87,33,ZL00033,4,Exactly as described,Instructions were clear and setup took only a few minutes.,Nora,1,2025-05-01 17:00:00
88,34,ZL00034,3,Arrived quickly,I bought this as a gift and the recipient liked it immediately.,Quinn,1,2025-08-13 09:00:00
89,35,ZL00035,4,Would buy again,Works as advertised. Battery/performance is satisfactory so far.,Ravi,1,2024-08-26 07:00:00
90,35,ZL00035,4,Arrived quickly,Material quality is better than I expected at this price point.,Priya,0,2024-07-30 07:00:00
91,36,ZL00036,2,Not bad at all,"Would appreciate more colour options, but this shade works for me.",Priya,0,2024-04-30 12:00:00
92,36,ZL00036,2,Love this,Material quality is better than I expected at this price point.,Nora,1,2024-04-30 12:00:00
93,36,ZL00036,4,Love this,Instructions were clear and setup took only a few minutes.,Aisha,0,2024-08-09 12:00:00
94,37,ZL00037,4,Exactly as described,Used it for two weeks and it holds up well for daily use.,Victor,1,2024-09-26 21:00:00
95,37,ZL00037,5,Not bad at all,Packaging was neat and the item matched the listing details.,Farid,1,2024-06-05 21:00:00
96,38,ZL00038,5,Decent for the money,Material quality is better than I expected at this price point.,Ravi,0,2024-05-12 02:00:00
97,38,ZL00038,2,Solid everyday pick,Feels durable. A couple of small scuffs from shipping but fine overall.,Ravi,1,2024-07-14 02:00:00
98,38,ZL00038,4,Happy with it,I bought this as a gift and the recipient liked it immediately.,Aisha,1,2024-06-20 02:00:00
99,38,ZL00038,5,Nice finish,Used it for two weeks and it holds up well for daily use.,Yasmin,1,2024-07-11 02:00:00
100,39,ZL00039,5,Decent for the money,Good value compared with similar products I have tried.,Omar,1,2024-08-23 07:00:00
101,39,ZL00039,5,Solid everyday pick,I bought this as a gift and the recipient liked it immediately.,Victor,0,2024-05-26 07:00:00
102,39,ZL00039,5,Good build quality,Good value compared with similar products I have tried.,Ivy,1,2024-08-08 07:00:00
103,40,ZL00040,4,Decent for the money,Used it for two weeks and it holds up well for daily use.,Omar,0,2024-05-06 20:00:00
104,40,ZL00040,3,Good build quality,Packaging was neat and the item matched the listing details.,Wei,1,2024-03-29 20:00:00
105,40,ZL00040,4,Useful addition,Used it for two weeks and it holds up well for daily use.,Victor,1,2024-07-24 20:00:00
106,41,ZL00041,3,Decent for the money,Instructions were clear and setup took only a few minutes.,Elena,1,2024-09-28 18:00:00
107,41,ZL00041,5,Not bad at all,Packaging was neat and the item matched the listing details.,Lina,1,2024-10-20 18:00:00
108,42,ZL00042,3,Not bad at all,Colour is accurate and sizing feels true based on the chart.,Grace,1,2024-09-10 01:00:00
109,42,ZL00042,3,Not bad at all,Feels durable. A couple of small scuffs from shipping but fine overall.,Ravi,1,2024-08-14 01:00:00
110,43,ZL00043,3,Reliable so far,Colour is accurate and sizing feels true based on the chart.,Uma,1,2025-03-21 07:00:00
111,43,ZL00043,4,Solid everyday pick,Feels durable. A couple of small scuffs from shipping but fine overall.,Ivy,1,2025-04-17 07:00:00
112,43,ZL00043,3,Exactly as described,I bought this as a gift and the recipient liked it immediately.,Uma,1,2025-06-01 07:00:00
113,44,ZL00044,4,Better than expected,Material quality is better than I expected at this price point.,Tom,1,2025-05-29 03:00:00
114,44,ZL00044,5,Good build quality,Packaging was neat and the item matched the listing details.,Hassan,0,2025-04-13 03:00:00
115,44,ZL00044,2,Better than expected,Works as advertised. Battery/performance is satisfactory so far.,Uma,1,2025-05-01 03:00:00
116,45,ZL00045,2,Worth the price,Works as advertised. Battery/performance is satisfactory so far.,Lina,1,2025-05-22 12:00:00
117,46,ZL00046,3,Not bad at all,Feels durable. A couple of small scuffs from shipping but fine overall.,Danial,1,2024-02-21 15:00:00
118,46,ZL00046,3,Nice finish,Material quality is better than I expected at this price point.,Ben,0,2024-02-07 15:00:00
119,46,ZL00046,4,Happy with it,Instructions were clear and setup took only a few minutes.,Zara,1,2024-03-11 15:00:00
120,47,ZL00047,3,Useful addition,I bought this as a gift and the recipient liked it immediately.,Chloe,1,2024-03-09 07:00:00
121,47,ZL00047,3,Better than expected,Instructions were clear and setup took only a few minutes.,Ivy,1,2024-05-11 07:00:00
122,47,ZL00047,5,Reliable so far,Feels durable. A couple of small scuffs from shipping but fine overall.,Kai,0,2024-02-17 07:00:00
123,47,ZL00047,3,Solid everyday pick,Good value compared with similar products I have tried.,Elena,1,2024-02-02 07:00:00
124,48,ZL00048,4,Useful addition,Used it for two weeks and it holds up well for daily use.,Siti,1,2025-06-25 22:00:00
125,48,ZL00048,3,Exactly as described,Used it for two weeks and it holds up well for daily use.,Grace,0,2025-06-11 22:00:00
126,48,ZL00048,3,Solid everyday pick,Feels durable. A couple of small scuffs from shipping but fine overall.,Danial,1,2025-04-28 22:00:00
127,49,ZL00049,5,Better than expected,Colour is accurate and sizing feels true based on the chart.,Danial,1,2024-04-12 19:00:00
128,49,ZL00049,3,Good build quality,Material quality is better than I expected at this price point.,Yasmin,1,2024-04-25 19:00:00
129,50,ZL00050,5,Decent for the money,Feels durable. A couple of small scuffs from shipping but fine overall.,Farid,1,2024-11-02 09:00:00
130,50,ZL00050,5,Not bad at all,Colour is accurate and sizing feels true based on the chart.,Marcus,1,2025-01-06 09:00:00
131,50,ZL00050,5,Good build quality,Colour is accurate and sizing feels true based on the chart.,Farid,1,2025-01-02 09:00:00
132,50,ZL00050,5,Would buy again,"Would appreciate more colour options, but this shade works for me.",Ben,1,2024-12-21 09:00:00
133,51,ZL00051,3,Would buy again,Colour is accurate and sizing feels true based on the chart.,Yasmin,1,2024-06-27 07:00:00
134,51,ZL00051,3,Arrived quickly,"Would appreciate more colour options, but this shade works for me.",Tom,0,2024-07-17 07:00:00
135,51,ZL00051,3,Would buy again,Colour is accurate and sizing feels true based on the chart.,Tom,0,2024-05-08 07:00:00
136,52,ZL00052,5,Love this,Works as advertised. Battery/performance is satisfactory so far.,Siti,1,2024-10-06 02:00:00
137,53,ZL00053,5,Not bad at all,"Would appreciate more colour options, but this shade works for me.",Priya,1,2024-03-04 21:00:00
138,53,ZL00053,4,Would buy again,Colour is accurate and sizing feels true based on the chart.,Tom,0,2024-02-15 21:00:00
139,53,ZL00053,5,Arrived quickly,Good value compared with similar products I have tried.,Ben,0,2024-06-07 21:00:00
140,53,ZL00053,4,Arrived quickly,Packaging was neat and the item matched the listing details.,Kai,1,2024-03-21 21:00:00
141,54,ZL00054,5,Solid everyday pick,Packaging was neat and the item matched the listing details.,Hassan,1,2025-03-18 15:00:00
142,54,ZL00054,5,Decent for the money,Colour is accurate and sizing feels true based on the chart.,Priya,1,2025-02-28 15:00:00
143,54,ZL00054,3,Happy with it,Instructions were clear and setup took only a few minutes.,Yasmin,1,2025-02-20 15:00:00
144,54,ZL00054,3,Would buy again,Packaging was neat and the item matched the listing details.,Farid,1,2025-05-04 15:00:00
145,55,ZL00055,4,Reliable so far,Good value compared with similar products I have tried.,Victor,0,2025-04-26 22:00:00
146,55,ZL00055,4,Love this,Instructions were clear and setup took only a few minutes.,Farid,1,2025-02-06 22:00:00
147,55,ZL00055,2,Decent for the money,Colour is accurate and sizing feels true based on the chart.,Yasmin,1,2025-04-02 22:00:00
148,56,ZL00056,5,Better than expected,Packaging was neat and the item matched the listing details.,Victor,1,2024-11-18 06:00:00
149,57,ZL00057,5,Useful addition,Packaging was neat and the item matched the listing details.,Jonas,0,2024-11-03 21:00:00
150,57,ZL00057,3,Useful addition,Material quality is better than I expected at this price point.,Ivy,1,2024-10-03 21:00:00
151,57,ZL00057,3,Love this,"Would appreciate more colour options, but this shade works for me.",Danial,1,2024-08-25 21:00:00
152,58,ZL00058,4,Arrived quickly,Feels durable. A couple of small scuffs from shipping but fine overall.,Nora,1,2024-01-20 21:00:00
153,59,ZL00059,4,Better than expected,Feels durable. A couple of small scuffs from shipping but fine overall.,Ivy,1,2024-07-23 12:00:00
154,59,ZL00059,3,Love this,I bought this as a gift and the recipient liked it immediately.,Marcus,1,2024-05-30 12:00:00
155,59,ZL00059,5,Decent for the money,"Would appreciate more colour options, but this shade works for me.",Omar,1,2024-09-06 12:00:00
156,59,ZL00059,5,Decent for the money,Feels durable. A couple of small scuffs from shipping but fine overall.,Danial,0,2024-08-23 12:00:00
157,60,ZL00060,4,Solid everyday pick,I bought this as a gift and the recipient liked it immediately.,Ben,1,2025-06-01 07:00:00
158,61,ZL00061,3,Good build quality,Colour is accurate and sizing feels true based on the chart.,Jonas,1,2024-03-13 12:00:00
159,61,ZL00061,3,Reliable so far,Instructions were clear and setup took only a few minutes.,Grace,1,2024-04-09 12:00:00
160,62,ZL00062,3,Arrived quickly,Works as advertised. Battery/performance is satisfactory so far.,Wei,1,2024-08-07 21:00:00
161,62,ZL00062,3,Arrived quickly,"Would appreciate more colour options, but this shade works for me.",Ben,1,2024-10-03 21:00:00
162,62,ZL00062,5,Love this,Feels durable. A couple of small scuffs from shipping but fine overall.,Chloe,1,2024-10-08 21:00:00
163,62,ZL00062,3,Worth the price,Material quality is better than I expected at this price point.,Chloe,1,2024-09-24 21:00:00
164,63,ZL00063,3,Love this,I bought this as a gift and the recipient liked it immediately.,Uma,1,2024-08-07 20:00:00
165,63,ZL00063,5,Worth the price,Packaging was neat and the item matched the listing details.,Omar,1,2024-05-08 20:00:00
166,63,ZL00063,3,Solid everyday pick,Packaging was neat and the item matched the listing details.,Farid,1,2024-07-14 20:00:00
167,63,ZL00063,3,Not bad at all,Good value compared with similar products I have tried.,Ivy,0,2024-06-22 20:00:00
168,64,ZL00064,5,Decent for the money,Material quality is better than I expected at this price point.,Chloe,1,2025-01-31 02:00:00
169,64,ZL00064,3,Good build quality,Used it for two weeks and it holds up well for daily use.,Grace,0,2024-12-19 02:00:00
170,64,ZL00064,4,Worth the price,Good value compared with similar products I have tried.,Danial,1,2025-01-25 02:00:00
171,65,ZL00065,5,Good build quality,Material quality is better than I expected at this price point.,Ravi,0,2024-08-13 11:00:00
172,65,ZL00065,3,Arrived quickly,I bought this as a gift and the recipient liked it immediately.,Hassan,1,2024-06-08 11:00:00
173,65,ZL00065,4,Love this,Material quality is better than I expected at this price point.,Chloe,0,2024-07-07 11:00:00
174,65,ZL00065,5,Exactly as described,Good value compared with similar products I have tried.,Tom,1,2024-08-26 11:00:00
175,66,ZL00066,5,Better than expected,"Would appreciate more colour options, but this shade works for me.",Farid,0,2024-12-11 06:00:00
176,67,ZL00067,5,Not bad at all,Packaging was neat and the item matched the listing details.,Ravi,1,2025-05-11 02:00:00
177,67,ZL00067,4,Useful addition,Colour is accurate and sizing feels true based on the chart.,Tom,1,2025-08-22 02:00:00
178,67,ZL00067,5,Useful addition,I bought this as a gift and the recipient liked it immediately.,Quinn,0,2025-06-16 02:00:00
179,68,ZL00068,5,Would buy again,Good value compared with similar products I have tried.,Nora,0,2024-06-03 06:00:00
180,68,ZL00068,4,Love this,Material quality is better than I expected at this price point.,Priya,1,2024-06-20 06:00:00
181,68,ZL00068,5,Arrived quickly,I bought this as a gift and the recipient liked it immediately.,Yasmin,1,2024-08-29 06:00:00
182,68,ZL00068,5,Solid everyday pick,Good value compared with similar products I have tried.,Omar,1,2024-05-24 06:00:00
183,69,ZL00069,4,Reliable so far,Material quality is better than I expected at this price point.,Siti,1,2024-08-22 02:00:00
184,69,ZL00069,4,Better than expected,"Would appreciate more colour options, but this shade works for me.",Grace,0,2024-11-05 02:00:00
185,70,ZL00070,3,Solid everyday pick,Used it for two weeks and it holds up well for daily use.,Victor,0,2025-04-18 07:00:00
186,70,ZL00070,3,Nice finish,Material quality is better than I expected at this price point.,Ben,0,2025-03-18 07:00:00
187,70,ZL00070,5,Arrived quickly,Works as advertised. Battery/performance is satisfactory so far.,Siti,1,2025-04-02 07:00:00
188,70,ZL00070,3,Nice finish,Material quality is better than I expected at this price point.,Ivy,0,2025-02-27 07:00:00
189,71,ZL00071,3,Decent for the money,Packaging was neat and the item matched the listing details.,Farid,0,2024-03-11 21:00:00
190,72,ZL00072,4,Nice finish,Feels durable. A couple of small scuffs from shipping but fine overall.,Yasmin,0,2024-10-10 23:00:00
191,73,ZL00073,5,Useful addition,"Would appreciate more colour options, but this shade works for me.",Nora,1,2025-01-20 02:00:00
192,73,ZL00073,4,Decent for the money,Material quality is better than I expected at this price point.,Hassan,1,2024-11-21 02:00:00
193,73,ZL00073,4,Arrived quickly,I bought this as a gift and the recipient liked it immediately.,Ivy,1,2024-11-03 02:00:00
194,73,ZL00073,2,Exactly as described,Material quality is better than I expected at this price point.,Zara,1,2024-11-09 02:00:00
195,74,ZL00074,2,Love this,Packaging was neat and the item matched the listing details.,Farid,1,2024-08-27 07:00:00
196,74,ZL00074,4,Worth the price,Works as advertised. Battery/performance is satisfactory so far.,Yasmin,1,2024-08-20 07:00:00
197,74,ZL00074,2,Worth the price,Packaging was neat and the item matched the listing details.,Priya,1,2024-09-03 07:00:00
198,74,ZL00074,5,Good build quality,Works as advertised. Battery/performance is satisfactory so far.,Lina,0,2024-10-19 07:00:00
199,75,ZL00075,4,Solid everyday pick,"Would appreciate more colour options, but this shade works for me.",Kai,1,2025-05-21 22:00:00
200,76,ZL00076,3,Not bad at all,I bought this as a gift and the recipient liked it immediately.,Victor,0,2025-06-12 01:00:00
201,76,ZL00076,5,Reliable so far,"Would appreciate more colour options, but this shade works for me.",Ivy,1,2025-05-22 01:00:00
202,76,ZL00076,3,Not bad at all,Used it for two weeks and it holds up well for daily use.,Aisha,1,2025-06-28 01:00:00
203,77,ZL00077,5,Love this,Feels durable. A couple of small scuffs from shipping but fine overall.,Victor,1,2025-07-14 16:00:00
204,77,ZL00077,5,Arrived quickly,Feels durable. A couple of small scuffs from shipping but fine overall.,Ravi,1,2025-08-23 16:00:00
205,78,ZL00078,3,Not bad at all,I bought this as a gift and the recipient liked it immediately.,Siti,1,2025-04-10 01:00:00
206,79,ZL00079,4,Solid everyday pick,Works as advertised. Battery/performance is satisfactory so far.,Siti,1,2024-10-11 03:00:00
207,79,ZL00079,5,Good build quality,Used it for two weeks and it holds up well for daily use.,Marcus,0,2024-11-09 03:00:00
208,79,ZL00079,3,Nice finish,Colour is accurate and sizing feels true based on the chart.,Priya,1,2024-10-03 03:00:00
209,79,ZL00079,5,Useful addition,"Would appreciate more colour options, but this shade works for me.",Grace,1,2024-09-02 03:00:00
210,80,ZL00080,2,Would buy again,"Would appreciate more colour options, but this shade works for me.",Victor,1,2024-12-14 14:00:00
211,80,ZL00080,3,Exactly as described,Instructions were clear and setup took only a few minutes.,Grace,1,2024-11-18 14:00:00
212,80,ZL00080,5,Useful addition,Packaging was neat and the item matched the listing details.,Chloe,0,2025-02-04 14:00:00
213,81,ZL00081,4,Happy with it,Packaging was neat and the item matched the listing details.,Ravi,1,2024-11-12 22:00:00
214,81,ZL00081,3,Arrived quickly,I bought this as a gift and the recipient liked it immediately.,Victor,1,2024-10-26 22:00:00
215,81,ZL00081,5,Would buy again,Material quality is better than I expected at this price point.,Victor,1,2024-12-07 22:00:00
216,81,ZL00081,3,Not bad at all,Colour is accurate and sizing feels true based on the chart.,Nora,1,2025-02-08 22:00:00
217,82,ZL00082,3,Love this,"Would appreciate more colour options, but this shade works for me.",Priya,1,2024-12-25 18:00:00
218,82,ZL00082,4,Decent for the money,Works as advertised. Battery/performance is satisfactory so far.,Elena,1,2024-12-26 18:00:00
219,83,ZL00083,3,Nice finish,"Would appreciate more colour options, but this shade works for me.",Wei,1,2024-09-26 12:00:00
220,83,ZL00083,4,Arrived quickly,Works as advertised. Battery/performance is satisfactory so far.,Aisha,1,2024-10-04 12:00:00
221,84,ZL00084,5,Would buy again,Works as advertised. Battery/performance is satisfactory so far.,Chloe,1,2024-02-24 05:00:00
222,84,ZL00084,4,Not bad at all,Material quality is better than I expected at this price point.,Grace,1,2024-02-16 05:00:00
223,84,ZL00084,3,Exactly as described,Feels durable. A couple of small scuffs from shipping but fine overall.,Ben,1,2024-05-12 05:00:00
224,84,ZL00084,2,Useful addition,"Would appreciate more colour options, but this shade works for me.",Tom,1,2024-03-06 05:00:00
225,85,ZL00085,4,Better than expected,Packaging was neat and the item matched the listing details.,Danial,1,2025-04-24 02:00:00
226,85,ZL00085,2,Reliable so far,Good value compared with similar products I have tried.,Tom,0,2025-04-17 02:00:00
227,85,ZL00085,2,Arrived quickly,Feels durable. A couple of small scuffs from shipping but fine overall.,Ravi,1,2025-02-25 02:00:00
228,85,ZL00085,3,Reliable so far,Instructions were clear and setup took only a few minutes.,Ivy,1,2025-04-04 02:00:00
229,86,ZL00086,4,Better than expected,Material quality is better than I expected at this price point.,Jonas,1,2024-09-18 04:00:00
230,86,ZL00086,4,Nice finish,Packaging was neat and the item matched the listing details.,Zara,1,2024-12-29 04:00:00
231,87,ZL00087,3,Better than expected,Instructions were clear and setup took only a few minutes.,Ivy,1,2025-06-03 16:00:00
232,88,ZL00088,4,Decent for the money,Works as advertised. Battery/performance is satisfactory so far.,Aisha,1,2024-04-07 09:00:00
233,88,ZL00088,3,Arrived quickly,Works as advertised. Battery/performance is satisfactory so far.,Omar,1,2024-03-14 09:00:00
234,89,ZL00089,4,Love this,Instructions were clear and setup took only a few minutes.,Marcus,0,2024-12-09 07:00:00
235,89,ZL00089,3,Useful addition,Feels durable. A couple of small scuffs from shipping but fine overall.,Jonas,1,2025-03-11 07:00:00
236,90,ZL00090,5,Would buy again,Colour is accurate and sizing feels true based on the chart.,Chloe,1,2024-05-19 09:00:00
237,90,ZL00090,4,Happy with it,Works as advertised. Battery/performance is satisfactory so far.,Wei,0,2024-05-16 09:00:00
238,90,ZL00090,3,Decent for the money,Material quality is better than I expected at this price point.,Nora,0,2024-04-16 09:00:00
239,91,ZL00091,5,Nice finish,"Would appreciate more colour options, but this shade works for me.",Ivy,1,2024-05-18 18:00:00
240,91,ZL00091,4,Not bad at all,Colour is accurate and sizing feels true based on the chart.,Siti,1,2024-05-22 18:00:00
241,91,ZL00091,4,Nice finish,"Would appreciate more colour options, but this shade works for me.",Aisha,1,2024-04-30 18:00:00
242,92,ZL00092,4,Useful addition,I bought this as a gift and the recipient liked it immediately.,Priya,1,2025-03-08 05:00:00
243,92,ZL00092,5,Happy with it,I bought this as a gift and the recipient liked it immediately.,Aisha,1,2025-06-16 05:00:00
244,92,ZL00092,4,Would buy again,Feels durable. A couple of small scuffs from shipping but fine overall.,Quinn,1,2025-03-02 05:00:00
245,93,ZL00093,5,Worth the price,I bought this as a gift and the recipient liked it immediately.,Victor,1,2025-01-16 10:00:00
246,93,ZL00093,3,Reliable so far,Colour is accurate and sizing feels true based on the chart.,Ivy,1,2024-11-22 10:00:00
247,94,ZL00094,3,Useful addition,I bought this as a gift and the recipient liked it immediately.,Ivy,1,2024-06-30 14:00:00
248,94,ZL00094,4,Would buy again,"Would appreciate more colour options, but this shade works for me.",Aisha,0,2024-06-02 14:00:00
249,94,ZL00094,4,Would buy again,Used it for two weeks and it holds up well for daily use.,Ravi,1,2024-04-02 14:00:00
250,95,ZL00095,4,Exactly as described,Feels durable. A couple of small scuffs from shipping but fine overall.,Yasmin,1,2024-04-03 14:00:00
251,95,ZL00095,3,Better than expected,Material quality is better than I expected at this price point.,Omar,1,2024-05-16 14:00:00
252,95,ZL00095,5,Better than expected,Used it for two weeks and it holds up well for daily use.,Ben,1,2024-04-14 14:00:00
253,96,ZL00096,2,Not bad at all,Colour is accurate and sizing feels true based on the chart.,Wei,0,2024-04-21 06:00:00
254,96,ZL00096,2,Useful addition,Instructions were clear and setup took only a few minutes.,Lina,0,2024-02-03 06:00:00
255,97,ZL00097,5,Decent for the money,"Would appreciate more colour options, but this shade works for me.",Siti,1,2024-11-04 05:00:00
256,97,ZL00097,3,Reliable so far,Feels durable. A couple of small scuffs from shipping but fine overall.,Hassan,1,2024-10-23 05:00:00
257,97,ZL00097,3,Solid everyday pick,Good value compared with similar products I have tried.,Yasmin,0,2025-01-01 05:00:00
258,97,ZL00097,3,Would buy again,Good value compared with similar products I have tried.,Chloe,0,2024-11-25 05:00:00
259,98,ZL00098,2,Would buy again,Packaging was neat and the item matched the listing details.,Ben,0,2025-03-24 18:00:00
260,99,ZL00099,4,Love this,Packaging was neat and the item matched the listing details.,Jonas,0,2024-08-07 20:00:00
261,99,ZL00099,4,Reliable so far,"Would appreciate more colour options, but this shade works for me.",Ravi,1,2024-08-11 20:00:00
262,99,ZL00099,2,Not bad at all,Feels durable. A couple of small scuffs from shipping but fine overall.,Yasmin,1,2024-07-07 20:00:00
263,100,ZL00100,3,Good build quality,Used it for two weeks and it holds up well for daily use.,Wei,1,2024-07-05 17:00:00
264,100,ZL00100,3,Happy with it,Good value compared with similar products I have tried.,Quinn,1,2024-06-09 17:00:00
265,100,ZL00100,5,Useful addition,Material quality is better than I expected at this price point.,Elena,0,2024-06-16 17:00:00
266,101,ZL00101,4,Decent for the money,Colour is accurate and sizing feels true based on the chart.,Omar,1,2024-09-11 09:00:00
267,101,ZL00101,3,Reliable so far,Material quality is better than I expected at this price point.,Quinn,1,2024-11-13 09:00:00
268,101,ZL00101,5,Good build quality,Works as advertised. Battery/performance is satisfactory so far.,Jonas,1,2024-12-03 09:00:00
269,101,ZL00101,5,Reliable so far,Works as advertised. Battery/performance is satisfactory so far.,Kai,1,2024-11-24 09:00:00
270,102,ZL00102,5,Would buy again,I bought this as a gift and the recipient liked it immediately.,Elena,1,2024-04-29 00:00:00
271,102,ZL00102,3,Good build quality,Works as advertised. Battery/performance is satisfactory so far.,Quinn,1,2024-04-19 00:00:00
272,102,ZL00102,5,Nice finish,I bought this as a gift and the recipient liked it immediately.,Chloe,1,2024-06-02 00:00:00
273,103,ZL00103,4,Worth the price,"Would appreciate more colour options, but this shade works for me.",Ben,1,2024-06-04 00:00:00
274,103,ZL00103,4,Reliable so far,Colour is accurate and sizing feels true based on the chart.,Lina,1,2024-05-01 00:00:00
275,103,ZL00103,4,Arrived quickly,I bought this as a gift and the recipient liked it immediately.,Uma,1,2024-05-01 00:00:00
276,103,ZL00103,4,Good build quality,Material quality is better than I expected at this price point.,Uma,1,2024-06-29 00:00:00
277,104,ZL00104,3,Worth the price,Used it for two weeks and it holds up well for daily use.,Nora,1,2024-03-21 16:00:00
278,105,ZL00105,5,Solid everyday pick,Good value compared with similar products I have tried.,Quinn,0,2025-06-02 19:00:00
279,106,ZL00106,5,Useful addition,Used it for two weeks and it holds up well for daily use.,Danial,1,2024-10-31 11:00:00
280,106,ZL00106,4,Reliable so far,"Would appreciate more colour options, but this shade works for me.",Danial,1,2024-09-19 11:00:00
281,107,ZL00107,2,Would buy again,Works as advertised. Battery/performance is satisfactory so far.,Kai,0,2024-11-01 16:00:00
282,107,ZL00107,5,Exactly as described,Packaging was neat and the item matched the listing details.,Farid,1,2024-12-28 16:00:00
283,107,ZL00107,3,Decent for the money,I bought this as a gift and the recipient liked it immediately.,Elena,1,2024-12-06 16:00:00
284,107,ZL00107,5,Decent for the money,Used it for two weeks and it holds up well for daily use.,Siti,0,2024-11-29 16:00:00
285,108,ZL00108,5,Arrived quickly,"Would appreciate more colour options, but this shade works for me.",Danial,0,2024-11-11 01:00:00
286,109,ZL00109,3,Useful addition,Works as advertised. Battery/performance is satisfactory so far.,Ivy,0,2024-09-29 18:00:00
287,110,ZL00110,2,Happy with it,Used it for two weeks and it holds up well for daily use.,Kai,1,2025-03-11 06:00:00
288,111,ZL00111,5,Reliable so far,Feels durable. A couple of small scuffs from shipping but fine overall.,Victor,1,2025-01-11 03:00:00
289,111,ZL00111,3,Happy with it,Works as advertised. Battery/performance is satisfactory so far.,Marcus,1,2025-02-28 03:00:00
290,112,ZL00112,2,Exactly as described,Material quality is better than I expected at this price point.,Uma,1,2025-06-22 15:00:00
291,113,ZL00113,5,Better than expected,I bought this as a gift and the recipient liked it immediately.,Wei,0,2025-05-05 14:00:00
292,113,ZL00113,5,Good build quality,Used it for two weeks and it holds up well for daily use.,Danial,1,2025-02-06 14:00:00
293,113,ZL00113,4,Better than expected,Works as advertised. Battery/performance is satisfactory so far.,Lina,1,2025-01-31 14:00:00
294,113,ZL00113,4,Love this,"Would appreciate more colour options, but this shade works for me.",Marcus,1,2025-03-22 14:00:00
295,114,ZL00114,4,Worth the price,Colour is accurate and sizing feels true based on the chart.,Yasmin,1,2024-04-05 04:00:00
296,114,ZL00114,3,Not bad at all,Packaging was neat and the item matched the listing details.,Quinn,1,2024-03-17 04:00:00
297,114,ZL00114,2,Better than expected,Works as advertised. Battery/performance is satisfactory so far.,Victor,1,2024-05-16 04:00:00
298,115,ZL00115,5,Nice finish,Instructions were clear and setup took only a few minutes.,Victor,1,2024-12-16 21:00:00
299,115,ZL00115,5,Solid everyday pick,Feels durable. A couple of small scuffs from shipping but fine overall.,Quinn,1,2025-01-02 21:00:00
300,115,ZL00115,4,Would buy again,Works as advertised. Battery/performance is satisfactory so far.,Ivy,0,2024-11-12 21:00:00
301,116,ZL00116,4,Not bad at all,Works as advertised. Battery/performance is satisfactory so far.,Zara,0,2024-08-16 14:00:00
302,117,ZL00117,3,Arrived quickly,Packaging was neat and the item matched the listing details.,Danial,0,2025-02-12 12:00:00
303,117,ZL00117,4,Reliable so far,"Would appreciate more colour options, but this shade works for me.",Tom,1,2024-12-25 12:00:00
304,117,ZL00117,4,Would buy again,Works as advertised. Battery/performance is satisfactory so far.,Quinn,0,2025-01-19 12:00:00
305,117,ZL00117,5,Exactly as described,Material quality is better than I expected at this price point.,Aisha,0,2025-03-04 12:00:00
306,118,ZL00118,5,Solid everyday pick,"Would appreciate more colour options, but this shade works for me.",Hassan,1,2024-11-27 07:00:00
307,118,ZL00118,3,Decent for the money,Instructions were clear and setup took only a few minutes.,Kai,1,2024-12-24 07:00:00
308,119,ZL00119,4,Nice finish,Packaging was neat and the item matched the listing details.,Hassan,0,2025-04-10 17:00:00
309,120,ZL00120,5,Reliable so far,Feels durable. A couple of small scuffs from shipping but fine overall.,Lina,1,2025-08-16 16:00:00
310,120,ZL00120,4,Love this,"Would appreciate more colour options, but this shade works for me.",Elena,0,2025-06-29 16:00:00
311,120,ZL00120,5,Better than expected,Material quality is better than I expected at this price point.,Tom,0,2025-07-31 16:00:00
312,120,ZL00120,4,Nice finish,I bought this as a gift and the recipient liked it immediately.,Zara,1,2025-08-23 16:00:00
313,121,ZL00121,5,Solid everyday pick,Used it for two weeks and it holds up well for daily use.,Ben,0,2024-08-25 09:00:00
314,121,ZL00121,3,Decent for the money,Good value compared with similar products I have tried.,Omar,1,2024-06-20 09:00:00
315,121,ZL00121,5,Not bad at all,Material quality is better than I expected at this price point.,Quinn,0,2024-08-23 09:00:00
316,122,ZL00122,4,Not bad at all,Instructions were clear and setup took only a few minutes.,Siti,0,2024-12-24 01:00:00
317,122,ZL00122,4,Nice finish,I bought this as a gift and the recipient liked it immediately.,Priya,1,2024-12-06 01:00:00
318,122,ZL00122,3,Love this,Works as advertised. Battery/performance is satisfactory so far.,Zara,0,2024-11-24 01:00:00
319,122,ZL00122,4,Worth the price,Feels durable. A couple of small scuffs from shipping but fine overall.,Chloe,0,2024-10-19 01:00:00
320,123,ZL00123,4,Worth the price,I bought this as a gift and the recipient liked it immediately.,Aisha,1,2024-05-27 19:00:00
321,124,ZL00124,3,Nice finish,Material quality is better than I expected at this price point.,Uma,1,2024-05-11 00:00:00
322,124,ZL00124,5,Would buy again,Works as advertised. Battery/performance is satisfactory so far.,Chloe,1,2024-07-12 00:00:00
323,124,ZL00124,3,Arrived quickly,Material quality is better than I expected at this price point.,Farid,1,2024-06-10 00:00:00
324,125,ZL00125,5,Exactly as described,"Would appreciate more colour options, but this shade works for me.",Priya,1,2025-02-19 16:00:00
325,125,ZL00125,3,Useful addition,Colour is accurate and sizing feels true based on the chart.,Nora,0,2025-02-01 16:00:00
326,126,ZL00126,3,Happy with it,Packaging was neat and the item matched the listing details.,Wei,1,2024-05-31 14:00:00
327,127,ZL00127,3,Good build quality,"Would appreciate more colour options, but this shade works for me.",Uma,0,2024-02-03 08:00:00
328,127,ZL00127,3,Useful addition,Packaging was neat and the item matched the listing details.,Ravi,1,2024-03-03 08:00:00
329,128,ZL00128,3,Decent for the money,Instructions were clear and setup took only a few minutes.,Tom,1,2024-09-27 16:00:00
330,129,ZL00129,2,Exactly as described,Good value compared with similar products I have tried.,Grace,1,2025-01-13 22:00:00
331,129,ZL00129,3,Good build quality,Colour is accurate and sizing feels true based on the chart.,Kai,1,2025-01-13 22:00:00
332,129,ZL00129,3,Exactly as described,Colour is accurate and sizing feels true based on the chart.,Ivy,1,2024-12-24 22:00:00
333,129,ZL00129,3,Would buy again,Used it for two weeks and it holds up well for daily use.,Kai,1,2025-01-30 22:00:00
334,130,ZL00130,4,Good build quality,"Would appreciate more colour options, but this shade works for me.",Marcus,1,2024-07-08 19:00:00
335,130,ZL00130,3,Better than expected,Works as advertised. Battery/performance is satisfactory so far.,Hassan,0,2024-07-09 19:00:00
336,130,ZL00130,4,Would buy again,I bought this as a gift and the recipient liked it immediately.,Siti,1,2024-10-09 19:00:00
337,131,ZL00131,4,Happy with it,"Would appreciate more colour options, but this shade works for me.",Zara,1,2024-09-27 11:00:00
338,131,ZL00131,5,Love this,Colour is accurate and sizing feels true based on the chart.,Marcus,1,2024-08-27 11:00:00
339,131,ZL00131,5,Reliable so far,Good value compared with similar products I have tried.,Priya,1,2024-10-03 11:00:00
340,131,ZL00131,5,Nice finish,Material quality is better than I expected at this price point.,Zara,0,2024-10-29 11:00:00
341,132,ZL00132,3,Worth the price,Good value compared with similar products I have tried.,Chloe,0,2024-10-19 21:00:00
342,133,ZL00133,2,Good build quality,Works as advertised. Battery/performance is satisfactory so far.,Lina,1,2024-10-22 23:00:00
343,133,ZL00133,3,Would buy again,Good value compared with similar products I have tried.,Farid,0,2024-10-30 23:00:00
344,133,ZL00133,5,Useful addition,Colour is accurate and sizing feels true based on the chart.,Wei,1,2024-10-22 23:00:00
345,133,ZL00133,2,Better than expected,Colour is accurate and sizing feels true based on the chart.,Ivy,1,2024-11-26 23:00:00
346,134,ZL00134,3,Happy with it,Packaging was neat and the item matched the listing details.,Tom,1,2024-09-16 00:00:00
347,135,ZL00135,3,Useful addition,Instructions were clear and setup took only a few minutes.,Uma,1,2024-07-24 22:00:00
348,136,ZL00136,2,Better than expected,Feels durable. A couple of small scuffs from shipping but fine overall.,Kai,1,2025-06-11 21:00:00
349,136,ZL00136,2,Useful addition,Good value compared with similar products I have tried.,Victor,1,2025-08-01 21:00:00
350,136,ZL00136,5,Love this,Feels durable. A couple of small scuffs from shipping but fine overall.,Farid,0,2025-08-04 21:00:00
351,137,ZL00137,3,Nice finish,Instructions were clear and setup took only a few minutes.,Tom,1,2025-03-18 14:00:00
352,137,ZL00137,5,Worth the price,Instructions were clear and setup took only a few minutes.,Marcus,0,2025-02-15 14:00:00
353,137,ZL00137,4,Good build quality,I bought this as a gift and the recipient liked it immediately.,Ravi,0,2025-01-16 14:00:00
354,137,ZL00137,4,Worth the price,Works as advertised. Battery/performance is satisfactory so far.,Grace,1,2025-05-04 14:00:00
355,138,ZL00138,4,Better than expected,"Would appreciate more colour options, but this shade works for me.",Siti,1,2024-07-18 18:00:00
356,139,ZL00139,5,Would buy again,Colour is accurate and sizing feels true based on the chart.,Farid,1,2025-02-13 23:00:00
357,139,ZL00139,5,Worth the price,Good value compared with similar products I have tried.,Priya,1,2025-03-26 23:00:00
358,139,ZL00139,3,Decent for the money,"Would appreciate more colour options, but this shade works for me.",Grace,1,2025-02-15 23:00:00
359,139,ZL00139,3,Reliable so far,Colour is accurate and sizing feels true based on the chart.,Zara,1,2025-02-23 23:00:00
360,140,ZL00140,3,Exactly as described,Works as advertised. Battery/performance is satisfactory so far.,Wei,0,2024-04-07 01:00:00
361,141,ZL00141,3,Arrived quickly,I bought this as a gift and the recipient liked it immediately.,Zara,1,2025-06-09 23:00:00
362,142,ZL00142,3,Not bad at all,Instructions were clear and setup took only a few minutes.,Elena,1,2025-02-15 20:00:00
363,142,ZL00142,4,Good build quality,Material quality is better than I expected at this price point.,Wei,1,2025-01-05 20:00:00
364,142,ZL00142,5,Useful addition,Good value compared with similar products I have tried.,Priya,1,2025-03-01 20:00:00
365,142,ZL00142,5,Exactly as described,Feels durable. A couple of small scuffs from shipping but fine overall.,Elena,1,2025-03-19 20:00:00
366,143,ZL00143,3,Exactly as described,Used it for two weeks and it holds up well for daily use.,Hassan,0,2024-04-09 16:00:00
367,143,ZL00143,4,Reliable so far,"Would appreciate more colour options, but this shade works for me.",Farid,0,2024-05-16 16:00:00
368,143,ZL00143,5,Nice finish,Used it for two weeks and it holds up well for daily use.,Zara,0,2024-05-27 16:00:00
369,143,ZL00143,5,Would buy again,Instructions were clear and setup took only a few minutes.,Uma,0,2024-03-25 16:00:00
370,144,ZL00144,3,Love this,Works as advertised. Battery/performance is satisfactory so far.,Kai,1,2024-06-07 18:00:00
371,144,ZL00144,3,Not bad at all,Good value compared with similar products I have tried.,Uma,1,2024-06-13 18:00:00
372,144,ZL00144,5,Good build quality,Packaging was neat and the item matched the listing details.,Chloe,1,2024-08-05 18:00:00
373,144,ZL00144,4,Arrived quickly,Material quality is better than I expected at this price point.,Farid,0,2024-08-25 18:00:00
374,145,ZL00145,5,Arrived quickly,"Would appreciate more colour options, but this shade works for me.",Victor,1,2024-06-24 01:00:00
375,146,ZL00146,5,Useful addition,Feels durable. A couple of small scuffs from shipping but fine overall.,Wei,1,2025-07-06 10:00:00
376,146,ZL00146,5,Would buy again,Works as advertised. Battery/performance is satisfactory so far.,Farid,0,2025-05-26 10:00:00
377,146,ZL00146,4,Love this,Instructions were clear and setup took only a few minutes.,Ivy,0,2025-06-16 10:00:00
378,147,ZL00147,4,Good build quality,Works as advertised. Battery/performance is satisfactory so far.,Jonas,1,2025-02-12 09:00:00
379,148,ZL00148,5,Useful addition,Instructions were clear and setup took only a few minutes.,Danial,0,2025-06-02 23:00:00
380,148,ZL00148,5,Nice finish,Colour is accurate and sizing feels true based on the chart.,Kai,0,2025-06-04 23:00:00
381,148,ZL00148,5,Worth the price,Used it for two weeks and it holds up well for daily use.,Danial,1,2025-04-17 23:00:00
382,149,ZL00149,4,Love this,Instructions were clear and setup took only a few minutes.,Wei,1,2024-06-04 19:00:00
383,149,ZL00149,4,Would buy again,Works as advertised. Battery/performance is satisfactory so far.,Ben,0,2024-07-28 19:00:00
384,149,ZL00149,3,Good build quality,Used it for two weeks and it holds up well for daily use.,Ivy,1,2024-06-11 19:00:00
385,149,ZL00149,4,Reliable so far,I bought this as a gift and the recipient liked it immediately.,Hassan,1,2024-08-29 19:00:00
386,150,ZL00150,2,Love this,"Would appreciate more colour options, but this shade works for me.",Kai,1,2024-05-22 21:00:00
387,151,ZL00151,3,Better than expected,Packaging was neat and the item matched the listing details.,Ravi,1,2024-05-03 19:00:00
388,152,ZL00152,3,Not bad at all,Works as advertised. Battery/performance is satisfactory so far.,Yasmin,1,2025-03-28 04:00:00
389,152,ZL00152,4,Exactly as described,Instructions were clear and setup took only a few minutes.,Farid,1,2025-04-19 04:00:00
390,152,ZL00152,5,Useful addition,"Would appreciate more colour options, but this shade works for me.",Grace,1,2025-01-23 04:00:00
391,153,ZL00153,2,Happy with it,Packaging was neat and the item matched the listing details.,Danial,1,2024-05-31 04:00:00
392,154,ZL00154,3,Solid everyday pick,"Would appreciate more colour options, but this shade works for me.",Nora,1,2024-05-13 03:00:00
393,155,ZL00155,5,Not bad at all,Used it for two weeks and it holds up well for daily use.,Priya,1,2024-07-19 13:00:00
394,155,ZL00155,3,Arrived quickly,Colour is accurate and sizing feels true based on the chart.,Chloe,1,2024-07-25 13:00:00
395,156,ZL00156,4,Useful addition,I bought this as a gift and the recipient liked it immediately.,Marcus,1,2025-04-03 20:00:00
396,157,ZL00157,2,Not bad at all,I bought this as a gift and the recipient liked it immediately.,Priya,1,2025-03-01 09:00:00
397,158,ZL00158,5,Nice finish,Works as advertised. Battery/performance is satisfactory so far.,Ivy,0,2024-06-30 11:00:00
398,158,ZL00158,4,Useful addition,Colour is accurate and sizing feels true based on the chart.,Danial,0,2024-06-03 11:00:00
399,158,ZL00158,4,Happy with it,Instructions were clear and setup took only a few minutes.,Marcus,0,2024-09-15 11:00:00
400,159,ZL00159,5,Decent for the money,Good value compared with similar products I have tried.,Wei,0,2025-01-08 17:00:00
401,159,ZL00159,4,Decent for the money,Packaging was neat and the item matched the listing details.,Ravi,1,2025-02-23 17:00:00
402,160,ZL00160,2,Love this,"Would appreciate more colour options, but this shade works for me.",Grace,1,2024-05-15 04:00:00
403,160,ZL00160,3,Arrived quickly,Feels durable. A couple of small scuffs from shipping but fine overall.,Aisha,1,2024-06-06 04:00:00
404,161,ZL00161,5,Useful addition,Instructions were clear and setup took only a few minutes.,Wei,1,2024-08-15 22:00:00
405,161,ZL00161,2,Solid everyday pick,Packaging was neat and the item matched the listing details.,Tom,0,2024-08-17 22:00:00
406,162,ZL00162,5,Good build quality,Material quality is better than I expected at this price point.,Farid,1,2024-07-25 14:00:00
407,163,ZL00163,2,Worth the price,"Would appreciate more colour options, but this shade works for me.",Uma,1,2024-06-17 06:00:00
408,163,ZL00163,4,Arrived quickly,Works as advertised. Battery/performance is satisfactory so far.,Tom,1,2024-06-22 06:00:00
409,164,ZL00164,5,Exactly as described,Used it for two weeks and it holds up well for daily use.,Farid,1,2024-07-11 08:00:00
410,164,ZL00164,3,Arrived quickly,Good value compared with similar products I have tried.,Chloe,1,2024-08-10 08:00:00
411,165,ZL00165,5,Exactly as described,Material quality is better than I expected at this price point.,Quinn,1,2024-11-09 06:00:00
412,165,ZL00165,2,Solid everyday pick,Works as advertised. Battery/performance is satisfactory so far.,Danial,0,2024-12-28 06:00:00
413,166,ZL00166,3,Exactly as described,Instructions were clear and setup took only a few minutes.,Chloe,1,2024-02-27 07:00:00
414,167,ZL00167,3,Arrived quickly,I bought this as a gift and the recipient liked it immediately.,Omar,1,2025-01-30 15:00:00
415,167,ZL00167,4,Better than expected,Used it for two weeks and it holds up well for daily use.,Ivy,0,2024-11-13 15:00:00
416,168,ZL00168,5,Good build quality,Material quality is better than I expected at this price point.,Tom,0,2024-09-04 08:00:00
417,168,ZL00168,4,Solid everyday pick,Packaging was neat and the item matched the listing details.,Uma,1,2024-07-14 08:00:00
418,168,ZL00168,3,Solid everyday pick,Packaging was neat and the item matched the listing details.,Ben,1,2024-07-30 08:00:00
419,168,ZL00168,3,Love this,Used it for two weeks and it holds up well for daily use.,Ivy,1,2024-10-20 08:00:00
420,169,ZL00169,2,Exactly as described,Packaging was neat and the item matched the listing details.,Siti,1,2025-04-30 09:00:00
421,169,ZL00169,3,Love this,Material quality is better than I expected at this price point.,Farid,1,2025-04-23 09:00:00
422,169,ZL00169,2,Solid everyday pick,Instructions were clear and setup took only a few minutes.,Yasmin,1,2025-03-12 09:00:00
423,169,ZL00169,5,Reliable so far,Feels durable. A couple of small scuffs from shipping but fine overall.,Ravi,1,2025-04-08 09:00:00
424,170,ZL00170,4,Exactly as described,Works as advertised. Battery/performance is satisfactory so far.,Ben,1,2025-01-09 04:00:00
425,170,ZL00170,5,Solid everyday pick,Packaging was neat and the item matched the listing details.,Priya,1,2024-12-04 04:00:00
426,171,ZL00171,3,Love this,Packaging was neat and the item matched the listing details.,Zara,0,2024-06-09 07:00:00
427,172,ZL00172,3,Better than expected,Colour is accurate and sizing feels true based on the chart.,Jonas,1,2025-06-06 01:00:00
428,172,ZL00172,3,Nice finish,Works as advertised. Battery/performance is satisfactory so far.,Tom,1,2025-03-20 01:00:00
429,172,ZL00172,3,Exactly as described,Colour is accurate and sizing feels true based on the chart.,Tom,1,2025-05-11 01:00:00
430,172,ZL00172,3,Better than expected,Good value compared with similar products I have tried.,Danial,0,2025-03-09 01:00:00
431,173,ZL00173,3,Decent for the money,Works as advertised. Battery/performance is satisfactory so far.,Ivy,1,2024-04-25 04:00:00
432,174,ZL00174,5,Decent for the money,I bought this as a gift and the recipient liked it immediately.,Elena,1,2025-05-13 12:00:00
433,174,ZL00174,4,Decent for the money,Works as advertised. Battery/performance is satisfactory so far.,Victor,1,2025-05-16 12:00:00
434,174,ZL00174,3,Reliable so far,Colour is accurate and sizing feels true based on the chart.,Nora,1,2025-04-29 12:00:00
435,175,ZL00175,4,Solid everyday pick,Material quality is better than I expected at this price point.,Siti,1,2025-02-06 15:00:00
436,175,ZL00175,4,Would buy again,"Would appreciate more colour options, but this shade works for me.",Ben,1,2025-01-02 15:00:00
437,176,ZL00176,5,Reliable so far,Colour is accurate and sizing feels true based on the chart.,Nora,0,2025-04-28 18:00:00
438,177,ZL00177,4,Reliable so far,Instructions were clear and setup took only a few minutes.,Lina,1,2025-06-06 00:00:00
439,178,ZL00178,2,Useful addition,Instructions were clear and setup took only a few minutes.,Ben,1,2025-07-04 16:00:00
440,178,ZL00178,2,Not bad at all,Feels durable. A couple of small scuffs from shipping but fine overall.,Ivy,1,2025-06-11 16:00:00
441,179,ZL00179,4,Happy with it,Colour is accurate and sizing feels true based on the chart.,Omar,0,2025-01-19 07:00:00
442,179,ZL00179,4,Exactly as described,Works as advertised. Battery/performance is satisfactory so far.,Ben,1,2025-03-19 07:00:00
443,179,ZL00179,5,Happy with it,Material quality is better than I expected at this price point.,Grace,0,2025-01-24 07:00:00
444,179,ZL00179,5,Solid everyday pick,Instructions were clear and setup took only a few minutes.,Tom,1,2025-01-25 07:00:00
445,180,ZL00180,3,Exactly as described,Feels durable. A couple of small scuffs from shipping but fine overall.,Tom,1,2024-12-05 10:00:00
446,180,ZL00180,4,Useful addition,Feels durable. A couple of small scuffs from shipping but fine overall.,Priya,1,2025-01-11 10:00:00
447,180,ZL00180,3,Worth the price,Feels durable. A couple of small scuffs from shipping but fine overall.,Ben,1,2025-02-20 10:00:00
448,180,ZL00180,3,Not bad at all,Packaging was neat and the item matched the listing details.,Danial,1,2025-02-04 10:00:00
449,181,ZL00181,4,Solid everyday pick,Feels durable. A couple of small scuffs from shipping but fine overall.,Ravi,1,2025-01-28 23:00:00
450,181,ZL00181,4,Useful addition,Works as advertised. Battery/performance is satisfactory so far.,Tom,1,2024-11-29 23:00:00
451,181,ZL00181,4,Better than expected,"Would appreciate more colour options, but this shade works for me.",Elena,1,2025-01-10 23:00:00
452,181,ZL00181,4,Useful addition,"Would appreciate more colour options, but this shade works for me.",Victor,1,2024-12-19 23:00:00
453,182,ZL00182,2,Worth the price,Packaging was neat and the item matched the listing details.,Siti,1,2024-10-28 08:00:00
454,183,ZL00183,3,Solid everyday pick,Good value compared with similar products I have tried.,Ravi,1,2025-01-26 05:00:00
455,183,ZL00183,2,Love this,Material quality is better than I expected at this price point.,Grace,1,2025-03-26 05:00:00
456,183,ZL00183,2,Arrived quickly,Good value compared with similar products I have tried.,Jonas,0,2025-04-26 05:00:00
457,184,ZL00184,5,Not bad at all,Good value compared with similar products I have tried.,Wei,1,2025-01-12 02:00:00
458,184,ZL00184,4,Reliable so far,Instructions were clear and setup took only a few minutes.,Tom,0,2025-03-29 02:00:00
459,185,ZL00185,4,Good build quality,Packaging was neat and the item matched the listing details.,Ivy,0,2024-05-23 07:00:00
460,185,ZL00185,3,Arrived quickly,Packaging was neat and the item matched the listing details.,Jonas,0,2024-04-12 07:00:00
461,185,ZL00185,3,Not bad at all,Colour is accurate and sizing feels true based on the chart.,Ravi,1,2024-05-29 07:00:00
462,186,ZL00186,3,Better than expected,Good value compared with similar products I have tried.,Ben,1,2024-10-08 17:00:00
463,186,ZL00186,3,Happy with it,I bought this as a gift and the recipient liked it immediately.,Uma,0,2024-07-21 17:00:00
464,187,ZL00187,5,Solid everyday pick,Used it for two weeks and it holds up well for daily use.,Ravi,1,2024-10-16 23:00:00
465,187,ZL00187,4,Not bad at all,Good value compared with similar products I have tried.,Chloe,1,2024-11-10 23:00:00
466,187,ZL00187,5,Happy with it,Works as advertised. Battery/performance is satisfactory so far.,Quinn,1,2024-09-27 23:00:00
467,187,ZL00187,4,Good build quality,I bought this as a gift and the recipient liked it immediately.,Jonas,1,2025-01-04 23:00:00
468,188,ZL00188,3,Reliable so far,Material quality is better than I expected at this price point.,Nora,0,2024-09-22 17:00:00
469,188,ZL00188,4,Solid everyday pick,I bought this as a gift and the recipient liked it immediately.,Jonas,1,2024-11-26 17:00:00
470,188,ZL00188,4,Not bad at all,Feels durable. A couple of small scuffs from shipping but fine overall.,Siti,1,2024-10-09 17:00:00
471,188,ZL00188,4,Love this,Good value compared with similar products I have tried.,Tom,1,2024-11-26 17:00:00
472,189,ZL00189,5,Arrived quickly,"Would appreciate more colour options, but this shade works for me.",Zara,1,2024-07-25 22:00:00
473,189,ZL00189,5,Better than expected,Colour is accurate and sizing feels true based on the chart.,Aisha,1,2024-05-10 22:00:00
474,190,ZL00190,4,Useful addition,Packaging was neat and the item matched the listing details.,Siti,1,2024-08-22 17:00:00
475,191,ZL00191,4,Happy with it,Packaging was neat and the item matched the listing details.,Chloe,1,2024-05-28 13:00:00
476,191,ZL00191,5,Worth the price,Instructions were clear and setup took only a few minutes.,Chloe,1,2024-04-09 13:00:00
477,192,ZL00192,4,Better than expected,Colour is accurate and sizing feels true based on the chart.,Jonas,1,2024-05-15 03:00:00
478,192,ZL00192,4,Good build quality,Used it for two weeks and it holds up well for daily use.,Priya,1,2024-04-30 03:00:00
479,192,ZL00192,4,Arrived quickly,Material quality is better than I expected at this price point.,Omar,1,2024-02-20 03:00:00
480,192,ZL00192,5,Would buy again,Colour is accurate and sizing feels true based on the chart.,Ravi,1,2024-05-15 03:00:00
481,193,ZL00193,5,Useful addition,I bought this as a gift and the recipient liked it immediately.,Jonas,1,2025-01-18 21:00:00
482,194,ZL00194,3,Decent for the money,I bought this as a gift and the recipient liked it immediately.,Omar,1,2025-05-16 01:00:00
483,194,ZL00194,2,Would buy again,Colour is accurate and sizing feels true based on the chart.,Kai,1,2025-03-31 01:00:00
484,194,ZL00194,4,Good build quality,I bought this as a gift and the recipient liked it immediately.,Tom,0,2025-04-17 01:00:00
485,195,ZL00195,3,Worth the price,Feels durable. A couple of small scuffs from shipping but fine overall.,Elena,0,2024-06-07 15:00:00
486,195,ZL00195,4,Exactly as described,Works as advertised. Battery/performance is satisfactory so far.,Uma,0,2024-05-05 15:00:00
487,196,ZL00196,5,Exactly as described,"Would appreciate more colour options, but this shade works for me.",Danial,1,2025-01-01 12:00:00
488,196,ZL00196,3,Love this,I bought this as a gift and the recipient liked it immediately.,Hassan,1,2024-10-10 12:00:00
489,196,ZL00196,5,Solid everyday pick,Colour is accurate and sizing feels true based on the chart.,Yasmin,1,2024-12-20 12:00:00
490,196,ZL00196,4,Would buy again,Instructions were clear and setup took only a few minutes.,Lina,0,2024-12-27 12:00:00
491,197,ZL00197,5,Would buy again,"Would appreciate more colour options, but this shade works for me.",Kai,0,2024-08-21 20:00:00
492,198,ZL00198,3,Happy with it,Colour is accurate and sizing feels true based on the chart.,Zara,0,2025-01-29 15:00:00
493,199,ZL00199,4,Reliable so far,Good value compared with similar products I have tried.,Farid,0,2025-01-08 14:00:00
494,199,ZL00199,3,Arrived quickly,Colour is accurate and sizing feels true based on the chart.,Jonas,1,2025-01-03 14:00:00
495,199,ZL00199,2,Better than expected,"Would appreciate more colour options, but this shade works for me.",Omar,0,2024-10-12 14:00:00
496,199,ZL00199,5,Better than expected,Colour is accurate and sizing feels true based on the chart.,Omar,1,2024-12-22 14:00:00
497,200,ZL00200,5,Exactly as described,Colour is accurate and sizing feels true based on the chart.,Elena,1,2025-01-05 19:00:00
498,201,ZL00201,5,Solid everyday pick,Feels durable. A couple of small scuffs from shipping but fine overall.,Hassan,1,2024-06-07 20:00:00
499,201,ZL00201,3,Worth the price,Instructions were clear and setup took only a few minutes.,Tom,1,2024-08-03 20:00:00
500,201,ZL00201,3,Arrived quickly,Works as advertised. Battery/performance is satisfactory so far.,Omar,1,2024-08-27 20:00:00
501,201,ZL00201,5,Happy with it,Material quality is better than I expected at this price point.,Hassan,1,2024-06-27 20:00:00
502,202,ZL00202,5,Decent for the money,Good value compared with similar products I have tried.,Siti,0,2024-04-27 22:00:00
503,202,ZL00202,4,Nice finish,I bought this as a gift and the recipient liked it immediately.,Tom,1,2024-06-29 22:00:00
504,203,ZL00203,4,Decent for the money,Instructions were clear and setup took only a few minutes.,Lina,1,2024-10-16 00:00:00
505,203,ZL00203,4,Reliable so far,Feels durable. A couple of small scuffs from shipping but fine overall.,Yasmin,1,2024-11-03 00:00:00
506,204,ZL00204,4,Love this,Feels durable. A couple of small scuffs from shipping but fine overall.,Omar,1,2024-05-01 21:00:00
507,204,ZL00204,4,Worth the price,Used it for two weeks and it holds up well for daily use.,Kai,0,2024-07-31 21:00:00
508,205,ZL00205,5,Good build quality,"Would appreciate more colour options, but this shade works for me.",Kai,1,2025-06-24 22:00:00
509,206,ZL00206,3,Nice finish,Colour is accurate and sizing feels true based on the chart.,Grace,1,2024-09-12 23:00:00
510,206,ZL00206,3,Exactly as described,Material quality is better than I expected at this price point.,Tom,1,2024-11-27 23:00:00
511,206,ZL00206,3,Love this,Feels durable. A couple of small scuffs from shipping but fine overall.,Chloe,1,2024-12-09 23:00:00
512,206,ZL00206,4,Better than expected,Good value compared with similar products I have tried.,Grace,1,2024-09-09 23:00:00
513,207,ZL00207,5,Exactly as described,Instructions were clear and setup took only a few minutes.,Yasmin,1,2024-07-29 06:00:00
514,207,ZL00207,3,Happy with it,Good value compared with similar products I have tried.,Farid,1,2024-08-09 06:00:00
515,207,ZL00207,3,Worth the price,Works as advertised. Battery/performance is satisfactory so far.,Zara,1,2024-07-31 06:00:00
516,207,ZL00207,3,Happy with it,Instructions were clear and setup took only a few minutes.,Lina,0,2024-11-06 06:00:00
517,208,ZL00208,5,Decent for the money,Colour is accurate and sizing feels true based on the chart.,Tom,1,2025-03-17 00:00:00
518,209,ZL00209,2,Reliable so far,I bought this as a gift and the recipient liked it immediately.,Uma,1,2025-05-29 04:00:00
519,209,ZL00209,3,Worth the price,Packaging was neat and the item matched the listing details.,Elena,1,2025-06-03 04:00:00
520,210,ZL00210,4,Happy with it,Material quality is better than I expected at this price point.,Grace,1,2025-03-02 08:00:00
521,210,ZL00210,5,Better than expected,Packaging was neat and the item matched the listing details.,Grace,1,2025-01-21 08:00:00
522,210,ZL00210,5,Nice finish,Colour is accurate and sizing feels true based on the chart.,Siti,1,2025-02-25 08:00:00
523,210,ZL00210,5,Arrived quickly,Material quality is better than I expected at this price point.,Hassan,1,2025-01-01 08:00:00
524,211,ZL00211,5,Better than expected,Works as advertised. Battery/performance is satisfactory so far.,Jonas,1,2025-06-11 15:00:00
525,211,ZL00211,5,Worth the price,Used it for two weeks and it holds up well for daily use.,Zara,1,2025-07-24 15:00:00
526,211,ZL00211,4,Exactly as described,I bought this as a gift and the recipient liked it immediately.,Ivy,1,2025-06-22 15:00:00
527,211,ZL00211,5,Would buy again,"Would appreciate more colour options, but this shade works for me.",Farid,0,2025-07-09 15:00:00
528,212,ZL00212,5,Not bad at all,Material quality is better than I expected at this price point.,Ben,0,2025-07-01 08:00:00
529,213,ZL00213,5,Decent for the money,Feels durable. A couple of small scuffs from shipping but fine overall.,Kai,0,2024-10-25 21:00:00
530,213,ZL00213,4,Nice finish,Colour is accurate and sizing feels true based on the chart.,Farid,1,2024-07-05 21:00:00
531,213,ZL00213,3,Better than expected,"Would appreciate more colour options, but this shade works for me.",Jonas,1,2024-10-07 21:00:00
532,214,ZL00214,5,Worth the price,Material quality is better than I expected at this price point.,Siti,0,2024-05-14 23:00:00
533,214,ZL00214,5,Reliable so far,Instructions were clear and setup took only a few minutes.,Wei,1,2024-06-05 23:00:00
534,214,ZL00214,4,Would buy again,Feels durable. A couple of small scuffs from shipping but fine overall.,Lina,1,2024-04-04 23:00:00
535,214,ZL00214,4,Solid everyday pick,Colour is accurate and sizing feels true based on the chart.,Kai,1,2024-06-04 23:00:00
536,215,ZL00215,5,Reliable so far,Colour is accurate and sizing feels true based on the chart.,Yasmin,1,2024-09-24 19:00:00
537,216,ZL00216,3,Nice finish,"Would appreciate more colour options, but this shade works for me.",Siti,1,2025-06-27 10:00:00
538,216,ZL00216,3,Worth the price,Good value compared with similar products I have tried.,Uma,0,2025-04-02 10:00:00
539,217,ZL00217,2,Useful addition,Feels durable. A couple of small scuffs from shipping but fine overall.,Quinn,0,2025-07-29 17:00:00
540,218,ZL00218,2,Better than expected,Feels durable. A couple of small scuffs from shipping but fine overall.,Farid,0,2025-02-22 12:00:00
541,218,ZL00218,3,Arrived quickly,I bought this as a gift and the recipient liked it immediately.,Ben,1,2024-11-27 12:00:00
542,218,ZL00218,3,Not bad at all,Instructions were clear and setup took only a few minutes.,Nora,1,2024-12-05 12:00:00
543,218,ZL00218,4,Would buy again,Packaging was neat and the item matched the listing details.,Nora,0,2024-12-27 12:00:00
544,219,ZL00219,3,Would buy again,"Would appreciate more colour options, but this shade works for me.",Lina,0,2024-05-09 05:00:00
545,219,ZL00219,3,Decent for the money,"Would appreciate more colour options, but this shade works for me.",Zara,1,2024-04-29 05:00:00
546,219,ZL00219,3,Nice finish,Good value compared with similar products I have tried.,Yasmin,1,2024-02-10 05:00:00
547,219,ZL00219,2,Worth the price,Feels durable. A couple of small scuffs from shipping but fine overall.,Ivy,1,2024-03-20 05:00:00
548,220,ZL00220,5,Love this,Used it for two weeks and it holds up well for daily use.,Aisha,0,2025-07-05 07:00:00
549,221,ZL00221,3,Better than expected,Good value compared with similar products I have tried.,Siti,1,2024-12-10 17:00:00
550,221,ZL00221,5,Useful addition,"Would appreciate more colour options, but this shade works for me.",Lina,0,2024-10-30 17:00:00
551,222,ZL00222,4,Good build quality,Used it for two weeks and it holds up well for daily use.,Ravi,1,2025-02-02 05:00:00
552,222,ZL00222,3,Worth the price,I bought this as a gift and the recipient liked it immediately.,Danial,0,2024-10-30 05:00:00
553,222,ZL00222,5,Reliable so far,Instructions were clear and setup took only a few minutes.,Wei,1,2024-10-24 05:00:00
554,223,ZL00223,5,Not bad at all,Packaging was neat and the item matched the listing details.,Jonas,0,2024-09-12 00:00:00
555,223,ZL00223,4,Would buy again,I bought this as a gift and the recipient liked it immediately.,Ben,1,2024-11-15 00:00:00
556,224,ZL00224,5,Happy with it,Feels durable. A couple of small scuffs from shipping but fine overall.,Victor,1,2025-05-06 21:00:00
557,225,ZL00225,4,Good build quality,Colour is accurate and sizing feels true based on the chart.,Chloe,1,2024-09-09 06:00:00
558,225,ZL00225,5,Arrived quickly,Packaging was neat and the item matched the listing details.,Tom,0,2024-09-11 06:00:00
559,226,ZL00226,3,Better than expected,Works as advertised. Battery/performance is satisfactory so far.,Tom,0,2024-09-02 15:00:00
560,226,ZL00226,4,Happy with it,Colour is accurate and sizing feels true based on the chart.,Priya,1,2024-08-23 15:00:00
561,226,ZL00226,3,Solid everyday pick,Feels durable. A couple of small scuffs from shipping but fine overall.,Wei,0,2024-09-24 15:00:00
562,226,ZL00226,4,Worth the price,Good value compared with similar products I have tried.,Quinn,0,2024-10-19 15:00:00
563,227,ZL00227,5,Reliable so far,Instructions were clear and setup took only a few minutes.,Chloe,0,2024-08-27 18:00:00
564,227,ZL00227,3,Nice finish,Instructions were clear and setup took only a few minutes.,Wei,1,2024-08-24 18:00:00
565,228,ZL00228,3,Good build quality,Works as advertised. Battery/performance is satisfactory so far.,Ivy,1,2025-08-04 19:00:00
566,228,ZL00228,5,Decent for the money,Instructions were clear and setup took only a few minutes.,Farid,1,2025-06-16 19:00:00
567,229,ZL00229,3,Better than expected,Packaging was neat and the item matched the listing details.,Uma,1,2024-12-02 09:00:00
568,230,ZL00230,4,Better than expected,Colour is accurate and sizing feels true based on the chart.,Danial,1,2024-10-29 00:00:00
569,230,ZL00230,3,Reliable so far,Good value compared with similar products I have tried.,Grace,1,2024-12-25 00:00:00
570,230,ZL00230,5,Useful addition,Good value compared with similar products I have tried.,Siti,1,2024-10-26 00:00:00
571,231,ZL00231,3,Reliable so far,Colour is accurate and sizing feels true based on the chart.,Grace,1,2025-02-23 10:00:00
572,231,ZL00231,5,Would buy again,Packaging was neat and the item matched the listing details.,Ben,0,2025-02-28 10:00:00
573,231,ZL00231,4,Would buy again,Colour is accurate and sizing feels true based on the chart.,Aisha,1,2025-03-29 10:00:00
574,231,ZL00231,3,Nice finish,Instructions were clear and setup took only a few minutes.,Wei,1,2025-04-06 10:00:00
575,232,ZL00232,5,Decent for the money,Works as advertised. Battery/performance is satisfactory so far.,Zara,1,2024-09-17 11:00:00
576,233,ZL00233,5,Exactly as described,Material quality is better than I expected at this price point.,Danial,0,2024-10-12 03:00:00
577,234,ZL00234,4,Good build quality,Material quality is better than I expected at this price point.,Chloe,1,2024-03-07 08:00:00
578,235,ZL00235,3,Decent for the money,Works as advertised. Battery/performance is satisfactory so far.,Hassan,1,2024-02-25 21:00:00
579,236,ZL00236,2,Exactly as described,Colour is accurate and sizing feels true based on the chart.,Chloe,1,2024-06-02 23:00:00
580,236,ZL00236,3,Decent for the money,Material quality is better than I expected at this price point.,Lina,1,2024-05-09 23:00:00
581,237,ZL00237,5,Love this,Used it for two weeks and it holds up well for daily use.,Siti,1,2024-03-30 16:00:00
582,238,ZL00238,4,Good build quality,Good value compared with similar products I have tried.,Kai,0,2025-02-23 04:00:00
583,238,ZL00238,4,Not bad at all,I bought this as a gift and the recipient liked it immediately.,Victor,1,2025-04-27 04:00:00
584,239,ZL00239,2,Happy with it,Used it for two weeks and it holds up well for daily use.,Ivy,1,2024-06-13 20:00:00
585,239,ZL00239,4,Worth the price,Used it for two weeks and it holds up well for daily use.,Yasmin,0,2024-04-30 20:00:00
586,239,ZL00239,2,Useful addition,"Would appreciate more colour options, but this shade works for me.",Ben,1,2024-04-18 20:00:00
587,240,ZL00240,5,Better than expected,Good value compared with similar products I have tried.,Danial,1,2024-06-06 17:00:00
588,240,ZL00240,5,Decent for the money,Colour is accurate and sizing feels true based on the chart.,Yasmin,0,2024-08-01 17:00:00
589,240,ZL00240,5,Exactly as described,Material quality is better than I expected at this price point.,Zara,1,2024-05-11 17:00:00
590,240,ZL00240,5,Would buy again,Material quality is better than I expected at this price point.,Kai,1,2024-04-17 17:00:00
591,241,ZL00241,4,Good build quality,Works as advertised. Battery/performance is satisfactory so far.,Farid,1,2024-07-28 12:00:00
592,241,ZL00241,3,Happy with it,Packaging was neat and the item matched the listing details.,Marcus,1,2024-07-06 12:00:00
593,241,ZL00241,3,Solid everyday pick,Colour is accurate and sizing feels true based on the chart.,Chloe,1,2024-08-01 12:00:00
594,242,ZL00242,3,Would buy again,Colour is accurate and sizing feels true based on the chart.,Aisha,1,2024-07-25 17:00:00
595,242,ZL00242,5,Nice finish,Works as advertised. Battery/performance is satisfactory so far.,Victor,0,2024-08-06 17:00:00
596,243,ZL00243,3,Worth the price,Used it for two weeks and it holds up well for daily use.,Jonas,1,2024-02-14 19:00:00
597,243,ZL00243,4,Decent for the money,I bought this as a gift and the recipient liked it immediately.,Uma,0,2024-02-17 19:00:00
598,244,ZL00244,5,Better than expected,Packaging was neat and the item matched the listing details.,Ben,1,2024-02-02 00:00:00
599,244,ZL00244,3,Better than expected,I bought this as a gift and the recipient liked it immediately.,Siti,1,2024-03-25 00:00:00
600,244,ZL00244,3,Would buy again,Material quality is better than I expected at this price point.,Siti,1,2024-05-28 00:00:00
601,245,ZL00245,4,Good build quality,Used it for two weeks and it holds up well for daily use.,Hassan,1,2025-05-10 10:00:00
602,245,ZL00245,5,Useful addition,Used it for two weeks and it holds up well for daily use.,Zara,1,2025-06-18 10:00:00
603,245,ZL00245,2,Would buy again,I bought this as a gift and the recipient liked it immediately.,Nora,1,2025-04-14 10:00:00
604,245,ZL00245,5,Exactly as described,Feels durable. A couple of small scuffs from shipping but fine overall.,Lina,1,2025-03-31 10:00:00
605,246,ZL00246,5,Not bad at all,Used it for two weeks and it holds up well for daily use.,Ben,1,2024-06-15 02:00:00
606,247,ZL00247,3,Reliable so far,Used it for two weeks and it holds up well for daily use.,Jonas,1,2025-05-29 19:00:00
607,248,ZL00248,4,Nice finish,"Would appreciate more colour options, but this shade works for me.",Lina,1,2024-01-18 08:00:00
608,249,ZL00249,5,Useful addition,Material quality is better than I expected at this price point.,Jonas,1,2024-12-08 23:00:00
609,250,ZL00250,2,Arrived quickly,Used it for two weeks and it holds up well for daily use.,Lina,1,2024-05-16 21:00:00
610,250,ZL00250,3,Love this,Instructions were clear and setup took only a few minutes.,Yasmin,1,2024-07-22 21:00:00
611,250,ZL00250,2,Solid everyday pick,Colour is accurate and sizing feels true based on the chart.,Elena,1,2024-04-17 21:00:00
612,251,ZL00251,4,Happy with it,Works as advertised. Battery/performance is satisfactory so far.,Chloe,1,2025-05-19 18:00:00
613,251,ZL00251,2,Not bad at all,Material quality is better than I expected at this price point.,Ravi,1,2025-04-17 18:00:00
614,251,ZL00251,3,Decent for the money,Works as advertised. Battery/performance is satisfactory so far.,Ravi,1,2025-02-16 18:00:00
615,251,ZL00251,2,Nice finish,Feels durable. A couple of small scuffs from shipping but fine overall.,Hassan,1,2025-04-10 18:00:00
616,252,ZL00252,3,Useful addition,Feels durable. A couple of small scuffs from shipping but fine overall.,Ivy,1,2024-02-26 15:00:00
617,252,ZL00252,3,Solid everyday pick,"Would appreciate more colour options, but this shade works for me.",Aisha,1,2024-06-02 15:00:00
618,252,ZL00252,4,Exactly as described,Works as advertised. Battery/performance is satisfactory so far.,Lina,0,2024-04-18 15:00:00
619,253,ZL00253,5,Exactly as described,Good value compared with similar products I have tried.,Hassan,1,2024-10-29 00:00:00
620,253,ZL00253,3,Useful addition,I bought this as a gift and the recipient liked it immediately.,Elena,1,2024-09-01 00:00:00
621,254,ZL00254,5,Arrived quickly,Instructions were clear and setup took only a few minutes.,Uma,1,2024-09-08 21:00:00
622,254,ZL00254,3,Reliable so far,Instructions were clear and setup took only a few minutes.,Priya,0,2024-08-16 21:00:00
623,254,ZL00254,3,Decent for the money,Good value compared with similar products I have tried.,Omar,1,2024-07-15 21:00:00
624,254,ZL00254,3,Useful addition,Works as advertised. Battery/performance is satisfactory so far.,Marcus,1,2024-09-21 21:00:00
625,255,ZL00255,3,Useful addition,I bought this as a gift and the recipient liked it immediately.,Victor,1,2024-05-16 09:00:00
626,256,ZL00256,3,Solid everyday pick,Feels durable. A couple of small scuffs from shipping but fine overall.,Hassan,1,2024-05-10 13:00:00
627,256,ZL00256,4,Nice finish,"Would appreciate more colour options, but this shade works for me.",Ravi,1,2024-05-04 13:00:00
628,257,ZL00257,2,Happy with it,Colour is accurate and sizing feels true based on the chart.,Priya,0,2025-04-24 11:00:00
629,257,ZL00257,3,Arrived quickly,Packaging was neat and the item matched the listing details.,Ravi,1,2025-07-20 11:00:00
630,257,ZL00257,5,Solid everyday pick,Used it for two weeks and it holds up well for daily use.,Zara,1,2025-05-21 11:00:00
631,258,ZL00258,3,Exactly as described,I bought this as a gift and the recipient liked it immediately.,Priya,1,2024-06-09 10:00:00
632,258,ZL00258,3,Reliable so far,Used it for two weeks and it holds up well for daily use.,Quinn,1,2024-08-10 10:00:00
633,258,ZL00258,5,Solid everyday pick,I bought this as a gift and the recipient liked it immediately.,Yasmin,1,2024-08-25 10:00:00
634,258,ZL00258,4,Decent for the money,Colour is accurate and sizing feels true based on the chart.,Victor,1,2024-09-08 10:00:00
635,259,ZL00259,5,Not bad at all,Packaging was neat and the item matched the listing details.,Kai,0,2024-10-12 17:00:00
636,260,ZL00260,5,Arrived quickly,Packaging was neat and the item matched the listing details.,Zara,1,2024-07-29 18:00:00
637,260,ZL00260,3,Exactly as described,Instructions were clear and setup took only a few minutes.,Ben,1,2024-10-31 18:00:00
638,260,ZL00260,4,Good build quality,Material quality is better than I expected at this price point.,Danial,1,2024-08-15 18:00:00
639,260,ZL00260,5,Reliable so far,Instructions were clear and setup took only a few minutes.,Uma,1,2024-09-21 18:00:00
640,261,ZL00261,4,Would buy again,Instructions were clear and setup took only a few minutes.,Jonas,1,2025-04-15 05:00:00
641,261,ZL00261,3,Reliable so far,Used it for two weeks and it holds up well for daily use.,Lina,1,2025-03-19 05:00:00
642,261,ZL00261,5,Love this,Material quality is better than I expected at this price point.,Farid,1,2025-02-18 05:00:00
643,262,ZL00262,2,Worth the price,Good value compared with similar products I have tried.,Aisha,1,2025-01-11 10:00:00
644,262,ZL00262,2,Arrived quickly,I bought this as a gift and the recipient liked it immediately.,Danial,1,2025-02-12 10:00:00
645,262,ZL00262,2,Better than expected,I bought this as a gift and the recipient liked it immediately.,Kai,0,2025-01-17 10:00:00
646,263,ZL00263,2,Good build quality,Packaging was neat and the item matched the listing details.,Wei,1,2025-03-06 03:00:00
647,264,ZL00264,2,Happy with it,I bought this as a gift and the recipient liked it immediately.,Quinn,1,2024-10-01 00:00:00
648,264,ZL00264,2,Decent for the money,Works as advertised. Battery/performance is satisfactory so far.,Nora,1,2024-10-25 00:00:00
649,265,ZL00265,5,Nice finish,"Would appreciate more colour options, but this shade works for me.",Wei,0,2025-03-05 11:00:00
650,265,ZL00265,5,Happy with it,Instructions were clear and setup took only a few minutes.,Ravi,0,2024-12-08 11:00:00
651,266,ZL00266,3,Reliable so far,"Would appreciate more colour options, but this shade works for me.",Tom,0,2024-04-09 05:00:00
652,266,ZL00266,3,Love this,Colour is accurate and sizing feels true based on the chart.,Marcus,1,2024-05-05 05:00:00
653,267,ZL00267,5,Better than expected,Used it for two weeks and it holds up well for daily use.,Chloe,1,2024-06-04 21:00:00
654,267,ZL00267,5,Arrived quickly,Packaging was neat and the item matched the listing details.,Ben,1,2024-04-09 21:00:00
655,267,ZL00267,5,Exactly as described,"Would appreciate more colour options, but this shade works for me.",Uma,1,2024-03-02 21:00:00
656,267,ZL00267,4,Useful addition,"Would appreciate more colour options, but this shade works for me.",Chloe,1,2024-02-27 21:00:00
657,268,ZL00268,2,Decent for the money,Material quality is better than I expected at this price point.,Chloe,0,2024-08-15 14:00:00
658,268,ZL00268,3,Happy with it,Colour is accurate and sizing feels true based on the chart.,Victor,1,2024-08-24 14:00:00
659,268,ZL00268,3,Exactly as described,I bought this as a gift and the recipient liked it immediately.,Danial,1,2024-11-18 14:00:00
660,268,ZL00268,5,Better than expected,Material quality is better than I expected at this price point.,Victor,1,2024-08-30 14:00:00
661,269,ZL00269,5,Better than expected,Used it for two weeks and it holds up well for daily use.,Quinn,1,2024-04-04 04:00:00
662,269,ZL00269,5,Arrived quickly,I bought this as a gift and the recipient liked it immediately.,Aisha,1,2024-02-24 04:00:00
663,269,ZL00269,5,Nice finish,Works as advertised. Battery/performance is satisfactory so far.,Yasmin,1,2024-03-29 04:00:00
664,270,ZL00270,4,Not bad at all,Colour is accurate and sizing feels true based on the chart.,Yasmin,1,2025-05-22 00:00:00
665,270,ZL00270,5,Nice finish,Colour is accurate and sizing feels true based on the chart.,Chloe,1,2025-04-27 00:00:00
666,271,ZL00271,5,Decent for the money,I bought this as a gift and the recipient liked it immediately.,Priya,1,2025-05-20 10:00:00
667,272,ZL00272,3,Love this,I bought this as a gift and the recipient liked it immediately.,Omar,0,2025-04-09 19:00:00
668,272,ZL00272,3,Arrived quickly,"Would appreciate more colour options, but this shade works for me.",Jonas,1,2025-06-04 19:00:00
669,273,ZL00273,4,Would buy again,Material quality is better than I expected at this price point.,Kai,1,2024-04-29 21:00:00
670,273,ZL00273,4,Nice finish,Works as advertised. Battery/performance is satisfactory so far.,Zara,1,2024-05-26 21:00:00
671,273,ZL00273,4,Better than expected,Packaging was neat and the item matched the listing details.,Grace,1,2024-05-01 21:00:00
672,274,ZL00274,5,Love this,Packaging was neat and the item matched the listing details.,Tom,1,2024-05-21 11:00:00
673,275,ZL00275,2,Nice finish,Feels durable. A couple of small scuffs from shipping but fine overall.,Kai,1,2025-04-14 18:00:00
674,275,ZL00275,2,Arrived quickly,Feels durable. A couple of small scuffs from shipping but fine overall.,Priya,1,2025-05-24 18:00:00
675,275,ZL00275,3,Useful addition,I bought this as a gift and the recipient liked it immediately.,Ravi,1,2025-06-14 18:00:00
676,276,ZL00276,4,Would buy again,Material quality is better than I expected at this price point.,Wei,1,2025-03-30 09:00:00
677,276,ZL00276,4,Worth the price,Colour is accurate and sizing feels true based on the chart.,Lina,0,2025-03-04 09:00:00
678,276,ZL00276,4,Good build quality,Feels durable. A couple of small scuffs from shipping but fine overall.,Ravi,1,2025-03-06 09:00:00
679,276,ZL00276,3,Would buy again,Colour is accurate and sizing feels true based on the chart.,Siti,1,2025-02-14 09:00:00
680,277,ZL00277,5,Arrived quickly,Good value compared with similar products I have tried.,Siti,1,2024-03-14 14:00:00
681,277,ZL00277,5,Good build quality,Instructions were clear and setup took only a few minutes.,Nora,1,2024-04-05 14:00:00
682,278,ZL00278,3,Worth the price,Packaging was neat and the item matched the listing details.,Ben,1,2025-02-11 18:00:00
683,278,ZL00278,5,Not bad at all,Works as advertised. Battery/performance is satisfactory so far.,Quinn,0,2024-12-20 18:00:00
684,278,ZL00278,3,Reliable so far,Feels durable. A couple of small scuffs from shipping but fine overall.,Victor,1,2024-11-29 18:00:00
685,278,ZL00278,3,Useful addition,Material quality is better than I expected at this price point.,Marcus,1,2025-02-16 18:00:00
686,279,ZL00279,3,Solid everyday pick,"Would appreciate more colour options, but this shade works for me.",Yasmin,1,2024-03-10 04:00:00
687,280,ZL00280,5,Reliable so far,Packaging was neat and the item matched the listing details.,Grace,1,2024-09-07 20:00:00
688,280,ZL00280,5,Not bad at all,Works as advertised. Battery/performance is satisfactory so far.,Aisha,1,2024-09-20 20:00:00
689,281,ZL00281,3,Better than expected,Packaging was neat and the item matched the listing details.,Danial,1,2024-04-02 04:00:00
690,281,ZL00281,4,Would buy again,Works as advertised. Battery/performance is satisfactory so far.,Siti,0,2024-03-02 04:00:00
691,282,ZL00282,4,Worth the price,I bought this as a gift and the recipient liked it immediately.,Quinn,1,2024-11-02 13:00:00
692,282,ZL00282,3,Love this,Used it for two weeks and it holds up well for daily use.,Yasmin,1,2024-10-21 13:00:00
693,282,ZL00282,3,Worth the price,"Would appreciate more colour options, but this shade works for me.",Aisha,1,2024-10-07 13:00:00
694,283,ZL00283,4,Would buy again,Used it for two weeks and it holds up well for daily use.,Jonas,1,2024-09-22 16:00:00
695,283,ZL00283,5,Exactly as described,Used it for two weeks and it holds up well for daily use.,Danial,1,2024-08-30 16:00:00
696,283,ZL00283,5,Decent for the money,Works as advertised. Battery/performance is satisfactory so far.,Danial,1,2024-07-08 16:00:00
697,284,ZL00284,5,Not bad at all,"Would appreciate more colour options, but this shade works for me.",Jonas,1,2024-07-28 19:00:00
698,285,ZL00285,3,Exactly as described,Packaging was neat and the item matched the listing details.,Ivy,1,2025-04-29 05:00:00
699,286,ZL00286,3,Nice finish,Works as advertised. Battery/performance is satisfactory so far.,Siti,0,2025-01-04 18:00:00
700,286,ZL00286,4,Useful addition,Packaging was neat and the item matched the listing details.,Tom,0,2025-03-11 18:00:00
701,286,ZL00286,5,Good build quality,"Would appreciate more colour options, but this shade works for me.",Marcus,0,2025-02-19 18:00:00
702,286,ZL00286,3,Reliable so far,Instructions were clear and setup took only a few minutes.,Tom,0,2024-12-15 18:00:00
703,287,ZL00287,4,Useful addition,"Would appreciate more colour options, but this shade works for me.",Uma,1,2024-09-03 17:00:00
704,287,ZL00287,3,Reliable so far,I bought this as a gift and the recipient liked it immediately.,Danial,1,2024-06-17 17:00:00
705,287,ZL00287,4,Reliable so far,I bought this as a gift and the recipient liked it immediately.,Aisha,1,2024-06-13 17:00:00
706,287,ZL00287,3,Exactly as described,Instructions were clear and setup took only a few minutes.,Kai,1,2024-07-11 17:00:00
707,288,ZL00288,4,Arrived quickly,"Would appreciate more colour options, but this shade works for me.",Ivy,1,2024-04-27 18:00:00
708,288,ZL00288,5,Exactly as described,Used it for two weeks and it holds up well for daily use.,Danial,1,2024-04-17 18:00:00
709,288,ZL00288,5,Useful addition,Colour is accurate and sizing feels true based on the chart.,Ben,0,2024-03-02 18:00:00
710,289,ZL00289,5,Useful addition,Instructions were clear and setup took only a few minutes.,Yasmin,0,2024-09-23 22:00:00
711,289,ZL00289,5,Would buy again,Packaging was neat and the item matched the listing details.,Kai,0,2024-09-01 22:00:00
712,290,ZL00290,4,Worth the price,Feels durable. A couple of small scuffs from shipping but fine overall.,Tom,1,2025-03-26 16:00:00
713,290,ZL00290,3,Solid everyday pick,Used it for two weeks and it holds up well for daily use.,Farid,1,2025-05-06 16:00:00
714,291,ZL00291,5,Exactly as described,Works as advertised. Battery/performance is satisfactory so far.,Ravi,1,2024-12-17 22:00:00
715,291,ZL00291,5,Worth the price,Feels durable. A couple of small scuffs from shipping but fine overall.,Ivy,1,2024-10-13 22:00:00
716,291,ZL00291,3,Solid everyday pick,Material quality is better than I expected at this price point.,Wei,1,2024-11-07 22:00:00
717,291,ZL00291,4,Good build quality,Feels durable. A couple of small scuffs from shipping but fine overall.,Zara,1,2024-09-10 22:00:00
718,292,ZL00292,2,Good build quality,Feels durable. A couple of small scuffs from shipping but fine overall.,Wei,1,2024-03-24 22:00:00
719,292,ZL00292,5,Not bad at all,Good value compared with similar products I have tried.,Kai,1,2024-04-23 22:00:00
720,293,ZL00293,3,Nice finish,"Would appreciate more colour options, but this shade works for me.",Ben,1,2024-07-02 08:00:00
721,293,ZL00293,5,Not bad at all,Colour is accurate and sizing feels true based on the chart.,Priya,1,2024-06-27 08:00:00
722,294,ZL00294,3,Worth the price,Packaging was neat and the item matched the listing details.,Aisha,1,2024-12-21 07:00:00
723,294,ZL00294,5,Would buy again,Works as advertised. Battery/performance is satisfactory so far.,Nora,0,2024-10-08 07:00:00
724,295,ZL00295,4,Arrived quickly,"Would appreciate more colour options, but this shade works for me.",Marcus,0,2024-09-11 01:00:00
725,296,ZL00296,3,Love this,Good value compared with similar products I have tried.,Ravi,0,2025-03-08 07:00:00
726,297,ZL00297,4,Decent for the money,Instructions were clear and setup took only a few minutes.,Wei,1,2025-01-12 14:00:00
727,298,ZL00298,5,Good build quality,Packaging was neat and the item matched the listing details.,Omar,1,2024-04-10 19:00:00
728,298,ZL00298,3,Good build quality,Works as advertised. Battery/performance is satisfactory so far.,Farid,1,2024-07-09 19:00:00
729,299,ZL00299,3,Nice finish,I bought this as a gift and the recipient liked it immediately.,Siti,1,2024-10-14 17:00:00
730,300,ZL00300,5,Good build quality,Good value compared with similar products I have tried.,Yasmin,1,2025-05-14 13:00:00
731,300,ZL00300,4,Love this,Good value compared with similar products I have tried.,Kai,1,2025-05-11 13:00:00
732,301,ZL00301,3,Arrived quickly,Instructions were clear and setup took only a few minutes.,Wei,0,2025-05-12 07:00:00
733,301,ZL00301,4,Exactly as described,Colour is accurate and sizing feels true based on the chart.,Farid,1,2025-04-06 07:00:00
734,301,ZL00301,5,Not bad at all,Feels durable. A couple of small scuffs from shipping but fine overall.,Hassan,1,2025-05-29 07:00:00
735,302,ZL00302,3,Decent for the money,"Would appreciate more colour options, but this shade works for me.",Ravi,1,2025-05-23 22:00:00
736,302,ZL00302,4,Reliable so far,"Would appreciate more colour options, but this shade works for me.",Victor,1,2025-04-16 22:00:00
737,302,ZL00302,2,Better than expected,Used it for two weeks and it holds up well for daily use.,Ben,1,2025-03-15 22:00:00
738,302,ZL00302,4,Useful addition,"Would appreciate more colour options, but this shade works for me.",Grace,1,2025-05-02 22:00:00
739,303,ZL00303,5,Good build quality,Packaging was neat and the item matched the listing details.,Zara,1,2025-01-17 19:00:00
740,303,ZL00303,4,Reliable so far,Colour is accurate and sizing feels true based on the chart.,Wei,1,2025-02-09 19:00:00
741,303,ZL00303,3,Not bad at all,Instructions were clear and setup took only a few minutes.,Jonas,1,2025-03-07 19:00:00
742,304,ZL00304,4,Useful addition,Feels durable. A couple of small scuffs from shipping but fine overall.,Omar,1,2024-09-14 08:00:00
743,304,ZL00304,5,Love this,Material quality is better than I expected at this price point.,Omar,1,2024-09-27 08:00:00
744,304,ZL00304,5,Happy with it,Colour is accurate and sizing feels true based on the chart.,Chloe,1,2024-08-24 08:00:00
745,304,ZL00304,5,Not bad at all,I bought this as a gift and the recipient liked it immediately.,Jonas,1,2024-07-30 08:00:00
746,305,ZL00305,5,Exactly as described,Feels durable. A couple of small scuffs from shipping but fine overall.,Siti,1,2024-02-26 14:00:00
747,305,ZL00305,3,Nice finish,Used it for two weeks and it holds up well for daily use.,Quinn,0,2024-01-29 14:00:00
748,306,ZL00306,4,Solid everyday pick,Instructions were clear and setup took only a few minutes.,Ivy,0,2025-05-20 07:00:00
749,306,ZL00306,5,Better than expected,Colour is accurate and sizing feels true based on the chart.,Yasmin,1,2025-04-23 07:00:00
750,306,ZL00306,4,Arrived quickly,"Would appreciate more colour options, but this shade works for me.",Tom,1,2025-07-13 07:00:00
751,307,ZL00307,5,Decent for the money,Works as advertised. Battery/performance is satisfactory so far.,Lina,0,2025-01-05 11:00:00
752,307,ZL00307,2,Not bad at all,Material quality is better than I expected at this price point.,Hassan,1,2024-12-19 11:00:00
753,307,ZL00307,2,Useful addition,Packaging was neat and the item matched the listing details.,Uma,1,2024-11-27 11:00:00
754,307,ZL00307,2,Would buy again,Used it for two weeks and it holds up well for daily use.,Priya,1,2024-10-30 11:00:00
755,308,ZL00308,4,Useful addition,Packaging was neat and the item matched the listing details.,Omar,0,2024-05-14 04:00:00
756,308,ZL00308,3,Useful addition,Instructions were clear and setup took only a few minutes.,Tom,1,2024-06-24 04:00:00
757,308,ZL00308,3,Not bad at all,I bought this as a gift and the recipient liked it immediately.,Lina,1,2024-05-02 04:00:00
758,308,ZL00308,5,Not bad at all,I bought this as a gift and the recipient liked it immediately.,Farid,0,2024-04-18 04:00:00
759,309,ZL00309,4,Happy with it,Works as advertised. Battery/performance is satisfactory so far.,Zara,0,2024-06-18 21:00:00
760,309,ZL00309,4,Decent for the money,Feels durable. A couple of small scuffs from shipping but fine overall.,Omar,0,2024-05-07 21:00:00
761,310,ZL00310,4,Worth the price,I bought this as a gift and the recipient liked it immediately.,Danial,1,2025-05-14 02:00:00
762,310,ZL00310,4,Useful addition,Material quality is better than I expected at this price point.,Siti,1,2025-06-08 02:00:00
763,310,ZL00310,3,Would buy again,Used it for two weeks and it holds up well for daily use.,Jonas,1,2025-08-29 02:00:00
764,310,ZL00310,4,Better than expected,Packaging was neat and the item matched the listing details.,Omar,0,2025-06-05 02:00:00
765,311,ZL00311,2,Good build quality,Packaging was neat and the item matched the listing details.,Uma,1,2024-06-15 17:00:00
766,311,ZL00311,4,Happy with it,Colour is accurate and sizing feels true based on the chart.,Omar,1,2024-02-21 17:00:00
767,311,ZL00311,4,Arrived quickly,Material quality is better than I expected at this price point.,Victor,1,2024-02-22 17:00:00
768,311,ZL00311,2,Worth the price,Works as advertised. Battery/performance is satisfactory so far.,Victor,1,2024-05-21 17:00:00
769,312,ZL00312,3,Reliable so far,"Would appreciate more colour options, but this shade works for me.",Grace,1,2024-09-11 05:00:00
770,313,ZL00313,4,Nice finish,I bought this as a gift and the recipient liked it immediately.,Priya,1,2024-11-20 14:00:00
771,314,ZL00314,4,Useful addition,Packaging was neat and the item matched the listing details.,Quinn,1,2024-06-25 23:00:00
772,314,ZL00314,4,Better than expected,"Would appreciate more colour options, but this shade works for me.",Yasmin,0,2024-06-25 23:00:00
773,315,ZL00315,5,Love this,"Would appreciate more colour options, but this shade works for me.",Uma,0,2024-03-29 02:00:00
774,315,ZL00315,2,Not bad at all,Material quality is better than I expected at this price point.,Priya,1,2024-02-16 02:00:00
775,315,ZL00315,3,Would buy again,Works as advertised. Battery/performance is satisfactory so far.,Priya,1,2024-02-17 02:00:00
776,316,ZL00316,5,Good build quality,Used it for two weeks and it holds up well for daily use.,Nora,1,2025-01-07 12:00:00
777,317,ZL00317,5,Good build quality,Material quality is better than I expected at this price point.,Tom,1,2025-08-01 08:00:00
778,317,ZL00317,4,Arrived quickly,Instructions were clear and setup took only a few minutes.,Nora,0,2025-06-15 08:00:00
779,317,ZL00317,4,Arrived quickly,Instructions were clear and setup took only a few minutes.,Jonas,1,2025-06-23 08:00:00
780,317,ZL00317,5,Good build quality,Used it for two weeks and it holds up well for daily use.,Jonas,1,2025-07-04 08:00:00
781,318,ZL00318,3,Good build quality,I bought this as a gift and the recipient liked it immediately.,Lina,1,2024-05-15 07:00:00
782,318,ZL00318,3,Happy with it,Colour is accurate and sizing feels true based on the chart.,Ben,1,2024-03-17 07:00:00
783,319,ZL00319,4,Decent for the money,Instructions were clear and setup took only a few minutes.,Farid,1,2024-06-06 23:00:00
784,320,ZL00320,5,Not bad at all,Instructions were clear and setup took only a few minutes.,Nora,0,2024-08-27 18:00:00
785,320,ZL00320,3,Decent for the money,Feels durable. A couple of small scuffs from shipping but fine overall.,Yasmin,1,2024-08-09 18:00:00
786,320,ZL00320,3,Worth the price,Material quality is better than I expected at this price point.,Elena,1,2024-07-16 18:00:00
787,321,ZL00321,4,Exactly as described,Feels durable. A couple of small scuffs from shipping but fine overall.,Ben,0,2025-03-24 13:00:00
788,322,ZL00322,5,Love this,Packaging was neat and the item matched the listing details.,Hassan,1,2025-02-20 17:00:00
789,322,ZL00322,5,Nice finish,"Would appreciate more colour options, but this shade works for me.",Ben,1,2025-01-21 17:00:00
790,322,ZL00322,2,Happy with it,Works as advertised. Battery/performance is satisfactory so far.,Jonas,1,2025-03-06 17:00:00
791,323,ZL00323,5,Nice finish,Material quality is better than I expected at this price point.,Victor,1,2024-03-23 15:00:00
792,323,ZL00323,4,Better than expected,Works as advertised. Battery/performance is satisfactory so far.,Priya,1,2024-06-01 15:00:00
793,324,ZL00324,3,Useful addition,I bought this as a gift and the recipient liked it immediately.,Farid,1,2024-06-16 11:00:00
794,324,ZL00324,3,Exactly as described,I bought this as a gift and the recipient liked it immediately.,Marcus,1,2024-05-04 11:00:00
795,325,ZL00325,2,Solid everyday pick,"Would appreciate more colour options, but this shade works for me.",Danial,1,2025-01-29 05:00:00
796,325,ZL00325,2,Would buy again,Instructions were clear and setup took only a few minutes.,Jonas,1,2025-04-13 05:00:00
797,326,ZL00326,3,Happy with it,I bought this as a gift and the recipient liked it immediately.,Siti,1,2025-02-04 12:00:00
798,326,ZL00326,5,Love this,Used it for two weeks and it holds up well for daily use.,Uma,1,2025-01-27 12:00:00
799,326,ZL00326,5,Better than expected,Used it for two weeks and it holds up well for daily use.,Yasmin,1,2024-11-30 12:00:00
800,326,ZL00326,3,Would buy again,I bought this as a gift and the recipient liked it immediately.,Nora,1,2025-02-25 12:00:00
801,327,ZL00327,4,Useful addition,Used it for two weeks and it holds up well for daily use.,Uma,0,2024-07-09 05:00:00
802,328,ZL00328,5,Reliable so far,Instructions were clear and setup took only a few minutes.,Lina,0,2024-03-14 21:00:00
803,328,ZL00328,5,Useful addition,Packaging was neat and the item matched the listing details.,Wei,1,2024-05-20 21:00:00
804,329,ZL00329,5,Good build quality,Used it for two weeks and it holds up well for daily use.,Quinn,1,2024-10-05 10:00:00
805,329,ZL00329,4,Solid everyday pick,I bought this as a gift and the recipient liked it immediately.,Omar,1,2024-07-31 10:00:00
806,330,ZL00330,5,Good build quality,Used it for two weeks and it holds up well for daily use.,Ravi,1,2025-01-28 20:00:00
807,330,ZL00330,3,Exactly as described,Colour is accurate and sizing feels true based on the chart.,Omar,1,2025-04-02 20:00:00
808,331,ZL00331,5,Love this,I bought this as a gift and the recipient liked it immediately.,Lina,1,2024-08-25 09:00:00
809,331,ZL00331,2,Would buy again,Colour is accurate and sizing feels true based on the chart.,Zara,1,2024-08-01 09:00:00
810,331,ZL00331,4,Arrived quickly,"Would appreciate more colour options, but this shade works for me.",Tom,0,2024-11-06 09:00:00
811,332,ZL00332,5,Arrived quickly,Material quality is better than I expected at this price point.,Kai,1,2024-11-22 09:00:00
812,332,ZL00332,4,Worth the price,Colour is accurate and sizing feels true based on the chart.,Siti,1,2024-10-04 09:00:00
813,332,ZL00332,5,Happy with it,Feels durable. A couple of small scuffs from shipping but fine overall.,Elena,1,2024-09-25 09:00:00
814,333,ZL00333,5,Exactly as described,Material quality is better than I expected at this price point.,Priya,1,2024-08-24 14:00:00
815,334,ZL00334,4,Decent for the money,Good value compared with similar products I have tried.,Siti,1,2024-10-23 22:00:00
816,335,ZL00335,4,Arrived quickly,Used it for two weeks and it holds up well for daily use.,Ivy,1,2024-12-19 11:00:00
817,335,ZL00335,4,Nice finish,Colour is accurate and sizing feels true based on the chart.,Quinn,0,2024-12-31 11:00:00
818,335,ZL00335,3,Solid everyday pick,Colour is accurate and sizing feels true based on the chart.,Yasmin,1,2025-01-15 11:00:00
819,335,ZL00335,3,Better than expected,Material quality is better than I expected at this price point.,Quinn,1,2025-01-30 11:00:00
820,336,ZL00336,4,Solid everyday pick,Good value compared with similar products I have tried.,Yasmin,0,2024-09-02 18:00:00
821,336,ZL00336,5,Exactly as described,Material quality is better than I expected at this price point.,Kai,1,2024-12-15 18:00:00
822,336,ZL00336,5,Reliable so far,Used it for two weeks and it holds up well for daily use.,Ben,1,2024-10-08 18:00:00
823,336,ZL00336,3,Worth the price,Instructions were clear and setup took only a few minutes.,Grace,0,2024-09-23 18:00:00
824,337,ZL00337,2,Solid everyday pick,I bought this as a gift and the recipient liked it immediately.,Jonas,1,2025-04-04 19:00:00
825,337,ZL00337,2,Useful addition,Colour is accurate and sizing feels true based on the chart.,Quinn,1,2025-04-14 19:00:00
826,338,ZL00338,2,Good build quality,Instructions were clear and setup took only a few minutes.,Victor,1,2024-07-09 02:00:00
827,338,ZL00338,2,Love this,"Would appreciate more colour options, but this shade works for me.",Hassan,1,2024-08-21 02:00:00
828,338,ZL00338,3,Exactly as described,"Would appreciate more colour options, but this shade works for me.",Nora,1,2024-07-04 02:00:00
829,339,ZL00339,5,Better than expected,Good value compared with similar products I have tried.,Grace,0,2024-04-04 22:00:00
830,339,ZL00339,4,Decent for the money,Packaging was neat and the item matched the listing details.,Ivy,1,2024-03-28 22:00:00
831,339,ZL00339,5,Exactly as described,"Would appreciate more colour options, but this shade works for me.",Aisha,1,2024-04-12 22:00:00
832,340,ZL00340,4,Arrived quickly,Good value compared with similar products I have tried.,Ravi,1,2025-03-25 07:00:00
833,340,ZL00340,5,Decent for the money,"Would appreciate more colour options, but this shade works for me.",Jonas,1,2025-06-07 07:00:00
834,341,ZL00341,2,Worth the price,Packaging was neat and the item matched the listing details.,Ben,1,2024-05-20 15:00:00
835,341,ZL00341,3,Would buy again,I bought this as a gift and the recipient liked it immediately.,Yasmin,1,2024-02-19 15:00:00
836,341,ZL00341,4,Better than expected,I bought this as a gift and the recipient liked it immediately.,Ravi,1,2024-02-12 15:00:00
837,342,ZL00342,4,Solid everyday pick,"Would appreciate more colour options, but this shade works for me.",Farid,1,2025-01-11 14:00:00
838,342,ZL00342,3,Decent for the money,Instructions were clear and setup took only a few minutes.,Jonas,1,2025-01-03 14:00:00
839,343,ZL00343,4,Decent for the money,Material quality is better than I expected at this price point.,Nora,0,2024-11-11 08:00:00
840,344,ZL00344,5,Love this,I bought this as a gift and the recipient liked it immediately.,Kai,1,2024-07-24 19:00:00
841,344,ZL00344,3,Worth the price,Packaging was neat and the item matched the listing details.,Farid,1,2024-06-20 19:00:00
842,344,ZL00344,3,Reliable so far,Works as advertised. Battery/performance is satisfactory so far.,Victor,1,2024-09-17 19:00:00
843,344,ZL00344,3,Arrived quickly,Feels durable. A couple of small scuffs from shipping but fine overall.,Aisha,1,2024-09-04 19:00:00
844,345,ZL00345,4,Useful addition,Good value compared with similar products I have tried.,Hassan,0,2024-03-19 08:00:00
845,346,ZL00346,3,Reliable so far,Material quality is better than I expected at this price point.,Chloe,1,2024-07-13 00:00:00
846,346,ZL00346,3,Useful addition,Good value compared with similar products I have tried.,Quinn,0,2024-06-02 00:00:00
847,346,ZL00346,4,Exactly as described,Colour is accurate and sizing feels true based on the chart.,Marcus,1,2024-03-22 00:00:00
848,347,ZL00347,3,Better than expected,Colour is accurate and sizing feels true based on the chart.,Siti,0,2024-01-18 00:00:00
849,347,ZL00347,4,Solid everyday pick,Colour is accurate and sizing feels true based on the chart.,Aisha,1,2024-03-18 00:00:00
850,347,ZL00347,4,Exactly as described,Works as advertised. Battery/performance is satisfactory so far.,Yasmin,0,2024-03-05 00:00:00
851,347,ZL00347,4,Better than expected,Instructions were clear and setup took only a few minutes.,Jonas,0,2024-04-11 00:00:00
852,348,ZL00348,4,Decent for the money,Works as advertised. Battery/performance is satisfactory so far.,Chloe,1,2025-07-22 23:00:00
853,348,ZL00348,2,Useful addition,Good value compared with similar products I have tried.,Lina,1,2025-05-13 23:00:00
854,349,ZL00349,2,Happy with it,I bought this as a gift and the recipient liked it immediately.,Hassan,1,2025-04-23 23:00:00
855,349,ZL00349,4,Useful addition,"Would appreciate more colour options, but this shade works for me.",Jonas,1,2025-06-26 23:00:00
856,349,ZL00349,2,Love this,Material quality is better than I expected at this price point.,Ivy,0,2025-06-02 23:00:00
857,349,ZL00349,2,Would buy again,I bought this as a gift and the recipient liked it immediately.,Ivy,1,2025-05-09 23:00:00
858,350,ZL00350,3,Nice finish,Used it for two weeks and it holds up well for daily use.,Uma,0,2024-09-30 19:00:00
859,351,ZL00351,3,Nice finish,"Would appreciate more colour options, but this shade works for me.",Priya,1,2024-12-04 03:00:00
860,352,ZL00352,5,Arrived quickly,Works as advertised. Battery/performance is satisfactory so far.,Ivy,0,2025-01-07 03:00:00
861,352,ZL00352,4,Exactly as described,I bought this as a gift and the recipient liked it immediately.,Omar,1,2024-10-22 03:00:00
862,352,ZL00352,4,Not bad at all,Used it for two weeks and it holds up well for daily use.,Hassan,1,2025-01-11 03:00:00
863,352,ZL00352,5,Worth the price,Used it for two weeks and it holds up well for daily use.,Kai,1,2025-01-16 03:00:00
864,353,ZL00353,4,Nice finish,Material quality is better than I expected at this price point.,Marcus,1,2025-02-15 23:00:00
865,353,ZL00353,3,Better than expected,"Would appreciate more colour options, but this shade works for me.",Kai,1,2025-02-03 23:00:00
866,354,ZL00354,4,Would buy again,Works as advertised. Battery/performance is satisfactory so far.,Omar,1,2024-10-14 10:00:00
867,354,ZL00354,4,Solid everyday pick,Works as advertised. Battery/performance is satisfactory so far.,Danial,1,2024-12-07 10:00:00
868,355,ZL00355,3,Worth the price,Works as advertised. Battery/performance is satisfactory so far.,Chloe,1,2024-11-11 00:00:00
869,355,ZL00355,3,Reliable so far,Material quality is better than I expected at this price point.,Marcus,0,2024-11-21 00:00:00
870,356,ZL00356,3,Happy with it,Colour is accurate and sizing feels true based on the chart.,Priya,1,2024-07-20 01:00:00
871,356,ZL00356,4,Reliable so far,Colour is accurate and sizing feels true based on the chart.,Omar,1,2024-04-24 01:00:00
872,357,ZL00357,2,Arrived quickly,Packaging was neat and the item matched the listing details.,Ben,1,2024-04-14 09:00:00
873,357,ZL00357,3,Better than expected,Colour is accurate and sizing feels true based on the chart.,Nora,0,2024-02-23 09:00:00
874,358,ZL00358,4,Better than expected,"Would appreciate more colour options, but this shade works for me.",Priya,1,2025-04-04 12:00:00
875,359,ZL00359,5,Better than expected,Colour is accurate and sizing feels true based on the chart.,Farid,1,2024-04-21 01:00:00
876,360,ZL00360,3,Worth the price,Instructions were clear and setup took only a few minutes.,Zara,1,2024-07-03 09:00:00
877,360,ZL00360,3,Not bad at all,Packaging was neat and the item matched the listing details.,Omar,1,2024-09-26 09:00:00
878,361,ZL00361,5,Would buy again,Instructions were clear and setup took only a few minutes.,Marcus,1,2024-07-15 02:00:00
879,361,ZL00361,3,Reliable so far,Packaging was neat and the item matched the listing details.,Tom,0,2024-04-07 02:00:00
880,361,ZL00361,4,Nice finish,Good value compared with similar products I have tried.,Aisha,1,2024-06-04 02:00:00
881,362,ZL00362,5,Exactly as described,I bought this as a gift and the recipient liked it immediately.,Priya,0,2024-06-04 08:00:00
882,362,ZL00362,3,Better than expected,Good value compared with similar products I have tried.,Zara,1,2024-05-04 08:00:00
883,362,ZL00362,5,Arrived quickly,Used it for two weeks and it holds up well for daily use.,Lina,1,2024-03-11 08:00:00
884,363,ZL00363,3,Love this,Colour is accurate and sizing feels true based on the chart.,Lina,0,2024-04-01 12:00:00
885,363,ZL00363,4,Decent for the money,Colour is accurate and sizing feels true based on the chart.,Ravi,0,2024-04-04 12:00:00
886,363,ZL00363,5,Nice finish,Instructions were clear and setup took only a few minutes.,Farid,1,2024-03-22 12:00:00
887,363,ZL00363,3,Nice finish,Colour is accurate and sizing feels true based on the chart.,Hassan,1,2024-03-22 12:00:00
888,364,ZL00364,4,Would buy again,Instructions were clear and setup took only a few minutes.,Marcus,1,2025-08-12 10:00:00
889,364,ZL00364,5,Happy with it,Packaging was neat and the item matched the listing details.,Priya,0,2025-08-05 10:00:00
890,364,ZL00364,3,Would buy again,Instructions were clear and setup took only a few minutes.,Grace,1,2025-04-17 10:00:00
891,365,ZL00365,4,Worth the price,Works as advertised. Battery/performance is satisfactory so far.,Priya,0,2025-04-14 13:00:00
892,365,ZL00365,4,Decent for the money,I bought this as a gift and the recipient liked it immediately.,Zara,1,2025-04-02 13:00:00
893,366,ZL00366,3,Arrived quickly,Instructions were clear and setup took only a few minutes.,Zara,1,2025-06-07 15:00:00
894,367,ZL00367,4,Reliable so far,I bought this as a gift and the recipient liked it immediately.,Chloe,0,2025-02-16 10:00:00
895,368,ZL00368,3,Reliable so far,Good value compared with similar products I have tried.,Omar,1,2025-01-18 11:00:00
896,369,ZL00369,3,Happy with it,Packaging was neat and the item matched the listing details.,Zara,1,2024-09-24 13:00:00
897,369,ZL00369,3,Not bad at all,Packaging was neat and the item matched the listing details.,Priya,1,2024-11-15 13:00:00
898,370,ZL00370,5,Love this,Colour is accurate and sizing feels true based on the chart.,Ivy,1,2024-11-05 02:00:00
899,370,ZL00370,5,Reliable so far,Instructions were clear and setup took only a few minutes.,Victor,1,2024-12-07 02:00:00
900,371,ZL00371,3,Love this,Material quality is better than I expected at this price point.,Ben,1,2025-02-02 07:00:00
901,371,ZL00371,3,Would buy again,Colour is accurate and sizing feels true based on the chart.,Quinn,1,2025-02-20 07:00:00
902,371,ZL00371,4,Love this,Colour is accurate and sizing feels true based on the chart.,Uma,1,2025-03-22 07:00:00
903,372,ZL00372,2,Solid everyday pick,Colour is accurate and sizing feels true based on the chart.,Aisha,1,2024-11-16 18:00:00
904,373,ZL00373,4,Happy with it,Material quality is better than I expected at this price point.,Ravi,1,2024-11-03 14:00:00
905,373,ZL00373,4,Happy with it,"Would appreciate more colour options, but this shade works for me.",Omar,0,2024-11-19 14:00:00
906,373,ZL00373,4,Good build quality,I bought this as a gift and the recipient liked it immediately.,Nora,1,2024-11-13 14:00:00
907,374,ZL00374,4,Reliable so far,Works as advertised. Battery/performance is satisfactory so far.,Omar,1,2024-04-27 23:00:00
908,374,ZL00374,4,Exactly as described,Instructions were clear and setup took only a few minutes.,Danial,1,2024-04-12 23:00:00
909,375,ZL00375,3,Love this,"Would appreciate more colour options, but this shade works for me.",Priya,1,2024-01-26 00:00:00
910,375,ZL00375,5,Happy with it,Material quality is better than I expected at this price point.,Priya,1,2024-01-11 00:00:00
911,375,ZL00375,5,Not bad at all,Material quality is better than I expected at this price point.,Nora,1,2024-04-22 00:00:00
912,375,ZL00375,5,Would buy again,Instructions were clear and setup took only a few minutes.,Farid,1,2024-02-13 00:00:00
913,376,ZL00376,5,Solid everyday pick,Packaging was neat and the item matched the listing details.,Ben,0,2025-01-16 08:00:00
914,377,ZL00377,4,Useful addition,Packaging was neat and the item matched the listing details.,Wei,1,2024-11-10 06:00:00
915,378,ZL00378,3,Reliable so far,Instructions were clear and setup took only a few minutes.,Kai,1,2024-07-12 17:00:00
916,378,ZL00378,5,Good build quality,Packaging was neat and the item matched the listing details.,Zara,1,2024-09-12 17:00:00
917,378,ZL00378,5,Love this,Colour is accurate and sizing feels true based on the chart.,Farid,1,2024-10-07 17:00:00
918,379,ZL00379,4,Decent for the money,Packaging was neat and the item matched the listing details.,Quinn,0,2024-12-09 14:00:00
919,380,ZL00380,3,Not bad at all,Instructions were clear and setup took only a few minutes.,Nora,0,2024-10-01 17:00:00
920,381,ZL00381,3,Arrived quickly,Colour is accurate and sizing feels true based on the chart.,Aisha,1,2024-02-22 04:00:00
921,381,ZL00381,3,Reliable so far,Good value compared with similar products I have tried.,Zara,0,2024-04-15 04:00:00
922,381,ZL00381,4,Not bad at all,Works as advertised. Battery/performance is satisfactory so far.,Wei,1,2024-02-08 04:00:00
923,382,ZL00382,4,Happy with it,Instructions were clear and setup took only a few minutes.,Zara,1,2025-04-11 08:00:00
924,382,ZL00382,4,Worth the price,Colour is accurate and sizing feels true based on the chart.,Tom,1,2025-03-11 08:00:00
925,382,ZL00382,3,Decent for the money,"Would appreciate more colour options, but this shade works for me.",Priya,1,2025-04-01 08:00:00
926,383,ZL00383,5,Reliable so far,Feels durable. A couple of small scuffs from shipping but fine overall.,Grace,1,2025-04-20 13:00:00
927,383,ZL00383,4,Reliable so far,Works as advertised. Battery/performance is satisfactory so far.,Siti,1,2025-03-04 13:00:00
928,384,ZL00384,3,Not bad at all,I bought this as a gift and the recipient liked it immediately.,Jonas,1,2025-04-04 03:00:00
929,384,ZL00384,3,Happy with it,Material quality is better than I expected at this price point.,Elena,1,2025-04-29 03:00:00
930,384,ZL00384,3,Happy with it,I bought this as a gift and the recipient liked it immediately.,Omar,0,2025-06-17 03:00:00
931,384,ZL00384,3,Good build quality,Colour is accurate and sizing feels true based on the chart.,Omar,0,2025-07-25 03:00:00
932,385,ZL00385,5,Worth the price,Colour is accurate and sizing feels true based on the chart.,Zara,0,2024-04-24 13:00:00
933,386,ZL00386,4,Nice finish,Feels durable. A couple of small scuffs from shipping but fine overall.,Quinn,1,2024-03-10 14:00:00
934,386,ZL00386,4,Would buy again,Colour is accurate and sizing feels true based on the chart.,Lina,1,2024-05-02 14:00:00
935,386,ZL00386,4,Happy with it,Colour is accurate and sizing feels true based on the chart.,Aisha,1,2024-02-16 14:00:00
936,386,ZL00386,5,Would buy again,Good value compared with similar products I have tried.,Quinn,1,2024-04-06 14:00:00
937,387,ZL00387,3,Better than expected,"Would appreciate more colour options, but this shade works for me.",Quinn,1,2024-12-30 22:00:00
938,387,ZL00387,4,Worth the price,Colour is accurate and sizing feels true based on the chart.,Kai,0,2025-01-27 22:00:00
939,388,ZL00388,2,Solid everyday pick,I bought this as a gift and the recipient liked it immediately.,Kai,1,2024-05-30 12:00:00
940,388,ZL00388,4,Reliable so far,Works as advertised. Battery/performance is satisfactory so far.,Victor,0,2024-03-11 12:00:00
941,388,ZL00388,4,Decent for the money,Material quality is better than I expected at this price point.,Marcus,1,2024-03-17 12:00:00
942,389,ZL00389,3,Exactly as described,"Would appreciate more colour options, but this shade works for me.",Jonas,1,2024-06-18 21:00:00
943,389,ZL00389,3,Love this,I bought this as a gift and the recipient liked it immediately.,Ben,1,2024-06-04 21:00:00
944,390,ZL00390,3,Reliable so far,"Would appreciate more colour options, but this shade works for me.",Ivy,1,2024-11-20 15:00:00
945,390,ZL00390,5,Happy with it,Packaging was neat and the item matched the listing details.,Hassan,1,2024-12-17 15:00:00
946,390,ZL00390,5,Not bad at all,Colour is accurate and sizing feels true based on the chart.,Kai,1,2025-01-19 15:00:00
947,390,ZL00390,3,Decent for the money,Good value compared with similar products I have tried.,Jonas,1,2024-11-07 15:00:00
948,391,ZL00391,3,Decent for the money,I bought this as a gift and the recipient liked it immediately.,Priya,1,2025-05-11 08:00:00
949,391,ZL00391,3,Solid everyday pick,Works as advertised. Battery/performance is satisfactory so far.,Grace,1,2025-03-03 08:00:00
950,391,ZL00391,5,Worth the price,"Would appreciate more colour options, but this shade works for me.",Grace,1,2025-03-01 08:00:00
951,391,ZL00391,2,Nice finish,Material quality is better than I expected at this price point.,Zara,1,2025-03-13 08:00:00
952,392,ZL00392,3,Not bad at all,Material quality is better than I expected at this price point.,Chloe,1,2024-06-25 14:00:00
953,392,ZL00392,4,Reliable so far,Good value compared with similar products I have tried.,Omar,1,2024-04-24 14:00:00
954,393,ZL00393,3,Good build quality,Material quality is better than I expected at this price point.,Victor,0,2025-06-09 04:00:00
955,394,ZL00394,4,Happy with it,Packaging was neat and the item matched the listing details.,Grace,0,2024-03-16 15:00:00
956,394,ZL00394,5,Solid everyday pick,Feels durable. A couple of small scuffs from shipping but fine overall.,Uma,0,2024-04-21 15:00:00
957,394,ZL00394,2,Reliable so far,Packaging was neat and the item matched the listing details.,Siti,0,2024-04-29 15:00:00
958,394,ZL00394,5,Not bad at all,Works as advertised. Battery/performance is satisfactory so far.,Ravi,1,2024-04-28 15:00:00
959,395,ZL00395,3,Good build quality,Instructions were clear and setup took only a few minutes.,Marcus,0,2025-05-25 13:00:00
960,395,ZL00395,4,Would buy again,Colour is accurate and sizing feels true based on the chart.,Yasmin,1,2025-04-09 13:00:00
961,396,ZL00396,5,Reliable so far,Colour is accurate and sizing feels true based on the chart.,Danial,1,2024-09-18 18:00:00
962,397,ZL00397,4,Would buy again,Instructions were clear and setup took only a few minutes.,Elena,0,2024-06-22 04:00:00
963,398,ZL00398,5,Happy with it,Good value compared with similar products I have tried.,Elena,1,2024-12-05 05:00:00
964,398,ZL00398,3,Good build quality,"Would appreciate more colour options, but this shade works for me.",Omar,0,2025-02-07 05:00:00
965,399,ZL00399,5,Solid everyday pick,Material quality is better than I expected at this price point.,Omar,1,2024-12-29 16:00:00
966,400,ZL00400,4,Would buy again,Works as advertised. Battery/performance is satisfactory so far.,Ben,1,2024-06-15 23:00:00
967,400,ZL00400,3,Good build quality,Feels durable. A couple of small scuffs from shipping but fine overall.,Yasmin,1,2024-05-08 23:00:00
968,401,ZL00401,3,Love this,I bought this as a gift and the recipient liked it immediately.,Jonas,1,2024-04-13 11:00:00
969,401,ZL00401,5,Would buy again,Packaging was neat and the item matched the listing details.,Farid,1,2024-04-09 11:00:00
970,402,ZL00402,4,Better than expected,Material quality is better than I expected at this price point.,Siti,0,2024-04-17 19:00:00
971,402,ZL00402,5,Nice finish,"Would appreciate more colour options, but this shade works for me.",Ravi,1,2024-07-05 19:00:00
972,402,ZL00402,3,Worth the price,Instructions were clear and setup took only a few minutes.,Grace,0,2024-06-03 19:00:00
973,403,ZL00403,5,Love this,Packaging was neat and the item matched the listing details.,Ravi,1,2024-09-17 17:00:00
974,403,ZL00403,4,Not bad at all,Good value compared with similar products I have tried.,Danial,1,2024-08-14 17:00:00
975,403,ZL00403,4,Would buy again,Good value compared with similar products I have tried.,Siti,1,2024-11-07 17:00:00
976,404,ZL00404,3,Better than expected,Good value compared with similar products I have tried.,Hassan,1,2024-04-16 23:00:00
977,404,ZL00404,3,Decent for the money,I bought this as a gift and the recipient liked it immediately.,Priya,1,2024-06-08 23:00:00
978,404,ZL00404,4,Love this,Used it for two weeks and it holds up well for daily use.,Jonas,1,2024-06-26 23:00:00
979,404,ZL00404,5,Love this,Instructions were clear and setup took only a few minutes.,Chloe,1,2024-03-22 23:00:00
980,405,ZL00405,5,Not bad at all,Used it for two weeks and it holds up well for daily use.,Priya,1,2024-12-28 05:00:00
981,405,ZL00405,5,Exactly as described,Used it for two weeks and it holds up well for daily use.,Kai,0,2024-12-14 05:00:00
982,405,ZL00405,2,Nice finish,Works as advertised. Battery/performance is satisfactory so far.,Danial,1,2025-03-24 05:00:00
983,406,ZL00406,4,Arrived quickly,Colour is accurate and sizing feels true based on the chart.,Kai,1,2025-06-11 17:00:00
984,406,ZL00406,5,Reliable so far,Instructions were clear and setup took only a few minutes.,Chloe,1,2025-03-24 17:00:00
985,407,ZL00407,4,Nice finish,Used it for two weeks and it holds up well for daily use.,Priya,1,2025-01-06 20:00:00
986,408,ZL00408,3,Exactly as described,Instructions were clear and setup took only a few minutes.,Danial,1,2024-05-03 17:00:00
987,408,ZL00408,5,Arrived quickly,Good value compared with similar products I have tried.,Jonas,1,2024-03-26 17:00:00
988,408,ZL00408,4,Happy with it,Colour is accurate and sizing feels true based on the chart.,Zara,1,2024-05-06 17:00:00
989,409,ZL00409,5,Not bad at all,I bought this as a gift and the recipient liked it immediately.,Siti,1,2024-12-09 17:00:00
990,409,ZL00409,4,Arrived quickly,Colour is accurate and sizing feels true based on the chart.,Quinn,0,2024-09-13 17:00:00
991,409,ZL00409,5,Solid everyday pick,Packaging was neat and the item matched the listing details.,Marcus,1,2024-11-04 17:00:00
992,410,ZL00410,3,Better than expected,Instructions were clear and setup took only a few minutes.,Quinn,1,2024-09-09 18:00:00
993,411,ZL00411,4,Worth the price,Used it for two weeks and it holds up well for daily use.,Priya,1,2024-09-12 09:00:00
994,411,ZL00411,5,Worth the price,Colour is accurate and sizing feels true based on the chart.,Aisha,1,2024-09-03 09:00:00
995,411,ZL00411,4,Decent for the money,Material quality is better than I expected at this price point.,Zara,1,2024-12-16 09:00:00
996,412,ZL00412,4,Solid everyday pick,I bought this as a gift and the recipient liked it immediately.,Elena,1,2025-06-21 07:00:00
997,413,ZL00413,5,Would buy again,I bought this as a gift and the recipient liked it immediately.,Wei,0,2025-02-20 06:00:00
998,413,ZL00413,2,Arrived quickly,Colour is accurate and sizing feels true based on the chart.,Victor,0,2025-03-31 06:00:00
999,413,ZL00413,5,Solid everyday pick,Colour is accurate and sizing feels true based on the chart.,Aisha,1,2025-03-19 06:00:00
1000,414,ZL00414,4,Would buy again,"Would appreciate more colour options, but this shade works for me.",Grace,1,2024-03-15 12:00:00
1001,414,ZL00414,5,Reliable so far,Instructions were clear and setup took only a few minutes.,Danial,0,2024-04-07 12:00:00
1002,414,ZL00414,5,Better than expected,Works as advertised. Battery/performance is satisfactory so far.,Nora,1,2024-03-26 12:00:00
1003,414,ZL00414,3,Arrived quickly,Good value compared with similar products I have tried.,Quinn,1,2024-01-19 12:00:00
1004,415,ZL00415,5,Love this,Feels durable. A couple of small scuffs from shipping but fine overall.,Danial,1,2024-12-20 05:00:00
1005,415,ZL00415,2,Happy with it,I bought this as a gift and the recipient liked it immediately.,Zara,1,2024-12-12 05:00:00
1006,416,ZL00416,4,Solid everyday pick,I bought this as a gift and the recipient liked it immediately.,Priya,0,2024-09-10 13:00:00
1007,417,ZL00417,4,Exactly as described,Packaging was neat and the item matched the listing details.,Chloe,1,2025-07-26 23:00:00
1008,418,ZL00418,5,Good build quality,Works as advertised. Battery/performance is satisfactory so far.,Danial,0,2024-05-19 09:00:00
1009,419,ZL00419,5,Arrived quickly,Material quality is better than I expected at this price point.,Ivy,0,2024-04-12 03:00:00
1010,419,ZL00419,5,Decent for the money,"Would appreciate more colour options, but this shade works for me.",Grace,1,2024-06-01 03:00:00
1011,419,ZL00419,3,Exactly as described,Colour is accurate and sizing feels true based on the chart.,Quinn,1,2024-03-15 03:00:00
1012,419,ZL00419,3,Happy with it,Works as advertised. Battery/performance is satisfactory so far.,Farid,0,2024-05-24 03:00:00
1013,420,ZL00420,3,Exactly as described,"Would appreciate more colour options, but this shade works for me.",Ben,1,2024-04-21 07:00:00
1014,420,ZL00420,3,Worth the price,Used it for two weeks and it holds up well for daily use.,Ben,1,2024-05-26 07:00:00
1015,420,ZL00420,4,Worth the price,Good value compared with similar products I have tried.,Jonas,1,2024-04-27 07:00:00
1016,420,ZL00420,3,Useful addition,Packaging was neat and the item matched the listing details.,Lina,0,2024-06-12 07:00:00
1017,421,ZL00421,5,Exactly as described,Feels durable. A couple of small scuffs from shipping but fine overall.,Wei,1,2024-09-27 09:00:00
1018,421,ZL00421,3,Would buy again,Packaging was neat and the item matched the listing details.,Zara,1,2024-09-08 09:00:00
1019,421,ZL00421,5,Nice finish,"Would appreciate more colour options, but this shade works for me.",Danial,1,2024-11-21 09:00:00
1020,421,ZL00421,4,Exactly as described,Used it for two weeks and it holds up well for daily use.,Ben,1,2024-09-16 09:00:00
1021,422,ZL00422,4,Would buy again,Material quality is better than I expected at this price point.,Kai,1,2024-08-10 10:00:00
1022,422,ZL00422,5,Worth the price,Works as advertised. Battery/performance is satisfactory so far.,Victor,1,2024-05-30 10:00:00
1023,423,ZL00423,2,Love this,Works as advertised. Battery/performance is satisfactory so far.,Quinn,1,2025-01-15 10:00:00
1024,424,ZL00424,4,Better than expected,"Would appreciate more colour options, but this shade works for me.",Omar,1,2024-02-13 08:00:00
1025,424,ZL00424,3,Love this,"Would appreciate more colour options, but this shade works for me.",Danial,1,2024-02-13 08:00:00
1026,425,ZL00425,4,Not bad at all,Material quality is better than I expected at this price point.,Danial,1,2025-01-13 16:00:00
1027,425,ZL00425,4,Not bad at all,Works as advertised. Battery/performance is satisfactory so far.,Priya,0,2024-12-22 16:00:00
1028,426,ZL00426,5,Happy with it,Packaging was neat and the item matched the listing details.,Priya,1,2024-03-18 12:00:00
1029,426,ZL00426,2,Would buy again,"Would appreciate more colour options, but this shade works for me.",Lina,1,2024-03-20 12:00:00
1030,426,ZL00426,3,Better than expected,Good value compared with similar products I have tried.,Nora,1,2024-06-10 12:00:00
1031,426,ZL00426,2,Useful addition,Material quality is better than I expected at this price point.,Aisha,0,2024-03-18 12:00:00
1032,427,ZL00427,5,Arrived quickly,Material quality is better than I expected at this price point.,Grace,1,2025-07-02 23:00:00
1033,427,ZL00427,3,Nice finish,Instructions were clear and setup took only a few minutes.,Ravi,1,2025-07-22 23:00:00
1034,427,ZL00427,4,Useful addition,Material quality is better than I expected at this price point.,Nora,1,2025-08-16 23:00:00
1035,427,ZL00427,5,Happy with it,Works as advertised. Battery/performance is satisfactory so far.,Grace,0,2025-06-18 23:00:00
1036,428,ZL00428,4,Useful addition,Feels durable. A couple of small scuffs from shipping but fine overall.,Victor,1,2025-03-01 19:00:00
1037,428,ZL00428,2,Solid everyday pick,I bought this as a gift and the recipient liked it immediately.,Elena,1,2025-04-11 19:00:00
1038,428,ZL00428,4,Solid everyday pick,Feels durable. A couple of small scuffs from shipping but fine overall.,Ben,1,2025-04-28 19:00:00
1039,428,ZL00428,2,Good build quality,Feels durable. A couple of small scuffs from shipping but fine overall.,Aisha,1,2025-04-11 19:00:00
1040,429,ZL00429,4,Good build quality,Feels durable. A couple of small scuffs from shipping but fine overall.,Chloe,1,2024-05-18 04:00:00
1041,430,ZL00430,4,Not bad at all,Good value compared with similar products I have tried.,Chloe,0,2025-02-21 21:00:00
1042,430,ZL00430,3,Nice finish,Good value compared with similar products I have tried.,Tom,1,2025-01-31 21:00:00
1043,430,ZL00430,4,Reliable so far,Works as advertised. Battery/performance is satisfactory so far.,Ben,1,2025-03-05 21:00:00
1044,431,ZL00431,4,Nice finish,Feels durable. A couple of small scuffs from shipping but fine overall.,Omar,0,2025-04-28 16:00:00
1045,431,ZL00431,3,Not bad at all,"Would appreciate more colour options, but this shade works for me.",Chloe,1,2025-05-30 16:00:00
1046,432,ZL00432,4,Happy with it,"Would appreciate more colour options, but this shade works for me.",Yasmin,1,2025-01-23 18:00:00
1047,432,ZL00432,3,Exactly as described,Instructions were clear and setup took only a few minutes.,Ivy,1,2024-12-13 18:00:00
1048,433,ZL00433,3,Worth the price,Packaging was neat and the item matched the listing details.,Danial,1,2024-11-22 12:00:00
1049,433,ZL00433,3,Arrived quickly,Good value compared with similar products I have tried.,Farid,1,2024-12-22 12:00:00
1050,433,ZL00433,3,Useful addition,Used it for two weeks and it holds up well for daily use.,Zara,0,2024-11-20 12:00:00
1051,434,ZL00434,5,Useful addition,Material quality is better than I expected at this price point.,Tom,1,2024-09-17 05:00:00
1052,434,ZL00434,3,Better than expected,Works as advertised. Battery/performance is satisfactory so far.,Aisha,1,2024-09-14 05:00:00
1053,434,ZL00434,3,Nice finish,"Would appreciate more colour options, but this shade works for me.",Zara,1,2024-11-22 05:00:00
1054,434,ZL00434,4,Nice finish,Instructions were clear and setup took only a few minutes.,Lina,1,2025-01-01 05:00:00
1055,435,ZL00435,5,Solid everyday pick,Instructions were clear and setup took only a few minutes.,Jonas,0,2025-04-11 21:00:00
1056,436,ZL00436,4,Reliable so far,Good value compared with similar products I have tried.,Wei,1,2024-10-16 05:00:00
1057,437,ZL00437,4,Worth the price,Colour is accurate and sizing feels true based on the chart.,Danial,0,2024-02-11 12:00:00
1058,437,ZL00437,2,Good build quality,Material quality is better than I expected at this price point.,Nora,1,2024-03-20 12:00:00
1059,437,ZL00437,4,Love this,Used it for two weeks and it holds up well for daily use.,Ravi,1,2024-05-20 12:00:00
1060,438,ZL00438,4,Reliable so far,"Would appreciate more colour options, but this shade works for me.",Ben,1,2025-04-24 05:00:00
1061,438,ZL00438,5,Worth the price,"Would appreciate more colour options, but this shade works for me.",Lina,1,2025-04-11 05:00:00
1062,438,ZL00438,5,Nice finish,Feels durable. A couple of small scuffs from shipping but fine overall.,Quinn,1,2025-04-07 05:00:00
1063,438,ZL00438,5,Would buy again,Good value compared with similar products I have tried.,Victor,1,2025-03-14 05:00:00
1064,439,ZL00439,5,Not bad at all,I bought this as a gift and the recipient liked it immediately.,Wei,1,2025-01-04 23:00:00
1065,440,ZL00440,5,Worth the price,Instructions were clear and setup took only a few minutes.,Danial,1,2024-11-14 12:00:00
1066,441,ZL00441,3,Would buy again,Used it for two weeks and it holds up well for daily use.,Victor,1,2025-01-28 17:00:00
1067,441,ZL00441,3,Arrived quickly,I bought this as a gift and the recipient liked it immediately.,Kai,1,2025-02-17 17:00:00
1068,441,ZL00441,3,Exactly as described,Colour is accurate and sizing feels true based on the chart.,Hassan,0,2025-03-14 17:00:00
1069,442,ZL00442,5,Exactly as described,Material quality is better than I expected at this price point.,Nora,1,2025-02-19 21:00:00
1070,442,ZL00442,4,Worth the price,Instructions were clear and setup took only a few minutes.,Hassan,1,2024-12-27 21:00:00
1071,443,ZL00443,5,Would buy again,Material quality is better than I expected at this price point.,Nora,0,2025-05-04 20:00:00
1072,443,ZL00443,5,Love this,"Would appreciate more colour options, but this shade works for me.",Siti,1,2025-05-05 20:00:00
1073,443,ZL00443,3,Would buy again,Used it for two weeks and it holds up well for daily use.,Omar,1,2025-06-27 20:00:00
1074,443,ZL00443,4,Not bad at all,Packaging was neat and the item matched the listing details.,Chloe,1,2025-05-26 20:00:00
1075,444,ZL00444,3,Decent for the money,Material quality is better than I expected at this price point.,Siti,1,2025-03-26 10:00:00
1076,445,ZL00445,3,Better than expected,I bought this as a gift and the recipient liked it immediately.,Grace,1,2024-10-29 02:00:00
1077,445,ZL00445,5,Good build quality,Good value compared with similar products I have tried.,Uma,1,2024-11-11 02:00:00
1078,445,ZL00445,5,Nice finish,"Would appreciate more colour options, but this shade works for me.",Marcus,1,2024-10-20 02:00:00
1079,446,ZL00446,4,Happy with it,Colour is accurate and sizing feels true based on the chart.,Aisha,0,2025-05-22 14:00:00
1080,447,ZL00447,3,Exactly as described,Good value compared with similar products I have tried.,Jonas,1,2025-05-24 01:00:00
1081,448,ZL00448,3,Love this,I bought this as a gift and the recipient liked it immediately.,Marcus,1,2025-03-19 08:00:00
1082,448,ZL00448,4,Good build quality,Works as advertised. Battery/performance is satisfactory so far.,Hassan,1,2025-04-19 08:00:00
1083,448,ZL00448,5,Happy with it,Used it for two weeks and it holds up well for daily use.,Ivy,0,2025-05-12 08:00:00
1084,448,ZL00448,5,Love this,Feels durable. A couple of small scuffs from shipping but fine overall.,Farid,1,2025-04-07 08:00:00
1085,449,ZL00449,5,Exactly as described,Good value compared with similar products I have tried.,Ravi,1,2024-05-27 17:00:00
1086,449,ZL00449,4,Happy with it,I bought this as a gift and the recipient liked it immediately.,Grace,1,2024-02-29 17:00:00
1087,449,ZL00449,5,Not bad at all,Colour is accurate and sizing feels true based on the chart.,Jonas,1,2024-02-26 17:00:00
1088,450,ZL00450,5,Would buy again,I bought this as a gift and the recipient liked it immediately.,Hassan,1,2024-07-12 23:00:00
1089,451,ZL00451,3,Would buy again,Material quality is better than I expected at this price point.,Elena,1,2025-03-14 02:00:00
1090,451,ZL00451,2,Useful addition,Works as advertised. Battery/performance is satisfactory so far.,Lina,0,2025-01-07 02:00:00
1091,451,ZL00451,5,Happy with it,"Would appreciate more colour options, but this shade works for me.",Siti,0,2025-01-04 02:00:00
1092,452,ZL00452,3,Useful addition,Material quality is better than I expected at this price point.,Marcus,1,2025-01-21 20:00:00
1093,452,ZL00452,5,Exactly as described,Instructions were clear and setup took only a few minutes.,Ravi,1,2024-11-01 20:00:00
1094,453,ZL00453,5,Solid everyday pick,"Would appreciate more colour options, but this shade works for me.",Tom,1,2024-12-18 16:00:00
1095,454,ZL00454,4,Nice finish,Material quality is better than I expected at this price point.,Victor,1,2024-09-01 14:00:00
1096,455,ZL00455,5,Useful addition,Used it for two weeks and it holds up well for daily use.,Tom,0,2025-02-07 13:00:00
1097,455,ZL00455,4,Arrived quickly,Good value compared with similar products I have tried.,Ivy,0,2025-01-29 13:00:00
1098,455,ZL00455,4,Solid everyday pick,Feels durable. A couple of small scuffs from shipping but fine overall.,Zara,0,2025-01-23 13:00:00
1099,456,ZL00456,5,Useful addition,Material quality is better than I expected at this price point.,Zara,1,2025-04-02 06:00:00
1100,456,ZL00456,5,Reliable so far,Packaging was neat and the item matched the listing details.,Chloe,1,2025-03-13 06:00:00
1101,456,ZL00456,3,Nice finish,Good value compared with similar products I have tried.,Grace,1,2025-04-17 06:00:00
1102,456,ZL00456,3,Solid everyday pick,Feels durable. A couple of small scuffs from shipping but fine overall.,Hassan,0,2025-05-12 06:00:00
1103,457,ZL00457,4,Love this,Colour is accurate and sizing feels true based on the chart.,Chloe,1,2024-12-30 13:00:00
1104,458,ZL00458,5,Nice finish,Feels durable. A couple of small scuffs from shipping but fine overall.,Victor,0,2025-01-11 18:00:00
1105,459,ZL00459,4,Not bad at all,Instructions were clear and setup took only a few minutes.,Hassan,1,2025-01-14 15:00:00
1106,459,ZL00459,4,Reliable so far,Material quality is better than I expected at this price point.,Priya,1,2024-10-24 15:00:00
1107,459,ZL00459,4,Arrived quickly,Works as advertised. Battery/performance is satisfactory so far.,Quinn,1,2024-11-22 15:00:00
1108,459,ZL00459,4,Solid everyday pick,Good value compared with similar products I have tried.,Kai,1,2024-12-23 15:00:00
1109,460,ZL00460,4,Solid everyday pick,Material quality is better than I expected at this price point.,Lina,1,2024-09-09 17:00:00
1110,460,ZL00460,4,Exactly as described,Material quality is better than I expected at this price point.,Wei,1,2024-08-30 17:00:00
1111,460,ZL00460,4,Arrived quickly,I bought this as a gift and the recipient liked it immediately.,Ben,1,2024-08-26 17:00:00
1112,461,ZL00461,3,Not bad at all,Packaging was neat and the item matched the listing details.,Chloe,1,2024-11-15 01:00:00
1113,461,ZL00461,3,Not bad at all,Works as advertised. Battery/performance is satisfactory so far.,Jonas,1,2024-12-24 01:00:00
1114,461,ZL00461,5,Good build quality,"Would appreciate more colour options, but this shade works for me.",Hassan,0,2024-12-12 01:00:00
1115,462,ZL00462,4,Nice finish,Feels durable. A couple of small scuffs from shipping but fine overall.,Omar,1,2025-05-07 11:00:00
1116,462,ZL00462,5,Good build quality,I bought this as a gift and the recipient liked it immediately.,Lina,1,2025-03-11 11:00:00
1117,463,ZL00463,5,Worth the price,Material quality is better than I expected at this price point.,Grace,0,2024-10-11 20:00:00
1118,463,ZL00463,3,Exactly as described,Material quality is better than I expected at this price point.,Priya,0,2025-02-04 20:00:00
1119,464,ZL00464,3,Arrived quickly,Used it for two weeks and it holds up well for daily use.,Wei,0,2024-03-30 15:00:00
1120,464,ZL00464,2,Solid everyday pick,Material quality is better than I expected at this price point.,Chloe,1,2024-03-14 15:00:00
1121,464,ZL00464,2,Better than expected,I bought this as a gift and the recipient liked it immediately.,Ravi,1,2024-03-17 15:00:00
1122,465,ZL00465,2,Good build quality,Packaging was neat and the item matched the listing details.,Zara,1,2024-04-01 05:00:00
1123,466,ZL00466,5,Good build quality,Used it for two weeks and it holds up well for daily use.,Zara,0,2024-05-19 15:00:00
1124,466,ZL00466,4,Decent for the money,Works as advertised. Battery/performance is satisfactory so far.,Victor,0,2024-05-31 15:00:00
1125,466,ZL00466,3,Exactly as described,I bought this as a gift and the recipient liked it immediately.,Ivy,1,2024-03-22 15:00:00
1126,466,ZL00466,4,Useful addition,"Would appreciate more colour options, but this shade works for me.",Wei,0,2024-05-08 15:00:00
1127,467,ZL00467,3,Solid everyday pick,Packaging was neat and the item matched the listing details.,Priya,0,2025-05-24 08:00:00
1128,467,ZL00467,4,Decent for the money,Feels durable. A couple of small scuffs from shipping but fine overall.,Jonas,1,2025-05-27 08:00:00
1129,467,ZL00467,4,Decent for the money,Colour is accurate and sizing feels true based on the chart.,Quinn,0,2025-04-23 08:00:00
1130,467,ZL00467,3,Would buy again,"Would appreciate more colour options, but this shade works for me.",Grace,1,2025-06-07 08:00:00
1131,468,ZL00468,5,Love this,Colour is accurate and sizing feels true based on the chart.,Jonas,1,2025-05-08 20:00:00
1132,468,ZL00468,3,Better than expected,Good value compared with similar products I have tried.,Ben,1,2025-05-15 20:00:00
1133,469,ZL00469,4,Worth the price,Feels durable. A couple of small scuffs from shipping but fine overall.,Kai,1,2025-02-01 04:00:00
1134,469,ZL00469,5,Love this,Material quality is better than I expected at this price point.,Uma,0,2025-02-09 04:00:00
1135,469,ZL00469,5,Exactly as described,Colour is accurate and sizing feels true based on the chart.,Ben,1,2025-03-04 04:00:00
1136,470,ZL00470,5,Solid everyday pick,Colour is accurate and sizing feels true based on the chart.,Aisha,1,2024-06-18 16:00:00
1137,470,ZL00470,3,Reliable so far,Packaging was neat and the item matched the listing details.,Chloe,0,2024-05-08 16:00:00
1138,470,ZL00470,4,Arrived quickly,Instructions were clear and setup took only a few minutes.,Chloe,0,2024-04-27 16:00:00
1139,470,ZL00470,5,Decent for the money,"Would appreciate more colour options, but this shade works for me.",Elena,1,2024-03-30 16:00:00
1140,471,ZL00471,2,Not bad at all,I bought this as a gift and the recipient liked it immediately.,Priya,0,2024-07-22 23:00:00
1141,472,ZL00472,5,Solid everyday pick,Material quality is better than I expected at this price point.,Ravi,1,2025-06-03 00:00:00
1142,472,ZL00472,3,Worth the price,Instructions were clear and setup took only a few minutes.,Uma,0,2025-06-08 00:00:00
1143,472,ZL00472,4,Better than expected,I bought this as a gift and the recipient liked it immediately.,Wei,0,2025-05-07 00:00:00
1144,472,ZL00472,3,Nice finish,Instructions were clear and setup took only a few minutes.,Jonas,1,2025-05-27 00:00:00
1145,473,ZL00473,2,Reliable so far,Instructions were clear and setup took only a few minutes.,Uma,1,2025-05-17 22:00:00
1146,473,ZL00473,2,Useful addition,Feels durable. A couple of small scuffs from shipping but fine overall.,Elena,0,2025-02-20 22:00:00
1147,473,ZL00473,2,Reliable so far,Used it for two weeks and it holds up well for daily use.,Zara,0,2025-02-13 22:00:00
1148,473,ZL00473,3,Would buy again,Instructions were clear and setup took only a few minutes.,Chloe,1,2025-03-24 22:00:00
1149,474,ZL00474,4,Better than expected,Feels durable. A couple of small scuffs from shipping but fine overall.,Kai,1,2024-06-17 05:00:00
1150,474,ZL00474,3,Reliable so far,Instructions were clear and setup took only a few minutes.,Farid,1,2024-04-09 05:00:00
1151,474,ZL00474,4,Not bad at all,Works as advertised. Battery/performance is satisfactory so far.,Tom,1,2024-06-25 05:00:00
1152,475,ZL00475,4,Exactly as described,"Would appreciate more colour options, but this shade works for me.",Ravi,1,2025-02-07 21:00:00
1153,475,ZL00475,5,Worth the price,Packaging was neat and the item matched the listing details.,Hassan,1,2025-02-27 21:00:00
1154,476,ZL00476,3,Arrived quickly,Good value compared with similar products I have tried.,Yasmin,1,2024-04-16 18:00:00
1155,476,ZL00476,4,Nice finish,Used it for two weeks and it holds up well for daily use.,Tom,0,2024-02-12 18:00:00
1156,476,ZL00476,4,Reliable so far,Works as advertised. Battery/performance is satisfactory so far.,Zara,1,2024-03-14 18:00:00
1157,476,ZL00476,4,Solid everyday pick,I bought this as a gift and the recipient liked it immediately.,Nora,1,2024-02-20 18:00:00
1158,477,ZL00477,4,Better than expected,Good value compared with similar products I have tried.,Wei,0,2024-05-05 10:00:00
1159,477,ZL00477,5,Exactly as described,"Would appreciate more colour options, but this shade works for me.",Ben,1,2024-05-07 10:00:00
1160,477,ZL00477,3,Good build quality,I bought this as a gift and the recipient liked it immediately.,Yasmin,1,2024-08-18 10:00:00
1161,477,ZL00477,3,Reliable so far,Good value compared with similar products I have tried.,Tom,1,2024-07-03 10:00:00
1162,478,ZL00478,4,Exactly as described,Works as advertised. Battery/performance is satisfactory so far.,Quinn,1,2025-04-01 17:00:00
1163,478,ZL00478,2,Love this,Good value compared with similar products I have tried.,Ben,0,2025-03-16 17:00:00
1164,478,ZL00478,5,Love this,"Would appreciate more colour options, but this shade works for me.",Siti,1,2025-01-11 17:00:00
1165,478,ZL00478,4,Arrived quickly,Instructions were clear and setup took only a few minutes.,Tom,1,2025-02-19 17:00:00
1166,479,ZL00479,4,Useful addition,Packaging was neat and the item matched the listing details.,Elena,1,2024-11-18 09:00:00
1167,480,ZL00480,3,Worth the price,Feels durable. A couple of small scuffs from shipping but fine overall.,Elena,0,2024-08-09 16:00:00
1168,480,ZL00480,4,Useful addition,I bought this as a gift and the recipient liked it immediately.,Ben,1,2024-05-23 16:00:00
1169,480,ZL00480,3,Better than expected,Packaging was neat and the item matched the listing details.,Elena,1,2024-08-24 16:00:00
1170,480,ZL00480,4,Exactly as described,Feels durable. A couple of small scuffs from shipping but fine overall.,Marcus,0,2024-06-28 16:00:00
1171,481,ZL00481,4,Good build quality,Instructions were clear and setup took only a few minutes.,Elena,1,2024-08-13 13:00:00
1172,481,ZL00481,3,Nice finish,Instructions were clear and setup took only a few minutes.,Wei,1,2024-08-27 13:00:00
1173,481,ZL00481,5,Better than expected,Used it for two weeks and it holds up well for daily use.,Hassan,0,2024-08-25 13:00:00
1174,481,ZL00481,5,Solid everyday pick,Instructions were clear and setup took only a few minutes.,Lina,1,2024-08-23 13:00:00
1175,482,ZL00482,4,Solid everyday pick,Instructions were clear and setup took only a few minutes.,Chloe,1,2024-08-20 14:00:00
1176,483,ZL00483,3,Decent for the money,Feels durable. A couple of small scuffs from shipping but fine overall.,Victor,0,2024-08-23 09:00:00
1177,484,ZL00484,4,Love this,I bought this as a gift and the recipient liked it immediately.,Omar,1,2024-06-07 05:00:00
1178,484,ZL00484,5,Nice finish,"Would appreciate more colour options, but this shade works for me.",Quinn,1,2024-04-21 05:00:00
1179,484,ZL00484,4,Love this,Used it for two weeks and it holds up well for daily use.,Omar,1,2024-06-09 05:00:00
1180,485,ZL00485,3,Useful addition,Material quality is better than I expected at this price point.,Jonas,0,2025-01-29 06:00:00
1181,485,ZL00485,4,Arrived quickly,Colour is accurate and sizing feels true based on the chart.,Hassan,1,2025-01-01 06:00:00
1182,485,ZL00485,2,Happy with it,Good value compared with similar products I have tried.,Yasmin,1,2024-12-17 06:00:00
1183,486,ZL00486,4,Happy with it,Good value compared with similar products I have tried.,Kai,0,2024-07-17 03:00:00
1184,486,ZL00486,3,Solid everyday pick,Used it for two weeks and it holds up well for daily use.,Marcus,1,2024-06-13 03:00:00
1185,486,ZL00486,3,Would buy again,"Would appreciate more colour options, but this shade works for me.",Ravi,1,2024-08-28 03:00:00
1186,486,ZL00486,4,Nice finish,Instructions were clear and setup took only a few minutes.,Marcus,1,2024-06-21 03:00:00
1187,487,ZL00487,5,Useful addition,Material quality is better than I expected at this price point.,Marcus,0,2025-01-08 03:00:00
1188,487,ZL00487,3,Useful addition,Good value compared with similar products I have tried.,Chloe,1,2025-01-25 03:00:00
1189,487,ZL00487,5,Good build quality,Material quality is better than I expected at this price point.,Danial,0,2025-03-19 03:00:00
1190,487,ZL00487,4,Useful addition,Good value compared with similar products I have tried.,Uma,0,2025-04-11 03:00:00
1191,488,ZL00488,3,Arrived quickly,Colour is accurate and sizing feels true based on the chart.,Ravi,1,2024-05-26 20:00:00
1192,488,ZL00488,5,Nice finish,Works as advertised. Battery/performance is satisfactory so far.,Danial,1,2024-03-22 20:00:00
1193,488,ZL00488,3,Decent for the money,"Would appreciate more colour options, but this shade works for me.",Ivy,1,2024-05-21 20:00:00
1194,488,ZL00488,3,Worth the price,Feels durable. A couple of small scuffs from shipping but fine overall.,Farid,0,2024-05-10 20:00:00
1195,489,ZL00489,2,Better than expected,Colour is accurate and sizing feels true based on the chart.,Grace,1,2024-03-19 19:00:00
1196,489,ZL00489,4,Solid everyday pick,Material quality is better than I expected at this price point.,Aisha,1,2024-04-02 19:00:00
1197,489,ZL00489,4,Arrived quickly,"Would appreciate more colour options, but this shade works for me.",Siti,0,2024-03-13 19:00:00
1198,490,ZL00490,5,Happy with it,Colour is accurate and sizing feels true based on the chart.,Grace,1,2024-12-19 02:00:00
1199,490,ZL00490,3,Love this,Packaging was neat and the item matched the listing details.,Lina,0,2025-01-16 02:00:00
1200,490,ZL00490,3,Reliable so far,Material quality is better than I expected at this price point.,Wei,1,2025-02-27 02:00:00
1201,491,ZL00491,3,Worth the price,I bought this as a gift and the recipient liked it immediately.,Farid,1,2024-07-25 22:00:00
1202,491,ZL00491,2,Exactly as described,Good value compared with similar products I have tried.,Nora,1,2024-06-24 22:00:00
1203,491,ZL00491,3,Worth the price,Good value compared with similar products I have tried.,Kai,1,2024-05-17 22:00:00
1204,491,ZL00491,3,Exactly as described,Good value compared with similar products I have tried.,Victor,1,2024-07-24 22:00:00
1205,492,ZL00492,5,Not bad at all,"Would appreciate more colour options, but this shade works for me.",Wei,0,2025-03-19 13:00:00
1206,492,ZL00492,3,Solid everyday pick,Feels durable. A couple of small scuffs from shipping but fine overall.,Farid,1,2025-04-23 13:00:00
1207,492,ZL00492,3,Reliable so far,Good value compared with similar products I have tried.,Wei,1,2025-03-24 13:00:00
1208,492,ZL00492,2,Arrived quickly,Material quality is better than I expected at this price point.,Ravi,1,2025-05-04 13:00:00
1209,493,ZL00493,4,Reliable so far,Feels durable. A couple of small scuffs from shipping but fine overall.,Wei,1,2024-05-09 03:00:00
1210,494,ZL00494,3,Would buy again,Material quality is better than I expected at this price point.,Tom,0,2024-11-07 17:00:00
1211,494,ZL00494,3,Love this,Good value compared with similar products I have tried.,Ivy,0,2024-12-25 17:00:00
1212,494,ZL00494,5,Reliable so far,Used it for two weeks and it holds up well for daily use.,Elena,1,2024-10-31 17:00:00
1213,494,ZL00494,5,Decent for the money,Instructions were clear and setup took only a few minutes.,Marcus,1,2025-02-02 17:00:00
1214,495,ZL00495,5,Nice finish,Feels durable. A couple of small scuffs from shipping but fine overall.,Jonas,1,2024-05-27 16:00:00
1215,495,ZL00495,4,Happy with it,Feels durable. A couple of small scuffs from shipping but fine overall.,Siti,1,2024-07-16 16:00:00
1216,496,ZL00496,4,Not bad at all,Colour is accurate and sizing feels true based on the chart.,Elena,1,2024-09-13 16:00:00
1217,496,ZL00496,5,Reliable so far,Material quality is better than I expected at this price point.,Kai,1,2024-08-20 16:00:00
1218,496,ZL00496,3,Better than expected,I bought this as a gift and the recipient liked it immediately.,Siti,1,2024-09-04 16:00:00
1219,497,ZL00497,3,Love this,"Would appreciate more colour options, but this shade works for me.",Hassan,1,2025-02-05 14:00:00
1220,497,ZL00497,3,Decent for the money,Packaging was neat and the item matched the listing details.,Nora,1,2024-11-19 14:00:00
1221,497,ZL00497,4,Reliable so far,I bought this as a gift and the recipient liked it immediately.,Danial,1,2024-12-07 14:00:00
1222,498,ZL00498,3,Exactly as described,"Would appreciate more colour options, but this shade works for me.",Omar,1,2025-04-04 10:00:00
1223,498,ZL00498,2,Would buy again,Used it for two weeks and it holds up well for daily use.,Omar,1,2025-04-16 10:00:00
1224,498,ZL00498,5,Exactly as described,Used it for two weeks and it holds up well for daily use.,Kai,1,2025-03-14 10:00:00
1225,499,ZL00499,3,Decent for the money,Packaging was neat and the item matched the listing details.,Kai,1,2024-12-28 20:00:00
1226,500,ZL00500,3,Decent for the money,Packaging was neat and the item matched the listing details.,Wei,1,2024-09-26 18:00:00
1227,500,ZL00500,4,Decent for the money,Works as advertised. Battery/performance is satisfactory so far.,Omar,1,2024-09-28 18:00:00
1228,501,ZL00501,3,Nice finish,Instructions were clear and setup took only a few minutes.,Elena,1,2025-05-03 12:00:00
1229,501,ZL00501,4,Useful addition,Instructions were clear and setup took only a few minutes.,Chloe,0,2025-07-13 12:00:00
1230,502,ZL00502,2,Reliable so far,Colour is accurate and sizing feels true based on the chart.,Aisha,1,2024-09-12 03:00:00
1231,502,ZL00502,3,Arrived quickly,Instructions were clear and setup took only a few minutes.,Siti,0,2024-09-26 03:00:00
1232,502,ZL00502,3,Reliable so far,"Would appreciate more colour options, but this shade works for me.",Farid,1,2024-09-16 03:00:00
1233,502,ZL00502,2,Useful addition,Colour is accurate and sizing feels true based on the chart.,Tom,0,2024-10-22 03:00:00
1234,503,ZL00503,5,Useful addition,Packaging was neat and the item matched the listing details.,Lina,1,2025-04-07 09:00:00
1235,503,ZL00503,5,Would buy again,Material quality is better than I expected at this price point.,Quinn,1,2025-02-23 09:00:00
1236,503,ZL00503,4,Not bad at all,"Would appreciate more colour options, but this shade works for me.",Ben,1,2025-02-15 09:00:00
1237,503,ZL00503,4,Love this,I bought this as a gift and the recipient liked it immediately.,Farid,1,2025-04-23 09:00:00
1238,504,ZL00504,3,Useful addition,I bought this as a gift and the recipient liked it immediately.,Ivy,1,2025-03-12 07:00:00
1239,504,ZL00504,5,Useful addition,Colour is accurate and sizing feels true based on the chart.,Aisha,1,2025-05-15 07:00:00
1240,504,ZL00504,4,Good build quality,Material quality is better than I expected at this price point.,Farid,0,2025-05-24 07:00:00
1241,505,ZL00505,2,Better than expected,Instructions were clear and setup took only a few minutes.,Aisha,1,2024-09-25 05:00:00
1242,506,ZL00506,4,Better than expected,Used it for two weeks and it holds up well for daily use.,Marcus,1,2024-12-22 02:00:00
1243,506,ZL00506,5,Worth the price,Works as advertised. Battery/performance is satisfactory so far.,Uma,1,2025-01-05 02:00:00
1244,506,ZL00506,3,Exactly as described,Good value compared with similar products I have tried.,Omar,1,2025-03-19 02:00:00
1245,507,ZL00507,3,Arrived quickly,Colour is accurate and sizing feels true based on the chart.,Chloe,1,2025-06-11 03:00:00
1246,508,ZL00508,5,Would buy again,Colour is accurate and sizing feels true based on the chart.,Nora,1,2024-04-23 17:00:00
1247,508,ZL00508,4,Worth the price,Material quality is better than I expected at this price point.,Omar,0,2024-04-03 17:00:00
1248,508,ZL00508,5,Better than expected,Colour is accurate and sizing feels true based on the chart.,Aisha,0,2024-05-27 17:00:00
1249,509,ZL00509,4,Useful addition,Packaging was neat and the item matched the listing details.,Jonas,1,2025-03-06 20:00:00
1250,509,ZL00509,4,Decent for the money,Material quality is better than I expected at this price point.,Ravi,1,2025-04-08 20:00:00
1251,509,ZL00509,5,Would buy again,Instructions were clear and setup took only a few minutes.,Marcus,0,2025-03-22 20:00:00
1252,510,ZL00510,3,Would buy again,Instructions were clear and setup took only a few minutes.,Ben,0,2024-06-08 05:00:00
1253,510,ZL00510,3,Useful addition,Material quality is better than I expected at this price point.,Tom,1,2024-05-13 05:00:00
1254,511,ZL00511,3,Arrived quickly,I bought this as a gift and the recipient liked it immediately.,Lina,0,2024-06-07 17:00:00
1255,511,ZL00511,5,Arrived quickly,Works as advertised. Battery/performance is satisfactory so far.,Wei,1,2024-04-29 17:00:00
1256,511,ZL00511,4,Arrived quickly,"Would appreciate more colour options, but this shade works for me.",Kai,1,2024-05-01 17:00:00
1257,511,ZL00511,3,Arrived quickly,Feels durable. A couple of small scuffs from shipping but fine overall.,Uma,1,2024-06-11 17:00:00
1258,512,ZL00512,3,Nice finish,Colour is accurate and sizing feels true based on the chart.,Priya,0,2025-08-03 05:00:00
1259,512,ZL00512,5,Good build quality,Works as advertised. Battery/performance is satisfactory so far.,Grace,1,2025-07-02 05:00:00
1260,512,ZL00512,5,Nice finish,Material quality is better than I expected at this price point.,Elena,1,2025-05-05 05:00:00
1261,513,ZL00513,3,Nice finish,Instructions were clear and setup took only a few minutes.,Yasmin,1,2024-11-28 06:00:00
1262,513,ZL00513,4,Decent for the money,Used it for two weeks and it holds up well for daily use.,Grace,1,2025-01-10 06:00:00
1263,514,ZL00514,3,Solid everyday pick,"Would appreciate more colour options, but this shade works for me.",Danial,1,2024-05-05 03:00:00
1264,514,ZL00514,3,Solid everyday pick,Good value compared with similar products I have tried.,Grace,1,2024-04-20 03:00:00
1265,515,ZL00515,5,Nice finish,I bought this as a gift and the recipient liked it immediately.,Lina,1,2025-08-27 22:00:00
1266,515,ZL00515,5,Decent for the money,Feels durable. A couple of small scuffs from shipping but fine overall.,Zara,1,2025-06-28 22:00:00
1267,515,ZL00515,5,Worth the price,Good value compared with similar products I have tried.,Chloe,0,2025-08-18 22:00:00
1268,516,ZL00516,5,Nice finish,Works as advertised. Battery/performance is satisfactory so far.,Jonas,1,2025-09-04 00:00:00
1269,516,ZL00516,5,Love this,Material quality is better than I expected at this price point.,Ravi,1,2025-08-02 00:00:00
1270,516,ZL00516,5,Worth the price,Good value compared with similar products I have tried.,Omar,1,2025-07-30 00:00:00
1271,516,ZL00516,5,Exactly as described,"Would appreciate more colour options, but this shade works for me.",Priya,1,2025-06-02 00:00:00
1272,517,ZL00517,4,Love this,I bought this as a gift and the recipient liked it immediately.,Yasmin,0,2025-07-03 18:00:00
1273,518,ZL00518,5,Better than expected,I bought this as a gift and the recipient liked it immediately.,Chloe,1,2024-10-27 12:00:00
1274,518,ZL00518,5,Would buy again,Used it for two weeks and it holds up well for daily use.,Danial,1,2024-10-23 12:00:00
1275,518,ZL00518,3,Happy with it,Good value compared with similar products I have tried.,Marcus,1,2024-09-15 12:00:00
1276,518,ZL00518,5,Not bad at all,Colour is accurate and sizing feels true based on the chart.,Marcus,1,2024-12-13 12:00:00
1277,519,ZL00519,5,Arrived quickly,Works as advertised. Battery/performance is satisfactory so far.,Aisha,1,2025-05-22 07:00:00
1278,519,ZL00519,3,Nice finish,"Would appreciate more colour options, but this shade works for me.",Siti,1,2025-06-10 07:00:00
1279,519,ZL00519,5,Arrived quickly,Packaging was neat and the item matched the listing details.,Ravi,1,2025-04-27 07:00:00
1280,520,ZL00520,3,Happy with it,Used it for two weeks and it holds up well for daily use.,Yasmin,0,2025-06-08 14:00:00
1281,520,ZL00520,4,Happy with it,I bought this as a gift and the recipient liked it immediately.,Elena,0,2025-04-05 14:00:00
1282,520,ZL00520,3,Love this,Packaging was neat and the item matched the listing details.,Aisha,1,2025-04-15 14:00:00
1283,520,ZL00520,2,Useful addition,Works as advertised. Battery/performance is satisfactory so far.,Grace,1,2025-04-01 14:00:00
1284,521,ZL00521,5,Better than expected,Works as advertised. Battery/performance is satisfactory so far.,Farid,0,2024-11-04 08:00:00
1285,521,ZL00521,4,Happy with it,I bought this as a gift and the recipient liked it immediately.,Victor,0,2024-10-17 08:00:00
1286,522,ZL00522,4,Nice finish,Instructions were clear and setup took only a few minutes.,Farid,1,2025-01-12 17:00:00
1287,522,ZL00522,4,Better than expected,Material quality is better than I expected at this price point.,Ravi,1,2024-12-22 17:00:00
1288,522,ZL00522,3,Better than expected,Works as advertised. Battery/performance is satisfactory so far.,Yasmin,0,2024-10-30 17:00:00
1289,523,ZL00523,5,Nice finish,Material quality is better than I expected at this price point.,Elena,1,2025-07-29 03:00:00
1290,523,ZL00523,2,Happy with it,Packaging was neat and the item matched the listing details.,Grace,0,2025-04-23 03:00:00
1291,523,ZL00523,2,Decent for the money,Packaging was neat and the item matched the listing details.,Hassan,0,2025-06-27 03:00:00
1292,524,ZL00524,4,Worth the price,Feels durable. A couple of small scuffs from shipping but fine overall.,Omar,1,2024-12-01 04:00:00
1293,524,ZL00524,2,Not bad at all,Packaging was neat and the item matched the listing details.,Omar,1,2025-02-08 04:00:00
1294,524,ZL00524,2,Reliable so far,I bought this as a gift and the recipient liked it immediately.,Hassan,1,2024-11-12 04:00:00
1295,525,ZL00525,3,Nice finish,Material quality is better than I expected at this price point.,Hassan,0,2024-09-21 20:00:00
1296,525,ZL00525,3,Decent for the money,Colour is accurate and sizing feels true based on the chart.,Farid,1,2024-12-09 20:00:00
1297,526,ZL00526,4,Good build quality,Colour is accurate and sizing feels true based on the chart.,Danial,1,2025-06-26 01:00:00
1298,526,ZL00526,5,Reliable so far,Material quality is better than I expected at this price point.,Hassan,0,2025-07-13 01:00:00
1299,526,ZL00526,5,Worth the price,I bought this as a gift and the recipient liked it immediately.,Jonas,1,2025-06-05 01:00:00
1300,527,ZL00527,3,Useful addition,Packaging was neat and the item matched the listing details.,Elena,1,2024-09-28 17:00:00
1301,527,ZL00527,4,Would buy again,I bought this as a gift and the recipient liked it immediately.,Yasmin,0,2024-12-17 17:00:00
1302,528,ZL00528,3,Not bad at all,"Would appreciate more colour options, but this shade works for me.",Ivy,1,2025-05-03 19:00:00
1303,528,ZL00528,4,Exactly as described,Good value compared with similar products I have tried.,Ravi,1,2025-02-16 19:00:00
1304,528,ZL00528,4,Would buy again,Feels durable. A couple of small scuffs from shipping but fine overall.,Nora,1,2025-01-31 19:00:00
1305,529,ZL00529,4,Good build quality,Feels durable. A couple of small scuffs from shipping but fine overall.,Uma,1,2025-04-28 06:00:00
1306,529,ZL00529,4,Arrived quickly,Works as advertised. Battery/performance is satisfactory so far.,Hassan,1,2025-06-19 06:00:00
1307,529,ZL00529,4,Not bad at all,Instructions were clear and setup took only a few minutes.,Ivy,0,2025-08-06 06:00:00
1308,529,ZL00529,3,Reliable so far,Good value compared with similar products I have tried.,Ravi,0,2025-08-03 06:00:00
1309,530,ZL00530,3,Solid everyday pick,Colour is accurate and sizing feels true based on the chart.,Danial,1,2025-03-04 14:00:00
1310,530,ZL00530,3,Happy with it,Good value compared with similar products I have tried.,Quinn,0,2025-01-22 14:00:00
1311,530,ZL00530,3,Love this,Material quality is better than I expected at this price point.,Ben,1,2025-02-25 14:00:00
1312,531,ZL00531,5,Arrived quickly,Works as advertised. Battery/performance is satisfactory so far.,Grace,1,2024-08-27 08:00:00
1313,531,ZL00531,3,Solid everyday pick,Colour is accurate and sizing feels true based on the chart.,Jonas,1,2024-12-01 08:00:00
1314,531,ZL00531,4,Solid everyday pick,Material quality is better than I expected at this price point.,Chloe,1,2024-10-24 08:00:00
1315,532,ZL00532,3,Decent for the money,Used it for two weeks and it holds up well for daily use.,Tom,0,2024-01-30 11:00:00
1316,532,ZL00532,3,Not bad at all,Good value compared with similar products I have tried.,Grace,1,2024-01-29 11:00:00
1317,532,ZL00532,3,Good build quality,"Would appreciate more colour options, but this shade works for me.",Lina,1,2024-02-06 11:00:00
1318,533,ZL00533,3,Solid everyday pick,Instructions were clear and setup took only a few minutes.,Victor,1,2024-10-01 04:00:00
1319,533,ZL00533,5,Love this,Material quality is better than I expected at this price point.,Wei,1,2024-11-02 04:00:00
1320,533,ZL00533,2,Not bad at all,I bought this as a gift and the recipient liked it immediately.,Uma,1,2024-09-28 04:00:00
1321,534,ZL00534,5,Decent for the money,Instructions were clear and setup took only a few minutes.,Kai,0,2024-11-17 03:00:00
1322,535,ZL00535,3,Not bad at all,Works as advertised. Battery/performance is satisfactory so far.,Marcus,1,2024-06-13 19:00:00
1323,536,ZL00536,4,Arrived quickly,I bought this as a gift and the recipient liked it immediately.,Aisha,1,2025-06-11 17:00:00
1324,536,ZL00536,5,Better than expected,Instructions were clear and setup took only a few minutes.,Victor,1,2025-04-25 17:00:00
1325,536,ZL00536,3,Worth the price,Used it for two weeks and it holds up well for daily use.,Aisha,1,2025-07-16 17:00:00
1326,536,ZL00536,3,Not bad at all,Instructions were clear and setup took only a few minutes.,Ivy,1,2025-06-25 17:00:00
1327,537,ZL00537,3,Reliable so far,Works as advertised. Battery/performance is satisfactory so far.,Uma,1,2025-01-24 20:00:00
1328,537,ZL00537,4,Good build quality,Colour is accurate and sizing feels true based on the chart.,Elena,1,2025-01-09 20:00:00
1329,538,ZL00538,3,Solid everyday pick,Feels durable. A couple of small scuffs from shipping but fine overall.,Zara,1,2024-11-08 15:00:00
1330,538,ZL00538,3,Solid everyday pick,Packaging was neat and the item matched the listing details.,Priya,1,2024-12-19 15:00:00
1331,539,ZL00539,5,Exactly as described,Colour is accurate and sizing feels true based on the chart.,Danial,1,2025-07-04 09:00:00
1332,539,ZL00539,3,Decent for the money,"Would appreciate more colour options, but this shade works for me.",Ivy,1,2025-06-19 09:00:00
1333,539,ZL00539,5,Better than expected,Material quality is better than I expected at this price point.,Elena,0,2025-08-15 09:00:00
1334,539,ZL00539,4,Not bad at all,Packaging was neat and the item matched the listing details.,Grace,1,2025-05-07 09:00:00
1335,540,ZL00540,5,Worth the price,Works as advertised. Battery/performance is satisfactory so far.,Ravi,1,2024-09-14 23:00:00
1336,541,ZL00541,4,Love this,Good value compared with similar products I have tried.,Marcus,1,2025-01-07 05:00:00
1337,541,ZL00541,5,Solid everyday pick,Used it for two weeks and it holds up well for daily use.,Wei,0,2025-01-20 05:00:00
1338,541,ZL00541,4,Not bad at all,Feels durable. A couple of small scuffs from shipping but fine overall.,Lina,1,2024-12-31 05:00:00
1339,541,ZL00541,4,Worth the price,Used it for two weeks and it holds up well for daily use.,Tom,1,2024-12-21 05:00:00
1340,542,ZL00542,3,Solid everyday pick,Used it for two weeks and it holds up well for daily use.,Chloe,1,2024-11-18 15:00:00
1341,542,ZL00542,3,Arrived quickly,Instructions were clear and setup took only a few minutes.,Quinn,1,2024-10-10 15:00:00
1342,542,ZL00542,4,Worth the price,Good value compared with similar products I have tried.,Nora,1,2024-11-03 15:00:00
1343,542,ZL00542,5,Worth the price,Used it for two weeks and it holds up well for daily use.,Ivy,1,2024-09-12 15:00:00
1344,543,ZL00543,3,Exactly as described,Colour is accurate and sizing feels true based on the chart.,Zara,1,2024-06-22 16:00:00
1345,543,ZL00543,3,Would buy again,Instructions were clear and setup took only a few minutes.,Hassan,1,2024-05-02 16:00:00
1346,543,ZL00543,4,Love this,I bought this as a gift and the recipient liked it immediately.,Siti,0,2024-05-15 16:00:00
1347,543,ZL00543,4,Arrived quickly,"Would appreciate more colour options, but this shade works for me.",Priya,1,2024-07-19 16:00:00
1348,544,ZL00544,4,Would buy again,Material quality is better than I expected at this price point.,Ravi,0,2024-09-11 21:00:00
1349,544,ZL00544,2,Exactly as described,Material quality is better than I expected at this price point.,Kai,0,2024-07-02 21:00:00
1350,544,ZL00544,4,Love this,I bought this as a gift and the recipient liked it immediately.,Priya,1,2024-09-21 21:00:00
1351,545,ZL00545,3,Nice finish,Feels durable. A couple of small scuffs from shipping but fine overall.,Hassan,0,2025-06-01 11:00:00
1352,545,ZL00545,3,Not bad at all,Packaging was neat and the item matched the listing details.,Ravi,1,2025-06-24 11:00:00
1353,545,ZL00545,5,Love this,"Would appreciate more colour options, but this shade works for me.",Marcus,1,2025-07-20 11:00:00
1354,545,ZL00545,3,Useful addition,"Would appreciate more colour options, but this shade works for me.",Ivy,1,2025-07-20 11:00:00
1355,546,ZL00546,3,Nice finish,Instructions were clear and setup took only a few minutes.,Chloe,1,2025-04-19 12:00:00
1356,546,ZL00546,5,Would buy again,Good value compared with similar products I have tried.,Farid,1,2025-08-04 12:00:00
1357,546,ZL00546,3,Arrived quickly,Used it for two weeks and it holds up well for daily use.,Ben,1,2025-06-10 12:00:00
1358,547,ZL00547,4,Nice finish,Material quality is better than I expected at this price point.,Danial,1,2025-01-04 12:00:00
1359,547,ZL00547,4,Good build quality,Material quality is better than I expected at this price point.,Ivy,0,2025-02-19 12:00:00
1360,547,ZL00547,5,Useful addition,Works as advertised. Battery/performance is satisfactory so far.,Grace,1,2025-01-20 12:00:00
1361,548,ZL00548,4,Would buy again,Works as advertised. Battery/performance is satisfactory so far.,Ben,0,2025-03-24 10:00:00
1362,548,ZL00548,5,Happy with it,Material quality is better than I expected at this price point.,Victor,1,2025-04-03 10:00:00
1363,549,ZL00549,5,Solid everyday pick,Packaging was neat and the item matched the listing details.,Uma,0,2025-08-23 21:00:00
1364,549,ZL00549,5,Arrived quickly,Used it for two weeks and it holds up well for daily use.,Aisha,0,2025-06-10 21:00:00
1365,549,ZL00549,3,Decent for the money,Packaging was neat and the item matched the listing details.,Omar,1,2025-08-12 21:00:00
1366,550,ZL00550,3,Nice finish,I bought this as a gift and the recipient liked it immediately.,Ivy,1,2025-03-08 09:00:00
1367,550,ZL00550,2,Would buy again,Works as advertised. Battery/performance is satisfactory so far.,Yasmin,1,2025-03-09 09:00:00
1368,550,ZL00550,4,Good build quality,Instructions were clear and setup took only a few minutes.,Ben,1,2025-03-09 09:00:00
1369,551,ZL00551,4,Good build quality,Packaging was neat and the item matched the listing details.,Farid,0,2024-03-31 23:00:00
1370,552,ZL00552,4,Love this,Instructions were clear and setup took only a few minutes.,Wei,0,2024-03-09 21:00:00
1371,552,ZL00552,4,Decent for the money,Works as advertised. Battery/performance is satisfactory so far.,Tom,0,2024-06-03 21:00:00
1372,553,ZL00553,4,Arrived quickly,"Would appreciate more colour options, but this shade works for me.",Ben,1,2024-09-12 04:00:00
1373,553,ZL00553,5,Solid everyday pick,"Would appreciate more colour options, but this shade works for me.",Nora,1,2024-12-23 04:00:00
1374,554,ZL00554,4,Not bad at all,Good value compared with similar products I have tried.,Lina,1,2025-06-03 22:00:00
1375,555,ZL00555,4,Arrived quickly,"Would appreciate more colour options, but this shade works for me.",Jonas,1,2024-07-31 11:00:00
1376,555,ZL00555,5,Reliable so far,I bought this as a gift and the recipient liked it immediately.,Omar,1,2024-09-15 11:00:00
1377,555,ZL00555,5,Happy with it,Used it for two weeks and it holds up well for daily use.,Nora,0,2024-06-05 11:00:00
1378,555,ZL00555,3,Useful addition,"Would appreciate more colour options, but this shade works for me.",Kai,0,2024-08-12 11:00:00
1379,556,ZL00556,4,Happy with it,Feels durable. A couple of small scuffs from shipping but fine overall.,Danial,1,2024-12-21 23:00:00
1380,556,ZL00556,2,Decent for the money,Packaging was neat and the item matched the listing details.,Ben,1,2024-12-22 23:00:00
1381,556,ZL00556,4,Arrived quickly,Material quality is better than I expected at this price point.,Hassan,1,2024-12-31 23:00:00
1382,557,ZL00557,5,Exactly as described,"Would appreciate more colour options, but this shade works for me.",Victor,1,2025-04-15 13:00:00
1383,557,ZL00557,2,Useful addition,I bought this as a gift and the recipient liked it immediately.,Ben,1,2025-03-17 13:00:00
1384,557,ZL00557,2,Solid everyday pick,Packaging was neat and the item matched the listing details.,Lina,1,2025-04-05 13:00:00
1385,557,ZL00557,3,Not bad at all,Used it for two weeks and it holds up well for daily use.,Chloe,1,2025-02-10 13:00:00
1386,558,ZL00558,5,Good build quality,Instructions were clear and setup took only a few minutes.,Omar,1,2024-08-09 15:00:00
1387,558,ZL00558,4,Nice finish,Works as advertised. Battery/performance is satisfactory so far.,Nora,0,2024-06-05 15:00:00
1388,558,ZL00558,5,Good build quality,Colour is accurate and sizing feels true based on the chart.,Yasmin,1,2024-07-13 15:00:00
1389,558,ZL00558,3,Good build quality,Material quality is better than I expected at this price point.,Wei,1,2024-05-28 15:00:00
1390,559,ZL00559,4,Not bad at all,"Would appreciate more colour options, but this shade works for me.",Farid,1,2024-10-14 20:00:00
1391,559,ZL00559,5,Decent for the money,Used it for two weeks and it holds up well for daily use.,Jonas,1,2024-10-14 20:00:00
1392,559,ZL00559,5,Better than expected,"Would appreciate more colour options, but this shade works for me.",Tom,1,2024-09-26 20:00:00
1393,560,ZL00560,4,Reliable so far,Material quality is better than I expected at this price point.,Zara,1,2025-03-16 17:00:00
1394,561,ZL00561,3,Happy with it,Colour is accurate and sizing feels true based on the chart.,Marcus,0,2025-07-13 08:00:00
1395,562,ZL00562,4,Useful addition,Packaging was neat and the item matched the listing details.,Kai,0,2025-06-24 13:00:00
1396,562,ZL00562,2,Better than expected,Good value compared with similar products I have tried.,Kai,1,2025-05-14 13:00:00
1397,562,ZL00562,2,Useful addition,Instructions were clear and setup took only a few minutes.,Grace,1,2025-08-22 13:00:00
1398,563,ZL00563,4,Decent for the money,Instructions were clear and setup took only a few minutes.,Siti,0,2024-06-02 06:00:00
1399,563,ZL00563,5,Not bad at all,Packaging was neat and the item matched the listing details.,Kai,1,2024-06-16 06:00:00
1400,564,ZL00564,3,Good build quality,Works as advertised. Battery/performance is satisfactory so far.,Kai,1,2024-12-31 15:00:00
1401,565,ZL00565,4,Useful addition,Feels durable. A couple of small scuffs from shipping but fine overall.,Yasmin,1,2025-06-20 23:00:00
1402,565,ZL00565,2,Worth the price,Packaging was neat and the item matched the listing details.,Jonas,1,2025-07-26 23:00:00
1403,565,ZL00565,2,Arrived quickly,Instructions were clear and setup took only a few minutes.,Ravi,1,2025-07-16 23:00:00
1404,566,ZL00566,3,Exactly as described,Used it for two weeks and it holds up well for daily use.,Ben,1,2024-04-06 10:00:00
1405,566,ZL00566,4,Happy with it,"Would appreciate more colour options, but this shade works for me.",Chloe,0,2024-03-22 10:00:00
1406,567,ZL00567,2,Love this,I bought this as a gift and the recipient liked it immediately.,Quinn,1,2025-04-10 09:00:00
1407,567,ZL00567,2,Exactly as described,"Would appreciate more colour options, but this shade works for me.",Hassan,0,2025-04-23 09:00:00
1408,567,ZL00567,2,Not bad at all,Used it for two weeks and it holds up well for daily use.,Siti,1,2025-04-24 09:00:00
1409,568,ZL00568,4,Solid everyday pick,I bought this as a gift and the recipient liked it immediately.,Omar,1,2024-10-16 21:00:00
1410,569,ZL00569,3,Useful addition,Used it for two weeks and it holds up well for daily use.,Hassan,0,2024-11-28 14:00:00
1411,569,ZL00569,3,Exactly as described,Feels durable. A couple of small scuffs from shipping but fine overall.,Uma,0,2024-11-24 14:00:00
1412,569,ZL00569,3,Love this,Works as advertised. Battery/performance is satisfactory so far.,Lina,1,2024-10-18 14:00:00
1413,570,ZL00570,4,Good build quality,Good value compared with similar products I have tried.,Chloe,1,2024-05-24 05:00:00
1414,571,ZL00571,4,Worth the price,Works as advertised. Battery/performance is satisfactory so far.,Zara,0,2025-04-17 18:00:00
1415,572,ZL00572,5,Reliable so far,Colour is accurate and sizing feels true based on the chart.,Elena,1,2024-07-01 04:00:00
1416,573,ZL00573,3,Good build quality,Used it for two weeks and it holds up well for daily use.,Priya,1,2024-10-20 21:00:00
1417,573,ZL00573,3,Would buy again,Material quality is better than I expected at this price point.,Ben,1,2024-10-24 21:00:00
1418,573,ZL00573,4,Useful addition,Used it for two weeks and it holds up well for daily use.,Quinn,1,2024-10-03 21:00:00
1419,574,ZL00574,5,Arrived quickly,Colour is accurate and sizing feels true based on the chart.,Aisha,1,2025-04-08 10:00:00
1420,574,ZL00574,3,Happy with it,Packaging was neat and the item matched the listing details.,Danial,0,2025-01-30 10:00:00
1421,574,ZL00574,2,Worth the price,Packaging was neat and the item matched the listing details.,Tom,1,2025-03-22 10:00:00
1422,574,ZL00574,4,Would buy again,"Would appreciate more colour options, but this shade works for me.",Quinn,0,2025-02-12 10:00:00
1423,575,ZL00575,5,Worth the price,Colour is accurate and sizing feels true based on the chart.,Yasmin,1,2025-06-21 19:00:00
1424,575,ZL00575,3,Would buy again,Works as advertised. Battery/performance is satisfactory so far.,Chloe,1,2025-08-09 19:00:00
1425,575,ZL00575,3,Exactly as described,Colour is accurate and sizing feels true based on the chart.,Kai,1,2025-08-29 19:00:00
1426,576,ZL00576,5,Love this,Feels durable. A couple of small scuffs from shipping but fine overall.,Wei,1,2024-12-28 20:00:00
1427,576,ZL00576,5,Useful addition,Used it for two weeks and it holds up well for daily use.,Ravi,1,2025-03-11 20:00:00
1428,577,ZL00577,5,Exactly as described,Feels durable. A couple of small scuffs from shipping but fine overall.,Siti,1,2024-05-30 05:00:00
1429,578,ZL00578,3,Better than expected,Instructions were clear and setup took only a few minutes.,Elena,0,2025-04-18 01:00:00
1430,578,ZL00578,5,Happy with it,Material quality is better than I expected at this price point.,Omar,1,2025-03-29 01:00:00
1431,579,ZL00579,5,Solid everyday pick,Packaging was neat and the item matched the listing details.,Ben,1,2024-12-20 14:00:00
1432,579,ZL00579,5,Worth the price,Instructions were clear and setup took only a few minutes.,Chloe,1,2024-12-15 14:00:00
1433,579,ZL00579,5,Solid everyday pick,Works as advertised. Battery/performance is satisfactory so far.,Ben,1,2025-02-16 14:00:00
1434,580,ZL00580,4,Worth the price,Packaging was neat and the item matched the listing details.,Yasmin,0,2025-06-23 00:00:00
1435,580,ZL00580,3,Useful addition,Colour is accurate and sizing feels true based on the chart.,Victor,1,2025-06-02 00:00:00
1436,580,ZL00580,4,Would buy again,Works as advertised. Battery/performance is satisfactory so far.,Elena,1,2025-05-19 00:00:00
1437,580,ZL00580,5,Nice finish,Used it for two weeks and it holds up well for daily use.,Wei,0,2025-06-17 00:00:00
1438,581,ZL00581,3,Useful addition,I bought this as a gift and the recipient liked it immediately.,Yasmin,1,2024-10-04 18:00:00
1439,582,ZL00582,2,Reliable so far,Works as advertised. Battery/performance is satisfactory so far.,Lina,0,2024-07-04 16:00:00
1440,582,ZL00582,2,Good build quality,Used it for two weeks and it holds up well for daily use.,Aisha,1,2024-07-06 16:00:00
1441,582,ZL00582,5,Would buy again,Works as advertised. Battery/performance is satisfactory so far.,Chloe,0,2024-05-29 16:00:00
1442,582,ZL00582,4,Worth the price,I bought this as a gift and the recipient liked it immediately.,Elena,1,2024-06-04 16:00:00
1443,583,ZL00583,4,Decent for the money,Packaging was neat and the item matched the listing details.,Jonas,1,2024-05-12 07:00:00
1444,584,ZL00584,4,Solid everyday pick,Used it for two weeks and it holds up well for daily use.,Danial,1,2024-05-11 16:00:00
1445,584,ZL00584,3,Exactly as described,I bought this as a gift and the recipient liked it immediately.,Aisha,0,2024-03-04 16:00:00
1446,584,ZL00584,3,Reliable so far,I bought this as a gift and the recipient liked it immediately.,Uma,1,2024-02-26 16:00:00
1447,585,ZL00585,3,Worth the price,Good value compared with similar products I have tried.,Elena,1,2025-04-07 06:00:00
1448,585,ZL00585,5,Arrived quickly,"Would appreciate more colour options, but this shade works for me.",Hassan,1,2025-04-28 06:00:00
1449,585,ZL00585,3,Reliable so far,Good value compared with similar products I have tried.,Victor,1,2025-06-14 06:00:00
1450,586,ZL00586,4,Decent for the money,"Would appreciate more colour options, but this shade works for me.",Hassan,1,2024-09-05 09:00:00
1451,586,ZL00586,5,Happy with it,Instructions were clear and setup took only a few minutes.,Uma,0,2024-05-15 09:00:00
1452,586,ZL00586,5,Solid everyday pick,Colour is accurate and sizing feels true based on the chart.,Danial,1,2024-09-03 09:00:00
1453,587,ZL00587,5,Good build quality,Instructions were clear and setup took only a few minutes.,Elena,0,2024-12-31 19:00:00
1454,588,ZL00588,5,Happy with it,Instructions were clear and setup took only a few minutes.,Wei,1,2025-02-12 22:00:00
1455,588,ZL00588,4,Exactly as described,Instructions were clear and setup took only a few minutes.,Yasmin,0,2024-12-19 22:00:00
1456,588,ZL00588,4,Solid everyday pick,Used it for two weeks and it holds up well for daily use.,Farid,0,2024-12-05 22:00:00
1457,589,ZL00589,3,Exactly as described,Colour is accurate and sizing feels true based on the chart.,Marcus,1,2025-02-14 20:00:00
1458,589,ZL00589,4,Nice finish,Colour is accurate and sizing feels true based on the chart.,Chloe,1,2025-01-07 20:00:00
1459,589,ZL00589,5,Useful addition,Instructions were clear and setup took only a few minutes.,Wei,0,2025-04-05 20:00:00
1460,590,ZL00590,5,Useful addition,Feels durable. A couple of small scuffs from shipping but fine overall.,Tom,1,2024-09-07 05:00:00
1461,591,ZL00591,5,Good build quality,Used it for two weeks and it holds up well for daily use.,Hassan,1,2024-10-01 18:00:00
1462,592,ZL00592,5,Love this,Instructions were clear and setup took only a few minutes.,Zara,1,2025-02-21 10:00:00
1463,593,ZL00593,3,Decent for the money,Works as advertised. Battery/performance is satisfactory so far.,Ben,1,2025-04-05 18:00:00
1464,593,ZL00593,4,Not bad at all,Good value compared with similar products I have tried.,Danial,0,2025-06-18 18:00:00
1465,594,ZL00594,3,Worth the price,Instructions were clear and setup took only a few minutes.,Farid,1,2024-04-30 15:00:00
1466,594,ZL00594,5,Would buy again,Packaging was neat and the item matched the listing details.,Aisha,1,2024-05-13 15:00:00
1467,594,ZL00594,4,Decent for the money,Material quality is better than I expected at this price point.,Grace,0,2024-04-14 15:00:00
1468,595,ZL00595,4,Decent for the money,Works as advertised. Battery/performance is satisfactory so far.,Jonas,1,2025-01-31 16:00:00
1469,595,ZL00595,4,Good build quality,Feels durable. A couple of small scuffs from shipping but fine overall.,Quinn,0,2024-12-22 16:00:00
1470,596,ZL00596,4,Love this,"Would appreciate more colour options, but this shade works for me.",Hassan,1,2024-06-19 23:00:00
1471,596,ZL00596,3,Would buy again,Instructions were clear and setup took only a few minutes.,Lina,0,2024-05-19 23:00:00
1472,596,ZL00596,4,Decent for the money,Works as advertised. Battery/performance is satisfactory so far.,Zara,0,2024-06-24 23:00:00
1473,597,ZL00597,3,Useful addition,Material quality is better than I expected at this price point.,Nora,1,2025-03-16 20:00:00
1474,597,ZL00597,2,Would buy again,Works as advertised. Battery/performance is satisfactory so far.,Elena,1,2025-05-04 20:00:00
1475,597,ZL00597,5,Better than expected,"Would appreciate more colour options, but this shade works for me.",Ben,1,2025-04-01 20:00:00
1476,598,ZL00598,5,Love this,Good value compared with similar products I have tried.,Uma,0,2024-05-27 03:00:00
1477,599,ZL00599,5,Reliable so far,Colour is accurate and sizing feels true based on the chart.,Aisha,1,2025-03-09 23:00:00
1478,599,ZL00599,5,Decent for the money,Colour is accurate and sizing feels true based on the chart.,Danial,1,2025-01-14 23:00:00
1479,599,ZL00599,4,Useful addition,Used it for two weeks and it holds up well for daily use.,Siti,1,2025-03-21 23:00:00
1480,600,ZL00600,2,Decent for the money,Instructions were clear and setup took only a few minutes.,Lina,1,2024-07-28 20:00:00
1481,600,ZL00600,3,Reliable so far,Good value compared with similar products I have tried.,Farid,1,2024-08-09 20:00:00
1482,600,ZL00600,5,Exactly as described,Colour is accurate and sizing feels true based on the chart.,Ivy,1,2024-04-22 20:00:00
1483,600,ZL00600,4,Nice finish,Good value compared with similar products I have tried.,Chloe,1,2024-08-16 20:00:00
1484,601,ZL00601,5,Solid everyday pick,Good value compared with similar products I have tried.,Ivy,1,2024-11-28 13:00:00
1485,601,ZL00601,3,Not bad at all,Packaging was neat and the item matched the listing details.,Nora,1,2024-11-07 13:00:00
1486,602,ZL00602,4,Not bad at all,Used it for two weeks and it holds up well for daily use.,Ben,1,2025-06-01 04:00:00
1487,603,ZL00603,3,Love this,Feels durable. A couple of small scuffs from shipping but fine overall.,Grace,1,2024-03-18 05:00:00
1488,603,ZL00603,3,Not bad at all,Packaging was neat and the item matched the listing details.,Ben,0,2024-04-13 05:00:00
1489,603,ZL00603,5,Worth the price,Feels durable. A couple of small scuffs from shipping but fine overall.,Quinn,0,2024-06-07 05:00:00
1490,604,ZL00604,5,Would buy again,Feels durable. A couple of small scuffs from shipping but fine overall.,Nora,1,2024-06-03 08:00:00
1491,604,ZL00604,5,Nice finish,Good value compared with similar products I have tried.,Wei,1,2024-07-25 08:00:00
1492,605,ZL00605,2,Solid everyday pick,Instructions were clear and setup took only a few minutes.,Siti,0,2024-10-08 02:00:00
1493,605,ZL00605,3,Love this,Instructions were clear and setup took only a few minutes.,Aisha,0,2024-09-27 02:00:00
1494,606,ZL00606,4,Useful addition,Packaging was neat and the item matched the listing details.,Victor,1,2024-09-18 21:00:00
1495,606,ZL00606,5,Would buy again,Material quality is better than I expected at this price point.,Farid,1,2024-12-16 21:00:00
1496,606,ZL00606,5,Exactly as described,Material quality is better than I expected at this price point.,Kai,1,2024-11-05 21:00:00
1497,606,ZL00606,3,Arrived quickly,I bought this as a gift and the recipient liked it immediately.,Farid,0,2024-12-02 21:00:00
1498,607,ZL00607,4,Solid everyday pick,Instructions were clear and setup took only a few minutes.,Tom,0,2025-01-14 13:00:00
1499,607,ZL00607,2,Would buy again,Material quality is better than I expected at this price point.,Marcus,1,2025-03-08 13:00:00
1500,607,ZL00607,5,Nice finish,Material quality is better than I expected at this price point.,Wei,0,2025-03-22 13:00:00
1501,608,ZL00608,2,Solid everyday pick,Colour is accurate and sizing feels true based on the chart.,Farid,1,2024-05-07 21:00:00
1502,609,ZL00609,5,Worth the price,Packaging was neat and the item matched the listing details.,Danial,1,2025-07-09 06:00:00
1503,610,ZL00610,5,Nice finish,Works as advertised. Battery/performance is satisfactory so far.,Danial,1,2025-03-28 18:00:00
1504,611,ZL00611,3,Happy with it,Good value compared with similar products I have tried.,Farid,1,2024-05-01 17:00:00
1505,611,ZL00611,2,Exactly as described,Feels durable. A couple of small scuffs from shipping but fine overall.,Tom,1,2024-04-05 17:00:00
1506,611,ZL00611,4,Reliable so far,Used it for two weeks and it holds up well for daily use.,Ravi,1,2024-03-31 17:00:00
1507,611,ZL00611,4,Worth the price,Works as advertised. Battery/performance is satisfactory so far.,Marcus,1,2024-04-29 17:00:00
1508,612,ZL00612,3,Nice finish,Packaging was neat and the item matched the listing details.,Farid,1,2024-04-01 12:00:00
1509,612,ZL00612,5,Not bad at all,Instructions were clear and setup took only a few minutes.,Chloe,0,2024-06-22 12:00:00
1510,613,ZL00613,2,Useful addition,Works as advertised. Battery/performance is satisfactory so far.,Marcus,1,2024-04-09 14:00:00
1511,613,ZL00613,4,Happy with it,Packaging was neat and the item matched the listing details.,Kai,1,2024-02-26 14:00:00
1512,613,ZL00613,4,Reliable so far,Packaging was neat and the item matched the listing details.,Chloe,0,2024-05-10 14:00:00
1513,614,ZL00614,2,Useful addition,Works as advertised. Battery/performance is satisfactory so far.,Uma,1,2024-06-14 02:00:00
1514,614,ZL00614,5,Nice finish,Used it for two weeks and it holds up well for daily use.,Yasmin,1,2024-04-24 02:00:00
1515,614,ZL00614,2,Useful addition,I bought this as a gift and the recipient liked it immediately.,Ivy,1,2024-06-08 02:00:00
1516,615,ZL00615,4,Not bad at all,I bought this as a gift and the recipient liked it immediately.,Yasmin,1,2024-06-19 20:00:00
1517,616,ZL00616,5,Not bad at all,Colour is accurate and sizing feels true based on the chart.,Ravi,1,2024-05-14 04:00:00
1518,617,ZL00617,4,Good build quality,Material quality is better than I expected at this price point.,Jonas,1,2025-01-11 15:00:00
1519,617,ZL00617,5,Decent for the money,Good value compared with similar products I have tried.,Siti,1,2025-02-03 15:00:00
1520,617,ZL00617,5,Nice finish,I bought this as a gift and the recipient liked it immediately.,Victor,1,2025-01-10 15:00:00
1521,618,ZL00618,3,Happy with it,I bought this as a gift and the recipient liked it immediately.,Grace,0,2025-03-23 07:00:00
1522,618,ZL00618,5,Worth the price,Good value compared with similar products I have tried.,Grace,1,2025-04-29 07:00:00
1523,619,ZL00619,4,Nice finish,Works as advertised. Battery/performance is satisfactory so far.,Uma,1,2024-10-16 08:00:00
1524,619,ZL00619,4,Useful addition,I bought this as a gift and the recipient liked it immediately.,Jonas,1,2024-09-06 08:00:00
1525,619,ZL00619,5,Worth the price,Instructions were clear and setup took only a few minutes.,Omar,1,2024-08-03 08:00:00
1526,619,ZL00619,3,Useful addition,"Would appreciate more colour options, but this shade works for me.",Tom,0,2024-08-09 08:00:00
1527,620,ZL00620,3,Worth the price,Instructions were clear and setup took only a few minutes.,Marcus,1,2025-06-08 16:00:00
1528,621,ZL00621,4,Solid everyday pick,Feels durable. A couple of small scuffs from shipping but fine overall.,Siti,1,2024-08-19 13:00:00
1529,622,ZL00622,3,Exactly as described,Used it for two weeks and it holds up well for daily use.,Jonas,1,2024-04-30 17:00:00
1530,622,ZL00622,4,Worth the price,Instructions were clear and setup took only a few minutes.,Marcus,1,2024-06-16 17:00:00
1531,622,ZL00622,4,Better than expected,Works as advertised. Battery/performance is satisfactory so far.,Farid,1,2024-06-24 17:00:00
1532,622,ZL00622,5,Would buy again,Used it for two weeks and it holds up well for daily use.,Wei,1,2024-06-08 17:00:00
1533,623,ZL00623,4,Good build quality,Used it for two weeks and it holds up well for daily use.,Ben,1,2025-01-14 07:00:00
1534,623,ZL00623,3,Not bad at all,Instructions were clear and setup took only a few minutes.,Yasmin,1,2024-12-10 07:00:00
1535,624,ZL00624,3,Exactly as described,Used it for two weeks and it holds up well for daily use.,Quinn,1,2024-08-22 22:00:00
1536,624,ZL00624,4,Worth the price,Colour is accurate and sizing feels true based on the chart.,Marcus,1,2024-11-21 22:00:00
1537,624,ZL00624,5,Good build quality,Used it for two weeks and it holds up well for daily use.,Quinn,1,2024-11-26 22:00:00
1538,624,ZL00624,3,Happy with it,Instructions were clear and setup took only a few minutes.,Lina,1,2024-08-13 22:00:00
1539,625,ZL00625,4,Decent for the money,"Would appreciate more colour options, but this shade works for me.",Uma,1,2025-02-06 23:00:00
1540,625,ZL00625,5,Decent for the money,Feels durable. A couple of small scuffs from shipping but fine overall.,Zara,1,2025-05-16 23:00:00
1541,625,ZL00625,3,Happy with it,Works as advertised. Battery/performance is satisfactory so far.,Siti,1,2025-04-16 23:00:00
1542,625,ZL00625,4,Not bad at all,I bought this as a gift and the recipient liked it immediately.,Kai,1,2025-02-22 23:00:00
1543,626,ZL00626,3,Not bad at all,Instructions were clear and setup took only a few minutes.,Nora,1,2024-03-11 17:00:00
1544,627,ZL00627,2,Love this,Feels durable. A couple of small scuffs from shipping but fine overall.,Jonas,1,2024-02-21 02:00:00
1545,627,ZL00627,4,Better than expected,I bought this as a gift and the recipient liked it immediately.,Uma,0,2024-02-16 02:00:00
1546,627,ZL00627,3,Useful addition,Packaging was neat and the item matched the listing details.,Uma,1,2024-02-21 02:00:00
1547,627,ZL00627,3,Decent for the money,Material quality is better than I expected at this price point.,Ravi,1,2024-05-13 02:00:00
1548,628,ZL00628,4,Not bad at all,Good value compared with similar products I have tried.,Siti,1,2024-10-07 07:00:00
1549,628,ZL00628,3,Better than expected,Packaging was neat and the item matched the listing details.,Ravi,1,2024-09-14 07:00:00
1550,628,ZL00628,5,Better than expected,Good value compared with similar products I have tried.,Uma,1,2024-09-16 07:00:00
1551,628,ZL00628,4,Useful addition,Used it for two weeks and it holds up well for daily use.,Jonas,1,2024-10-03 07:00:00
1552,629,ZL00629,2,Would buy again,"Would appreciate more colour options, but this shade works for me.",Kai,0,2025-04-30 03:00:00
1553,629,ZL00629,3,Arrived quickly,Colour is accurate and sizing feels true based on the chart.,Victor,1,2025-01-23 03:00:00
1554,629,ZL00629,3,Reliable so far,Feels durable. A couple of small scuffs from shipping but fine overall.,Quinn,1,2025-03-02 03:00:00
1555,630,ZL00630,4,Love this,Feels durable. A couple of small scuffs from shipping but fine overall.,Kai,1,2025-07-05 02:00:00
1556,630,ZL00630,3,Nice finish,Used it for two weeks and it holds up well for daily use.,Quinn,0,2025-08-08 02:00:00
1557,630,ZL00630,4,Not bad at all,Feels durable. A couple of small scuffs from shipping but fine overall.,Zara,1,2025-05-18 02:00:00
1558,631,ZL00631,5,Reliable so far,Used it for two weeks and it holds up well for daily use.,Marcus,1,2024-03-15 22:00:00
1559,632,ZL00632,3,Not bad at all,Good value compared with similar products I have tried.,Nora,1,2024-10-27 21:00:00
1560,632,ZL00632,4,Would buy again,Packaging was neat and the item matched the listing details.,Kai,1,2024-10-18 21:00:00
1561,632,ZL00632,3,Reliable so far,I bought this as a gift and the recipient liked it immediately.,Danial,1,2024-10-06 21:00:00
1562,632,ZL00632,3,Not bad at all,Feels durable. A couple of small scuffs from shipping but fine overall.,Nora,1,2024-10-01 21:00:00
1563,633,ZL00633,5,Happy with it,Colour is accurate and sizing feels true based on the chart.,Farid,1,2025-07-21 18:00:00
1564,633,ZL00633,5,Reliable so far,Used it for two weeks and it holds up well for daily use.,Nora,1,2025-04-25 18:00:00
1565,633,ZL00633,3,Exactly as described,Used it for two weeks and it holds up well for daily use.,Elena,0,2025-05-14 18:00:00
1566,633,ZL00633,4,Not bad at all,Packaging was neat and the item matched the listing details.,Danial,0,2025-05-27 18:00:00
1567,634,ZL00634,4,Nice finish,Used it for two weeks and it holds up well for daily use.,Aisha,1,2024-04-25 13:00:00
1568,634,ZL00634,2,Happy with it,Packaging was neat and the item matched the listing details.,Grace,1,2024-03-04 13:00:00
1569,634,ZL00634,3,Exactly as described,Good value compared with similar products I have tried.,Zara,1,2024-02-12 13:00:00
1570,634,ZL00634,3,Reliable so far,Works as advertised. Battery/performance is satisfactory so far.,Jonas,0,2024-01-30 13:00:00
1571,635,ZL00635,4,Would buy again,I bought this as a gift and the recipient liked it immediately.,Hassan,0,2025-03-11 13:00:00
1572,636,ZL00636,2,Happy with it,Good value compared with similar products I have tried.,Ben,1,2025-07-06 21:00:00
1573,636,ZL00636,5,Love this,Packaging was neat and the item matched the listing details.,Omar,1,2025-06-01 21:00:00
1574,637,ZL00637,3,Happy with it,"Would appreciate more colour options, but this shade works for me.",Uma,1,2024-09-09 03:00:00
1575,638,ZL00638,5,Would buy again,Works as advertised. Battery/performance is satisfactory so far.,Quinn,1,2025-02-02 10:00:00
1576,638,ZL00638,3,Not bad at all,Feels durable. A couple of small scuffs from shipping but fine overall.,Zara,1,2025-03-05 10:00:00
1577,638,ZL00638,3,Solid everyday pick,"Would appreciate more colour options, but this shade works for me.",Zara,1,2025-01-26 10:00:00
1578,639,ZL00639,3,Better than expected,Works as advertised. Battery/performance is satisfactory so far.,Hassan,1,2025-01-08 01:00:00
1579,639,ZL00639,4,Love this,Good value compared with similar products I have tried.,Marcus,1,2024-11-23 01:00:00
1580,639,ZL00639,4,Exactly as described,Works as advertised. Battery/performance is satisfactory so far.,Uma,1,2024-12-14 01:00:00
1581,639,ZL00639,5,Reliable so far,Packaging was neat and the item matched the listing details.,Lina,0,2024-12-24 01:00:00
1582,640,ZL00640,4,Love this,Material quality is better than I expected at this price point.,Nora,1,2024-11-11 07:00:00
1583,640,ZL00640,3,Arrived quickly,Good value compared with similar products I have tried.,Danial,1,2025-01-18 07:00:00
1584,641,ZL00641,4,Good build quality,I bought this as a gift and the recipient liked it immediately.,Omar,1,2024-03-29 02:00:00
1585,641,ZL00641,4,Reliable so far,Works as advertised. Battery/performance is satisfactory so far.,Jonas,1,2024-04-26 02:00:00
1586,641,ZL00641,4,Nice finish,"Would appreciate more colour options, but this shade works for me.",Hassan,1,2024-03-19 02:00:00
1587,642,ZL00642,3,Useful addition,"Would appreciate more colour options, but this shade works for me.",Jonas,1,2024-10-12 09:00:00
1588,643,ZL00643,5,Better than expected,Material quality is better than I expected at this price point.,Omar,1,2025-04-19 13:00:00
1589,643,ZL00643,5,Reliable so far,Good value compared with similar products I have tried.,Aisha,1,2025-05-17 13:00:00
1590,643,ZL00643,3,Would buy again,Good value compared with similar products I have tried.,Farid,1,2025-06-02 13:00:00
1591,643,ZL00643,5,Happy with it,Works as advertised. Battery/performance is satisfactory so far.,Wei,1,2025-04-05 13:00:00
1592,644,ZL00644,3,Nice finish,Packaging was neat and the item matched the listing details.,Hassan,1,2025-06-24 03:00:00
1593,644,ZL00644,3,Love this,Works as advertised. Battery/performance is satisfactory so far.,Kai,0,2025-04-02 03:00:00
1594,645,ZL00645,4,Reliable so far,Feels durable. A couple of small scuffs from shipping but fine overall.,Danial,1,2024-12-11 20:00:00
1595,646,ZL00646,4,Solid everyday pick,Feels durable. A couple of small scuffs from shipping but fine overall.,Omar,0,2025-01-07 19:00:00
1596,646,ZL00646,5,Decent for the money,Packaging was neat and the item matched the listing details.,Uma,1,2024-12-09 19:00:00
1597,646,ZL00646,5,Nice finish,Material quality is better than I expected at this price point.,Aisha,1,2025-02-04 19:00:00
1598,646,ZL00646,3,Solid everyday pick,"Would appreciate more colour options, but this shade works for me.",Hassan,1,2025-01-26 19:00:00
1599,647,ZL00647,5,Better than expected,Material quality is better than I expected at this price point.,Ravi,1,2025-06-27 06:00:00
1600,647,ZL00647,3,Nice finish,Colour is accurate and sizing feels true based on the chart.,Ivy,1,2025-05-12 06:00:00
1601,648,ZL00648,3,Better than expected,Feels durable. A couple of small scuffs from shipping but fine overall.,Marcus,1,2024-04-21 21:00:00
1602,649,ZL00649,3,Reliable so far,I bought this as a gift and the recipient liked it immediately.,Elena,1,2025-03-31 16:00:00
1603,649,ZL00649,3,Reliable so far,I bought this as a gift and the recipient liked it immediately.,Jonas,1,2025-05-05 16:00:00
1604,649,ZL00649,4,Nice finish,Works as advertised. Battery/performance is satisfactory so far.,Jonas,1,2025-05-20 16:00:00
1605,649,ZL00649,3,Would buy again,Good value compared with similar products I have tried.,Ivy,1,2025-06-18 16:00:00
1606,650,ZL00650,2,Happy with it,I bought this as a gift and the recipient liked it immediately.,Elena,1,2024-07-11 02:00:00
1607,650,ZL00650,2,Exactly as described,I bought this as a gift and the recipient liked it immediately.,Marcus,0,2024-08-14 02:00:00
1608,650,ZL00650,4,Arrived quickly,Works as advertised. Battery/performance is satisfactory so far.,Hassan,1,2024-09-30 02:00:00
1609,651,ZL00651,3,Not bad at all,Material quality is better than I expected at this price point.,Wei,1,2025-01-01 00:00:00
1610,652,ZL00652,3,Exactly as described,Good value compared with similar products I have tried.,Wei,1,2025-05-08 12:00:00
1611,652,ZL00652,2,Reliable so far,Colour is accurate and sizing feels true based on the chart.,Priya,1,2025-06-07 12:00:00
1612,652,ZL00652,5,Happy with it,Colour is accurate and sizing feels true based on the chart.,Hassan,1,2025-05-26 12:00:00
1613,652,ZL00652,4,Good build quality,Packaging was neat and the item matched the listing details.,Zara,1,2025-05-23 12:00:00
1614,653,ZL00653,5,Solid everyday pick,Works as advertised. Battery/performance is satisfactory so far.,Danial,0,2024-06-29 17:00:00
1615,654,ZL00654,3,Reliable so far,I bought this as a gift and the recipient liked it immediately.,Nora,1,2025-01-13 12:00:00
1616,654,ZL00654,2,Better than expected,Used it for two weeks and it holds up well for daily use.,Nora,1,2024-12-24 12:00:00
1617,654,ZL00654,5,Love this,Used it for two weeks and it holds up well for daily use.,Omar,1,2024-11-22 12:00:00
1618,655,ZL00655,4,Happy with it,I bought this as a gift and the recipient liked it immediately.,Kai,0,2024-06-30 19:00:00
1619,655,ZL00655,3,Not bad at all,I bought this as a gift and the recipient liked it immediately.,Danial,1,2024-07-27 19:00:00
1620,655,ZL00655,3,Nice finish,Instructions were clear and setup took only a few minutes.,Aisha,1,2024-07-03 19:00:00
1621,656,ZL00656,5,Reliable so far,Feels durable. A couple of small scuffs from shipping but fine overall.,Victor,1,2025-06-09 03:00:00
1622,656,ZL00656,4,Better than expected,Works as advertised. Battery/performance is satisfactory so far.,Wei,1,2025-02-24 03:00:00
1623,657,ZL00657,4,Solid everyday pick,"Would appreciate more colour options, but this shade works for me.",Priya,1,2024-08-30 23:00:00
1624,658,ZL00658,2,Decent for the money,I bought this as a gift and the recipient liked it immediately.,Grace,1,2024-07-02 20:00:00
1625,658,ZL00658,5,Happy with it,Instructions were clear and setup took only a few minutes.,Farid,0,2024-07-21 20:00:00
1626,659,ZL00659,5,Solid everyday pick,Good value compared with similar products I have tried.,Ivy,1,2024-09-06 07:00:00
1627,659,ZL00659,5,Better than expected,Used it for two weeks and it holds up well for daily use.,Elena,1,2024-09-18 07:00:00
1628,659,ZL00659,2,Happy with it,I bought this as a gift and the recipient liked it immediately.,Marcus,0,2024-08-03 07:00:00
1629,660,ZL00660,3,Not bad at all,Feels durable. A couple of small scuffs from shipping but fine overall.,Ben,0,2025-07-06 16:00:00
1630,660,ZL00660,5,Nice finish,Instructions were clear and setup took only a few minutes.,Jonas,1,2025-05-15 16:00:00
1631,661,ZL00661,3,Solid everyday pick,Good value compared with similar products I have tried.,Ivy,0,2024-04-25 12:00:00
1632,662,ZL00662,4,Happy with it,Material quality is better than I expected at this price point.,Ben,1,2024-02-06 03:00:00
1633,663,ZL00663,3,Worth the price,Feels durable. A couple of small scuffs from shipping but fine overall.,Siti,1,2025-04-10 18:00:00
1634,663,ZL00663,3,Exactly as described,Works as advertised. Battery/performance is satisfactory so far.,Ivy,1,2025-05-04 18:00:00
1635,663,ZL00663,5,Reliable so far,Feels durable. A couple of small scuffs from shipping but fine overall.,Tom,1,2025-06-07 18:00:00
1636,663,ZL00663,3,Would buy again,Packaging was neat and the item matched the listing details.,Siti,1,2025-02-19 18:00:00
1637,664,ZL00664,4,Decent for the money,Instructions were clear and setup took only a few minutes.,Kai,0,2024-05-04 00:00:00
1638,665,ZL00665,3,Love this,Good value compared with similar products I have tried.,Tom,1,2024-11-03 16:00:00
1639,665,ZL00665,5,Decent for the money,Material quality is better than I expected at this price point.,Yasmin,1,2024-10-11 16:00:00
1640,665,ZL00665,3,Love this,Packaging was neat and the item matched the listing details.,Chloe,0,2024-11-23 16:00:00
1641,665,ZL00665,3,Useful addition,Packaging was neat and the item matched the listing details.,Nora,1,2024-12-02 16:00:00
1642,666,ZL00666,5,Better than expected,Good value compared with similar products I have tried.,Yasmin,1,2025-02-03 06:00:00
1643,667,ZL00667,5,Arrived quickly,"Would appreciate more colour options, but this shade works for me.",Zara,1,2025-01-28 10:00:00
1644,667,ZL00667,4,Decent for the money,Works as advertised. Battery/performance is satisfactory so far.,Ben,0,2025-02-23 10:00:00
1645,667,ZL00667,3,Useful addition,"Would appreciate more colour options, but this shade works for me.",Farid,1,2025-01-11 10:00:00
1646,667,ZL00667,3,Useful addition,Packaging was neat and the item matched the listing details.,Elena,1,2025-01-20 10:00:00
1647,668,ZL00668,5,Love this,Colour is accurate and sizing feels true based on the chart.,Elena,1,2025-01-23 02:00:00
1648,668,ZL00668,2,Exactly as described,Packaging was neat and the item matched the listing details.,Danial,1,2025-02-09 02:00:00
1649,668,ZL00668,5,Useful addition,I bought this as a gift and the recipient liked it immediately.,Tom,1,2025-03-09 02:00:00
1650,668,ZL00668,3,Arrived quickly,Used it for two weeks and it holds up well for daily use.,Kai,0,2025-02-28 02:00:00
1651,669,ZL00669,3,Would buy again,Feels durable. A couple of small scuffs from shipping but fine overall.,Ravi,0,2024-12-31 11:00:00
1652,669,ZL00669,2,Better than expected,Used it for two weeks and it holds up well for daily use.,Aisha,1,2025-02-18 11:00:00
1653,669,ZL00669,5,Not bad at all,Used it for two weeks and it holds up well for daily use.,Ivy,1,2025-01-19 11:00:00
1654,670,ZL00670,5,Useful addition,Used it for two weeks and it holds up well for daily use.,Farid,0,2025-04-11 22:00:00
1655,670,ZL00670,4,Not bad at all,"Would appreciate more colour options, but this shade works for me.",Grace,0,2025-06-24 22:00:00
1656,670,ZL00670,3,Solid everyday pick,"Would appreciate more colour options, but this shade works for me.",Marcus,1,2025-07-19 22:00:00
1657,670,ZL00670,4,Arrived quickly,I bought this as a gift and the recipient liked it immediately.,Wei,1,2025-05-02 22:00:00
1658,671,ZL00671,4,Arrived quickly,Instructions were clear and setup took only a few minutes.,Quinn,1,2025-04-11 01:00:00
1659,672,ZL00672,4,Worth the price,Feels durable. A couple of small scuffs from shipping but fine overall.,Chloe,1,2025-01-30 07:00:00
1660,672,ZL00672,5,Nice finish,Used it for two weeks and it holds up well for daily use.,Priya,0,2025-01-14 07:00:00
1661,673,ZL00673,5,Arrived quickly,Packaging was neat and the item matched the listing details.,Quinn,1,2024-08-07 00:00:00
1662,673,ZL00673,5,Decent for the money,Feels durable. A couple of small scuffs from shipping but fine overall.,Marcus,1,2024-07-23 00:00:00
1663,673,ZL00673,4,Nice finish,Packaging was neat and the item matched the listing details.,Yasmin,1,2024-06-18 00:00:00
1664,673,ZL00673,3,Useful addition,Packaging was neat and the item matched the listing details.,Kai,1,2024-04-23 00:00:00
1665,674,ZL00674,2,Good build quality,Works as advertised. Battery/performance is satisfactory so far.,Elena,0,2025-02-10 20:00:00
1666,674,ZL00674,5,Happy with it,"Would appreciate more colour options, but this shade works for me.",Nora,1,2025-04-24 20:00:00
1667,674,ZL00674,2,Good build quality,Feels durable. A couple of small scuffs from shipping but fine overall.,Siti,0,2025-04-05 20:00:00
1668,674,ZL00674,3,Would buy again,I bought this as a gift and the recipient liked it immediately.,Aisha,1,2025-04-22 20:00:00
1669,675,ZL00675,5,Solid everyday pick,Material quality is better than I expected at this price point.,Zara,0,2025-05-20 20:00:00
1670,675,ZL00675,4,Decent for the money,"Would appreciate more colour options, but this shade works for me.",Victor,1,2025-04-24 20:00:00
1671,675,ZL00675,5,Worth the price,"Would appreciate more colour options, but this shade works for me.",Ben,1,2025-08-03 20:00:00
1672,676,ZL00676,5,Useful addition,Material quality is better than I expected at this price point.,Elena,0,2024-06-29 05:00:00
1673,676,ZL00676,4,Happy with it,I bought this as a gift and the recipient liked it immediately.,Hassan,1,2024-08-19 05:00:00
1674,676,ZL00676,4,Decent for the money,Good value compared with similar products I have tried.,Siti,1,2024-09-24 05:00:00
1675,677,ZL00677,5,Love this,Works as advertised. Battery/performance is satisfactory so far.,Farid,1,2024-11-26 22:00:00
1676,678,ZL00678,2,Decent for the money,Good value compared with similar products I have tried.,Aisha,0,2024-09-19 19:00:00
1677,678,ZL00678,3,Not bad at all,Packaging was neat and the item matched the listing details.,Quinn,1,2024-08-29 19:00:00
1678,678,ZL00678,3,Exactly as described,I bought this as a gift and the recipient liked it immediately.,Ravi,1,2024-09-18 19:00:00
1679,678,ZL00678,3,Happy with it,I bought this as a gift and the recipient liked it immediately.,Zara,1,2024-08-16 19:00:00
1680,679,ZL00679,5,Good build quality,Feels durable. A couple of small scuffs from shipping but fine overall.,Priya,1,2024-06-03 03:00:00
1681,679,ZL00679,5,Exactly as described,Colour is accurate and sizing feels true based on the chart.,Jonas,1,2024-05-31 03:00:00
1682,679,ZL00679,4,Solid everyday pick,Feels durable. A couple of small scuffs from shipping but fine overall.,Ben,0,2024-08-31 03:00:00
1683,680,ZL00680,4,Would buy again,Feels durable. A couple of small scuffs from shipping but fine overall.,Yasmin,1,2024-08-24 20:00:00
1684,681,ZL00681,5,Not bad at all,Material quality is better than I expected at this price point.,Omar,1,2024-05-10 11:00:00
1685,681,ZL00681,4,Happy with it,Packaging was neat and the item matched the listing details.,Siti,1,2024-08-22 11:00:00
1686,682,ZL00682,4,Worth the price,I bought this as a gift and the recipient liked it immediately.,Chloe,1,2024-08-24 10:00:00
1687,682,ZL00682,4,Decent for the money,Used it for two weeks and it holds up well for daily use.,Nora,1,2024-05-14 10:00:00
1688,682,ZL00682,4,Good build quality,Used it for two weeks and it holds up well for daily use.,Lina,1,2024-07-04 10:00:00
1689,682,ZL00682,4,Good build quality,Feels durable. A couple of small scuffs from shipping but fine overall.,Victor,1,2024-07-25 10:00:00
1690,683,ZL00683,4,Arrived quickly,I bought this as a gift and the recipient liked it immediately.,Chloe,1,2024-01-30 19:00:00
1691,683,ZL00683,4,Reliable so far,Colour is accurate and sizing feels true based on the chart.,Chloe,1,2024-03-20 19:00:00
1692,684,ZL00684,5,Decent for the money,Colour is accurate and sizing feels true based on the chart.,Omar,1,2024-08-25 17:00:00
1693,684,ZL00684,3,Would buy again,Colour is accurate and sizing feels true based on the chart.,Omar,0,2024-11-19 17:00:00
1694,684,ZL00684,5,Decent for the money,Instructions were clear and setup took only a few minutes.,Nora,1,2024-11-18 17:00:00
1695,685,ZL00685,5,Useful addition,Material quality is better than I expected at this price point.,Hassan,1,2025-03-05 02:00:00
1696,685,ZL00685,3,Useful addition,Feels durable. A couple of small scuffs from shipping but fine overall.,Victor,1,2025-04-14 02:00:00
1697,686,ZL00686,5,Useful addition,"Would appreciate more colour options, but this shade works for me.",Elena,1,2024-06-25 11:00:00
1698,687,ZL00687,3,Arrived quickly,I bought this as a gift and the recipient liked it immediately.,Farid,0,2024-05-21 10:00:00
1699,688,ZL00688,4,Better than expected,Used it for two weeks and it holds up well for daily use.,Quinn,0,2024-08-05 17:00:00
1700,688,ZL00688,4,Arrived quickly,"Would appreciate more colour options, but this shade works for me.",Ivy,0,2024-07-05 17:00:00
1701,688,ZL00688,2,Exactly as described,Works as advertised. Battery/performance is satisfactory so far.,Uma,1,2024-07-30 17:00:00
1702,688,ZL00688,4,Nice finish,I bought this as a gift and the recipient liked it immediately.,Grace,0,2024-06-18 17:00:00
1703,689,ZL00689,4,Exactly as described,Used it for two weeks and it holds up well for daily use.,Ben,1,2025-02-26 14:00:00
1704,689,ZL00689,5,Exactly as described,Used it for two weeks and it holds up well for daily use.,Tom,1,2025-05-15 14:00:00
1705,689,ZL00689,3,Arrived quickly,Colour is accurate and sizing feels true based on the chart.,Aisha,0,2025-02-08 14:00:00
1706,689,ZL00689,3,Nice finish,I bought this as a gift and the recipient liked it immediately.,Ben,1,2025-01-27 14:00:00
1707,690,ZL00690,2,Better than expected,Packaging was neat and the item matched the listing details.,Elena,1,2024-12-13 02:00:00
1708,691,ZL00691,4,Arrived quickly,Instructions were clear and setup took only a few minutes.,Nora,0,2024-09-12 09:00:00
1709,691,ZL00691,3,Useful addition,Good value compared with similar products I have tried.,Omar,1,2024-12-12 09:00:00
1710,691,ZL00691,5,Decent for the money,Instructions were clear and setup took only a few minutes.,Chloe,1,2024-11-11 09:00:00
1711,691,ZL00691,4,Would buy again,"Would appreciate more colour options, but this shade works for me.",Kai,1,2024-12-09 09:00:00
1712,692,ZL00692,5,Solid everyday pick,Feels durable. A couple of small scuffs from shipping but fine overall.,Jonas,1,2024-12-02 00:00:00
1713,693,ZL00693,3,Would buy again,Instructions were clear and setup took only a few minutes.,Siti,1,2025-03-27 15:00:00
1714,693,ZL00693,4,Exactly as described,Feels durable. A couple of small scuffs from shipping but fine overall.,Uma,1,2025-04-08 15:00:00
1715,693,ZL00693,3,Reliable so far,Good value compared with similar products I have tried.,Priya,1,2025-07-23 15:00:00
1716,694,ZL00694,5,Nice finish,Feels durable. A couple of small scuffs from shipping but fine overall.,Elena,1,2024-12-05 23:00:00
1717,694,ZL00694,3,Solid everyday pick,Works as advertised. Battery/performance is satisfactory so far.,Kai,1,2024-09-21 23:00:00
1718,694,ZL00694,3,Nice finish,"Would appreciate more colour options, but this shade works for me.",Grace,0,2024-08-22 23:00:00
1719,695,ZL00695,2,Nice finish,Used it for two weeks and it holds up well for daily use.,Elena,1,2024-03-16 19:00:00
1720,695,ZL00695,4,Not bad at all,Colour is accurate and sizing feels true based on the chart.,Ravi,1,2024-04-26 19:00:00
1721,695,ZL00695,3,Better than expected,Good value compared with similar products I have tried.,Chloe,1,2024-02-29 19:00:00
1722,696,ZL00696,4,Arrived quickly,Material quality is better than I expected at this price point.,Priya,0,2025-04-28 05:00:00
1723,696,ZL00696,3,Would buy again,Instructions were clear and setup took only a few minutes.,Victor,1,2025-04-13 05:00:00
1724,696,ZL00696,3,Decent for the money,"Would appreciate more colour options, but this shade works for me.",Lina,0,2025-03-01 05:00:00
1725,697,ZL00697,5,Decent for the money,Material quality is better than I expected at this price point.,Grace,0,2024-05-14 00:00:00
1726,698,ZL00698,2,Exactly as described,Feels durable. A couple of small scuffs from shipping but fine overall.,Hassan,1,2024-12-27 07:00:00
1727,699,ZL00699,5,Would buy again,Used it for two weeks and it holds up well for daily use.,Danial,1,2024-03-14 04:00:00
1728,699,ZL00699,5,Better than expected,Packaging was neat and the item matched the listing details.,Tom,1,2024-04-02 04:00:00
1729,699,ZL00699,3,Reliable so far,Used it for two weeks and it holds up well for daily use.,Grace,1,2024-04-27 04:00:00
1730,700,ZL00700,3,Not bad at all,"Would appreciate more colour options, but this shade works for me.",Aisha,1,2025-06-26 01:00:00
1731,700,ZL00700,3,Would buy again,Works as advertised. Battery/performance is satisfactory so far.,Tom,1,2025-04-12 01:00:00
1732,701,ZL00701,3,Exactly as described,Used it for two weeks and it holds up well for daily use.,Hassan,1,2025-01-22 23:00:00
1733,701,ZL00701,5,Solid everyday pick,Instructions were clear and setup took only a few minutes.,Ben,1,2025-01-06 23:00:00
1734,701,ZL00701,5,Love this,Packaging was neat and the item matched the listing details.,Marcus,0,2024-10-06 23:00:00
1735,701,ZL00701,5,Solid everyday pick,Instructions were clear and setup took only a few minutes.,Ivy,0,2024-11-18 23:00:00
1736,702,ZL00702,5,Useful addition,Instructions were clear and setup took only a few minutes.,Priya,0,2024-09-18 23:00:00
1737,702,ZL00702,5,Better than expected,Used it for two weeks and it holds up well for daily use.,Uma,1,2024-08-28 23:00:00
1738,703,ZL00703,3,Decent for the money,I bought this as a gift and the recipient liked it immediately.,Victor,0,2025-06-09 09:00:00
1739,703,ZL00703,4,Happy with it,"Would appreciate more colour options, but this shade works for me.",Priya,1,2025-06-13 09:00:00
1740,703,ZL00703,2,Arrived quickly,Good value compared with similar products I have tried.,Ivy,1,2025-05-31 09:00:00
1741,704,ZL00704,4,Decent for the money,Used it for two weeks and it holds up well for daily use.,Ivy,1,2024-12-13 03:00:00
1742,705,ZL00705,5,Decent for the money,Colour is accurate and sizing feels true based on the chart.,Quinn,1,2024-09-07 12:00:00
1743,705,ZL00705,4,Not bad at all,Feels durable. A couple of small scuffs from shipping but fine overall.,Victor,0,2024-07-16 12:00:00
1744,706,ZL00706,2,Arrived quickly,I bought this as a gift and the recipient liked it immediately.,Tom,0,2024-07-22 17:00:00
1745,706,ZL00706,2,Decent for the money,"Would appreciate more colour options, but this shade works for me.",Quinn,1,2024-06-11 17:00:00
1746,706,ZL00706,2,Decent for the money,Packaging was neat and the item matched the listing details.,Aisha,1,2024-06-10 17:00:00
1747,707,ZL00707,3,Love this,Material quality is better than I expected at this price point.,Jonas,0,2024-03-19 22:00:00
1748,708,ZL00708,5,Happy with it,Colour is accurate and sizing feels true based on the chart.,Tom,0,2025-06-11 02:00:00
1749,708,ZL00708,5,Nice finish,I bought this as a gift and the recipient liked it immediately.,Kai,1,2025-06-07 02:00:00
1750,709,ZL00709,5,Good build quality,Feels durable. A couple of small scuffs from shipping but fine overall.,Marcus,0,2024-06-25 19:00:00
1751,710,ZL00710,2,Better than expected,Material quality is better than I expected at this price point.,Marcus,1,2025-03-21 15:00:00
1752,711,ZL00711,5,Not bad at all,Instructions were clear and setup took only a few minutes.,Victor,0,2025-05-14 01:00:00
1753,712,ZL00712,5,Would buy again,Material quality is better than I expected at this price point.,Chloe,0,2025-07-22 02:00:00
1754,713,ZL00713,3,Good build quality,"Would appreciate more colour options, but this shade works for me.",Danial,1,2025-01-11 01:00:00
1755,714,ZL00714,3,Reliable so far,Packaging was neat and the item matched the listing details.,Ravi,1,2025-04-23 16:00:00
1756,715,ZL00715,4,Would buy again,Feels durable. A couple of small scuffs from shipping but fine overall.,Ravi,1,2024-08-16 03:00:00
1757,716,ZL00716,4,Better than expected,Material quality is better than I expected at this price point.,Quinn,1,2025-06-08 01:00:00
1758,716,ZL00716,4,Worth the price,Works as advertised. Battery/performance is satisfactory so far.,Jonas,1,2025-05-18 01:00:00
1759,716,ZL00716,3,Love this,Colour is accurate and sizing feels true based on the chart.,Quinn,1,2025-07-09 01:00:00
1760,716,ZL00716,3,Decent for the money,Colour is accurate and sizing feels true based on the chart.,Lina,1,2025-04-28 01:00:00
1761,717,ZL00717,3,Happy with it,Good value compared with similar products I have tried.,Tom,1,2024-11-28 16:00:00
1762,717,ZL00717,2,Arrived quickly,I bought this as a gift and the recipient liked it immediately.,Grace,0,2025-01-22 16:00:00
1763,717,ZL00717,2,Decent for the money,Used it for two weeks and it holds up well for daily use.,Elena,1,2025-01-25 16:00:00
1764,717,ZL00717,2,Better than expected,Works as advertised. Battery/performance is satisfactory so far.,Grace,1,2024-12-28 16:00:00
1765,718,ZL00718,3,Not bad at all,Colour is accurate and sizing feels true based on the chart.,Priya,1,2024-03-18 21:00:00
1766,718,ZL00718,3,Exactly as described,Instructions were clear and setup took only a few minutes.,Hassan,0,2024-06-11 21:00:00
1767,719,ZL00719,2,Would buy again,Material quality is better than I expected at this price point.,Siti,0,2024-07-03 06:00:00
1768,720,ZL00720,5,Reliable so far,Works as advertised. Battery/performance is satisfactory so far.,Yasmin,1,2024-09-23 17:00:00
1769,721,ZL00721,3,Useful addition,Works as advertised. Battery/performance is satisfactory so far.,Grace,1,2024-11-04 15:00:00
1770,722,ZL00722,4,Decent for the money,Colour is accurate and sizing feels true based on the chart.,Tom,1,2024-10-31 07:00:00
1771,722,ZL00722,5,Exactly as described,Works as advertised. Battery/performance is satisfactory so far.,Farid,1,2024-11-18 07:00:00
1772,723,ZL00723,5,Good build quality,Good value compared with similar products I have tried.,Priya,1,2024-07-31 19:00:00
1773,723,ZL00723,4,Happy with it,"Would appreciate more colour options, but this shade works for me.",Farid,0,2024-05-20 19:00:00
1774,724,ZL00724,4,Worth the price,Works as advertised. Battery/performance is satisfactory so far.,Yasmin,1,2024-05-29 09:00:00
1775,724,ZL00724,5,Reliable so far,Colour is accurate and sizing feels true based on the chart.,Aisha,1,2024-03-03 09:00:00
1776,724,ZL00724,5,Worth the price,Feels durable. A couple of small scuffs from shipping but fine overall.,Victor,0,2024-05-06 09:00:00
1777,724,ZL00724,3,Exactly as described,Works as advertised. Battery/performance is satisfactory so far.,Zara,1,2024-02-29 09:00:00
1778,725,ZL00725,5,Happy with it,Instructions were clear and setup took only a few minutes.,Chloe,1,2024-06-11 21:00:00
1779,726,ZL00726,5,Exactly as described,Instructions were clear and setup took only a few minutes.,Priya,0,2024-02-17 08:00:00
1780,726,ZL00726,4,Useful addition,I bought this as a gift and the recipient liked it immediately.,Yasmin,1,2024-05-27 08:00:00
1781,727,ZL00727,5,Arrived quickly,Used it for two weeks and it holds up well for daily use.,Uma,1,2025-01-20 09:00:00
1782,727,ZL00727,3,Good build quality,Good value compared with similar products I have tried.,Ivy,1,2024-10-21 09:00:00
1783,727,ZL00727,5,Reliable so far,Packaging was neat and the item matched the listing details.,Quinn,1,2024-12-06 09:00:00
1784,727,ZL00727,3,Solid everyday pick,Good value compared with similar products I have tried.,Siti,1,2024-12-31 09:00:00
1785,728,ZL00728,4,Would buy again,Colour is accurate and sizing feels true based on the chart.,Ivy,1,2024-12-09 03:00:00
1786,729,ZL00729,3,Arrived quickly,Feels durable. A couple of small scuffs from shipping but fine overall.,Yasmin,1,2024-10-05 21:00:00
1787,729,ZL00729,3,Solid everyday pick,Works as advertised. Battery/performance is satisfactory so far.,Siti,1,2024-09-20 21:00:00
1788,729,ZL00729,5,Better than expected,Instructions were clear and setup took only a few minutes.,Priya,1,2025-01-03 21:00:00
1789,729,ZL00729,4,Solid everyday pick,"Would appreciate more colour options, but this shade works for me.",Nora,1,2024-12-29 21:00:00
1790,730,ZL00730,5,Worth the price,Packaging was neat and the item matched the listing details.,Omar,1,2024-08-25 03:00:00
1791,731,ZL00731,3,Useful addition,Material quality is better than I expected at this price point.,Nora,0,2024-04-17 20:00:00
1792,731,ZL00731,3,Decent for the money,Feels durable. A couple of small scuffs from shipping but fine overall.,Siti,1,2024-05-06 20:00:00
1793,731,ZL00731,4,Happy with it,Feels durable. A couple of small scuffs from shipping but fine overall.,Nora,0,2024-07-26 20:00:00
1794,731,ZL00731,3,Not bad at all,I bought this as a gift and the recipient liked it immediately.,Marcus,0,2024-06-27 20:00:00
1795,732,ZL00732,5,Happy with it,I bought this as a gift and the recipient liked it immediately.,Elena,1,2024-09-01 11:00:00
1796,732,ZL00732,5,Nice finish,I bought this as a gift and the recipient liked it immediately.,Danial,1,2024-12-14 11:00:00
1797,732,ZL00732,3,Decent for the money,Used it for two weeks and it holds up well for daily use.,Ben,0,2024-10-14 11:00:00
1798,733,ZL00733,4,Good build quality,Works as advertised. Battery/performance is satisfactory so far.,Kai,1,2024-02-26 19:00:00
1799,733,ZL00733,3,Nice finish,Good value compared with similar products I have tried.,Zara,1,2024-04-13 19:00:00
1800,734,ZL00734,5,Exactly as described,Instructions were clear and setup took only a few minutes.,Nora,1,2024-07-13 19:00:00
1801,734,ZL00734,5,Good build quality,Packaging was neat and the item matched the listing details.,Zara,1,2024-09-02 19:00:00
1802,734,ZL00734,5,Solid everyday pick,Feels durable. A couple of small scuffs from shipping but fine overall.,Danial,1,2024-08-24 19:00:00
1803,734,ZL00734,4,Worth the price,Works as advertised. Battery/performance is satisfactory so far.,Ravi,1,2024-09-25 19:00:00
1804,735,ZL00735,5,Decent for the money,Colour is accurate and sizing feels true based on the chart.,Jonas,1,2025-04-06 09:00:00
1805,736,ZL00736,5,Arrived quickly,"Would appreciate more colour options, but this shade works for me.",Jonas,1,2024-09-26 08:00:00
1806,736,ZL00736,5,Worth the price,Good value compared with similar products I have tried.,Tom,1,2024-11-05 08:00:00
1807,736,ZL00736,4,Good build quality,Good value compared with similar products I have tried.,Wei,1,2024-09-04 08:00:00
1808,736,ZL00736,5,Nice finish,Colour is accurate and sizing feels true based on the chart.,Chloe,1,2024-10-08 08:00:00
1809,737,ZL00737,5,Exactly as described,Works as advertised. Battery/performance is satisfactory so far.,Grace,1,2024-08-24 07:00:00
1810,737,ZL00737,3,Exactly as described,I bought this as a gift and the recipient liked it immediately.,Wei,1,2024-10-25 07:00:00
1811,737,ZL00737,5,Arrived quickly,Feels durable. A couple of small scuffs from shipping but fine overall.,Yasmin,1,2024-10-30 07:00:00
1812,738,ZL00738,5,Love this,Material quality is better than I expected at this price point.,Wei,0,2024-02-09 13:00:00
1813,738,ZL00738,5,Decent for the money,Used it for two weeks and it holds up well for daily use.,Hassan,0,2024-03-28 13:00:00
1814,738,ZL00738,5,Love this,Works as advertised. Battery/performance is satisfactory so far.,Aisha,1,2024-05-02 13:00:00
1815,738,ZL00738,5,Happy with it,Feels durable. A couple of small scuffs from shipping but fine overall.,Hassan,1,2024-03-22 13:00:00
1816,739,ZL00739,3,Would buy again,Colour is accurate and sizing feels true based on the chart.,Siti,0,2024-05-20 09:00:00
1817,739,ZL00739,4,Reliable so far,Colour is accurate and sizing feels true based on the chart.,Priya,1,2024-08-16 09:00:00
1818,739,ZL00739,4,Nice finish,Used it for two weeks and it holds up well for daily use.,Zara,1,2024-06-19 09:00:00
1819,739,ZL00739,4,Useful addition,Good value compared with similar products I have tried.,Uma,1,2024-07-04 09:00:00
1820,740,ZL00740,3,Reliable so far,"Would appreciate more colour options, but this shade works for me.",Chloe,1,2025-03-25 17:00:00
1821,741,ZL00741,3,Would buy again,Feels durable. A couple of small scuffs from shipping but fine overall.,Elena,0,2024-02-25 16:00:00
1822,742,ZL00742,4,Not bad at all,I bought this as a gift and the recipient liked it immediately.,Chloe,1,2025-05-07 10:00:00
1823,742,ZL00742,4,Exactly as described,Works as advertised. Battery/performance is satisfactory so far.,Priya,1,2025-05-17 10:00:00
1824,743,ZL00743,2,Better than expected,I bought this as a gift and the recipient liked it immediately.,Hassan,1,2024-09-04 00:00:00
1825,743,ZL00743,4,Better than expected,Good value compared with similar products I have tried.,Tom,1,2024-09-18 00:00:00
1826,744,ZL00744,2,Decent for the money,Feels durable. A couple of small scuffs from shipping but fine overall.,Danial,1,2025-01-16 03:00:00
1827,744,ZL00744,5,Decent for the money,Feels durable. A couple of small scuffs from shipping but fine overall.,Aisha,1,2025-01-18 03:00:00
1828,745,ZL00745,4,Decent for the money,Good value compared with similar products I have tried.,Kai,0,2024-09-05 17:00:00
1829,746,ZL00746,2,Arrived quickly,Material quality is better than I expected at this price point.,Ivy,1,2024-07-25 22:00:00
1830,747,ZL00747,3,Good build quality,Good value compared with similar products I have tried.,Quinn,1,2025-04-02 01:00:00
1831,747,ZL00747,5,Arrived quickly,Colour is accurate and sizing feels true based on the chart.,Aisha,1,2025-03-15 01:00:00
1832,748,ZL00748,5,Good build quality,Instructions were clear and setup took only a few minutes.,Lina,1,2024-09-11 07:00:00
1833,748,ZL00748,5,Not bad at all,Used it for two weeks and it holds up well for daily use.,Jonas,1,2024-11-12 07:00:00
1834,748,ZL00748,5,Nice finish,I bought this as a gift and the recipient liked it immediately.,Priya,1,2024-11-17 07:00:00
1835,748,ZL00748,4,Better than expected,Used it for two weeks and it holds up well for daily use.,Zara,1,2024-12-12 07:00:00
1836,749,ZL00749,2,Arrived quickly,Used it for two weeks and it holds up well for daily use.,Siti,1,2025-06-30 07:00:00
1837,749,ZL00749,2,Worth the price,Instructions were clear and setup took only a few minutes.,Farid,1,2025-06-24 07:00:00
1838,749,ZL00749,3,Decent for the money,Instructions were clear and setup took only a few minutes.,Yasmin,1,2025-06-29 07:00:00
1839,750,ZL00750,4,Happy with it,Instructions were clear and setup took only a few minutes.,Omar,1,2024-08-08 03:00:00
1840,750,ZL00750,5,Solid everyday pick,I bought this as a gift and the recipient liked it immediately.,Quinn,1,2024-10-14 03:00:00
1841,751,ZL00751,3,Nice finish,Colour is accurate and sizing feels true based on the chart.,Siti,1,2024-10-01 11:00:00
1842,752,ZL00752,4,Solid everyday pick,Works as advertised. Battery/performance is satisfactory so far.,Zara,0,2025-02-27 15:00:00
1843,752,ZL00752,2,Worth the price,Material quality is better than I expected at this price point.,Priya,1,2025-03-24 15:00:00
1844,753,ZL00753,5,Solid everyday pick,Feels durable. A couple of small scuffs from shipping but fine overall.,Nora,1,2024-04-28 16:00:00
1845,754,ZL00754,5,Solid everyday pick,Good value compared with similar products I have tried.,Nora,1,2024-07-04 09:00:00
1846,755,ZL00755,4,Useful addition,Packaging was neat and the item matched the listing details.,Elena,1,2024-10-02 02:00:00
1847,755,ZL00755,5,Worth the price,"Would appreciate more colour options, but this shade works for me.",Kai,1,2024-11-26 02:00:00
1848,755,ZL00755,4,Nice finish,Used it for two weeks and it holds up well for daily use.,Yasmin,1,2024-08-31 02:00:00
1849,756,ZL00756,4,Arrived quickly,Works as advertised. Battery/performance is satisfactory so far.,Grace,1,2024-10-04 23:00:00
1850,757,ZL00757,4,Not bad at all,"Would appreciate more colour options, but this shade works for me.",Nora,0,2024-02-29 22:00:00
1851,757,ZL00757,2,Love this,Used it for two weeks and it holds up well for daily use.,Quinn,0,2024-04-17 22:00:00
1852,757,ZL00757,4,Love this,Material quality is better than I expected at this price point.,Ben,1,2024-01-25 22:00:00
1853,757,ZL00757,4,Useful addition,Packaging was neat and the item matched the listing details.,Grace,0,2024-02-09 22:00:00
1854,758,ZL00758,4,Reliable so far,Used it for two weeks and it holds up well for daily use.,Uma,1,2024-06-13 06:00:00
1855,758,ZL00758,3,Good build quality,Used it for two weeks and it holds up well for daily use.,Hassan,0,2024-08-01 06:00:00
1856,758,ZL00758,4,Decent for the money,I bought this as a gift and the recipient liked it immediately.,Priya,1,2024-09-10 06:00:00
1857,759,ZL00759,5,Not bad at all,Packaging was neat and the item matched the listing details.,Quinn,0,2024-12-31 03:00:00
1858,759,ZL00759,5,Better than expected,"Would appreciate more colour options, but this shade works for me.",Chloe,1,2024-11-10 03:00:00
1859,759,ZL00759,3,Arrived quickly,"Would appreciate more colour options, but this shade works for me.",Ben,1,2025-01-12 03:00:00
1860,759,ZL00759,2,Useful addition,Instructions were clear and setup took only a few minutes.,Jonas,1,2024-12-24 03:00:00
1861,760,ZL00760,5,Useful addition,Colour is accurate and sizing feels true based on the chart.,Kai,0,2024-12-05 15:00:00
1862,760,ZL00760,5,Decent for the money,Instructions were clear and setup took only a few minutes.,Zara,0,2025-01-21 15:00:00
1863,761,ZL00761,2,Reliable so far,Colour is accurate and sizing feels true based on the chart.,Quinn,1,2025-06-06 07:00:00
1864,761,ZL00761,4,Love this,Colour is accurate and sizing feels true based on the chart.,Ravi,1,2025-06-09 07:00:00
1865,762,ZL00762,4,Would buy again,I bought this as a gift and the recipient liked it immediately.,Chloe,0,2025-08-09 02:00:00
1866,763,ZL00763,3,Arrived quickly,I bought this as a gift and the recipient liked it immediately.,Elena,0,2025-07-12 07:00:00
1867,763,ZL00763,5,Useful addition,Packaging was neat and the item matched the listing details.,Priya,1,2025-07-15 07:00:00
1868,763,ZL00763,3,Nice finish,Material quality is better than I expected at this price point.,Jonas,0,2025-07-10 07:00:00
1869,763,ZL00763,4,Happy with it,Used it for two weeks and it holds up well for daily use.,Hassan,1,2025-07-08 07:00:00
1870,764,ZL00764,4,Useful addition,Packaging was neat and the item matched the listing details.,Ben,1,2024-05-19 04:00:00
1871,764,ZL00764,3,Solid everyday pick,"Would appreciate more colour options, but this shade works for me.",Lina,1,2024-04-10 04:00:00
1872,764,ZL00764,5,Better than expected,Packaging was neat and the item matched the listing details.,Kai,1,2024-04-24 04:00:00
1873,765,ZL00765,4,Nice finish,Instructions were clear and setup took only a few minutes.,Kai,0,2025-03-16 04:00:00
1874,765,ZL00765,5,Arrived quickly,I bought this as a gift and the recipient liked it immediately.,Uma,0,2025-02-24 04:00:00
1875,765,ZL00765,3,Worth the price,Works as advertised. Battery/performance is satisfactory so far.,Danial,0,2025-04-10 04:00:00
1876,765,ZL00765,5,Decent for the money,Feels durable. A couple of small scuffs from shipping but fine overall.,Ben,1,2025-05-20 04:00:00
1877,766,ZL00766,5,Would buy again,"Would appreciate more colour options, but this shade works for me.",Uma,1,2024-12-30 15:00:00
1878,766,ZL00766,3,Would buy again,Used it for two weeks and it holds up well for daily use.,Uma,0,2024-10-26 15:00:00
1879,766,ZL00766,5,Would buy again,Instructions were clear and setup took only a few minutes.,Priya,1,2024-09-06 15:00:00
1880,767,ZL00767,5,Happy with it,Instructions were clear and setup took only a few minutes.,Ivy,0,2024-02-23 23:00:00
1881,768,ZL00768,3,Exactly as described,Instructions were clear and setup took only a few minutes.,Tom,1,2024-09-18 21:00:00
1882,769,ZL00769,5,Reliable so far,Material quality is better than I expected at this price point.,Wei,0,2025-08-21 13:00:00
1883,770,ZL00770,4,Happy with it,"Would appreciate more colour options, but this shade works for me.",Jonas,0,2024-05-19 14:00:00
1884,771,ZL00771,3,Reliable so far,Used it for two weeks and it holds up well for daily use.,Lina,1,2025-03-12 18:00:00
1885,771,ZL00771,5,Useful addition,Good value compared with similar products I have tried.,Hassan,1,2024-12-26 18:00:00
1886,772,ZL00772,4,Worth the price,"Would appreciate more colour options, but this shade works for me.",Uma,1,2024-07-16 02:00:00
1887,773,ZL00773,2,Useful addition,Packaging was neat and the item matched the listing details.,Lina,0,2024-08-15 04:00:00
1888,773,ZL00773,4,Reliable so far,Material quality is better than I expected at this price point.,Ben,0,2024-09-04 04:00:00
1889,774,ZL00774,3,Happy with it,"Would appreciate more colour options, but this shade works for me.",Quinn,1,2025-01-15 05:00:00
1890,774,ZL00774,4,Love this,Instructions were clear and setup took only a few minutes.,Jonas,1,2024-12-29 05:00:00
1891,774,ZL00774,2,Worth the price,Works as advertised. Battery/performance is satisfactory so far.,Priya,1,2024-10-21 05:00:00
1892,775,ZL00775,3,Better than expected,Material quality is better than I expected at this price point.,Marcus,1,2024-03-02 16:00:00
1893,775,ZL00775,3,Would buy again,Packaging was neat and the item matched the listing details.,Aisha,1,2024-02-24 16:00:00
1894,775,ZL00775,5,Love this,Packaging was neat and the item matched the listing details.,Victor,1,2024-04-28 16:00:00
1895,776,ZL00776,4,Reliable so far,Colour is accurate and sizing feels true based on the chart.,Tom,1,2024-05-13 06:00:00
1896,776,ZL00776,5,Not bad at all,Instructions were clear and setup took only a few minutes.,Elena,0,2024-02-24 06:00:00
1897,777,ZL00777,5,Useful addition,Colour is accurate and sizing feels true based on the chart.,Uma,1,2025-05-20 07:00:00
1898,777,ZL00777,4,Not bad at all,Material quality is better than I expected at this price point.,Tom,1,2025-06-01 07:00:00
1899,778,ZL00778,2,Reliable so far,Material quality is better than I expected at this price point.,Ivy,0,2024-05-06 01:00:00
1900,778,ZL00778,2,Exactly as described,Used it for two weeks and it holds up well for daily use.,Kai,1,2024-02-08 01:00:00
1901,778,ZL00778,3,Would buy again,Colour is accurate and sizing feels true based on the chart.,Ivy,1,2024-02-29 01:00:00
1902,779,ZL00779,5,Worth the price,Colour is accurate and sizing feels true based on the chart.,Grace,1,2024-03-07 19:00:00
1903,779,ZL00779,5,Decent for the money,Feels durable. A couple of small scuffs from shipping but fine overall.,Omar,1,2024-02-23 19:00:00
1904,779,ZL00779,4,Love this,Colour is accurate and sizing feels true based on the chart.,Quinn,0,2024-03-15 19:00:00
1905,779,ZL00779,4,Decent for the money,Feels durable. A couple of small scuffs from shipping but fine overall.,Yasmin,1,2024-03-11 19:00:00
1906,780,ZL00780,5,Solid everyday pick,Good value compared with similar products I have tried.,Ravi,0,2025-07-11 16:00:00
1907,780,ZL00780,4,Useful addition,"Would appreciate more colour options, but this shade works for me.",Lina,1,2025-06-04 16:00:00
1908,780,ZL00780,4,Worth the price,Colour is accurate and sizing feels true based on the chart.,Siti,1,2025-06-17 16:00:00
1909,781,ZL00781,4,Would buy again,Instructions were clear and setup took only a few minutes.,Yasmin,1,2024-08-06 06:00:00
1910,781,ZL00781,5,Exactly as described,Material quality is better than I expected at this price point.,Jonas,1,2024-06-10 06:00:00
1911,781,ZL00781,5,Would buy again,Feels durable. A couple of small scuffs from shipping but fine overall.,Farid,1,2024-09-23 06:00:00
1912,781,ZL00781,5,Decent for the money,"Would appreciate more colour options, but this shade works for me.",Yasmin,1,2024-08-20 06:00:00
1913,782,ZL00782,3,Nice finish,Works as advertised. Battery/performance is satisfactory so far.,Ivy,1,2024-11-14 14:00:00
1914,782,ZL00782,3,Nice finish,Instructions were clear and setup took only a few minutes.,Tom,1,2024-12-07 14:00:00
1915,782,ZL00782,4,Better than expected,Colour is accurate and sizing feels true based on the chart.,Priya,1,2024-10-22 14:00:00
1916,783,ZL00783,4,Exactly as described,Instructions were clear and setup took only a few minutes.,Yasmin,1,2024-07-28 06:00:00
1917,783,ZL00783,4,Worth the price,I bought this as a gift and the recipient liked it immediately.,Ben,1,2024-09-03 06:00:00
1918,783,ZL00783,3,Arrived quickly,Instructions were clear and setup took only a few minutes.,Uma,0,2024-06-09 06:00:00
1919,784,ZL00784,2,Decent for the money,"Would appreciate more colour options, but this shade works for me.",Yasmin,1,2024-10-21 11:00:00
1920,784,ZL00784,5,Exactly as described,"Would appreciate more colour options, but this shade works for me.",Victor,1,2024-09-01 11:00:00
1921,785,ZL00785,5,Would buy again,Used it for two weeks and it holds up well for daily use.,Ivy,1,2024-12-31 12:00:00
1922,785,ZL00785,3,Useful addition,Instructions were clear and setup took only a few minutes.,Kai,1,2024-10-18 12:00:00
1923,785,ZL00785,3,Good build quality,"Would appreciate more colour options, but this shade works for me.",Elena,1,2024-11-06 12:00:00
1924,786,ZL00786,5,Better than expected,Good value compared with similar products I have tried.,Marcus,1,2024-07-06 01:00:00
1925,786,ZL00786,5,Better than expected,Used it for two weeks and it holds up well for daily use.,Yasmin,1,2024-08-13 01:00:00
1926,787,ZL00787,3,Reliable so far,Used it for two weeks and it holds up well for daily use.,Ivy,1,2024-10-15 23:00:00
1927,787,ZL00787,3,Good build quality,Feels durable. A couple of small scuffs from shipping but fine overall.,Farid,1,2024-12-20 23:00:00
1928,788,ZL00788,3,Exactly as described,Works as advertised. Battery/performance is satisfactory so far.,Aisha,0,2024-07-31 20:00:00
1929,788,ZL00788,3,Love this,I bought this as a gift and the recipient liked it immediately.,Tom,1,2024-06-14 20:00:00
1930,789,ZL00789,2,Reliable so far,Feels durable. A couple of small scuffs from shipping but fine overall.,Siti,0,2024-11-27 04:00:00
1931,789,ZL00789,5,Exactly as described,Good value compared with similar products I have tried.,Grace,0,2025-02-02 04:00:00
1932,789,ZL00789,4,Worth the price,Instructions were clear and setup took only a few minutes.,Zara,1,2025-01-25 04:00:00
1933,789,ZL00789,3,Reliable so far,Colour is accurate and sizing feels true based on the chart.,Aisha,0,2024-11-29 04:00:00
1934,790,ZL00790,3,Solid everyday pick,Used it for two weeks and it holds up well for daily use.,Yasmin,0,2024-12-17 02:00:00
1935,791,ZL00791,3,Arrived quickly,Material quality is better than I expected at this price point.,Quinn,0,2024-12-28 19:00:00
1936,791,ZL00791,4,Exactly as described,I bought this as a gift and the recipient liked it immediately.,Nora,1,2025-01-25 19:00:00
1937,791,ZL00791,4,Decent for the money,Feels durable. A couple of small scuffs from shipping but fine overall.,Uma,1,2024-11-22 19:00:00
1938,792,ZL00792,3,Arrived quickly,Feels durable. A couple of small scuffs from shipping but fine overall.,Grace,1,2024-10-11 07:00:00
1939,793,ZL00793,4,Useful addition,Good value compared with similar products I have tried.,Jonas,1,2024-09-16 00:00:00
1940,793,ZL00793,3,Worth the price,I bought this as a gift and the recipient liked it immediately.,Nora,1,2024-08-24 00:00:00
1941,794,ZL00794,4,Would buy again,Used it for two weeks and it holds up well for daily use.,Wei,0,2025-01-07 20:00:00
1942,794,ZL00794,3,Exactly as described,Used it for two weeks and it holds up well for daily use.,Omar,1,2024-12-31 20:00:00
1943,795,ZL00795,2,Happy with it,Colour is accurate and sizing feels true based on the chart.,Ivy,1,2025-01-08 00:00:00
1944,795,ZL00795,2,Would buy again,Packaging was neat and the item matched the listing details.,Lina,1,2025-02-13 00:00:00
1945,796,ZL00796,3,Reliable so far,Material quality is better than I expected at this price point.,Hassan,0,2024-11-13 00:00:00
1946,796,ZL00796,3,Not bad at all,Packaging was neat and the item matched the listing details.,Grace,0,2025-01-11 00:00:00
1947,796,ZL00796,4,Love this,I bought this as a gift and the recipient liked it immediately.,Omar,1,2025-03-01 00:00:00
1948,797,ZL00797,5,Decent for the money,Feels durable. A couple of small scuffs from shipping but fine overall.,Priya,1,2024-02-14 14:00:00
1949,797,ZL00797,4,Would buy again,Used it for two weeks and it holds up well for daily use.,Siti,1,2024-04-03 14:00:00
1950,798,ZL00798,5,Decent for the money,I bought this as a gift and the recipient liked it immediately.,Chloe,1,2025-01-27 14:00:00
1951,798,ZL00798,4,Better than expected,Good value compared with similar products I have tried.,Victor,0,2025-04-14 14:00:00
1952,798,ZL00798,3,Would buy again,Packaging was neat and the item matched the listing details.,Tom,1,2025-02-23 14:00:00
1953,798,ZL00798,4,Decent for the money,Feels durable. A couple of small scuffs from shipping but fine overall.,Hassan,0,2025-03-07 14:00:00
1954,799,ZL00799,3,Reliable so far,Feels durable. A couple of small scuffs from shipping but fine overall.,Nora,1,2024-08-10 12:00:00
1955,799,ZL00799,3,Nice finish,"Would appreciate more colour options, but this shade works for me.",Grace,1,2024-07-03 12:00:00
1956,800,ZL00800,5,Exactly as described,Instructions were clear and setup took only a few minutes.,Wei,0,2025-01-10 00:00:00
1957,800,ZL00800,4,Exactly as described,Used it for two weeks and it holds up well for daily use.,Lina,1,2025-01-09 00:00:00
1958,800,ZL00800,5,Nice finish,Good value compared with similar products I have tried.,Hassan,1,2025-02-16 00:00:00
1959,800,ZL00800,4,Solid everyday pick,Colour is accurate and sizing feels true based on the chart.,Tom,1,2025-01-21 00:00:00
1960,801,ZL00801,5,Exactly as described,Good value compared with similar products I have tried.,Marcus,0,2024-09-18 09:00:00
1961,802,ZL00802,4,Exactly as described,Packaging was neat and the item matched the listing details.,Ben,1,2025-01-05 08:00:00
1962,803,ZL00803,3,Nice finish,Instructions were clear and setup took only a few minutes.,Siti,1,2024-07-30 00:00:00
1963,803,ZL00803,4,Arrived quickly,"Would appreciate more colour options, but this shade works for me.",Lina,1,2024-06-13 00:00:00
1964,803,ZL00803,4,Useful addition,Instructions were clear and setup took only a few minutes.,Uma,1,2024-06-06 00:00:00
1965,804,ZL00804,5,Reliable so far,"Would appreciate more colour options, but this shade works for me.",Wei,1,2024-09-24 22:00:00
1966,804,ZL00804,5,Would buy again,Good value compared with similar products I have tried.,Ivy,1,2024-09-17 22:00:00
1967,804,ZL00804,3,Good build quality,Works as advertised. Battery/performance is satisfactory so far.,Omar,1,2024-07-31 22:00:00
1968,804,ZL00804,4,Decent for the money,Material quality is better than I expected at this price point.,Omar,1,2024-09-16 22:00:00
1969,805,ZL00805,5,Not bad at all,Colour is accurate and sizing feels true based on the chart.,Elena,1,2024-03-15 22:00:00
1970,805,ZL00805,5,Useful addition,Material quality is better than I expected at this price point.,Nora,0,2024-01-17 22:00:00
1971,805,ZL00805,5,Solid everyday pick,I bought this as a gift and the recipient liked it immediately.,Omar,1,2024-04-02 22:00:00
1972,806,ZL00806,4,Arrived quickly,Good value compared with similar products I have tried.,Ravi,1,2025-03-02 19:00:00
1973,807,ZL00807,4,Love this,I bought this as a gift and the recipient liked it immediately.,Hassan,0,2024-09-05 19:00:00
1974,807,ZL00807,4,Useful addition,Instructions were clear and setup took only a few minutes.,Yasmin,1,2024-10-09 19:00:00
1975,807,ZL00807,5,Love this,Used it for two weeks and it holds up well for daily use.,Aisha,0,2024-10-14 19:00:00
1976,807,ZL00807,3,Nice finish,Colour is accurate and sizing feels true based on the chart.,Nora,0,2024-09-22 19:00:00
1977,808,ZL00808,5,Useful addition,I bought this as a gift and the recipient liked it immediately.,Quinn,1,2024-06-16 14:00:00
1978,808,ZL00808,3,Good build quality,Packaging was neat and the item matched the listing details.,Aisha,1,2024-08-12 14:00:00
1979,809,ZL00809,2,Solid everyday pick,Used it for two weeks and it holds up well for daily use.,Kai,1,2025-04-16 03:00:00
1980,810,ZL00810,2,Solid everyday pick,"Would appreciate more colour options, but this shade works for me.",Grace,1,2024-08-04 06:00:00
1981,811,ZL00811,2,Nice finish,Good value compared with similar products I have tried.,Ivy,1,2025-03-15 16:00:00
1982,811,ZL00811,4,Reliable so far,Used it for two weeks and it holds up well for daily use.,Ivy,1,2025-01-22 16:00:00
1983,811,ZL00811,2,Reliable so far,Used it for two weeks and it holds up well for daily use.,Ravi,1,2025-01-13 16:00:00
1984,812,ZL00812,5,Better than expected,Colour is accurate and sizing feels true based on the chart.,Ivy,1,2024-03-22 23:00:00
1985,813,ZL00813,2,Reliable so far,Works as advertised. Battery/performance is satisfactory so far.,Ivy,1,2025-02-08 06:00:00
1986,813,ZL00813,3,Love this,"Would appreciate more colour options, but this shade works for me.",Zara,1,2025-02-11 06:00:00
1987,814,ZL00814,5,Useful addition,Colour is accurate and sizing feels true based on the chart.,Siti,1,2025-03-19 16:00:00
1988,815,ZL00815,5,Good build quality,Instructions were clear and setup took only a few minutes.,Farid,1,2025-04-12 15:00:00
1989,815,ZL00815,3,Decent for the money,Works as advertised. Battery/performance is satisfactory so far.,Quinn,1,2025-06-23 15:00:00
1990,815,ZL00815,4,Arrived quickly,"Would appreciate more colour options, but this shade works for me.",Elena,1,2025-06-29 15:00:00
1991,816,ZL00816,5,Arrived quickly,Packaging was neat and the item matched the listing details.,Victor,1,2025-02-17 09:00:00
1992,816,ZL00816,3,Worth the price,Packaging was neat and the item matched the listing details.,Danial,1,2024-12-16 09:00:00
1993,816,ZL00816,5,Happy with it,Packaging was neat and the item matched the listing details.,Yasmin,1,2024-12-16 09:00:00
1994,816,ZL00816,3,Reliable so far,Feels durable. A couple of small scuffs from shipping but fine overall.,Siti,1,2024-12-28 09:00:00
1995,817,ZL00817,4,Solid everyday pick,Instructions were clear and setup took only a few minutes.,Omar,0,2024-07-21 21:00:00
1996,817,ZL00817,3,Love this,Packaging was neat and the item matched the listing details.,Lina,0,2024-08-26 21:00:00
1997,817,ZL00817,3,Solid everyday pick,Works as advertised. Battery/performance is satisfactory so far.,Quinn,1,2024-08-26 21:00:00
1998,817,ZL00817,4,Good build quality,Packaging was neat and the item matched the listing details.,Ben,1,2024-09-08 21:00:00
1999,818,ZL00818,4,Good build quality,Feels durable. A couple of small scuffs from shipping but fine overall.,Kai,0,2025-04-24 23:00:00
2000,818,ZL00818,5,Useful addition,Packaging was neat and the item matched the listing details.,Yasmin,0,2025-04-24 23:00:00
2001,818,ZL00818,2,Decent for the money,Works as advertised. Battery/performance is satisfactory so far.,Uma,1,2025-05-24 23:00:00
2002,818,ZL00818,4,Useful addition,Feels durable. A couple of small scuffs from shipping but fine overall.,Kai,1,2025-02-10 23:00:00
2003,819,ZL00819,3,Decent for the money,Colour is accurate and sizing feels true based on the chart.,Marcus,1,2024-06-02 01:00:00
2004,819,ZL00819,5,Exactly as described,Used it for two weeks and it holds up well for daily use.,Yasmin,1,2024-07-17 01:00:00
2005,820,ZL00820,5,Would buy again,Packaging was neat and the item matched the listing details.,Jonas,1,2025-05-21 05:00:00
2006,820,ZL00820,5,Worth the price,Good value compared with similar products I have tried.,Farid,1,2025-05-27 05:00:00
2007,821,ZL00821,3,Love this,I bought this as a gift and the recipient liked it immediately.,Ben,1,2024-07-20 05:00:00
2008,821,ZL00821,4,Reliable so far,Works as advertised. Battery/performance is satisfactory so far.,Victor,0,2024-06-15 05:00:00
2009,822,ZL00822,3,Worth the price,Used it for two weeks and it holds up well for daily use.,Jonas,0,2025-04-28 05:00:00
2010,822,ZL00822,5,Would buy again,"Would appreciate more colour options, but this shade works for me.",Yasmin,1,2025-05-28 05:00:00
2011,822,ZL00822,4,Useful addition,I bought this as a gift and the recipient liked it immediately.,Chloe,1,2025-05-08 05:00:00
2012,823,ZL00823,5,Would buy again,Works as advertised. Battery/performance is satisfactory so far.,Tom,1,2024-09-24 00:00:00
2013,824,ZL00824,4,Love this,Good value compared with similar products I have tried.,Marcus,1,2024-04-22 19:00:00
2014,824,ZL00824,5,Not bad at all,Colour is accurate and sizing feels true based on the chart.,Marcus,0,2024-05-13 19:00:00
2015,825,ZL00825,4,Worth the price,Works as advertised. Battery/performance is satisfactory so far.,Nora,1,2024-03-26 19:00:00
2016,825,ZL00825,3,Reliable so far,Good value compared with similar products I have tried.,Marcus,1,2024-01-26 19:00:00
2017,825,ZL00825,4,Exactly as described,Works as advertised. Battery/performance is satisfactory so far.,Farid,1,2024-04-17 19:00:00
2018,826,ZL00826,3,Not bad at all,Works as advertised. Battery/performance is satisfactory so far.,Ivy,1,2024-08-02 23:00:00
2019,826,ZL00826,3,Reliable so far,I bought this as a gift and the recipient liked it immediately.,Kai,1,2024-09-13 23:00:00
2020,827,ZL00827,5,Good build quality,Good value compared with similar products I have tried.,Victor,1,2025-03-28 04:00:00
2021,827,ZL00827,4,Not bad at all,Used it for two weeks and it holds up well for daily use.,Nora,1,2025-05-03 04:00:00
2022,827,ZL00827,3,Solid everyday pick,Works as advertised. Battery/performance is satisfactory so far.,Omar,0,2025-06-14 04:00:00
2023,828,ZL00828,5,Would buy again,Good value compared with similar products I have tried.,Victor,1,2025-01-06 23:00:00
2024,829,ZL00829,3,Would buy again,Colour is accurate and sizing feels true based on the chart.,Lina,1,2024-07-20 20:00:00
2025,829,ZL00829,5,Better than expected,Used it for two weeks and it holds up well for daily use.,Jonas,1,2024-06-05 20:00:00
2026,830,ZL00830,4,Solid everyday pick,Material quality is better than I expected at this price point.,Nora,1,2024-08-30 08:00:00
2027,831,ZL00831,3,Love this,Feels durable. A couple of small scuffs from shipping but fine overall.,Uma,1,2025-04-20 03:00:00
2028,832,ZL00832,5,Nice finish,Feels durable. A couple of small scuffs from shipping but fine overall.,Lina,1,2025-01-29 18:00:00
2029,832,ZL00832,4,Arrived quickly,Packaging was neat and the item matched the listing details.,Nora,1,2025-01-16 18:00:00
2030,832,ZL00832,5,Worth the price,"Would appreciate more colour options, but this shade works for me.",Ivy,0,2024-12-13 18:00:00
2031,833,ZL00833,3,Arrived quickly,Instructions were clear and setup took only a few minutes.,Omar,0,2024-07-02 05:00:00
2032,834,ZL00834,4,Decent for the money,Instructions were clear and setup took only a few minutes.,Victor,0,2025-02-19 03:00:00
2033,834,ZL00834,5,Not bad at all,Packaging was neat and the item matched the listing details.,Wei,1,2025-03-16 03:00:00
2034,834,ZL00834,4,Worth the price,Good value compared with similar products I have tried.,Priya,1,2025-04-26 03:00:00
2035,835,ZL00835,3,Nice finish,I bought this as a gift and the recipient liked it immediately.,Victor,1,2025-05-26 20:00:00
2036,835,ZL00835,4,Useful addition,Good value compared with similar products I have tried.,Siti,1,2025-03-02 20:00:00
2037,836,ZL00836,3,Not bad at all,"Would appreciate more colour options, but this shade works for me.",Wei,0,2025-04-20 12:00:00
2038,836,ZL00836,4,Nice finish,Packaging was neat and the item matched the listing details.,Victor,1,2025-04-29 12:00:00
2039,837,ZL00837,5,Arrived quickly,Feels durable. A couple of small scuffs from shipping but fine overall.,Yasmin,1,2025-01-31 15:00:00
2040,837,ZL00837,3,Exactly as described,Used it for two weeks and it holds up well for daily use.,Uma,1,2025-04-24 15:00:00
2041,837,ZL00837,4,Good build quality,Instructions were clear and setup took only a few minutes.,Ravi,1,2025-03-31 15:00:00
2042,838,ZL00838,5,Nice finish,Good value compared with similar products I have tried.,Grace,1,2024-06-19 11:00:00
2043,839,ZL00839,4,Decent for the money,I bought this as a gift and the recipient liked it immediately.,Nora,1,2025-02-15 22:00:00
2044,839,ZL00839,4,Useful addition,Works as advertised. Battery/performance is satisfactory so far.,Priya,1,2024-12-03 22:00:00
2045,839,ZL00839,2,Love this,I bought this as a gift and the recipient liked it immediately.,Lina,1,2024-12-12 22:00:00
2046,840,ZL00840,3,Nice finish,Good value compared with similar products I have tried.,Ravi,1,2024-06-30 05:00:00
2047,841,ZL00841,4,Solid everyday pick,Colour is accurate and sizing feels true based on the chart.,Aisha,1,2024-11-27 02:00:00
2048,841,ZL00841,2,Decent for the money,Instructions were clear and setup took only a few minutes.,Zara,0,2024-12-20 02:00:00
2049,841,ZL00841,2,Solid everyday pick,Used it for two weeks and it holds up well for daily use.,Jonas,0,2024-12-19 02:00:00
2050,841,ZL00841,3,Would buy again,Packaging was neat and the item matched the listing details.,Siti,1,2025-03-17 02:00:00
2051,842,ZL00842,5,Exactly as described,Works as advertised. Battery/performance is satisfactory so far.,Siti,0,2025-02-04 15:00:00
2052,842,ZL00842,2,Happy with it,I bought this as a gift and the recipient liked it immediately.,Chloe,0,2025-01-26 15:00:00
2053,842,ZL00842,4,Solid everyday pick,Good value compared with similar products I have tried.,Zara,1,2025-02-24 15:00:00
2054,843,ZL00843,3,Reliable so far,Instructions were clear and setup took only a few minutes.,Tom,1,2025-04-12 13:00:00
2055,844,ZL00844,3,Decent for the money,Material quality is better than I expected at this price point.,Priya,0,2024-11-14 16:00:00
2056,845,ZL00845,2,Happy with it,Feels durable. A couple of small scuffs from shipping but fine overall.,Yasmin,0,2024-08-18 09:00:00
2057,846,ZL00846,3,Good build quality,Instructions were clear and setup took only a few minutes.,Tom,0,2025-05-23 04:00:00
2058,846,ZL00846,4,Exactly as described,"Would appreciate more colour options, but this shade works for me.",Elena,1,2025-06-30 04:00:00
2059,846,ZL00846,4,Love this,"Would appreciate more colour options, but this shade works for me.",Siti,1,2025-04-29 04:00:00
2060,847,ZL00847,4,Reliable so far,Feels durable. A couple of small scuffs from shipping but fine overall.,Farid,1,2024-03-23 21:00:00
2061,847,ZL00847,5,Love this,Material quality is better than I expected at this price point.,Ravi,0,2024-04-13 21:00:00
2062,847,ZL00847,4,Arrived quickly,Packaging was neat and the item matched the listing details.,Ravi,1,2024-06-28 21:00:00
2063,848,ZL00848,4,Better than expected,Works as advertised. Battery/performance is satisfactory so far.,Ben,1,2025-03-01 06:00:00
2064,848,ZL00848,5,Better than expected,Colour is accurate and sizing feels true based on the chart.,Hassan,0,2025-01-09 06:00:00
2065,849,ZL00849,3,Happy with it,Packaging was neat and the item matched the listing details.,Aisha,1,2025-07-27 02:00:00
2066,849,ZL00849,5,Nice finish,Works as advertised. Battery/performance is satisfactory so far.,Hassan,1,2025-06-18 02:00:00
2067,850,ZL00850,5,Love this,"Would appreciate more colour options, but this shade works for me.",Lina,1,2024-04-07 05:00:00
2068,850,ZL00850,5,Arrived quickly,Packaging was neat and the item matched the listing details.,Danial,1,2024-02-19 05:00:00
2069,851,ZL00851,4,Love this,Used it for two weeks and it holds up well for daily use.,Marcus,1,2024-10-26 02:00:00
2070,851,ZL00851,2,Worth the price,Used it for two weeks and it holds up well for daily use.,Farid,1,2024-09-14 02:00:00
2071,851,ZL00851,3,Better than expected,I bought this as a gift and the recipient liked it immediately.,Grace,0,2024-07-25 02:00:00
2072,851,ZL00851,4,Happy with it,Used it for two weeks and it holds up well for daily use.,Chloe,1,2024-09-22 02:00:00
2073,852,ZL00852,4,Decent for the money,I bought this as a gift and the recipient liked it immediately.,Yasmin,1,2025-01-03 11:00:00
2074,852,ZL00852,4,Reliable so far,Works as advertised. Battery/performance is satisfactory so far.,Marcus,1,2025-02-14 11:00:00
2075,853,ZL00853,3,Solid everyday pick,Used it for two weeks and it holds up well for daily use.,Zara,1,2024-08-11 09:00:00
2076,853,ZL00853,3,Good build quality,Packaging was neat and the item matched the listing details.,Chloe,1,2024-07-09 09:00:00
2077,854,ZL00854,5,Solid everyday pick,Feels durable. A couple of small scuffs from shipping but fine overall.,Quinn,1,2025-06-10 11:00:00
2078,854,ZL00854,4,Decent for the money,Material quality is better than I expected at this price point.,Victor,1,2025-05-19 11:00:00
2079,854,ZL00854,3,Solid everyday pick,"Would appreciate more colour options, but this shade works for me.",Hassan,1,2025-07-13 11:00:00
2080,855,ZL00855,3,Solid everyday pick,Used it for two weeks and it holds up well for daily use.,Omar,1,2025-04-24 19:00:00
2081,855,ZL00855,3,Exactly as described,Good value compared with similar products I have tried.,Wei,0,2025-01-11 19:00:00
2082,856,ZL00856,5,Exactly as described,I bought this as a gift and the recipient liked it immediately.,Danial,1,2024-10-24 11:00:00
2083,856,ZL00856,4,Nice finish,Good value compared with similar products I have tried.,Omar,1,2024-08-18 11:00:00
2084,857,ZL00857,3,Happy with it,Colour is accurate and sizing feels true based on the chart.,Ravi,1,2024-06-07 02:00:00
2085,858,ZL00858,5,Arrived quickly,Instructions were clear and setup took only a few minutes.,Quinn,0,2025-04-25 10:00:00
2086,858,ZL00858,3,Happy with it,Good value compared with similar products I have tried.,Elena,1,2025-03-12 10:00:00
2087,859,ZL00859,4,Nice finish,Works as advertised. Battery/performance is satisfactory so far.,Danial,0,2024-05-10 16:00:00
2088,859,ZL00859,4,Happy with it,Instructions were clear and setup took only a few minutes.,Kai,1,2024-07-04 16:00:00
2089,860,ZL00860,4,Better than expected,Material quality is better than I expected at this price point.,Ravi,1,2025-02-26 06:00:00
2090,860,ZL00860,3,Better than expected,Instructions were clear and setup took only a few minutes.,Kai,1,2025-02-26 06:00:00
2091,860,ZL00860,4,Would buy again,I bought this as a gift and the recipient liked it immediately.,Quinn,1,2025-02-15 06:00:00
2092,860,ZL00860,5,Not bad at all,I bought this as a gift and the recipient liked it immediately.,Lina,0,2025-04-25 06:00:00
2093,861,ZL00861,4,Better than expected,Packaging was neat and the item matched the listing details.,Ben,1,2025-06-03 11:00:00
2094,862,ZL00862,4,Happy with it,Packaging was neat and the item matched the listing details.,Lina,1,2025-07-17 05:00:00
2095,862,ZL00862,5,Good build quality,Good value compared with similar products I have tried.,Ravi,1,2025-06-25 05:00:00
2096,863,ZL00863,3,Happy with it,Good value compared with similar products I have tried.,Hassan,1,2024-06-29 03:00:00
2097,863,ZL00863,3,Reliable so far,Packaging was neat and the item matched the listing details.,Ben,1,2024-06-10 03:00:00
2098,863,ZL00863,4,Reliable so far,Feels durable. A couple of small scuffs from shipping but fine overall.,Grace,1,2024-07-07 03:00:00
2099,864,ZL00864,3,Decent for the money,Used it for two weeks and it holds up well for daily use.,Hassan,1,2025-05-16 01:00:00
2100,864,ZL00864,5,Better than expected,Feels durable. A couple of small scuffs from shipping but fine overall.,Wei,1,2025-06-14 01:00:00
2101,864,ZL00864,3,Arrived quickly,Instructions were clear and setup took only a few minutes.,Ravi,1,2025-04-01 01:00:00
2102,864,ZL00864,4,Worth the price,Works as advertised. Battery/performance is satisfactory so far.,Grace,0,2025-05-29 01:00:00
2103,865,ZL00865,5,Reliable so far,Packaging was neat and the item matched the listing details.,Wei,1,2025-03-14 22:00:00
2104,865,ZL00865,4,Better than expected,Colour is accurate and sizing feels true based on the chart.,Hassan,1,2025-03-12 22:00:00
2105,866,ZL00866,4,Decent for the money,Feels durable. A couple of small scuffs from shipping but fine overall.,Omar,0,2024-04-02 20:00:00
2106,866,ZL00866,3,Decent for the money,Packaging was neat and the item matched the listing details.,Farid,1,2024-02-13 20:00:00
2107,866,ZL00866,4,Reliable so far,I bought this as a gift and the recipient liked it immediately.,Nora,0,2024-02-16 20:00:00
2108,866,ZL00866,4,Not bad at all,Feels durable. A couple of small scuffs from shipping but fine overall.,Aisha,1,2024-05-12 20:00:00
2109,867,ZL00867,5,Love this,Used it for two weeks and it holds up well for daily use.,Siti,1,2024-05-03 05:00:00
2110,867,ZL00867,5,Not bad at all,Colour is accurate and sizing feels true based on the chart.,Priya,1,2024-04-15 05:00:00
2111,867,ZL00867,3,Love this,"Would appreciate more colour options, but this shade works for me.",Siti,1,2024-04-14 05:00:00
2112,868,ZL00868,4,Not bad at all,Good value compared with similar products I have tried.,Danial,1,2024-04-04 16:00:00
2113,869,ZL00869,4,Decent for the money,Instructions were clear and setup took only a few minutes.,Uma,1,2025-01-10 10:00:00
2114,869,ZL00869,4,Good build quality,Instructions were clear and setup took only a few minutes.,Ravi,1,2024-12-01 10:00:00
2115,869,ZL00869,5,Better than expected,"Would appreciate more colour options, but this shade works for me.",Ravi,1,2024-11-30 10:00:00
2116,869,ZL00869,3,Arrived quickly,Feels durable. A couple of small scuffs from shipping but fine overall.,Quinn,0,2025-01-16 10:00:00
2117,870,ZL00870,4,Happy with it,Works as advertised. Battery/performance is satisfactory so far.,Uma,1,2025-04-09 23:00:00
2118,870,ZL00870,3,Not bad at all,Good value compared with similar products I have tried.,Grace,0,2025-02-14 23:00:00
2119,870,ZL00870,5,Decent for the money,Works as advertised. Battery/performance is satisfactory so far.,Ivy,1,2025-04-07 23:00:00
2120,870,ZL00870,3,Exactly as described,Material quality is better than I expected at this price point.,Ivy,1,2025-03-04 23:00:00
2121,871,ZL00871,3,Solid everyday pick,Instructions were clear and setup took only a few minutes.,Tom,1,2025-06-13 15:00:00
2122,872,ZL00872,3,Better than expected,"Would appreciate more colour options, but this shade works for me.",Nora,1,2025-05-04 04:00:00
2123,872,ZL00872,5,Good build quality,"Would appreciate more colour options, but this shade works for me.",Farid,0,2025-05-07 04:00:00
2124,873,ZL00873,4,Solid everyday pick,Instructions were clear and setup took only a few minutes.,Uma,0,2024-08-10 02:00:00
2125,873,ZL00873,5,Happy with it,I bought this as a gift and the recipient liked it immediately.,Farid,1,2024-10-31 02:00:00
2126,873,ZL00873,5,Nice finish,Works as advertised. Battery/performance is satisfactory so far.,Tom,1,2024-10-27 02:00:00
2127,874,ZL00874,3,Worth the price,Used it for two weeks and it holds up well for daily use.,Siti,1,2024-04-30 23:00:00
2128,874,ZL00874,5,Useful addition,"Would appreciate more colour options, but this shade works for me.",Chloe,0,2024-02-29 23:00:00
2129,874,ZL00874,5,Reliable so far,Works as advertised. Battery/performance is satisfactory so far.,Aisha,0,2024-04-02 23:00:00
2130,875,ZL00875,4,Better than expected,Packaging was neat and the item matched the listing details.,Siti,1,2024-05-26 19:00:00
2131,876,ZL00876,5,Good build quality,Used it for two weeks and it holds up well for daily use.,Uma,0,2024-10-12 09:00:00
2132,876,ZL00876,3,Not bad at all,"Would appreciate more colour options, but this shade works for me.",Marcus,0,2024-10-06 09:00:00
2133,876,ZL00876,3,Useful addition,Good value compared with similar products I have tried.,Zara,1,2024-08-21 09:00:00
2134,876,ZL00876,3,Reliable so far,Good value compared with similar products I have tried.,Quinn,0,2024-11-02 09:00:00
2135,877,ZL00877,3,Love this,Used it for two weeks and it holds up well for daily use.,Ben,0,2024-08-18 05:00:00
2136,877,ZL00877,4,Decent for the money,Works as advertised. Battery/performance is satisfactory so far.,Zara,0,2024-08-23 05:00:00
2137,877,ZL00877,5,Reliable so far,Good value compared with similar products I have tried.,Wei,0,2024-07-07 05:00:00
2138,877,ZL00877,5,Solid everyday pick,"Would appreciate more colour options, but this shade works for me.",Ben,1,2024-09-19 05:00:00
2139,878,ZL00878,5,Love this,Feels durable. A couple of small scuffs from shipping but fine overall.,Priya,1,2024-10-29 03:00:00
2140,878,ZL00878,4,Useful addition,Material quality is better than I expected at this price point.,Kai,1,2024-07-19 03:00:00
2141,879,ZL00879,5,Not bad at all,I bought this as a gift and the recipient liked it immediately.,Danial,1,2025-04-09 22:00:00
2142,879,ZL00879,4,Reliable so far,"Would appreciate more colour options, but this shade works for me.",Tom,0,2025-04-05 22:00:00
2143,880,ZL00880,4,Better than expected,Material quality is better than I expected at this price point.,Marcus,1,2025-02-15 11:00:00
2144,880,ZL00880,5,Love this,Used it for two weeks and it holds up well for daily use.,Elena,1,2025-04-05 11:00:00
2145,880,ZL00880,4,Happy with it,Packaging was neat and the item matched the listing details.,Ben,1,2025-03-24 11:00:00
2146,880,ZL00880,2,Arrived quickly,Feels durable. A couple of small scuffs from shipping but fine overall.,Quinn,1,2025-05-30 11:00:00
2147,881,ZL00881,3,Arrived quickly,I bought this as a gift and the recipient liked it immediately.,Tom,1,2024-08-22 02:00:00
2148,881,ZL00881,3,Exactly as described,I bought this as a gift and the recipient liked it immediately.,Grace,0,2024-09-16 02:00:00
2149,881,ZL00881,3,Useful addition,Used it for two weeks and it holds up well for daily use.,Elena,0,2024-06-30 02:00:00
2150,882,ZL00882,2,Good build quality,Material quality is better than I expected at this price point.,Lina,0,2024-04-19 17:00:00
2151,882,ZL00882,4,Not bad at all,Material quality is better than I expected at this price point.,Chloe,1,2024-04-12 17:00:00
2152,882,ZL00882,2,Not bad at all,Good value compared with similar products I have tried.,Ravi,0,2024-04-23 17:00:00
2153,883,ZL00883,3,Arrived quickly,Packaging was neat and the item matched the listing details.,Nora,0,2024-07-15 00:00:00
2154,883,ZL00883,4,Happy with it,I bought this as a gift and the recipient liked it immediately.,Nora,1,2024-08-12 00:00:00
2155,884,ZL00884,4,Decent for the money,Used it for two weeks and it holds up well for daily use.,Zara,1,2024-11-18 03:00:00
2156,884,ZL00884,4,Useful addition,Good value compared with similar products I have tried.,Farid,1,2024-11-07 03:00:00
2157,885,ZL00885,4,Would buy again,Feels durable. A couple of small scuffs from shipping but fine overall.,Marcus,0,2024-02-26 19:00:00
2158,885,ZL00885,5,Exactly as described,Feels durable. A couple of small scuffs from shipping but fine overall.,Ravi,1,2024-01-09 19:00:00
2159,886,ZL00886,4,Solid everyday pick,"Would appreciate more colour options, but this shade works for me.",Victor,1,2024-05-26 21:00:00
2160,886,ZL00886,3,Decent for the money,Used it for two weeks and it holds up well for daily use.,Ben,1,2024-08-13 21:00:00
2161,886,ZL00886,4,Arrived quickly,I bought this as a gift and the recipient liked it immediately.,Elena,0,2024-06-13 21:00:00
2162,887,ZL00887,4,Would buy again,Instructions were clear and setup took only a few minutes.,Quinn,1,2025-01-30 19:00:00
2163,887,ZL00887,5,Solid everyday pick,Material quality is better than I expected at this price point.,Uma,0,2024-11-25 19:00:00
2164,887,ZL00887,4,Would buy again,Colour is accurate and sizing feels true based on the chart.,Ravi,1,2025-01-03 19:00:00
2165,888,ZL00888,3,Nice finish,"Would appreciate more colour options, but this shade works for me.",Yasmin,1,2025-06-30 14:00:00
2166,889,ZL00889,4,Good build quality,Colour is accurate and sizing feels true based on the chart.,Kai,1,2025-01-03 21:00:00
2167,889,ZL00889,2,Not bad at all,Feels durable. A couple of small scuffs from shipping but fine overall.,Ivy,1,2025-02-01 21:00:00
2168,889,ZL00889,2,Not bad at all,Colour is accurate and sizing feels true based on the chart.,Jonas,1,2025-02-08 21:00:00
2169,890,ZL00890,3,Decent for the money,I bought this as a gift and the recipient liked it immediately.,Quinn,1,2024-06-05 09:00:00
2170,891,ZL00891,5,Good build quality,Good value compared with similar products I have tried.,Quinn,1,2024-07-27 18:00:00
2171,892,ZL00892,5,Better than expected,Good value compared with similar products I have tried.,Ben,1,2024-05-23 00:00:00
2172,893,ZL00893,3,Nice finish,Instructions were clear and setup took only a few minutes.,Lina,1,2024-04-09 20:00:00
2173,893,ZL00893,4,Nice finish,"Would appreciate more colour options, but this shade works for me.",Siti,0,2024-04-22 20:00:00
2174,894,ZL00894,3,Worth the price,Good value compared with similar products I have tried.,Quinn,1,2024-03-26 12:00:00
2175,894,ZL00894,4,Happy with it,Works as advertised. Battery/performance is satisfactory so far.,Tom,1,2024-05-07 12:00:00
2176,895,ZL00895,5,Arrived quickly,Good value compared with similar products I have tried.,Uma,1,2024-12-07 14:00:00
2177,895,ZL00895,2,Good build quality,Instructions were clear and setup took only a few minutes.,Yasmin,1,2025-02-28 14:00:00
2178,895,ZL00895,4,Good build quality,Feels durable. A couple of small scuffs from shipping but fine overall.,Zara,0,2024-12-21 14:00:00
2179,896,ZL00896,3,Arrived quickly,Works as advertised. Battery/performance is satisfactory so far.,Zara,1,2025-06-15 10:00:00
2180,896,ZL00896,3,Exactly as described,Material quality is better than I expected at this price point.,Ben,1,2025-04-27 10:00:00
2181,897,ZL00897,2,Happy with it,"Would appreciate more colour options, but this shade works for me.",Marcus,0,2024-12-20 11:00:00
2182,897,ZL00897,5,Decent for the money,Material quality is better than I expected at this price point.,Quinn,1,2025-01-18 11:00:00
2183,898,ZL00898,3,Decent for the money,Material quality is better than I expected at this price point.,Yasmin,0,2025-04-07 08:00:00
2184,898,ZL00898,3,Useful addition,I bought this as a gift and the recipient liked it immediately.,Aisha,1,2025-06-03 08:00:00
2185,898,ZL00898,3,Arrived quickly,I bought this as a gift and the recipient liked it immediately.,Jonas,1,2025-05-08 08:00:00
2186,899,ZL00899,3,Worth the price,Instructions were clear and setup took only a few minutes.,Chloe,1,2025-01-20 16:00:00
2187,899,ZL00899,3,Decent for the money,Feels durable. A couple of small scuffs from shipping but fine overall.,Quinn,0,2025-04-02 16:00:00
2188,900,ZL00900,4,Arrived quickly,Works as advertised. Battery/performance is satisfactory so far.,Priya,1,2024-10-09 05:00:00
2189,901,ZL00901,5,Worth the price,"Would appreciate more colour options, but this shade works for me.",Wei,0,2024-10-13 16:00:00
2190,901,ZL00901,3,Nice finish,I bought this as a gift and the recipient liked it immediately.,Ivy,1,2024-10-10 16:00:00
2191,902,ZL00902,3,Nice finish,Material quality is better than I expected at this price point.,Ben,0,2024-01-08 09:00:00
2192,902,ZL00902,3,Exactly as described,"Would appreciate more colour options, but this shade works for me.",Zara,0,2024-03-23 09:00:00
2193,902,ZL00902,2,Not bad at all,I bought this as a gift and the recipient liked it immediately.,Victor,1,2024-02-22 09:00:00
2194,902,ZL00902,2,Happy with it,Feels durable. A couple of small scuffs from shipping but fine overall.,Tom,1,2024-01-17 09:00:00
2195,903,ZL00903,3,Worth the price,I bought this as a gift and the recipient liked it immediately.,Uma,0,2024-09-22 15:00:00
2196,903,ZL00903,2,Arrived quickly,Instructions were clear and setup took only a few minutes.,Grace,1,2024-11-11 15:00:00
2197,904,ZL00904,4,Good build quality,Works as advertised. Battery/performance is satisfactory so far.,Quinn,1,2024-07-26 09:00:00
2198,904,ZL00904,4,Arrived quickly,Packaging was neat and the item matched the listing details.,Danial,0,2024-08-19 09:00:00
2199,905,ZL00905,5,Happy with it,Works as advertised. Battery/performance is satisfactory so far.,Danial,0,2025-05-03 09:00:00
2200,905,ZL00905,4,Happy with it,"Would appreciate more colour options, but this shade works for me.",Jonas,1,2025-08-11 09:00:00
2201,905,ZL00905,5,Arrived quickly,Used it for two weeks and it holds up well for daily use.,Jonas,0,2025-06-08 09:00:00
2202,905,ZL00905,4,Solid everyday pick,I bought this as a gift and the recipient liked it immediately.,Yasmin,1,2025-08-03 09:00:00
2203,906,ZL00906,3,Not bad at all,Material quality is better than I expected at this price point.,Tom,1,2025-01-29 00:00:00
2204,907,ZL00907,3,Solid everyday pick,Good value compared with similar products I have tried.,Aisha,1,2024-09-23 14:00:00
2205,907,ZL00907,4,Better than expected,Good value compared with similar products I have tried.,Siti,1,2024-08-25 14:00:00
2206,907,ZL00907,3,Not bad at all,Material quality is better than I expected at this price point.,Danial,1,2024-10-16 14:00:00
2207,907,ZL00907,5,Decent for the money,"Would appreciate more colour options, but this shade works for me.",Nora,1,2024-11-10 14:00:00
2208,908,ZL00908,4,Reliable so far,Instructions were clear and setup took only a few minutes.,Chloe,1,2024-11-20 17:00:00
2209,908,ZL00908,4,Would buy again,Colour is accurate and sizing feels true based on the chart.,Farid,0,2025-02-06 17:00:00
2210,909,ZL00909,3,Nice finish,Used it for two weeks and it holds up well for daily use.,Marcus,0,2024-11-11 09:00:00
2211,910,ZL00910,3,Better than expected,Used it for two weeks and it holds up well for daily use.,Wei,1,2025-08-03 02:00:00
2212,910,ZL00910,4,Happy with it,Material quality is better than I expected at this price point.,Farid,1,2025-07-25 02:00:00
2213,910,ZL00910,3,Happy with it,Instructions were clear and setup took only a few minutes.,Yasmin,1,2025-05-08 02:00:00
2214,910,ZL00910,4,Nice finish,Instructions were clear and setup took only a few minutes.,Jonas,0,2025-07-17 02:00:00
2215,911,ZL00911,5,Not bad at all,Colour is accurate and sizing feels true based on the chart.,Hassan,1,2024-03-05 08:00:00
2216,912,ZL00912,4,Decent for the money,Packaging was neat and the item matched the listing details.,Zara,1,2024-06-16 00:00:00
2217,912,ZL00912,4,Solid everyday pick,Colour is accurate and sizing feels true based on the chart.,Nora,1,2024-05-08 00:00:00
2218,912,ZL00912,4,Would buy again,Instructions were clear and setup took only a few minutes.,Danial,0,2024-04-29 00:00:00
2219,912,ZL00912,4,Would buy again,I bought this as a gift and the recipient liked it immediately.,Omar,1,2024-05-01 00:00:00
2220,913,ZL00913,3,Reliable so far,Good value compared with similar products I have tried.,Hassan,1,2025-02-17 13:00:00
2221,913,ZL00913,5,Exactly as described,Instructions were clear and setup took only a few minutes.,Aisha,1,2025-03-19 13:00:00
2222,914,ZL00914,5,Useful addition,"Would appreciate more colour options, but this shade works for me.",Wei,1,2024-05-19 21:00:00
2223,914,ZL00914,5,Nice finish,Colour is accurate and sizing feels true based on the chart.,Wei,0,2024-04-09 21:00:00
2224,914,ZL00914,3,Arrived quickly,Instructions were clear and setup took only a few minutes.,Wei,0,2024-05-18 21:00:00
2225,914,ZL00914,5,Love this,Used it for two weeks and it holds up well for daily use.,Victor,1,2024-02-02 21:00:00
2226,915,ZL00915,4,Would buy again,Colour is accurate and sizing feels true based on the chart.,Jonas,0,2024-07-23 09:00:00
2227,915,ZL00915,5,Useful addition,Good value compared with similar products I have tried.,Lina,0,2024-09-11 09:00:00
2228,916,ZL00916,5,Happy with it,"Would appreciate more colour options, but this shade works for me.",Tom,1,2025-04-07 07:00:00
2229,916,ZL00916,4,Would buy again,Used it for two weeks and it holds up well for daily use.,Omar,1,2025-05-03 07:00:00
2230,916,ZL00916,5,Arrived quickly,Used it for two weeks and it holds up well for daily use.,Chloe,1,2025-03-15 07:00:00
2231,917,ZL00917,3,Happy with it,Colour is accurate and sizing feels true based on the chart.,Hassan,0,2025-05-21 08:00:00
2232,918,ZL00918,5,Decent for the money,Instructions were clear and setup took only a few minutes.,Omar,0,2025-07-08 15:00:00
2233,919,ZL00919,5,Not bad at all,Material quality is better than I expected at this price point.,Uma,0,2024-10-31 21:00:00
2234,919,ZL00919,3,Love this,I bought this as a gift and the recipient liked it immediately.,Victor,0,2024-09-22 21:00:00
2235,919,ZL00919,3,Useful addition,Instructions were clear and setup took only a few minutes.,Nora,0,2024-11-24 21:00:00
2236,919,ZL00919,3,Nice finish,Used it for two weeks and it holds up well for daily use.,Priya,1,2024-11-23 21:00:00
2237,920,ZL00920,3,Reliable so far,Material quality is better than I expected at this price point.,Ivy,0,2024-10-12 11:00:00
2238,920,ZL00920,4,Happy with it,Feels durable. A couple of small scuffs from shipping but fine overall.,Lina,0,2024-10-12 11:00:00
2239,920,ZL00920,4,Better than expected,Instructions were clear and setup took only a few minutes.,Victor,1,2024-08-05 11:00:00
2240,921,ZL00921,2,Worth the price,Material quality is better than I expected at this price point.,Victor,1,2025-01-05 08:00:00
2241,922,ZL00922,4,Better than expected,Colour is accurate and sizing feels true based on the chart.,Nora,0,2024-04-13 20:00:00
2242,923,ZL00923,3,Reliable so far,"Would appreciate more colour options, but this shade works for me.",Farid,1,2025-05-08 15:00:00
2243,923,ZL00923,5,Love this,Used it for two weeks and it holds up well for daily use.,Ivy,1,2025-05-22 15:00:00
2244,923,ZL00923,4,Decent for the money,Packaging was neat and the item matched the listing details.,Victor,0,2025-07-02 15:00:00
2245,923,ZL00923,2,Decent for the money,Works as advertised. Battery/performance is satisfactory so far.,Tom,1,2025-08-21 15:00:00
2246,924,ZL00924,2,Decent for the money,Good value compared with similar products I have tried.,Nora,0,2024-07-05 09:00:00
2247,925,ZL00925,5,Solid everyday pick,Packaging was neat and the item matched the listing details.,Chloe,1,2024-08-25 13:00:00
2248,925,ZL00925,3,Good build quality,Works as advertised. Battery/performance is satisfactory so far.,Lina,1,2024-10-02 13:00:00
2249,926,ZL00926,5,Would buy again,I bought this as a gift and the recipient liked it immediately.,Omar,0,2024-06-10 13:00:00
2250,926,ZL00926,5,Useful addition,Instructions were clear and setup took only a few minutes.,Nora,1,2024-04-08 13:00:00
2251,927,ZL00927,3,Exactly as described,Feels durable. A couple of small scuffs from shipping but fine overall.,Tom,1,2025-05-13 15:00:00
2252,928,ZL00928,5,Reliable so far,Instructions were clear and setup took only a few minutes.,Kai,0,2025-05-17 18:00:00
2253,928,ZL00928,2,Decent for the money,Works as advertised. Battery/performance is satisfactory so far.,Hassan,1,2025-08-27 18:00:00
2254,928,ZL00928,5,Useful addition,Packaging was neat and the item matched the listing details.,Chloe,1,2025-07-05 18:00:00
2255,928,ZL00928,4,Better than expected,I bought this as a gift and the recipient liked it immediately.,Ben,1,2025-06-18 18:00:00
2256,929,ZL00929,5,Not bad at all,Used it for two weeks and it holds up well for daily use.,Quinn,0,2024-08-26 22:00:00
2257,930,ZL00930,5,Reliable so far,Colour is accurate and sizing feels true based on the chart.,Omar,0,2024-08-26 10:00:00
2258,930,ZL00930,3,Good build quality,Packaging was neat and the item matched the listing details.,Priya,1,2024-07-10 10:00:00
2259,931,ZL00931,4,Exactly as described,Used it for two weeks and it holds up well for daily use.,Chloe,1,2025-07-07 07:00:00
2260,931,ZL00931,5,Not bad at all,Colour is accurate and sizing feels true based on the chart.,Danial,1,2025-06-15 07:00:00
2261,931,ZL00931,5,Love this,Used it for two weeks and it holds up well for daily use.,Siti,1,2025-05-21 07:00:00
2262,931,ZL00931,4,Worth the price,Instructions were clear and setup took only a few minutes.,Jonas,1,2025-06-13 07:00:00
2263,932,ZL00932,5,Would buy again,I bought this as a gift and the recipient liked it immediately.,Lina,0,2025-03-11 14:00:00
2264,932,ZL00932,4,Love this,I bought this as a gift and the recipient liked it immediately.,Lina,0,2025-01-09 14:00:00
2265,932,ZL00932,5,Arrived quickly,"Would appreciate more colour options, but this shade works for me.",Omar,0,2025-01-08 14:00:00
2266,933,ZL00933,3,Solid everyday pick,Works as advertised. Battery/performance is satisfactory so far.,Grace,1,2025-02-12 15:00:00
2267,933,ZL00933,3,Better than expected,Packaging was neat and the item matched the listing details.,Uma,1,2025-04-10 15:00:00
2268,934,ZL00934,5,Love this,Feels durable. A couple of small scuffs from shipping but fine overall.,Siti,0,2024-02-29 16:00:00
2269,934,ZL00934,4,Better than expected,I bought this as a gift and the recipient liked it immediately.,Lina,1,2024-04-17 16:00:00
2270,935,ZL00935,2,Decent for the money,Good value compared with similar products I have tried.,Jonas,1,2024-05-15 03:00:00
2271,935,ZL00935,4,Solid everyday pick,Instructions were clear and setup took only a few minutes.,Nora,1,2024-04-30 03:00:00
2272,936,ZL00936,3,Good build quality,Instructions were clear and setup took only a few minutes.,Ravi,0,2024-08-19 06:00:00
2273,936,ZL00936,2,Useful addition,Feels durable. A couple of small scuffs from shipping but fine overall.,Grace,1,2024-11-09 06:00:00
2274,937,ZL00937,4,Exactly as described,"Would appreciate more colour options, but this shade works for me.",Danial,0,2024-07-03 14:00:00
2275,937,ZL00937,3,Better than expected,"Would appreciate more colour options, but this shade works for me.",Victor,1,2024-06-08 14:00:00
2276,938,ZL00938,3,Better than expected,Feels durable. A couple of small scuffs from shipping but fine overall.,Siti,1,2024-04-13 16:00:00
2277,939,ZL00939,3,Worth the price,Colour is accurate and sizing feels true based on the chart.,Grace,1,2024-11-08 08:00:00
2278,940,ZL00940,4,Reliable so far,Feels durable. A couple of small scuffs from shipping but fine overall.,Danial,1,2024-10-12 11:00:00
2279,940,ZL00940,3,Nice finish,Material quality is better than I expected at this price point.,Uma,0,2024-11-02 11:00:00
2280,940,ZL00940,4,Nice finish,Instructions were clear and setup took only a few minutes.,Priya,1,2024-12-02 11:00:00
2281,941,ZL00941,3,Exactly as described,"Would appreciate more colour options, but this shade works for me.",Elena,1,2024-12-26 14:00:00
2282,941,ZL00941,2,Exactly as described,"Would appreciate more colour options, but this shade works for me.",Ivy,1,2024-12-29 14:00:00
2283,942,ZL00942,2,Exactly as described,Good value compared with similar products I have tried.,Priya,1,2024-03-11 21:00:00
2284,943,ZL00943,4,Nice finish,Good value compared with similar products I have tried.,Wei,1,2025-04-17 05:00:00
2285,944,ZL00944,4,Good build quality,Colour is accurate and sizing feels true based on the chart.,Danial,1,2025-05-27 18:00:00
2286,945,ZL00945,4,Not bad at all,Feels durable. A couple of small scuffs from shipping but fine overall.,Chloe,1,2024-10-26 09:00:00
2287,945,ZL00945,5,Love this,Feels durable. A couple of small scuffs from shipping but fine overall.,Kai,1,2024-10-01 09:00:00
2288,945,ZL00945,2,Arrived quickly,Instructions were clear and setup took only a few minutes.,Hassan,0,2024-10-18 09:00:00
2289,945,ZL00945,2,Useful addition,Good value compared with similar products I have tried.,Ivy,1,2024-10-21 09:00:00
2290,946,ZL00946,4,Solid everyday pick,Packaging was neat and the item matched the listing details.,Kai,1,2025-02-24 17:00:00
2291,946,ZL00946,3,Love this,I bought this as a gift and the recipient liked it immediately.,Kai,1,2025-02-10 17:00:00
2292,946,ZL00946,4,Good build quality,"Would appreciate more colour options, but this shade works for me.",Ivy,1,2025-02-06 17:00:00
2293,946,ZL00946,4,Reliable so far,Material quality is better than I expected at this price point.,Grace,1,2024-11-20 17:00:00
2294,947,ZL00947,3,Love this,Packaging was neat and the item matched the listing details.,Omar,1,2024-02-13 15:00:00
2295,948,ZL00948,3,Happy with it,Instructions were clear and setup took only a few minutes.,Uma,1,2024-06-25 11:00:00
2296,948,ZL00948,2,Happy with it,Good value compared with similar products I have tried.,Danial,1,2024-08-02 11:00:00
2297,948,ZL00948,5,Exactly as described,I bought this as a gift and the recipient liked it immediately.,Lina,1,2024-06-15 11:00:00
2298,949,ZL00949,3,Useful addition,Material quality is better than I expected at this price point.,Elena,1,2024-04-10 14:00:00
2299,949,ZL00949,5,Nice finish,Colour is accurate and sizing feels true based on the chart.,Uma,1,2024-03-22 14:00:00
2300,950,ZL00950,3,Useful addition,"Would appreciate more colour options, but this shade works for me.",Grace,1,2024-07-20 12:00:00
2301,951,ZL00951,3,Better than expected,Instructions were clear and setup took only a few minutes.,Lina,0,2025-07-02 04:00:00
2302,952,ZL00952,2,Exactly as described,Instructions were clear and setup took only a few minutes.,Marcus,1,2024-02-23 12:00:00
2303,952,ZL00952,4,Worth the price,Packaging was neat and the item matched the listing details.,Jonas,1,2024-06-01 12:00:00
2304,952,ZL00952,5,Would buy again,Material quality is better than I expected at this price point.,Marcus,1,2024-02-28 12:00:00
2305,952,ZL00952,2,Better than expected,Material quality is better than I expected at this price point.,Tom,1,2024-03-14 12:00:00
2306,953,ZL00953,5,Good build quality,"Would appreciate more colour options, but this shade works for me.",Jonas,1,2024-11-06 13:00:00
2307,954,ZL00954,3,Happy with it,I bought this as a gift and the recipient liked it immediately.,Omar,0,2024-08-01 04:00:00
2308,955,ZL00955,4,Worth the price,Works as advertised. Battery/performance is satisfactory so far.,Quinn,1,2024-12-05 03:00:00
2309,955,ZL00955,5,Would buy again,Colour is accurate and sizing feels true based on the chart.,Chloe,0,2025-02-12 03:00:00
2310,956,ZL00956,5,Worth the price,Colour is accurate and sizing feels true based on the chart.,Wei,1,2024-11-21 19:00:00
2311,956,ZL00956,5,Good build quality,Used it for two weeks and it holds up well for daily use.,Priya,0,2024-12-22 19:00:00
2312,956,ZL00956,5,Decent for the money,Packaging was neat and the item matched the listing details.,Victor,0,2025-02-19 19:00:00
2313,957,ZL00957,4,Nice finish,Works as advertised. Battery/performance is satisfactory so far.,Farid,1,2025-04-12 09:00:00
2314,957,ZL00957,4,Arrived quickly,Feels durable. A couple of small scuffs from shipping but fine overall.,Hassan,1,2025-01-01 09:00:00
2315,957,ZL00957,4,Nice finish,Material quality is better than I expected at this price point.,Kai,1,2025-01-29 09:00:00
2316,958,ZL00958,5,Not bad at all,Good value compared with similar products I have tried.,Tom,0,2025-04-12 23:00:00
2317,958,ZL00958,5,Love this,Material quality is better than I expected at this price point.,Chloe,1,2025-06-10 23:00:00
2318,959,ZL00959,5,Nice finish,"Would appreciate more colour options, but this shade works for me.",Danial,1,2024-09-26 03:00:00
2319,959,ZL00959,4,Useful addition,"Would appreciate more colour options, but this shade works for me.",Farid,1,2024-09-30 03:00:00
2320,959,ZL00959,5,Would buy again,Works as advertised. Battery/performance is satisfactory so far.,Omar,1,2024-09-26 03:00:00
2321,960,ZL00960,4,Solid everyday pick,Packaging was neat and the item matched the listing details.,Chloe,1,2024-05-23 12:00:00
2322,961,ZL00961,5,Not bad at all,Used it for two weeks and it holds up well for daily use.,Uma,1,2024-07-20 23:00:00
2323,962,ZL00962,5,Good build quality,Used it for two weeks and it holds up well for daily use.,Victor,1,2025-08-26 00:00:00
2324,962,ZL00962,4,Not bad at all,Packaging was neat and the item matched the listing details.,Ivy,1,2025-07-12 00:00:00
2325,962,ZL00962,4,Solid everyday pick,Feels durable. A couple of small scuffs from shipping but fine overall.,Hassan,0,2025-08-04 00:00:00
2326,962,ZL00962,5,Worth the price,I bought this as a gift and the recipient liked it immediately.,Uma,1,2025-08-30 00:00:00
2327,963,ZL00963,4,Happy with it,Material quality is better than I expected at this price point.,Grace,1,2025-04-11 17:00:00
2328,963,ZL00963,3,Better than expected,Colour is accurate and sizing feels true based on the chart.,Priya,1,2025-02-07 17:00:00
2329,963,ZL00963,4,Good build quality,Colour is accurate and sizing feels true based on the chart.,Ivy,1,2025-05-05 17:00:00
2330,963,ZL00963,5,Happy with it,Packaging was neat and the item matched the listing details.,Quinn,1,2025-03-22 17:00:00
2331,964,ZL00964,5,Exactly as described,Packaging was neat and the item matched the listing details.,Ivy,0,2024-06-13 19:00:00
2332,964,ZL00964,4,Nice finish,Instructions were clear and setup took only a few minutes.,Farid,1,2024-05-26 19:00:00
2333,964,ZL00964,4,Not bad at all,Works as advertised. Battery/performance is satisfactory so far.,Grace,1,2024-03-30 19:00:00
2334,964,ZL00964,5,Good build quality,Material quality is better than I expected at this price point.,Lina,1,2024-05-09 19:00:00
2335,965,ZL00965,4,Not bad at all,Instructions were clear and setup took only a few minutes.,Victor,0,2024-10-23 11:00:00
2336,965,ZL00965,3,Not bad at all,Colour is accurate and sizing feels true based on the chart.,Omar,1,2024-09-24 11:00:00
2337,965,ZL00965,5,Useful addition,Packaging was neat and the item matched the listing details.,Omar,0,2024-09-24 11:00:00
2338,965,ZL00965,4,Love this,Packaging was neat and the item matched the listing details.,Siti,1,2024-09-25 11:00:00
2339,966,ZL00966,5,Useful addition,Works as advertised. Battery/performance is satisfactory so far.,Quinn,1,2024-12-23 10:00:00
2340,966,ZL00966,2,Nice finish,Colour is accurate and sizing feels true based on the chart.,Jonas,1,2024-12-21 10:00:00
2341,966,ZL00966,2,Exactly as described,Material quality is better than I expected at this price point.,Grace,1,2024-12-31 10:00:00
2342,967,ZL00967,5,Arrived quickly,"Would appreciate more colour options, but this shade works for me.",Siti,0,2024-05-15 03:00:00
2343,967,ZL00967,3,Reliable so far,Colour is accurate and sizing feels true based on the chart.,Uma,1,2024-08-05 03:00:00
2344,967,ZL00967,4,Love this,Packaging was neat and the item matched the listing details.,Tom,1,2024-08-10 03:00:00
2345,968,ZL00968,4,Happy with it,Instructions were clear and setup took only a few minutes.,Siti,1,2025-04-25 01:00:00
2346,968,ZL00968,5,Arrived quickly,Used it for two weeks and it holds up well for daily use.,Ben,1,2025-05-23 01:00:00
2347,969,ZL00969,3,Decent for the money,Colour is accurate and sizing feels true based on the chart.,Hassan,1,2024-07-19 07:00:00
2348,969,ZL00969,2,Reliable so far,Instructions were clear and setup took only a few minutes.,Hassan,1,2024-04-08 07:00:00
2349,969,ZL00969,5,Would buy again,Good value compared with similar products I have tried.,Ravi,1,2024-05-23 07:00:00
2350,970,ZL00970,2,Arrived quickly,Good value compared with similar products I have tried.,Zara,1,2025-04-22 09:00:00
2351,970,ZL00970,2,Solid everyday pick,Packaging was neat and the item matched the listing details.,Aisha,1,2025-02-25 09:00:00
2352,971,ZL00971,4,Useful addition,Feels durable. A couple of small scuffs from shipping but fine overall.,Yasmin,1,2024-07-13 10:00:00
2353,971,ZL00971,4,Decent for the money,Colour is accurate and sizing feels true based on the chart.,Omar,0,2024-07-05 10:00:00
2354,972,ZL00972,2,Love this,Works as advertised. Battery/performance is satisfactory so far.,Quinn,0,2025-02-25 12:00:00
2355,973,ZL00973,3,Arrived quickly,Colour is accurate and sizing feels true based on the chart.,Ben,1,2024-02-21 05:00:00
2356,974,ZL00974,4,Useful addition,Material quality is better than I expected at this price point.,Ivy,1,2024-10-28 06:00:00
2357,974,ZL00974,5,Useful addition,Used it for two weeks and it holds up well for daily use.,Wei,0,2024-11-22 06:00:00
2358,974,ZL00974,5,Not bad at all,Used it for two weeks and it holds up well for daily use.,Ravi,1,2025-01-02 06:00:00
2359,974,ZL00974,4,Solid everyday pick,"Would appreciate more colour options, but this shade works for me.",Elena,1,2024-11-24 06:00:00
2360,975,ZL00975,4,Nice finish,Feels durable. A couple of small scuffs from shipping but fine overall.,Ben,1,2025-08-19 03:00:00
2361,976,ZL00976,4,Not bad at all,Instructions were clear and setup took only a few minutes.,Aisha,1,2025-02-11 00:00:00
2362,976,ZL00976,3,Decent for the money,Colour is accurate and sizing feels true based on the chart.,Farid,1,2025-02-16 00:00:00
2363,977,ZL00977,5,Better than expected,I bought this as a gift and the recipient liked it immediately.,Tom,1,2025-04-04 10:00:00
2364,978,ZL00978,5,Not bad at all,Works as advertised. Battery/performance is satisfactory so far.,Ravi,1,2024-10-06 05:00:00
2365,979,ZL00979,3,Happy with it,Works as advertised. Battery/performance is satisfactory so far.,Wei,1,2024-10-27 10:00:00
2366,979,ZL00979,2,Solid everyday pick,Feels durable. A couple of small scuffs from shipping but fine overall.,Nora,1,2024-10-07 10:00:00
2367,979,ZL00979,5,Decent for the money,Packaging was neat and the item matched the listing details.,Chloe,1,2024-12-31 10:00:00
2368,979,ZL00979,5,Worth the price,I bought this as a gift and the recipient liked it immediately.,Marcus,1,2024-11-26 10:00:00
2369,980,ZL00980,4,Happy with it,Instructions were clear and setup took only a few minutes.,Quinn,1,2025-03-20 09:00:00
2370,980,ZL00980,3,Love this,Colour is accurate and sizing feels true based on the chart.,Yasmin,1,2025-03-20 09:00:00
2371,980,ZL00980,5,Would buy again,I bought this as a gift and the recipient liked it immediately.,Kai,1,2024-12-24 09:00:00
2372,980,ZL00980,5,Not bad at all,Works as advertised. Battery/performance is satisfactory so far.,Wei,1,2024-11-25 09:00:00
2373,981,ZL00981,4,Better than expected,Feels durable. A couple of small scuffs from shipping but fine overall.,Grace,0,2025-03-25 08:00:00
2374,981,ZL00981,5,Worth the price,Works as advertised. Battery/performance is satisfactory so far.,Chloe,0,2025-06-02 08:00:00
2375,981,ZL00981,4,Reliable so far,I bought this as a gift and the recipient liked it immediately.,Danial,0,2025-03-05 08:00:00
2376,981,ZL00981,4,Worth the price,"Would appreciate more colour options, but this shade works for me.",Zara,1,2025-03-11 08:00:00
2377,982,ZL00982,3,Decent for the money,Feels durable. A couple of small scuffs from shipping but fine overall.,Danial,1,2024-09-20 23:00:00
2378,983,ZL00983,3,Nice finish,"Would appreciate more colour options, but this shade works for me.",Marcus,1,2024-02-21 05:00:00
2379,983,ZL00983,5,Reliable so far,Works as advertised. Battery/performance is satisfactory so far.,Ben,1,2024-04-28 05:00:00
2380,983,ZL00983,5,Happy with it,Instructions were clear and setup took only a few minutes.,Ivy,1,2024-04-13 05:00:00
2381,983,ZL00983,5,Not bad at all,"Would appreciate more colour options, but this shade works for me.",Danial,1,2024-02-27 05:00:00
2382,984,ZL00984,5,Would buy again,Feels durable. A couple of small scuffs from shipping but fine overall.,Jonas,1,2024-03-20 04:00:00
2383,984,ZL00984,5,Arrived quickly,I bought this as a gift and the recipient liked it immediately.,Wei,0,2024-05-19 04:00:00
2384,985,ZL00985,5,Would buy again,Colour is accurate and sizing feels true based on the chart.,Omar,1,2025-03-06 06:00:00
2385,985,ZL00985,3,Arrived quickly,Feels durable. A couple of small scuffs from shipping but fine overall.,Grace,1,2025-01-11 06:00:00
2386,986,ZL00986,5,Arrived quickly,Colour is accurate and sizing feels true based on the chart.,Ben,1,2024-07-14 23:00:00
2387,986,ZL00986,4,Solid everyday pick,Packaging was neat and the item matched the listing details.,Danial,1,2024-06-05 23:00:00
2388,986,ZL00986,4,Better than expected,Good value compared with similar products I have tried.,Ben,1,2024-08-06 23:00:00
2389,986,ZL00986,3,Not bad at all,Material quality is better than I expected at this price point.,Ben,1,2024-08-13 23:00:00
2390,987,ZL00987,4,Worth the price,I bought this as a gift and the recipient liked it immediately.,Omar,1,2024-06-07 05:00:00
2391,987,ZL00987,4,Worth the price,Colour is accurate and sizing feels true based on the chart.,Zara,1,2024-04-01 05:00:00
2392,987,ZL00987,4,Would buy again,Packaging was neat and the item matched the listing details.,Tom,1,2024-04-12 05:00:00
2393,988,ZL00988,3,Better than expected,Works as advertised. Battery/performance is satisfactory so far.,Grace,1,2024-12-13 19:00:00
2394,988,ZL00988,4,Decent for the money,I bought this as a gift and the recipient liked it immediately.,Grace,1,2024-12-08 19:00:00
2395,988,ZL00988,5,Would buy again,Feels durable. A couple of small scuffs from shipping but fine overall.,Ravi,1,2024-10-23 19:00:00
2396,988,ZL00988,3,Decent for the money,I bought this as a gift and the recipient liked it immediately.,Lina,1,2024-12-15 19:00:00
2397,989,ZL00989,3,Exactly as described,Works as advertised. Battery/performance is satisfactory so far.,Jonas,1,2025-06-26 08:00:00
2398,990,ZL00990,4,Better than expected,Feels durable. A couple of small scuffs from shipping but fine overall.,Zara,1,2025-04-28 05:00:00
2399,991,ZL00991,5,Exactly as described,Instructions were clear and setup took only a few minutes.,Marcus,1,2024-04-25 22:00:00
2400,992,ZL00992,5,Happy with it,I bought this as a gift and the recipient liked it immediately.,Ivy,0,2024-06-18 09:00:00
2401,992,ZL00992,5,Reliable so far,Colour is accurate and sizing feels true based on the chart.,Uma,1,2024-06-28 09:00:00
2402,992,ZL00992,5,Love this,Used it for two weeks and it holds up well for daily use.,Grace,1,2024-07-11 09:00:00
2403,993,ZL00993,3,Nice finish,Instructions were clear and setup took only a few minutes.,Ivy,1,2024-03-13 05:00:00
2404,993,ZL00993,2,Reliable so far,"Would appreciate more colour options, but this shade works for me.",Ben,0,2024-03-25 05:00:00
2405,993,ZL00993,5,Good build quality,Colour is accurate and sizing feels true based on the chart.,Chloe,1,2024-05-16 05:00:00
2406,994,ZL00994,3,Arrived quickly,Packaging was neat and the item matched the listing details.,Farid,1,2024-07-15 05:00:00
2407,994,ZL00994,4,Good build quality,I bought this as a gift and the recipient liked it immediately.,Uma,1,2024-06-12 05:00:00
2408,994,ZL00994,3,Love this,Instructions were clear and setup took only a few minutes.,Priya,1,2024-06-16 05:00:00
2409,995,ZL00995,3,Solid everyday pick,Feels durable. A couple of small scuffs from shipping but fine overall.,Victor,0,2024-02-07 20:00:00
2410,995,ZL00995,3,Would buy again,I bought this as a gift and the recipient liked it immediately.,Nora,1,2024-03-29 20:00:00
2411,995,ZL00995,3,Would buy again,Feels durable. A couple of small scuffs from shipping but fine overall.,Quinn,0,2024-04-10 20:00:00
2412,996,ZL00996,5,Solid everyday pick,Used it for two weeks and it holds up well for daily use.,Kai,1,2025-03-26 05:00:00
2413,996,ZL00996,3,Would buy again,Material quality is better than I expected at this price point.,Farid,1,2025-03-10 05:00:00
2414,997,ZL00997,4,Useful addition,"Would appreciate more colour options, but this shade works for me.",Kai,0,2025-09-01 05:00:00
2415,998,ZL00998,3,Love this,"Would appreciate more colour options, but this shade works for me.",Elena,1,2025-03-06 13:00:00
2416,998,ZL00998,3,Happy with it,"Would appreciate more colour options, but this shade works for me.",Danial,1,2025-03-02 13:00:00
2417,998,ZL00998,3,Decent for the money,Good value compared with similar products I have tried.,Zara,1,2025-03-01 13:00:00
2418,999,ZL00999,4,Better than expected,"Would appreciate more colour options, but this shade works for me.",Ravi,0,2024-10-30 13:00:00
2419,999,ZL00999,3,Arrived quickly,Instructions were clear and setup took only a few minutes.,Chloe,1,2024-12-09 13:00:00
2420,999,ZL00999,5,Not bad at all,Instructions were clear and setup took only a few minutes.,Wei,1,2024-12-19 13:00:00
2421,999,ZL00999,3,Happy with it,Used it for two weeks and it holds up well for daily use.,Priya,1,2024-10-17 13:00:00
2422,1000,ZL01000,4,Would buy again,Packaging was neat and the item matched the listing details.,Zara,1,2025-02-04 03:00:00
2423,1001,ZL01001,4,Would buy again,"Would appreciate more colour options, but this shade works for me.",Victor,1,2024-12-18 13:00:00
2424,1002,ZL01002,3,Happy with it,"Would appreciate more colour options, but this shade works for me.",Quinn,1,2024-05-18 14:00:00
2425,1002,ZL01002,4,Good build quality,Material quality is better than I expected at this price point.,Priya,1,2024-06-18 14:00:00
2426,1002,ZL01002,2,Not bad at all,I bought this as a gift and the recipient liked it immediately.,Ivy,0,2024-03-31 14:00:00
2427,1002,ZL01002,4,Would buy again,"Would appreciate more colour options, but this shade works for me.",Tom,1,2024-05-20 14:00:00
2428,1003,ZL01003,5,Reliable so far,Material quality is better than I expected at this price point.,Aisha,1,2024-08-03 19:00:00
2429,1003,ZL01003,2,Decent for the money,Used it for two weeks and it holds up well for daily use.,Ravi,0,2024-07-18 19:00:00
2430,1004,ZL01004,3,Decent for the money,Packaging was neat and the item matched the listing details.,Zara,1,2025-02-10 06:00:00
2431,1004,ZL01004,3,Better than expected,Feels durable. A couple of small scuffs from shipping but fine overall.,Zara,0,2025-05-05 06:00:00
2432,1004,ZL01004,3,Reliable so far,Works as advertised. Battery/performance is satisfactory so far.,Uma,0,2025-04-19 06:00:00
2433,1004,ZL01004,4,Not bad at all,Packaging was neat and the item matched the listing details.,Chloe,1,2025-04-05 06:00:00
2434,1005,ZL01005,3,Would buy again,Works as advertised. Battery/performance is satisfactory so far.,Yasmin,1,2024-04-25 23:00:00
2435,1005,ZL01005,4,Solid everyday pick,Instructions were clear and setup took only a few minutes.,Yasmin,1,2024-03-03 23:00:00
2436,1005,ZL01005,4,Useful addition,I bought this as a gift and the recipient liked it immediately.,Chloe,1,2024-05-19 23:00:00
2437,1006,ZL01006,3,Decent for the money,Colour is accurate and sizing feels true based on the chart.,Hassan,1,2024-06-27 07:00:00
2438,1006,ZL01006,3,Useful addition,Works as advertised. Battery/performance is satisfactory so far.,Jonas,0,2024-05-31 07:00:00
2439,1007,ZL01007,5,Nice finish,"Would appreciate more colour options, but this shade works for me.",Wei,1,2024-06-15 15:00:00
2440,1007,ZL01007,3,Good build quality,Used it for two weeks and it holds up well for daily use.,Aisha,1,2024-06-05 15:00:00
2441,1007,ZL01007,4,Worth the price,Feels durable. A couple of small scuffs from shipping but fine overall.,Ben,1,2024-05-05 15:00:00
2442,1008,ZL01008,3,Exactly as described,I bought this as a gift and the recipient liked it immediately.,Lina,1,2024-02-29 22:00:00
2443,1008,ZL01008,4,Would buy again,Material quality is better than I expected at this price point.,Farid,1,2024-06-08 22:00:00
2444,1008,ZL01008,3,Arrived quickly,Colour is accurate and sizing feels true based on the chart.,Quinn,1,2024-02-20 22:00:00
2445,1008,ZL01008,4,Not bad at all,I bought this as a gift and the recipient liked it immediately.,Aisha,1,2024-03-21 22:00:00
2446,1009,ZL01009,4,Solid everyday pick,Good value compared with similar products I have tried.,Hassan,1,2024-10-14 06:00:00
2447,1009,ZL01009,5,Useful addition,Packaging was neat and the item matched the listing details.,Farid,1,2024-09-10 06:00:00
2448,1009,ZL01009,3,Decent for the money,Works as advertised. Battery/performance is satisfactory so far.,Aisha,1,2024-09-21 06:00:00
2449,1010,ZL01010,3,Better than expected,Packaging was neat and the item matched the listing details.,Ivy,1,2024-04-23 16:00:00
2450,1010,ZL01010,3,Useful addition,Feels durable. A couple of small scuffs from shipping but fine overall.,Ravi,1,2024-05-30 16:00:00
2451,1011,ZL01011,4,Not bad at all,Feels durable. A couple of small scuffs from shipping but fine overall.,Chloe,1,2025-05-21 07:00:00
2452,1011,ZL01011,3,Nice finish,Instructions were clear and setup took only a few minutes.,Marcus,1,2025-02-10 07:00:00
2453,1011,ZL01011,5,Better than expected,Feels durable. A couple of small scuffs from shipping but fine overall.,Tom,1,2025-03-05 07:00:00
2454,1012,ZL01012,4,Better than expected,Good value compared with similar products I have tried.,Tom,0,2025-03-10 01:00:00
2455,1012,ZL01012,4,Better than expected,Used it for two weeks and it holds up well for daily use.,Priya,1,2024-12-06 01:00:00
2456,1012,ZL01012,5,Would buy again,Used it for two weeks and it holds up well for daily use.,Farid,1,2024-12-22 01:00:00
2457,1012,ZL01012,3,Useful addition,Packaging was neat and the item matched the listing details.,Ben,1,2024-12-30 01:00:00
2458,1013,ZL01013,4,Good build quality,Works as advertised. Battery/performance is satisfactory so far.,Omar,1,2024-09-10 20:00:00
2459,1013,ZL01013,5,Not bad at all,Good value compared with similar products I have tried.,Tom,1,2024-07-10 20:00:00
2460,1013,ZL01013,4,Arrived quickly,Used it for two weeks and it holds up well for daily use.,Lina,0,2024-07-10 20:00:00
2461,1013,ZL01013,4,Happy with it,Feels durable. A couple of small scuffs from shipping but fine overall.,Wei,1,2024-10-12 20:00:00
2462,1014,ZL01014,3,Useful addition,Instructions were clear and setup took only a few minutes.,Aisha,0,2024-07-13 07:00:00
2463,1014,ZL01014,4,Not bad at all,Works as advertised. Battery/performance is satisfactory so far.,Ravi,0,2024-06-20 07:00:00
2464,1014,ZL01014,3,Happy with it,I bought this as a gift and the recipient liked it immediately.,Grace,1,2024-08-02 07:00:00
2465,1015,ZL01015,4,Solid everyday pick,Instructions were clear and setup took only a few minutes.,Marcus,1,2025-06-02 12:00:00
2466,1016,ZL01016,5,Arrived quickly,Instructions were clear and setup took only a few minutes.,Yasmin,1,2024-12-17 01:00:00
2467,1016,ZL01016,4,Reliable so far,Used it for two weeks and it holds up well for daily use.,Ivy,1,2024-11-27 01:00:00
2468,1017,ZL01017,4,Solid everyday pick,Feels durable. A couple of small scuffs from shipping but fine overall.,Omar,0,2024-08-25 01:00:00
2469,1017,ZL01017,3,Love this,Packaging was neat and the item matched the listing details.,Yasmin,0,2024-09-26 01:00:00
2470,1018,ZL01018,5,Better than expected,Packaging was neat and the item matched the listing details.,Priya,1,2024-12-12 05:00:00
2471,1019,ZL01019,5,Not bad at all,Good value compared with similar products I have tried.,Ivy,0,2024-06-29 15:00:00
2472,1019,ZL01019,4,Nice finish,"Would appreciate more colour options, but this shade works for me.",Grace,1,2024-06-22 15:00:00
2473,1019,ZL01019,5,Reliable so far,Feels durable. A couple of small scuffs from shipping but fine overall.,Marcus,1,2024-09-04 15:00:00
2474,1019,ZL01019,3,Reliable so far,Feels durable. A couple of small scuffs from shipping but fine overall.,Jonas,1,2024-08-23 15:00:00
2475,1020,ZL01020,4,Better than expected,Good value compared with similar products I have tried.,Omar,0,2024-10-01 14:00:00
2476,1020,ZL01020,4,Not bad at all,Used it for two weeks and it holds up well for daily use.,Wei,0,2024-08-04 14:00:00
2477,1020,ZL01020,4,Would buy again,Colour is accurate and sizing feels true based on the chart.,Ivy,1,2024-09-29 14:00:00
2478,1020,ZL01020,4,Useful addition,Packaging was neat and the item matched the listing details.,Zara,0,2024-08-15 14:00:00
2479,1021,ZL01021,2,Not bad at all,Instructions were clear and setup took only a few minutes.,Omar,1,2024-04-07 03:00:00
2480,1021,ZL01021,3,Not bad at all,Good value compared with similar products I have tried.,Uma,0,2024-05-18 03:00:00
2481,1022,ZL01022,3,Nice finish,Material quality is better than I expected at this price point.,Siti,1,2025-01-22 23:00:00
2482,1022,ZL01022,3,Decent for the money,Feels durable. A couple of small scuffs from shipping but fine overall.,Elena,1,2025-01-10 23:00:00
2483,1022,ZL01022,5,Decent for the money,"Would appreciate more colour options, but this shade works for me.",Aisha,0,2025-03-12 23:00:00
2484,1022,ZL01022,5,Not bad at all,Material quality is better than I expected at this price point.,Yasmin,0,2025-01-25 23:00:00
2485,1023,ZL01023,3,Nice finish,"Would appreciate more colour options, but this shade works for me.",Farid,1,2025-03-10 09:00:00
2486,1023,ZL01023,4,Exactly as described,"Would appreciate more colour options, but this shade works for me.",Siti,1,2025-01-06 09:00:00
2487,1024,ZL01024,5,Would buy again,I bought this as a gift and the recipient liked it immediately.,Ravi,1,2025-07-04 01:00:00
2488,1024,ZL01024,3,Reliable so far,Used it for two weeks and it holds up well for daily use.,Yasmin,1,2025-05-06 01:00:00
2489,1024,ZL01024,3,Decent for the money,"Would appreciate more colour options, but this shade works for me.",Priya,0,2025-06-23 01:00:00
2490,1025,ZL01025,3,Arrived quickly,Instructions were clear and setup took only a few minutes.,Uma,1,2024-06-15 04:00:00
2491,1025,ZL01025,4,Solid everyday pick,Used it for two weeks and it holds up well for daily use.,Grace,0,2024-05-15 04:00:00
2492,1025,ZL01025,4,Arrived quickly,Colour is accurate and sizing feels true based on the chart.,Kai,1,2024-04-15 04:00:00
2493,1026,ZL01026,5,Love this,"Would appreciate more colour options, but this shade works for me.",Ben,0,2024-10-07 21:00:00
2494,1026,ZL01026,5,Love this,Feels durable. A couple of small scuffs from shipping but fine overall.,Ravi,1,2024-08-02 21:00:00
2495,1026,ZL01026,2,Worth the price,Works as advertised. Battery/performance is satisfactory so far.,Priya,1,2024-08-21 21:00:00
2496,1026,ZL01026,3,Useful addition,Material quality is better than I expected at this price point.,Yasmin,0,2024-08-20 21:00:00
2497,1027,ZL01027,3,Exactly as described,Material quality is better than I expected at this price point.,Marcus,1,2024-06-22 07:00:00
2498,1027,ZL01027,4,Worth the price,Good value compared with similar products I have tried.,Hassan,1,2024-06-24 07:00:00
2499,1027,ZL01027,4,Love this,Used it for two weeks and it holds up well for daily use.,Tom,1,2024-05-22 07:00:00
2500,1027,ZL01027,3,Solid everyday pick,Used it for two weeks and it holds up well for daily use.,Jonas,0,2024-07-05 07:00:00
2501,1028,ZL01028,3,Happy with it,Works as advertised. Battery/performance is satisfactory so far.,Elena,0,2025-04-14 02:00:00
2502,1028,ZL01028,4,Exactly as described,I bought this as a gift and the recipient liked it immediately.,Siti,0,2025-06-30 02:00:00
2503,1029,ZL01029,4,Solid everyday pick,Colour is accurate and sizing feels true based on the chart.,Siti,1,2024-05-08 18:00:00
2504,1029,ZL01029,3,Not bad at all,Works as advertised. Battery/performance is satisfactory so far.,Victor,1,2024-04-01 18:00:00
2505,1030,ZL01030,5,Useful addition,Feels durable. A couple of small scuffs from shipping but fine overall.,Uma,1,2024-11-02 14:00:00
2506,1030,ZL01030,4,Not bad at all,I bought this as a gift and the recipient liked it immediately.,Kai,1,2024-11-07 14:00:00
2507,1030,ZL01030,4,Exactly as described,Material quality is better than I expected at this price point.,Kai,1,2024-11-03 14:00:00
2508,1031,ZL01031,3,Worth the price,"Would appreciate more colour options, but this shade works for me.",Hassan,1,2024-08-16 01:00:00
2509,1032,ZL01032,5,Love this,Feels durable. A couple of small scuffs from shipping but fine overall.,Aisha,1,2025-05-05 07:00:00
2510,1033,ZL01033,3,Would buy again,Used it for two weeks and it holds up well for daily use.,Ivy,1,2025-06-12 03:00:00
2511,1033,ZL01033,2,Solid everyday pick,Colour is accurate and sizing feels true based on the chart.,Tom,1,2025-05-29 03:00:00
2512,1033,ZL01033,3,Solid everyday pick,Colour is accurate and sizing feels true based on the chart.,Quinn,0,2025-07-04 03:00:00
2513,1034,ZL01034,5,Would buy again,Instructions were clear and setup took only a few minutes.,Wei,0,2024-10-22 16:00:00
2514,1035,ZL01035,4,Worth the price,I bought this as a gift and the recipient liked it immediately.,Kai,0,2024-10-11 12:00:00
2515,1036,ZL01036,5,Useful addition,Works as advertised. Battery/performance is satisfactory so far.,Uma,0,2025-05-10 22:00:00
2516,1036,ZL01036,3,Worth the price,Material quality is better than I expected at this price point.,Elena,0,2025-02-14 22:00:00
2517,1036,ZL01036,3,Good build quality,"Would appreciate more colour options, but this shade works for me.",Tom,0,2025-03-30 22:00:00
2518,1037,ZL01037,5,Arrived quickly,Used it for two weeks and it holds up well for daily use.,Farid,1,2025-02-18 00:00:00
2519,1038,ZL01038,3,Reliable so far,Material quality is better than I expected at this price point.,Lina,1,2024-12-23 07:00:00
2520,1038,ZL01038,4,Happy with it,Packaging was neat and the item matched the listing details.,Kai,1,2024-12-13 07:00:00
2521,1039,ZL01039,5,Happy with it,Used it for two weeks and it holds up well for daily use.,Ivy,0,2025-02-17 20:00:00
2522,1039,ZL01039,4,Would buy again,"Would appreciate more colour options, but this shade works for me.",Victor,1,2025-02-06 20:00:00
2523,1040,ZL01040,5,Love this,Colour is accurate and sizing feels true based on the chart.,Victor,0,2024-11-04 20:00:00
2524,1040,ZL01040,2,Happy with it,Instructions were clear and setup took only a few minutes.,Yasmin,0,2024-08-16 20:00:00
2525,1040,ZL01040,2,Decent for the money,Instructions were clear and setup took only a few minutes.,Ravi,1,2024-08-06 20:00:00
2526,1040,ZL01040,5,Not bad at all,Works as advertised. Battery/performance is satisfactory so far.,Yasmin,1,2024-11-10 20:00:00
2527,1041,ZL01041,4,Would buy again,Used it for two weeks and it holds up well for daily use.,Grace,1,2024-12-17 12:00:00
2528,1041,ZL01041,3,Happy with it,Colour is accurate and sizing feels true based on the chart.,Priya,0,2024-12-28 12:00:00
2529,1041,ZL01041,2,Would buy again,"Would appreciate more colour options, but this shade works for me.",Jonas,0,2024-12-27 12:00:00
2530,1042,ZL01042,3,Worth the price,Colour is accurate and sizing feels true based on the chart.,Marcus,1,2024-07-18 01:00:00
2531,1042,ZL01042,3,Solid everyday pick,"Would appreciate more colour options, but this shade works for me.",Nora,1,2024-06-24 01:00:00
2532,1043,ZL01043,3,Happy with it,Packaging was neat and the item matched the listing details.,Aisha,0,2025-05-04 22:00:00
2533,1043,ZL01043,4,Reliable so far,"Would appreciate more colour options, but this shade works for me.",Priya,0,2025-02-14 22:00:00
2534,1043,ZL01043,5,Solid everyday pick,Instructions were clear and setup took only a few minutes.,Ivy,1,2025-03-28 22:00:00
2535,1044,ZL01044,2,Would buy again,I bought this as a gift and the recipient liked it immediately.,Lina,1,2025-03-11 00:00:00
2536,1044,ZL01044,3,Would buy again,I bought this as a gift and the recipient liked it immediately.,Wei,1,2024-12-16 00:00:00
2537,1044,ZL01044,3,Happy with it,Packaging was neat and the item matched the listing details.,Ravi,0,2025-03-15 00:00:00
2538,1044,ZL01044,2,Useful addition,Packaging was neat and the item matched the listing details.,Elena,1,2024-12-25 00:00:00
2539,1045,ZL01045,3,Worth the price,Used it for two weeks and it holds up well for daily use.,Marcus,1,2024-08-30 22:00:00
2540,1045,ZL01045,2,Love this,Works as advertised. Battery/performance is satisfactory so far.,Elena,0,2024-08-07 22:00:00
2541,1046,ZL01046,4,Solid everyday pick,Packaging was neat and the item matched the listing details.,Danial,1,2025-06-16 05:00:00
2542,1046,ZL01046,3,Worth the price,Colour is accurate and sizing feels true based on the chart.,Ivy,1,2025-06-01 05:00:00
2543,1046,ZL01046,4,Good build quality,Instructions were clear and setup took only a few minutes.,Aisha,0,2025-04-29 05:00:00
2544,1046,ZL01046,2,Happy with it,Feels durable. A couple of small scuffs from shipping but fine overall.,Siti,1,2025-06-01 05:00:00
2545,1047,ZL01047,3,Arrived quickly,Good value compared with similar products I have tried.,Quinn,1,2024-07-26 07:00:00
2546,1048,ZL01048,3,Exactly as described,Colour is accurate and sizing feels true based on the chart.,Nora,1,2025-01-20 05:00:00
2547,1048,ZL01048,3,Love this,Good value compared with similar products I have tried.,Aisha,1,2025-04-24 05:00:00
2548,1048,ZL01048,3,Exactly as described,"Would appreciate more colour options, but this shade works for me.",Chloe,1,2025-04-08 05:00:00
2549,1048,ZL01048,3,Useful addition,Used it for two weeks and it holds up well for daily use.,Siti,1,2025-03-17 05:00:00
2550,1049,ZL01049,3,Good build quality,Instructions were clear and setup took only a few minutes.,Ben,1,2025-04-11 05:00:00
2551,1049,ZL01049,4,Nice finish,Feels durable. A couple of small scuffs from shipping but fine overall.,Chloe,1,2025-05-01 05:00:00
2552,1049,ZL01049,3,Useful addition,Used it for two weeks and it holds up well for daily use.,Omar,1,2025-02-23 05:00:00
2553,1049,ZL01049,5,Good build quality,Material quality is better than I expected at this price point.,Kai,1,2025-03-05 05:00:00
2554,1050,ZL01050,3,Reliable so far,Packaging was neat and the item matched the listing details.,Marcus,0,2025-01-25 14:00:00
2555,1051,ZL01051,4,Happy with it,Used it for two weeks and it holds up well for daily use.,Yasmin,0,2024-10-15 22:00:00
2556,1052,ZL01052,2,Not bad at all,Used it for two weeks and it holds up well for daily use.,Hassan,0,2024-08-28 23:00:00
2557,1052,ZL01052,4,Exactly as described,I bought this as a gift and the recipient liked it immediately.,Siti,1,2024-08-11 23:00:00
2558,1052,ZL01052,2,Nice finish,Feels durable. A couple of small scuffs from shipping but fine overall.,Yasmin,1,2024-08-07 23:00:00
2559,1052,ZL01052,4,Exactly as described,Instructions were clear and setup took only a few minutes.,Uma,0,2024-09-27 23:00:00
2560,1053,ZL01053,5,Better than expected,Good value compared with similar products I have tried.,Hassan,1,2025-03-02 07:00:00
2561,1053,ZL01053,3,Reliable so far,Packaging was neat and the item matched the listing details.,Ivy,0,2025-03-09 07:00:00
2562,1054,ZL01054,3,Worth the price,Colour is accurate and sizing feels true based on the chart.,Victor,1,2024-04-24 02:00:00
2563,1055,ZL01055,3,Solid everyday pick,Feels durable. A couple of small scuffs from shipping but fine overall.,Elena,1,2024-05-10 09:00:00
2564,1055,ZL01055,3,Good build quality,Packaging was neat and the item matched the listing details.,Uma,1,2024-04-07 09:00:00
2565,1055,ZL01055,3,Decent for the money,I bought this as a gift and the recipient liked it immediately.,Farid,1,2024-03-14 09:00:00
2566,1056,ZL01056,3,Good build quality,Good value compared with similar products I have tried.,Ravi,0,2024-12-27 19:00:00
2567,1057,ZL01057,3,Not bad at all,Material quality is better than I expected at this price point.,Lina,0,2025-03-29 22:00:00
2568,1057,ZL01057,3,Arrived quickly,Packaging was neat and the item matched the listing details.,Lina,1,2025-05-03 22:00:00
2569,1057,ZL01057,5,Better than expected,Instructions were clear and setup took only a few minutes.,Jonas,1,2025-02-10 22:00:00
2570,1058,ZL01058,4,Decent for the money,Works as advertised. Battery/performance is satisfactory so far.,Grace,1,2024-07-06 01:00:00
2571,1058,ZL01058,4,Arrived quickly,Instructions were clear and setup took only a few minutes.,Grace,0,2024-06-26 01:00:00
2572,1059,ZL01059,3,Would buy again,Feels durable. A couple of small scuffs from shipping but fine overall.,Ben,1,2024-05-06 23:00:00
2573,1059,ZL01059,5,Solid everyday pick,Colour is accurate and sizing feels true based on the chart.,Priya,1,2024-07-17 23:00:00
2574,1059,ZL01059,4,Not bad at all,Packaging was neat and the item matched the listing details.,Danial,1,2024-04-14 23:00:00
2575,1059,ZL01059,4,Good build quality,Good value compared with similar products I have tried.,Tom,1,2024-05-13 23:00:00
2576,1060,ZL01060,3,Would buy again,I bought this as a gift and the recipient liked it immediately.,Elena,1,2025-03-10 07:00:00
2577,1060,ZL01060,3,Would buy again,Works as advertised. Battery/performance is satisfactory so far.,Priya,1,2025-05-15 07:00:00
2578,1060,ZL01060,4,Useful addition,Used it for two weeks and it holds up well for daily use.,Chloe,1,2025-04-04 07:00:00
2579,1061,ZL01061,3,Decent for the money,Works as advertised. Battery/performance is satisfactory so far.,Marcus,1,2024-05-06 15:00:00
2580,1061,ZL01061,5,Worth the price,Feels durable. A couple of small scuffs from shipping but fine overall.,Victor,1,2024-06-23 15:00:00
2581,1061,ZL01061,5,Love this,Works as advertised. Battery/performance is satisfactory so far.,Jonas,1,2024-04-01 15:00:00
2582,1062,ZL01062,5,Love this,Feels durable. A couple of small scuffs from shipping but fine overall.,Yasmin,1,2024-04-02 21:00:00
2583,1062,ZL01062,3,Good build quality,"Would appreciate more colour options, but this shade works for me.",Omar,1,2024-03-05 21:00:00
2584,1062,ZL01062,4,Good build quality,I bought this as a gift and the recipient liked it immediately.,Grace,1,2024-03-19 21:00:00
2585,1063,ZL01063,3,Decent for the money,I bought this as a gift and the recipient liked it immediately.,Ravi,1,2024-07-06 18:00:00
2586,1064,ZL01064,4,Happy with it,Colour is accurate and sizing feels true based on the chart.,Farid,1,2024-09-18 14:00:00
2587,1064,ZL01064,5,Nice finish,Instructions were clear and setup took only a few minutes.,Kai,1,2024-07-15 14:00:00
2588,1064,ZL01064,5,Would buy again,Feels durable. A couple of small scuffs from shipping but fine overall.,Chloe,0,2024-08-08 14:00:00
2589,1064,ZL01064,4,Happy with it,Used it for two weeks and it holds up well for daily use.,Ravi,1,2024-10-11 14:00:00
2590,1065,ZL01065,3,Solid everyday pick,Material quality is better than I expected at this price point.,Ravi,1,2025-03-27 20:00:00
2591,1066,ZL01066,3,Better than expected,Material quality is better than I expected at this price point.,Zara,0,2025-04-05 12:00:00
2592,1067,ZL01067,2,Love this,Material quality is better than I expected at this price point.,Grace,1,2024-06-18 11:00:00
2593,1067,ZL01067,5,Love this,Colour is accurate and sizing feels true based on the chart.,Siti,1,2024-05-24 11:00:00
2594,1068,ZL01068,5,Worth the price,Instructions were clear and setup took only a few minutes.,Jonas,1,2024-08-31 22:00:00
2595,1068,ZL01068,3,Worth the price,"Would appreciate more colour options, but this shade works for me.",Siti,1,2024-12-01 22:00:00
2596,1069,ZL01069,5,Love this,Instructions were clear and setup took only a few minutes.,Nora,0,2025-06-01 17:00:00
2597,1070,ZL01070,3,Reliable so far,Packaging was neat and the item matched the listing details.,Farid,1,2024-08-22 17:00:00
2598,1070,ZL01070,3,Solid everyday pick,Instructions were clear and setup took only a few minutes.,Chloe,1,2024-10-30 17:00:00
2599,1070,ZL01070,3,Good build quality,Instructions were clear and setup took only a few minutes.,Grace,1,2024-09-17 17:00:00
2600,1070,ZL01070,4,Reliable so far,Instructions were clear and setup took only a few minutes.,Aisha,1,2024-10-15 17:00:00
2601,1071,ZL01071,2,Decent for the money,Packaging was neat and the item matched the listing details.,Grace,1,2024-09-24 08:00:00
2602,1072,ZL01072,5,Good build quality,"Would appreciate more colour options, but this shade works for me.",Omar,1,2025-04-15 14:00:00
2603,1072,ZL01072,4,Decent for the money,Feels durable. A couple of small scuffs from shipping but fine overall.,Nora,1,2025-02-08 14:00:00
2604,1072,ZL01072,5,Would buy again,Works as advertised. Battery/performance is satisfactory so far.,Marcus,0,2025-04-20 14:00:00
2605,1073,ZL01073,5,Not bad at all,Packaging was neat and the item matched the listing details.,Kai,1,2025-03-25 11:00:00
2606,1073,ZL01073,3,Decent for the money,I bought this as a gift and the recipient liked it immediately.,Lina,1,2025-04-05 11:00:00
2607,1073,ZL01073,5,Not bad at all,Packaging was neat and the item matched the listing details.,Ben,1,2025-03-15 11:00:00
2608,1074,ZL01074,3,Would buy again,Used it for two weeks and it holds up well for daily use.,Jonas,1,2024-06-12 06:00:00
2609,1074,ZL01074,2,Decent for the money,"Would appreciate more colour options, but this shade works for me.",Elena,1,2024-05-21 06:00:00
2610,1074,ZL01074,5,Arrived quickly,Used it for two weeks and it holds up well for daily use.,Jonas,1,2024-06-18 06:00:00
2611,1075,ZL01075,3,Nice finish,I bought this as a gift and the recipient liked it immediately.,Aisha,1,2024-10-14 01:00:00
2612,1075,ZL01075,4,Would buy again,Used it for two weeks and it holds up well for daily use.,Wei,1,2024-06-30 01:00:00
2613,1075,ZL01075,4,Reliable so far,Material quality is better than I expected at this price point.,Ivy,1,2024-07-31 01:00:00
2614,1076,ZL01076,3,Exactly as described,"Would appreciate more colour options, but this shade works for me.",Ben,0,2025-08-21 13:00:00
2615,1076,ZL01076,3,Not bad at all,Instructions were clear and setup took only a few minutes.,Victor,1,2025-06-21 13:00:00
2616,1077,ZL01077,4,Reliable so far,"Would appreciate more colour options, but this shade works for me.",Zara,0,2024-03-03 21:00:00
2617,1078,ZL01078,4,Reliable so far,Packaging was neat and the item matched the listing details.,Grace,1,2025-02-04 18:00:00
2618,1078,ZL01078,5,Happy with it,Material quality is better than I expected at this price point.,Nora,0,2024-12-29 18:00:00
2619,1079,ZL01079,5,Worth the price,Good value compared with similar products I have tried.,Chloe,0,2024-10-31 23:00:00
2620,1080,ZL01080,4,Love this,Used it for two weeks and it holds up well for daily use.,Zara,1,2025-08-21 05:00:00
2621,1081,ZL01081,5,Exactly as described,I bought this as a gift and the recipient liked it immediately.,Yasmin,1,2024-11-19 02:00:00
2622,1081,ZL01081,3,Exactly as described,Packaging was neat and the item matched the listing details.,Uma,1,2024-12-27 02:00:00
2623,1081,ZL01081,2,Not bad at all,Feels durable. A couple of small scuffs from shipping but fine overall.,Lina,0,2025-02-10 02:00:00
2624,1082,ZL01082,3,Love this,Material quality is better than I expected at this price point.,Uma,0,2025-04-13 15:00:00
2625,1082,ZL01082,2,Decent for the money,Colour is accurate and sizing feels true based on the chart.,Omar,1,2025-06-16 15:00:00
2626,1082,ZL01082,5,Exactly as described,Packaging was neat and the item matched the listing details.,Hassan,1,2025-03-06 15:00:00
2627,1083,ZL01083,3,Not bad at all,Feels durable. A couple of small scuffs from shipping but fine overall.,Grace,1,2024-11-15 15:00:00
2628,1084,ZL01084,4,Better than expected,Material quality is better than I expected at this price point.,Siti,1,2025-03-19 02:00:00
2629,1084,ZL01084,3,Solid everyday pick,Works as advertised. Battery/performance is satisfactory so far.,Grace,1,2025-05-27 02:00:00
2630,1084,ZL01084,4,Would buy again,Used it for two weeks and it holds up well for daily use.,Lina,1,2025-02-26 02:00:00
2631,1084,ZL01084,3,Good build quality,Used it for two weeks and it holds up well for daily use.,Chloe,1,2025-06-05 02:00:00
2632,1085,ZL01085,2,Useful addition,Colour is accurate and sizing feels true based on the chart.,Ravi,0,2025-03-12 23:00:00
2633,1085,ZL01085,2,Solid everyday pick,Material quality is better than I expected at this price point.,Hassan,0,2025-05-02 23:00:00
2634,1086,ZL01086,5,Would buy again,Instructions were clear and setup took only a few minutes.,Yasmin,1,2024-06-30 22:00:00
2635,1086,ZL01086,3,Decent for the money,Works as advertised. Battery/performance is satisfactory so far.,Farid,1,2024-06-13 22:00:00
2636,1086,ZL01086,5,Arrived quickly,Feels durable. A couple of small scuffs from shipping but fine overall.,Nora,1,2024-06-01 22:00:00
2637,1087,ZL01087,4,Happy with it,I bought this as a gift and the recipient liked it immediately.,Priya,1,2024-09-18 07:00:00
2638,1087,ZL01087,5,Nice finish,"Would appreciate more colour options, but this shade works for me.",Quinn,1,2024-09-02 07:00:00
2639,1087,ZL01087,3,Solid everyday pick,Packaging was neat and the item matched the listing details.,Omar,0,2024-12-07 07:00:00
2640,1087,ZL01087,2,Arrived quickly,"Would appreciate more colour options, but this shade works for me.",Lina,1,2024-10-27 07:00:00
2641,1088,ZL01088,5,Useful addition,Colour is accurate and sizing feels true based on the chart.,Priya,1,2024-02-19 15:00:00
2642,1088,ZL01088,3,Love this,"Would appreciate more colour options, but this shade works for me.",Ben,1,2024-02-07 15:00:00
2643,1088,ZL01088,4,Love this,Feels durable. A couple of small scuffs from shipping but fine overall.,Yasmin,1,2024-02-23 15:00:00
2644,1088,ZL01088,4,Happy with it,Packaging was neat and the item matched the listing details.,Uma,0,2024-03-21 15:00:00
2645,1089,ZL01089,5,Not bad at all,Packaging was neat and the item matched the listing details.,Zara,1,2024-07-19 09:00:00
2646,1089,ZL01089,2,Useful addition,Works as advertised. Battery/performance is satisfactory so far.,Ben,1,2024-06-13 09:00:00
2647,1089,ZL01089,3,Good build quality,Colour is accurate and sizing feels true based on the chart.,Ben,0,2024-05-30 09:00:00
2648,1090,ZL01090,3,Happy with it,Works as advertised. Battery/performance is satisfactory so far.,Elena,1,2025-04-09 16:00:00
2649,1090,ZL01090,5,Good build quality,Material quality is better than I expected at this price point.,Uma,1,2025-05-04 16:00:00
2650,1090,ZL01090,5,Solid everyday pick,Good value compared with similar products I have tried.,Hassan,1,2025-06-25 16:00:00
2651,1091,ZL01091,4,Better than expected,I bought this as a gift and the recipient liked it immediately.,Marcus,1,2025-01-02 12:00:00
2652,1091,ZL01091,4,Exactly as described,Used it for two weeks and it holds up well for daily use.,Ravi,1,2025-02-04 12:00:00
2653,1091,ZL01091,4,Love this,Feels durable. A couple of small scuffs from shipping but fine overall.,Ben,1,2025-03-09 12:00:00
2654,1092,ZL01092,5,Better than expected,Works as advertised. Battery/performance is satisfactory so far.,Yasmin,0,2025-04-10 22:00:00
2655,1092,ZL01092,5,Reliable so far,Instructions were clear and setup took only a few minutes.,Uma,1,2025-02-24 22:00:00
2656,1092,ZL01092,4,Arrived quickly,Colour is accurate and sizing feels true based on the chart.,Ben,0,2025-03-10 22:00:00
2657,1093,ZL01093,4,Worth the price,Good value compared with similar products I have tried.,Wei,0,2025-03-11 10:00:00
2658,1093,ZL01093,5,Reliable so far,"Would appreciate more colour options, but this shade works for me.",Ben,1,2025-04-15 10:00:00
2659,1093,ZL01093,3,Better than expected,Feels durable. A couple of small scuffs from shipping but fine overall.,Yasmin,1,2025-04-14 10:00:00
2660,1094,ZL01094,3,Good build quality,Instructions were clear and setup took only a few minutes.,Nora,1,2024-05-11 16:00:00
2661,1095,ZL01095,3,Better than expected,Instructions were clear and setup took only a few minutes.,Lina,0,2024-05-18 04:00:00
2662,1095,ZL01095,5,Useful addition,Used it for two weeks and it holds up well for daily use.,Chloe,0,2024-06-25 04:00:00
2663,1095,ZL01095,5,Would buy again,I bought this as a gift and the recipient liked it immediately.,Chloe,1,2024-06-19 04:00:00
2664,1096,ZL01096,4,Decent for the money,I bought this as a gift and the recipient liked it immediately.,Quinn,1,2025-06-20 05:00:00
2665,1097,ZL01097,3,Reliable so far,Instructions were clear and setup took only a few minutes.,Aisha,1,2024-10-02 08:00:00
2666,1097,ZL01097,3,Happy with it,Packaging was neat and the item matched the listing details.,Danial,1,2024-11-16 08:00:00
2667,1097,ZL01097,5,Happy with it,Feels durable. A couple of small scuffs from shipping but fine overall.,Elena,0,2024-09-08 08:00:00
2668,1097,ZL01097,3,Better than expected,Used it for two weeks and it holds up well for daily use.,Ben,0,2024-11-10 08:00:00
2669,1098,ZL01098,4,Good build quality,Works as advertised. Battery/performance is satisfactory so far.,Hassan,0,2025-04-29 16:00:00
2670,1098,ZL01098,4,Decent for the money,Used it for two weeks and it holds up well for daily use.,Jonas,0,2025-04-16 16:00:00
2671,1098,ZL01098,4,Good build quality,Works as advertised. Battery/performance is satisfactory so far.,Tom,1,2025-04-08 16:00:00
2672,1098,ZL01098,5,Useful addition,"Would appreciate more colour options, but this shade works for me.",Ravi,1,2025-05-19 16:00:00
2673,1099,ZL01099,4,Decent for the money,I bought this as a gift and the recipient liked it immediately.,Wei,1,2024-08-28 21:00:00
2674,1099,ZL01099,5,Reliable so far,I bought this as a gift and the recipient liked it immediately.,Victor,0,2024-11-15 21:00:00
2675,1099,ZL01099,5,Not bad at all,Good value compared with similar products I have tried.,Siti,1,2024-10-22 21:00:00
2676,1099,ZL01099,3,Would buy again,Packaging was neat and the item matched the listing details.,Zara,0,2024-11-02 21:00:00
2677,1100,ZL01100,4,Good build quality,Works as advertised. Battery/performance is satisfactory so far.,Jonas,1,2024-07-26 04:00:00
2678,1100,ZL01100,2,Worth the price,Material quality is better than I expected at this price point.,Siti,1,2024-08-23 04:00:00
2679,1101,ZL01101,3,Worth the price,Instructions were clear and setup took only a few minutes.,Priya,1,2024-10-31 17:00:00
2680,1101,ZL01101,3,Useful addition,Used it for two weeks and it holds up well for daily use.,Hassan,1,2024-11-30 17:00:00
2681,1102,ZL01102,3,Worth the price,Colour is accurate and sizing feels true based on the chart.,Jonas,1,2024-04-28 00:00:00
2682,1102,ZL01102,3,Reliable so far,"Would appreciate more colour options, but this shade works for me.",Lina,1,2024-04-09 00:00:00
2683,1103,ZL01103,4,Useful addition,Good value compared with similar products I have tried.,Uma,1,2024-08-15 10:00:00
2684,1103,ZL01103,3,Reliable so far,"Would appreciate more colour options, but this shade works for me.",Uma,1,2024-07-27 10:00:00
2685,1103,ZL01103,5,Solid everyday pick,"Would appreciate more colour options, but this shade works for me.",Siti,0,2024-07-16 10:00:00
2686,1103,ZL01103,5,Happy with it,Used it for two weeks and it holds up well for daily use.,Priya,0,2024-05-30 10:00:00
2687,1104,ZL01104,5,Arrived quickly,I bought this as a gift and the recipient liked it immediately.,Wei,0,2025-07-14 09:00:00
2688,1105,ZL01105,5,Exactly as described,Instructions were clear and setup took only a few minutes.,Kai,1,2024-08-06 20:00:00
2689,1105,ZL01105,5,Love this,Used it for two weeks and it holds up well for daily use.,Jonas,0,2024-05-12 20:00:00
2690,1106,ZL01106,3,Good build quality,Instructions were clear and setup took only a few minutes.,Zara,1,2024-09-06 11:00:00
2691,1106,ZL01106,5,Reliable so far,"Would appreciate more colour options, but this shade works for me.",Yasmin,1,2024-08-23 11:00:00
2692,1107,ZL01107,5,Happy with it,"Would appreciate more colour options, but this shade works for me.",Zara,1,2025-05-22 08:00:00
2693,1107,ZL01107,3,Worth the price,Used it for two weeks and it holds up well for daily use.,Danial,1,2025-05-26 08:00:00
2694,1107,ZL01107,3,Better than expected,Used it for two weeks and it holds up well for daily use.,Chloe,0,2025-07-31 08:00:00
2695,1108,ZL01108,5,Not bad at all,I bought this as a gift and the recipient liked it immediately.,Tom,1,2024-03-26 14:00:00
2696,1108,ZL01108,3,Good build quality,"Would appreciate more colour options, but this shade works for me.",Uma,0,2024-05-05 14:00:00
2697,1108,ZL01108,3,Better than expected,Instructions were clear and setup took only a few minutes.,Jonas,1,2024-03-02 14:00:00
2698,1109,ZL01109,4,Would buy again,Instructions were clear and setup took only a few minutes.,Nora,1,2025-01-20 07:00:00
2699,1109,ZL01109,4,Better than expected,Colour is accurate and sizing feels true based on the chart.,Jonas,1,2025-03-03 07:00:00
2700,1110,ZL01110,5,Solid everyday pick,Instructions were clear and setup took only a few minutes.,Quinn,1,2024-11-10 01:00:00
2701,1110,ZL01110,4,Useful addition,Works as advertised. Battery/performance is satisfactory so far.,Quinn,1,2025-01-17 01:00:00
2702,1111,ZL01111,3,Love this,Packaging was neat and the item matched the listing details.,Ivy,1,2025-03-11 21:00:00
2703,1111,ZL01111,4,Nice finish,Instructions were clear and setup took only a few minutes.,Danial,0,2024-12-07 21:00:00
2704,1112,ZL01112,4,Not bad at all,Good value compared with similar products I have tried.,Kai,1,2024-09-02 16:00:00
2705,1113,ZL01113,3,Good build quality,Good value compared with similar products I have tried.,Danial,0,2025-01-13 11:00:00
2706,1113,ZL01113,3,Better than expected,Feels durable. A couple of small scuffs from shipping but fine overall.,Marcus,1,2025-01-09 11:00:00
2707,1113,ZL01113,3,Good build quality,Good value compared with similar products I have tried.,Hassan,1,2025-02-20 11:00:00
2708,1114,ZL01114,4,Useful addition,Used it for two weeks and it holds up well for daily use.,Aisha,1,2024-05-06 04:00:00
2709,1114,ZL01114,3,Useful addition,Colour is accurate and sizing feels true based on the chart.,Grace,1,2024-02-11 04:00:00
2710,1114,ZL01114,3,Exactly as described,Good value compared with similar products I have tried.,Marcus,0,2024-02-08 04:00:00
2711,1114,ZL01114,4,Love this,Instructions were clear and setup took only a few minutes.,Omar,1,2024-01-24 04:00:00
2712,1115,ZL01115,3,Decent for the money,Packaging was neat and the item matched the listing details.,Hassan,0,2025-07-13 17:00:00
2713,1115,ZL01115,5,Good build quality,I bought this as a gift and the recipient liked it immediately.,Ivy,1,2025-06-06 17:00:00
2714,1115,ZL01115,4,Exactly as described,Material quality is better than I expected at this price point.,Quinn,1,2025-05-20 17:00:00
2715,1116,ZL01116,4,Decent for the money,Used it for two weeks and it holds up well for daily use.,Wei,0,2024-08-30 09:00:00
2716,1117,ZL01117,3,Worth the price,Feels durable. A couple of small scuffs from shipping but fine overall.,Zara,0,2024-12-15 00:00:00
2717,1117,ZL01117,5,Would buy again,Feels durable. A couple of small scuffs from shipping but fine overall.,Hassan,1,2024-12-07 00:00:00
2718,1117,ZL01117,5,Would buy again,I bought this as a gift and the recipient liked it immediately.,Marcus,0,2025-01-30 00:00:00
2719,1118,ZL01118,3,Decent for the money,Colour is accurate and sizing feels true based on the chart.,Elena,1,2024-10-30 21:00:00
2720,1119,ZL01119,5,Worth the price,Material quality is better than I expected at this price point.,Priya,0,2024-06-28 08:00:00
2721,1120,ZL01120,4,Exactly as described,Packaging was neat and the item matched the listing details.,Danial,1,2025-05-05 06:00:00
2722,1121,ZL01121,5,Nice finish,Used it for two weeks and it holds up well for daily use.,Lina,1,2024-10-12 13:00:00
2723,1122,ZL01122,3,Good build quality,I bought this as a gift and the recipient liked it immediately.,Grace,1,2025-01-31 03:00:00
2724,1122,ZL01122,3,Nice finish,Works as advertised. Battery/performance is satisfactory so far.,Uma,1,2025-02-16 03:00:00
2725,1123,ZL01123,3,Useful addition,I bought this as a gift and the recipient liked it immediately.,Hassan,0,2025-07-23 13:00:00
2726,1123,ZL01123,5,Good build quality,Works as advertised. Battery/performance is satisfactory so far.,Quinn,1,2025-05-06 13:00:00
2727,1123,ZL01123,4,Useful addition,"Would appreciate more colour options, but this shade works for me.",Danial,0,2025-06-05 13:00:00
2728,1124,ZL01124,5,Exactly as described,Packaging was neat and the item matched the listing details.,Ivy,1,2025-05-09 06:00:00
2729,1125,ZL01125,3,Would buy again,Instructions were clear and setup took only a few minutes.,Ben,1,2024-07-05 08:00:00
2730,1125,ZL01125,4,Good build quality,Material quality is better than I expected at this price point.,Siti,0,2024-09-23 08:00:00
2731,1125,ZL01125,4,Love this,Colour is accurate and sizing feels true based on the chart.,Nora,1,2024-10-02 08:00:00
2732,1126,ZL01126,3,Decent for the money,Colour is accurate and sizing feels true based on the chart.,Ravi,1,2024-03-20 23:00:00
2733,1126,ZL01126,4,Reliable so far,Instructions were clear and setup took only a few minutes.,Aisha,1,2024-03-21 23:00:00
2734,1126,ZL01126,5,Decent for the money,Feels durable. A couple of small scuffs from shipping but fine overall.,Victor,1,2024-01-30 23:00:00
2735,1127,ZL01127,4,Happy with it,Material quality is better than I expected at this price point.,Ivy,1,2025-08-13 00:00:00
2736,1127,ZL01127,3,Happy with it,Packaging was neat and the item matched the listing details.,Ben,1,2025-09-06 00:00:00
2737,1127,ZL01127,3,Worth the price,Packaging was neat and the item matched the listing details.,Nora,1,2025-06-30 00:00:00
2738,1127,ZL01127,3,Exactly as described,I bought this as a gift and the recipient liked it immediately.,Uma,0,2025-07-11 00:00:00
2739,1128,ZL01128,3,Would buy again,Packaging was neat and the item matched the listing details.,Ben,1,2025-05-23 17:00:00
2740,1128,ZL01128,2,Love this,Used it for two weeks and it holds up well for daily use.,Farid,1,2025-06-28 17:00:00
2741,1129,ZL01129,5,Decent for the money,Feels durable. A couple of small scuffs from shipping but fine overall.,Ben,1,2024-03-22 02:00:00
2742,1130,ZL01130,5,Not bad at all,Packaging was neat and the item matched the listing details.,Lina,1,2024-08-27 11:00:00
2743,1131,ZL01131,3,Exactly as described,I bought this as a gift and the recipient liked it immediately.,Danial,1,2024-11-03 10:00:00
2744,1131,ZL01131,3,Nice finish,Packaging was neat and the item matched the listing details.,Hassan,1,2024-11-27 10:00:00
2745,1131,ZL01131,3,Reliable so far,Feels durable. A couple of small scuffs from shipping but fine overall.,Hassan,0,2024-12-04 10:00:00
2746,1132,ZL01132,2,Exactly as described,Used it for two weeks and it holds up well for daily use.,Grace,1,2024-05-20 08:00:00
2747,1132,ZL01132,3,Happy with it,Works as advertised. Battery/performance is satisfactory so far.,Quinn,0,2024-05-14 08:00:00
2748,1132,ZL01132,5,Useful addition,"Would appreciate more colour options, but this shade works for me.",Omar,1,2024-07-18 08:00:00
2749,1133,ZL01133,4,Solid everyday pick,Material quality is better than I expected at this price point.,Nora,1,2024-12-23 08:00:00
2750,1134,ZL01134,5,Decent for the money,Used it for two weeks and it holds up well for daily use.,Yasmin,0,2025-07-05 11:00:00
2751,1135,ZL01135,5,Reliable so far,Works as advertised. Battery/performance is satisfactory so far.,Chloe,1,2024-04-17 20:00:00
2752,1135,ZL01135,4,Reliable so far,Packaging was neat and the item matched the listing details.,Omar,1,2024-05-11 20:00:00
2753,1136,ZL01136,3,Good build quality,"Would appreciate more colour options, but this shade works for me.",Omar,0,2025-04-10 16:00:00
2754,1136,ZL01136,3,Good build quality,Material quality is better than I expected at this price point.,Priya,0,2025-06-20 16:00:00
2755,1137,ZL01137,5,Happy with it,Colour is accurate and sizing feels true based on the chart.,Danial,1,2025-02-02 04:00:00
2756,1138,ZL01138,5,Nice finish,I bought this as a gift and the recipient liked it immediately.,Ravi,1,2025-04-20 02:00:00
2757,1138,ZL01138,3,Decent for the money,I bought this as a gift and the recipient liked it immediately.,Ben,1,2025-02-27 02:00:00
2758,1138,ZL01138,5,Worth the price,Material quality is better than I expected at this price point.,Chloe,0,2025-04-23 02:00:00
2759,1138,ZL01138,3,Decent for the money,Used it for two weeks and it holds up well for daily use.,Marcus,1,2025-03-25 02:00:00
2760,1139,ZL01139,5,Arrived quickly,"Would appreciate more colour options, but this shade works for me.",Siti,1,2025-07-01 15:00:00
2761,1139,ZL01139,5,Love this,Instructions were clear and setup took only a few minutes.,Danial,1,2025-07-20 15:00:00
2762,1139,ZL01139,3,Good build quality,I bought this as a gift and the recipient liked it immediately.,Jonas,1,2025-05-24 15:00:00
2763,1140,ZL01140,4,Exactly as described,Used it for two weeks and it holds up well for daily use.,Yasmin,1,2024-02-16 22:00:00
2764,1141,ZL01141,3,Worth the price,I bought this as a gift and the recipient liked it immediately.,Ben,1,2024-02-22 15:00:00
2765,1142,ZL01142,3,Would buy again,Works as advertised. Battery/performance is satisfactory so far.,Omar,1,2025-04-26 16:00:00
2766,1143,ZL01143,4,Not bad at all,Used it for two weeks and it holds up well for daily use.,Uma,1,2024-08-09 08:00:00
2767,1143,ZL01143,3,Nice finish,Good value compared with similar products I have tried.,Hassan,1,2024-06-04 08:00:00
2768,1144,ZL01144,2,Not bad at all,"Would appreciate more colour options, but this shade works for me.",Nora,1,2024-10-22 06:00:00
2769,1144,ZL01144,5,Nice finish,Good value compared with similar products I have tried.,Tom,0,2024-09-23 06:00:00
2770,1145,ZL01145,5,Solid everyday pick,Used it for two weeks and it holds up well for daily use.,Victor,0,2024-07-31 00:00:00
2771,1145,ZL01145,4,Useful addition,Used it for two weeks and it holds up well for daily use.,Chloe,1,2024-06-24 00:00:00
2772,1146,ZL01146,2,Better than expected,Instructions were clear and setup took only a few minutes.,Tom,0,2024-02-28 16:00:00
2773,1147,ZL01147,5,Exactly as described,Instructions were clear and setup took only a few minutes.,Victor,1,2024-07-30 23:00:00
2774,1147,ZL01147,3,Not bad at all,Works as advertised. Battery/performance is satisfactory so far.,Victor,0,2024-08-16 23:00:00
2775,1148,ZL01148,5,Exactly as described,Used it for two weeks and it holds up well for daily use.,Marcus,1,2024-09-09 10:00:00
2776,1148,ZL01148,5,Reliable so far,I bought this as a gift and the recipient liked it immediately.,Hassan,1,2024-11-11 10:00:00
2777,1149,ZL01149,3,Worth the price,I bought this as a gift and the recipient liked it immediately.,Jonas,1,2025-02-10 16:00:00
2778,1149,ZL01149,2,Good build quality,Instructions were clear and setup took only a few minutes.,Elena,1,2025-06-02 16:00:00
2779,1150,ZL01150,5,Solid everyday pick,Colour is accurate and sizing feels true based on the chart.,Ivy,0,2024-07-10 03:00:00
2780,1150,ZL01150,5,Useful addition,Material quality is better than I expected at this price point.,Kai,0,2024-05-17 03:00:00
2781,1150,ZL01150,5,Good build quality,I bought this as a gift and the recipient liked it immediately.,Siti,1,2024-07-25 03:00:00
2782,1151,ZL01151,2,Useful addition,Used it for two weeks and it holds up well for daily use.,Elena,1,2025-06-03 10:00:00
2783,1151,ZL01151,4,Better than expected,Colour is accurate and sizing feels true based on the chart.,Hassan,1,2025-02-23 10:00:00
2784,1151,ZL01151,4,Arrived quickly,Feels durable. A couple of small scuffs from shipping but fine overall.,Aisha,0,2025-06-02 10:00:00
2785,1152,ZL01152,4,Useful addition,"Would appreciate more colour options, but this shade works for me.",Grace,1,2024-08-07 22:00:00
2786,1152,ZL01152,4,Would buy again,Good value compared with similar products I have tried.,Victor,1,2024-07-23 22:00:00
2787,1152,ZL01152,5,Solid everyday pick,Colour is accurate and sizing feels true based on the chart.,Grace,1,2024-09-02 22:00:00
2788,1152,ZL01152,4,Useful addition,Good value compared with similar products I have tried.,Uma,1,2024-07-13 22:00:00
2789,1153,ZL01153,4,Would buy again,Packaging was neat and the item matched the listing details.,Hassan,0,2024-06-02 02:00:00
2790,1154,ZL01154,2,Decent for the money,"Would appreciate more colour options, but this shade works for me.",Wei,1,2025-04-06 05:00:00
2791,1154,ZL01154,2,Useful addition,Material quality is better than I expected at this price point.,Danial,1,2025-03-27 05:00:00
2792,1154,ZL01154,5,Happy with it,Packaging was neat and the item matched the listing details.,Marcus,1,2025-03-02 05:00:00
2793,1155,ZL01155,4,Nice finish,Colour is accurate and sizing feels true based on the chart.,Quinn,1,2025-02-27 00:00:00
2794,1156,ZL01156,4,Useful addition,Good value compared with similar products I have tried.,Chloe,1,2025-02-03 08:00:00
2795,1157,ZL01157,4,Better than expected,Colour is accurate and sizing feels true based on the chart.,Quinn,1,2024-05-08 04:00:00
2796,1157,ZL01157,5,Solid everyday pick,Colour is accurate and sizing feels true based on the chart.,Tom,1,2024-06-01 04:00:00
2797,1157,ZL01157,4,Reliable so far,Material quality is better than I expected at this price point.,Quinn,1,2024-04-19 04:00:00
2798,1158,ZL01158,2,Useful addition,Feels durable. A couple of small scuffs from shipping but fine overall.,Nora,1,2025-01-21 17:00:00
2799,1159,ZL01159,3,Love this,Feels durable. A couple of small scuffs from shipping but fine overall.,Omar,1,2024-08-16 06:00:00
2800,1159,ZL01159,3,Solid everyday pick,Packaging was neat and the item matched the listing details.,Siti,1,2024-05-20 06:00:00
2801,1159,ZL01159,4,Better than expected,Works as advertised. Battery/performance is satisfactory so far.,Ravi,0,2024-07-03 06:00:00
2802,1160,ZL01160,3,Better than expected,Feels durable. A couple of small scuffs from shipping but fine overall.,Quinn,1,2024-10-23 12:00:00
2803,1161,ZL01161,3,Worth the price,I bought this as a gift and the recipient liked it immediately.,Nora,0,2024-07-23 07:00:00
2804,1161,ZL01161,3,Decent for the money,Feels durable. A couple of small scuffs from shipping but fine overall.,Omar,1,2024-07-18 07:00:00
2805,1161,ZL01161,5,Not bad at all,Used it for two weeks and it holds up well for daily use.,Farid,1,2024-07-28 07:00:00
2806,1162,ZL01162,5,Worth the price,"Would appreciate more colour options, but this shade works for me.",Ben,1,2025-01-17 09:00:00
2807,1162,ZL01162,5,Good build quality,Packaging was neat and the item matched the listing details.,Danial,0,2025-01-10 09:00:00
2808,1162,ZL01162,4,Happy with it,Instructions were clear and setup took only a few minutes.,Tom,1,2024-12-08 09:00:00
2809,1162,ZL01162,3,Love this,Good value compared with similar products I have tried.,Elena,1,2024-12-08 09:00:00
2810,1163,ZL01163,4,Good build quality,"Would appreciate more colour options, but this shade works for me.",Farid,1,2024-11-05 13:00:00
2811,1163,ZL01163,4,Decent for the money,Instructions were clear and setup took only a few minutes.,Kai,0,2024-12-05 13:00:00
2812,1163,ZL01163,4,Good build quality,Good value compared with similar products I have tried.,Danial,1,2024-09-15 13:00:00
2813,1163,ZL01163,5,Solid everyday pick,Feels durable. A couple of small scuffs from shipping but fine overall.,Marcus,1,2024-09-20 13:00:00
2814,1164,ZL01164,3,Exactly as described,Instructions were clear and setup took only a few minutes.,Ben,0,2024-12-14 04:00:00
2815,1165,ZL01165,3,Nice finish,I bought this as a gift and the recipient liked it immediately.,Priya,1,2024-11-01 02:00:00
2816,1165,ZL01165,4,Not bad at all,"Would appreciate more colour options, but this shade works for me.",Elena,1,2024-08-05 02:00:00
2817,1165,ZL01165,4,Decent for the money,Material quality is better than I expected at this price point.,Nora,1,2024-10-31 02:00:00
2818,1165,ZL01165,4,Love this,Instructions were clear and setup took only a few minutes.,Aisha,1,2024-08-25 02:00:00
2819,1166,ZL01166,5,Decent for the money,Feels durable. A couple of small scuffs from shipping but fine overall.,Marcus,1,2024-09-29 03:00:00
2820,1166,ZL01166,3,Decent for the money,I bought this as a gift and the recipient liked it immediately.,Wei,0,2024-10-04 03:00:00
2821,1166,ZL01166,3,Would buy again,Instructions were clear and setup took only a few minutes.,Farid,0,2024-11-28 03:00:00
2822,1166,ZL01166,5,Nice finish,Works as advertised. Battery/performance is satisfactory so far.,Omar,1,2024-09-08 03:00:00
2823,1167,ZL01167,3,Useful addition,Colour is accurate and sizing feels true based on the chart.,Nora,1,2024-08-23 13:00:00
2824,1167,ZL01167,4,Arrived quickly,Packaging was neat and the item matched the listing details.,Kai,1,2024-08-20 13:00:00
2825,1167,ZL01167,3,Worth the price,I bought this as a gift and the recipient liked it immediately.,Aisha,1,2024-09-24 13:00:00
2826,1167,ZL01167,5,Good build quality,I bought this as a gift and the recipient liked it immediately.,Wei,1,2024-08-30 13:00:00
2827,1168,ZL01168,5,Would buy again,Instructions were clear and setup took only a few minutes.,Farid,1,2025-02-22 02:00:00
2828,1168,ZL01168,3,Happy with it,Instructions were clear and setup took only a few minutes.,Zara,1,2025-01-13 02:00:00
2829,1168,ZL01168,4,Good build quality,Feels durable. A couple of small scuffs from shipping but fine overall.,Chloe,1,2025-02-22 02:00:00
2830,1168,ZL01168,4,Exactly as described,Packaging was neat and the item matched the listing details.,Uma,1,2025-02-21 02:00:00
2831,1169,ZL01169,5,Would buy again,"Would appreciate more colour options, but this shade works for me.",Jonas,1,2025-04-09 09:00:00
2832,1170,ZL01170,4,Would buy again,I bought this as a gift and the recipient liked it immediately.,Zara,1,2024-05-04 18:00:00
2833,1170,ZL01170,2,Reliable so far,Colour is accurate and sizing feels true based on the chart.,Quinn,1,2024-04-28 18:00:00
2834,1170,ZL01170,4,Solid everyday pick,Used it for two weeks and it holds up well for daily use.,Chloe,1,2024-04-08 18:00:00
2835,1170,ZL01170,3,Exactly as described,Used it for two weeks and it holds up well for daily use.,Lina,1,2024-02-06 18:00:00
2836,1171,ZL01171,5,Exactly as described,Colour is accurate and sizing feels true based on the chart.,Tom,1,2024-09-13 09:00:00
2837,1171,ZL01171,4,Love this,Feels durable. A couple of small scuffs from shipping but fine overall.,Zara,0,2024-09-08 09:00:00
2838,1171,ZL01171,3,Happy with it,I bought this as a gift and the recipient liked it immediately.,Lina,0,2024-08-01 09:00:00
2839,1171,ZL01171,3,Arrived quickly,I bought this as a gift and the recipient liked it immediately.,Elena,1,2024-09-02 09:00:00
2840,1172,ZL01172,4,Decent for the money,Used it for two weeks and it holds up well for daily use.,Lina,1,2024-05-28 10:00:00
2841,1172,ZL01172,4,Would buy again,Colour is accurate and sizing feels true based on the chart.,Wei,1,2024-05-01 10:00:00
2842,1172,ZL01172,4,Decent for the money,I bought this as a gift and the recipient liked it immediately.,Jonas,0,2024-06-05 10:00:00
2843,1172,ZL01172,2,Reliable so far,Instructions were clear and setup took only a few minutes.,Kai,0,2024-04-23 10:00:00
2844,1173,ZL01173,3,Good build quality,"Would appreciate more colour options, but this shade works for me.",Chloe,0,2025-06-08 04:00:00
2845,1173,ZL01173,2,Useful addition,Packaging was neat and the item matched the listing details.,Ben,1,2025-05-19 04:00:00
2846,1174,ZL01174,4,Good build quality,Packaging was neat and the item matched the listing details.,Zara,0,2024-10-05 17:00:00
2847,1174,ZL01174,5,Arrived quickly,Used it for two weeks and it holds up well for daily use.,Ivy,1,2024-09-12 17:00:00
2848,1175,ZL01175,3,Worth the price,Good value compared with similar products I have tried.,Aisha,0,2024-06-07 15:00:00
2849,1176,ZL01176,5,Solid everyday pick,"Would appreciate more colour options, but this shade works for me.",Farid,1,2024-04-05 13:00:00
2850,1176,ZL01176,4,Good build quality,Used it for two weeks and it holds up well for daily use.,Victor,1,2024-03-13 13:00:00
2851,1176,ZL01176,5,Worth the price,"Would appreciate more colour options, but this shade works for me.",Victor,0,2024-04-10 13:00:00
2852,1177,ZL01177,4,Decent for the money,I bought this as a gift and the recipient liked it immediately.,Uma,1,2025-04-02 18:00:00
2853,1178,ZL01178,2,Nice finish,Used it for two weeks and it holds up well for daily use.,Hassan,1,2024-08-15 11:00:00
2854,1178,ZL01178,3,Worth the price,Used it for two weeks and it holds up well for daily use.,Farid,1,2024-08-21 11:00:00
2855,1178,ZL01178,5,Solid everyday pick,Works as advertised. Battery/performance is satisfactory so far.,Nora,1,2024-06-18 11:00:00
2856,1179,ZL01179,5,Worth the price,"Would appreciate more colour options, but this shade works for me.",Victor,1,2025-07-28 14:00:00
2857,1180,ZL01180,3,Love this,I bought this as a gift and the recipient liked it immediately.,Priya,0,2024-03-03 02:00:00
2858,1180,ZL01180,4,Exactly as described,Good value compared with similar products I have tried.,Priya,1,2024-03-03 02:00:00
2859,1180,ZL01180,5,Happy with it,I bought this as a gift and the recipient liked it immediately.,Priya,1,2024-03-18 02:00:00
2860,1180,ZL01180,3,Better than expected,I bought this as a gift and the recipient liked it immediately.,Omar,1,2024-04-06 02:00:00
2861,1181,ZL01181,3,Decent for the money,"Would appreciate more colour options, but this shade works for me.",Marcus,1,2025-06-20 19:00:00
2862,1181,ZL01181,5,Love this,Used it for two weeks and it holds up well for daily use.,Priya,1,2025-08-27 19:00:00
2863,1181,ZL01181,4,Worth the price,Feels durable. A couple of small scuffs from shipping but fine overall.,Wei,1,2025-07-29 19:00:00
2864,1182,ZL01182,2,Love this,Material quality is better than I expected at this price point.,Quinn,1,2024-11-23 16:00:00
2865,1182,ZL01182,5,Useful addition,"Would appreciate more colour options, but this shade works for me.",Uma,1,2024-09-07 16:00:00
2866,1183,ZL01183,4,Reliable so far,Colour is accurate and sizing feels true based on the chart.,Priya,1,2024-07-08 12:00:00
2867,1183,ZL01183,5,Solid everyday pick,Instructions were clear and setup took only a few minutes.,Uma,1,2024-08-06 12:00:00
2868,1183,ZL01183,4,Would buy again,Colour is accurate and sizing feels true based on the chart.,Hassan,1,2024-09-24 12:00:00
2869,1183,ZL01183,3,Love this,Good value compared with similar products I have tried.,Danial,0,2024-08-03 12:00:00
2870,1184,ZL01184,3,Better than expected,Good value compared with similar products I have tried.,Danial,0,2024-06-05 10:00:00
2871,1184,ZL01184,3,Exactly as described,Material quality is better than I expected at this price point.,Wei,1,2024-08-27 10:00:00
2872,1184,ZL01184,4,Would buy again,Good value compared with similar products I have tried.,Victor,1,2024-06-13 10:00:00
2873,1184,ZL01184,4,Exactly as described,Colour is accurate and sizing feels true based on the chart.,Yasmin,1,2024-07-16 10:00:00
2874,1185,ZL01185,3,Would buy again,Used it for two weeks and it holds up well for daily use.,Danial,1,2024-08-26 04:00:00
2875,1185,ZL01185,3,Exactly as described,I bought this as a gift and the recipient liked it immediately.,Jonas,1,2024-06-18 04:00:00
2876,1186,ZL01186,5,Exactly as described,Used it for two weeks and it holds up well for daily use.,Grace,1,2024-03-07 19:00:00
2877,1186,ZL01186,2,Useful addition,Colour is accurate and sizing feels true based on the chart.,Danial,1,2024-02-19 19:00:00
2878,1186,ZL01186,4,Worth the price,Instructions were clear and setup took only a few minutes.,Ravi,1,2024-04-22 19:00:00
2879,1186,ZL01186,2,Nice finish,Material quality is better than I expected at this price point.,Priya,1,2024-01-29 19:00:00
2880,1187,ZL01187,4,Arrived quickly,Works as advertised. Battery/performance is satisfactory so far.,Jonas,1,2024-10-14 22:00:00
2881,1188,ZL01188,4,Useful addition,Colour is accurate and sizing feels true based on the chart.,Kai,0,2025-05-12 12:00:00
2882,1188,ZL01188,5,Happy with it,Good value compared with similar products I have tried.,Tom,1,2025-02-27 12:00:00
2883,1188,ZL01188,2,Nice finish,I bought this as a gift and the recipient liked it immediately.,Siti,0,2025-05-13 12:00:00
2884,1189,ZL01189,3,Arrived quickly,Good value compared with similar products I have tried.,Ravi,1,2024-11-22 14:00:00
2885,1189,ZL01189,3,Love this,Works as advertised. Battery/performance is satisfactory so far.,Priya,0,2025-01-14 14:00:00
2886,1189,ZL01189,5,Solid everyday pick,Colour is accurate and sizing feels true based on the chart.,Siti,1,2025-03-16 14:00:00
2887,1190,ZL01190,5,Nice finish,Instructions were clear and setup took only a few minutes.,Grace,1,2025-07-19 13:00:00
2888,1191,ZL01191,4,Nice finish,Packaging was neat and the item matched the listing details.,Lina,0,2024-08-17 17:00:00
2889,1191,ZL01191,2,Good build quality,"Would appreciate more colour options, but this shade works for me.",Yasmin,1,2024-07-20 17:00:00
2890,1191,ZL01191,3,Nice finish,Used it for two weeks and it holds up well for daily use.,Ravi,0,2024-06-06 17:00:00
2891,1192,ZL01192,4,Better than expected,Packaging was neat and the item matched the listing details.,Ben,0,2025-05-29 17:00:00
2892,1192,ZL01192,4,Good build quality,Works as advertised. Battery/performance is satisfactory so far.,Ben,1,2025-08-10 17:00:00
2893,1193,ZL01193,2,Solid everyday pick,Good value compared with similar products I have tried.,Wei,0,2025-02-08 21:00:00
2894,1193,ZL01193,2,Love this,I bought this as a gift and the recipient liked it immediately.,Nora,1,2025-03-14 21:00:00
2895,1194,ZL01194,4,Arrived quickly,I bought this as a gift and the recipient liked it immediately.,Lina,1,2025-04-28 12:00:00
2896,1194,ZL01194,3,Not bad at all,Packaging was neat and the item matched the listing details.,Priya,1,2025-02-25 12:00:00
2897,1195,ZL01195,4,Good build quality,Colour is accurate and sizing feels true based on the chart.,Chloe,1,2024-08-03 04:00:00
2898,1195,ZL01195,5,Happy with it,Good value compared with similar products I have tried.,Uma,1,2024-06-05 04:00:00
2899,1195,ZL01195,5,Nice finish,I bought this as a gift and the recipient liked it immediately.,Chloe,1,2024-05-09 04:00:00
2900,1196,ZL01196,2,Better than expected,I bought this as a gift and the recipient liked it immediately.,Priya,1,2024-07-13 13:00:00
2901,1196,ZL01196,4,Exactly as described,Material quality is better than I expected at this price point.,Tom,1,2024-06-24 13:00:00
2902,1196,ZL01196,2,Happy with it,Packaging was neat and the item matched the listing details.,Quinn,1,2024-09-28 13:00:00
2903,1196,ZL01196,5,Arrived quickly,Colour is accurate and sizing feels true based on the chart.,Chloe,1,2024-06-26 13:00:00
2904,1197,ZL01197,2,Arrived quickly,Works as advertised. Battery/performance is satisfactory so far.,Grace,0,2025-06-09 16:00:00
2905,1197,ZL01197,4,Reliable so far,Packaging was neat and the item matched the listing details.,Victor,0,2025-06-26 16:00:00
2906,1197,ZL01197,2,Solid everyday pick,Colour is accurate and sizing feels true based on the chart.,Aisha,1,2025-05-12 16:00:00
2907,1198,ZL01198,5,Solid everyday pick,Feels durable. A couple of small scuffs from shipping but fine overall.,Zara,1,2025-05-28 00:00:00
2908,1198,ZL01198,4,Better than expected,Colour is accurate and sizing feels true based on the chart.,Uma,1,2025-05-09 00:00:00
2909,1198,ZL01198,4,Arrived quickly,Feels durable. A couple of small scuffs from shipping but fine overall.,Hassan,1,2025-05-14 00:00:00
2910,1199,ZL01199,5,Useful addition,Works as advertised. Battery/performance is satisfactory so far.,Kai,1,2025-08-17 05:00:00
2911,1199,ZL01199,3,Better than expected,Material quality is better than I expected at this price point.,Marcus,1,2025-07-19 05:00:00
2912,1200,ZL01200,4,Nice finish,Colour is accurate and sizing feels true based on the chart.,Ravi,0,2024-08-27 19:00:00
2913,1200,ZL01200,3,Solid everyday pick,I bought this as a gift and the recipient liked it immediately.,Tom,1,2024-09-22 19:00:00
2914,1201,ZL01201,4,Not bad at all,Packaging was neat and the item matched the listing details.,Zara,0,2024-06-03 18:00:00
2915,1201,ZL01201,3,Better than expected,Colour is accurate and sizing feels true based on the chart.,Quinn,1,2024-04-11 18:00:00
2916,1201,ZL01201,3,Decent for the money,Good value compared with similar products I have tried.,Marcus,1,2024-04-11 18:00:00
2917,1201,ZL01201,2,Reliable so far,Feels durable. A couple of small scuffs from shipping but fine overall.,Zara,0,2024-05-07 18:00:00
2918,1202,ZL01202,5,Decent for the money,Works as advertised. Battery/performance is satisfactory so far.,Farid,0,2024-05-16 11:00:00
2919,1202,ZL01202,4,Useful addition,I bought this as a gift and the recipient liked it immediately.,Marcus,1,2024-06-23 11:00:00
2920,1202,ZL01202,4,Better than expected,Instructions were clear and setup took only a few minutes.,Kai,0,2024-06-28 11:00:00
2921,1202,ZL01202,3,Exactly as described,Works as advertised. Battery/performance is satisfactory so far.,Danial,0,2024-05-18 11:00:00
2922,1203,ZL01203,4,Arrived quickly,Colour is accurate and sizing feels true based on the chart.,Tom,1,2024-05-16 00:00:00
2923,1204,ZL01204,3,Nice finish,"Would appreciate more colour options, but this shade works for me.",Aisha,0,2025-04-12 23:00:00
2924,1204,ZL01204,4,Better than expected,I bought this as a gift and the recipient liked it immediately.,Ravi,1,2025-03-02 23:00:00
2925,1204,ZL01204,5,Better than expected,Works as advertised. Battery/performance is satisfactory so far.,Zara,1,2025-06-06 23:00:00
2926,1205,ZL01205,2,Exactly as described,Works as advertised. Battery/performance is satisfactory so far.,Omar,0,2024-03-12 05:00:00
2927,1205,ZL01205,4,Better than expected,Good value compared with similar products I have tried.,Siti,0,2024-03-21 05:00:00
2928,1206,ZL01206,2,Nice finish,Feels durable. A couple of small scuffs from shipping but fine overall.,Nora,1,2024-04-12 04:00:00
2929,1206,ZL01206,5,Better than expected,Material quality is better than I expected at this price point.,Victor,1,2024-02-17 04:00:00
2930,1206,ZL01206,5,Worth the price,Material quality is better than I expected at this price point.,Jonas,1,2024-05-20 04:00:00
2931,1207,ZL01207,5,Reliable so far,"Would appreciate more colour options, but this shade works for me.",Victor,0,2024-09-25 22:00:00
2932,1207,ZL01207,4,Worth the price,Used it for two weeks and it holds up well for daily use.,Marcus,1,2024-10-28 22:00:00
2933,1207,ZL01207,5,Useful addition,Instructions were clear and setup took only a few minutes.,Quinn,0,2024-10-10 22:00:00
2934,1207,ZL01207,4,Reliable so far,Instructions were clear and setup took only a few minutes.,Quinn,1,2024-08-16 22:00:00
2935,1208,ZL01208,4,Solid everyday pick,Used it for two weeks and it holds up well for daily use.,Tom,1,2025-01-09 10:00:00
2936,1208,ZL01208,4,Would buy again,Packaging was neat and the item matched the listing details.,Marcus,1,2025-01-24 10:00:00
2937,1208,ZL01208,3,Better than expected,Colour is accurate and sizing feels true based on the chart.,Yasmin,1,2024-12-18 10:00:00
2938,1209,ZL01209,4,Worth the price,I bought this as a gift and the recipient liked it immediately.,Nora,1,2024-04-28 03:00:00
2939,1209,ZL01209,5,Useful addition,"Would appreciate more colour options, but this shade works for me.",Chloe,1,2024-04-20 03:00:00
2940,1210,ZL01210,4,Good build quality,Good value compared with similar products I have tried.,Tom,1,2024-07-28 18:00:00
2941,1210,ZL01210,2,Arrived quickly,Good value compared with similar products I have tried.,Hassan,1,2024-07-10 18:00:00
2942,1211,ZL01211,4,Love this,Material quality is better than I expected at this price point.,Wei,0,2024-08-22 19:00:00
2943,1211,ZL01211,3,Decent for the money,Feels durable. A couple of small scuffs from shipping but fine overall.,Uma,1,2024-08-29 19:00:00
2944,1211,ZL01211,4,Would buy again,Material quality is better than I expected at this price point.,Tom,0,2024-09-18 19:00:00
2945,1212,ZL01212,3,Exactly as described,Used it for two weeks and it holds up well for daily use.,Siti,1,2024-05-06 22:00:00
2946,1212,ZL01212,3,Not bad at all,Material quality is better than I expected at this price point.,Yasmin,0,2024-05-27 22:00:00
2947,1212,ZL01212,4,Good build quality,I bought this as a gift and the recipient liked it immediately.,Elena,0,2024-05-19 22:00:00
2948,1213,ZL01213,3,Useful addition,Packaging was neat and the item matched the listing details.,Victor,1,2024-05-19 08:00:00
2949,1213,ZL01213,3,Exactly as described,Packaging was neat and the item matched the listing details.,Uma,1,2024-07-13 08:00:00
2950,1213,ZL01213,5,Nice finish,Material quality is better than I expected at this price point.,Tom,1,2024-05-12 08:00:00
2951,1214,ZL01214,5,Happy with it,Used it for two weeks and it holds up well for daily use.,Omar,1,2025-01-05 01:00:00
2952,1214,ZL01214,5,Good build quality,Instructions were clear and setup took only a few minutes.,Uma,1,2025-01-14 01:00:00
2953,1214,ZL01214,3,Would buy again,Used it for two weeks and it holds up well for daily use.,Ivy,1,2025-03-18 01:00:00
2954,1215,ZL01215,5,Good build quality,Colour is accurate and sizing feels true based on the chart.,Ravi,1,2025-04-28 11:00:00
2955,1216,ZL01216,5,Would buy again,Colour is accurate and sizing feels true based on the chart.,Danial,1,2024-07-12 15:00:00
2956,1216,ZL01216,4,Happy with it,Packaging was neat and the item matched the listing details.,Nora,1,2024-07-03 15:00:00
2957,1217,ZL01217,3,Would buy again,Instructions were clear and setup took only a few minutes.,Aisha,1,2025-01-14 18:00:00
2958,1217,ZL01217,3,Arrived quickly,Colour is accurate and sizing feels true based on the chart.,Tom,1,2025-01-13 18:00:00
2959,1217,ZL01217,3,Worth the price,Works as advertised. Battery/performance is satisfactory so far.,Marcus,0,2024-10-22 18:00:00
2960,1218,ZL01218,4,Solid everyday pick,Colour is accurate and sizing feels true based on the chart.,Yasmin,1,2025-06-26 12:00:00
2961,1219,ZL01219,4,Happy with it,Packaging was neat and the item matched the listing details.,Yasmin,1,2025-05-27 16:00:00
2962,1219,ZL01219,3,Happy with it,"Would appreciate more colour options, but this shade works for me.",Uma,1,2025-04-15 16:00:00
2963,1219,ZL01219,3,Would buy again,Instructions were clear and setup took only a few minutes.,Omar,1,2025-05-05 16:00:00
2964,1219,ZL01219,5,Useful addition,Instructions were clear and setup took only a few minutes.,Ravi,0,2025-05-01 16:00:00
2965,1220,ZL01220,3,Love this,Colour is accurate and sizing feels true based on the chart.,Zara,1,2025-01-04 05:00:00
2966,1221,ZL01221,5,Useful addition,Instructions were clear and setup took only a few minutes.,Nora,1,2025-05-28 16:00:00
2967,1221,ZL01221,5,Better than expected,Colour is accurate and sizing feels true based on the chart.,Yasmin,1,2025-04-20 16:00:00
2968,1222,ZL01222,2,Solid everyday pick,Material quality is better than I expected at this price point.,Yasmin,1,2025-04-14 03:00:00
2969,1222,ZL01222,3,Arrived quickly,"Would appreciate more colour options, but this shade works for me.",Priya,1,2025-01-10 03:00:00
2970,1222,ZL01222,2,Would buy again,Feels durable. A couple of small scuffs from shipping but fine overall.,Priya,1,2025-03-11 03:00:00
2971,1223,ZL01223,3,Love this,Instructions were clear and setup took only a few minutes.,Ivy,0,2024-05-05 13:00:00
2972,1223,ZL01223,5,Decent for the money,Good value compared with similar products I have tried.,Elena,0,2024-06-03 13:00:00
2973,1223,ZL01223,3,Exactly as described,Works as advertised. Battery/performance is satisfactory so far.,Marcus,0,2024-06-22 13:00:00
2974,1224,ZL01224,3,Useful addition,Material quality is better than I expected at this price point.,Quinn,1,2024-04-26 14:00:00
2975,1224,ZL01224,4,Useful addition,Good value compared with similar products I have tried.,Omar,1,2024-01-21 14:00:00
2976,1224,ZL01224,4,Reliable so far,Feels durable. A couple of small scuffs from shipping but fine overall.,Uma,1,2024-03-02 14:00:00
2977,1224,ZL01224,2,Not bad at all,I bought this as a gift and the recipient liked it immediately.,Yasmin,1,2024-05-05 14:00:00
2978,1225,ZL01225,4,Decent for the money,Colour is accurate and sizing feels true based on the chart.,Omar,1,2025-05-21 16:00:00
2979,1225,ZL01225,4,Happy with it,Material quality is better than I expected at this price point.,Danial,1,2025-06-06 16:00:00
2980,1225,ZL01225,3,Reliable so far,Instructions were clear and setup took only a few minutes.,Omar,0,2025-04-04 16:00:00
2981,1226,ZL01226,3,Nice finish,Instructions were clear and setup took only a few minutes.,Priya,1,2025-07-01 08:00:00
2982,1226,ZL01226,3,Not bad at all,I bought this as a gift and the recipient liked it immediately.,Priya,1,2025-06-04 08:00:00
2983,1226,ZL01226,5,Would buy again,I bought this as a gift and the recipient liked it immediately.,Priya,1,2025-04-05 08:00:00
2984,1226,ZL01226,5,Would buy again,Feels durable. A couple of small scuffs from shipping but fine overall.,Grace,0,2025-07-10 08:00:00
2985,1227,ZL01227,3,Reliable so far,Colour is accurate and sizing feels true based on the chart.,Jonas,1,2025-05-01 07:00:00
2986,1227,ZL01227,4,Exactly as described,Instructions were clear and setup took only a few minutes.,Grace,0,2025-05-05 07:00:00
2987,1227,ZL01227,4,Arrived quickly,Works as advertised. Battery/performance is satisfactory so far.,Uma,0,2025-05-26 07:00:00
2988,1228,ZL01228,4,Not bad at all,Instructions were clear and setup took only a few minutes.,Kai,1,2025-02-10 09:00:00
2989,1228,ZL01228,5,Reliable so far,Material quality is better than I expected at this price point.,Ivy,1,2024-12-13 09:00:00
2990,1228,ZL01228,4,Worth the price,Works as advertised. Battery/performance is satisfactory so far.,Elena,1,2024-12-04 09:00:00
2991,1229,ZL01229,2,Exactly as described,I bought this as a gift and the recipient liked it immediately.,Hassan,1,2025-01-11 05:00:00
2992,1229,ZL01229,3,Nice finish,Good value compared with similar products I have tried.,Nora,1,2024-11-10 05:00:00
2993,1229,ZL01229,5,Useful addition,Material quality is better than I expected at this price point.,Omar,1,2025-02-23 05:00:00
2994,1229,ZL01229,2,Not bad at all,Used it for two weeks and it holds up well for daily use.,Marcus,1,2025-02-02 05:00:00
2995,1230,ZL01230,4,Useful addition,Instructions were clear and setup took only a few minutes.,Grace,1,2024-02-13 19:00:00
2996,1231,ZL01231,5,Good build quality,Feels durable. A couple of small scuffs from shipping but fine overall.,Grace,1,2024-08-30 20:00:00
2997,1231,ZL01231,5,Useful addition,Good value compared with similar products I have tried.,Yasmin,1,2024-09-06 20:00:00
2998,1232,ZL01232,5,Exactly as described,Colour is accurate and sizing feels true based on the chart.,Farid,1,2025-04-02 10:00:00
2999,1232,ZL01232,2,Exactly as described,"Would appreciate more colour options, but this shade works for me.",Wei,0,2025-02-08 10:00:00
3000,1232,ZL01232,2,Happy with it,Used it for two weeks and it holds up well for daily use.,Aisha,1,2025-03-10 10:00:00
3001,1232,ZL01232,3,Not bad at all,Instructions were clear and setup took only a few minutes.,Aisha,0,2025-02-11 10:00:00
3002,1233,ZL01233,4,Worth the price,Packaging was neat and the item matched the listing details.,Aisha,1,2025-03-19 17:00:00
3003,1233,ZL01233,4,Would buy again,"Would appreciate more colour options, but this shade works for me.",Grace,1,2025-04-12 17:00:00
3004,1234,ZL01234,3,Not bad at all,Material quality is better than I expected at this price point.,Ravi,0,2025-02-09 13:00:00
3005,1234,ZL01234,4,Worth the price,"Would appreciate more colour options, but this shade works for me.",Lina,1,2025-02-10 13:00:00
3006,1234,ZL01234,3,Reliable so far,Works as advertised. Battery/performance is satisfactory so far.,Danial,1,2025-03-05 13:00:00
3007,1235,ZL01235,3,Useful addition,I bought this as a gift and the recipient liked it immediately.,Elena,1,2024-03-01 09:00:00
3008,1236,ZL01236,5,Exactly as described,Packaging was neat and the item matched the listing details.,Yasmin,0,2025-08-19 15:00:00
3009,1237,ZL01237,5,Useful addition,Material quality is better than I expected at this price point.,Lina,1,2024-08-09 16:00:00
3010,1238,ZL01238,4,Worth the price,Used it for two weeks and it holds up well for daily use.,Lina,1,2024-06-26 14:00:00
3011,1238,ZL01238,4,Nice finish,Feels durable. A couple of small scuffs from shipping but fine overall.,Yasmin,1,2024-06-15 14:00:00
3012,1238,ZL01238,3,Good build quality,Good value compared with similar products I have tried.,Ravi,1,2024-06-27 14:00:00
3013,1238,ZL01238,2,Exactly as described,Material quality is better than I expected at this price point.,Yasmin,0,2024-08-08 14:00:00
3014,1239,ZL01239,2,Decent for the money,Packaging was neat and the item matched the listing details.,Ben,1,2024-04-08 16:00:00
3015,1239,ZL01239,4,Arrived quickly,"Would appreciate more colour options, but this shade works for me.",Marcus,1,2024-06-06 16:00:00
3016,1239,ZL01239,2,Solid everyday pick,Colour is accurate and sizing feels true based on the chart.,Zara,0,2024-07-05 16:00:00
3017,1240,ZL01240,5,Solid everyday pick,Used it for two weeks and it holds up well for daily use.,Wei,1,2024-06-29 15:00:00
3018,1240,ZL01240,5,Better than expected,Feels durable. A couple of small scuffs from shipping but fine overall.,Zara,1,2024-03-28 15:00:00
3019,1240,ZL01240,2,Better than expected,Good value compared with similar products I have tried.,Danial,1,2024-05-31 15:00:00
3020,1240,ZL01240,3,Useful addition,Works as advertised. Battery/performance is satisfactory so far.,Yasmin,1,2024-04-28 15:00:00
3021,1241,ZL01241,3,Happy with it,Material quality is better than I expected at this price point.,Quinn,1,2025-03-14 15:00:00
3022,1241,ZL01241,4,Good build quality,Instructions were clear and setup took only a few minutes.,Jonas,1,2025-03-10 15:00:00
3023,1242,ZL01242,3,Exactly as described,"Would appreciate more colour options, but this shade works for me.",Danial,1,2024-10-08 19:00:00
3024,1242,ZL01242,5,Reliable so far,Material quality is better than I expected at this price point.,Tom,1,2024-09-17 19:00:00
3025,1242,ZL01242,5,Would buy again,Material quality is better than I expected at this price point.,Lina,1,2024-11-15 19:00:00
3026,1242,ZL01242,5,Happy with it,"Would appreciate more colour options, but this shade works for me.",Ivy,0,2024-11-21 19:00:00
3027,1243,ZL01243,3,Not bad at all,Works as advertised. Battery/performance is satisfactory so far.,Elena,1,2025-08-11 04:00:00
3028,1243,ZL01243,3,Would buy again,I bought this as a gift and the recipient liked it immediately.,Grace,1,2025-07-04 04:00:00
3029,1244,ZL01244,4,Useful addition,Good value compared with similar products I have tried.,Jonas,1,2025-07-07 11:00:00
3030,1244,ZL01244,5,Good build quality,Colour is accurate and sizing feels true based on the chart.,Kai,1,2025-06-04 11:00:00
3031,1244,ZL01244,3,Good build quality,Used it for two weeks and it holds up well for daily use.,Yasmin,0,2025-06-20 11:00:00
3032,1244,ZL01244,4,Better than expected,Works as advertised. Battery/performance is satisfactory so far.,Marcus,1,2025-04-27 11:00:00
3033,1245,ZL01245,4,Useful addition,Used it for two weeks and it holds up well for daily use.,Farid,1,2025-04-06 18:00:00
3034,1245,ZL01245,5,Nice finish,"Would appreciate more colour options, but this shade works for me.",Kai,1,2025-04-09 18:00:00
3035,1245,ZL01245,3,Happy with it,Material quality is better than I expected at this price point.,Farid,1,2025-01-31 18:00:00
3036,1245,ZL01245,5,Worth the price,Material quality is better than I expected at this price point.,Marcus,1,2025-02-11 18:00:00
3037,1246,ZL01246,4,Not bad at all,Feels durable. A couple of small scuffs from shipping but fine overall.,Nora,1,2024-07-25 02:00:00
3038,1246,ZL01246,3,Exactly as described,Works as advertised. Battery/performance is satisfactory so far.,Ben,1,2024-07-21 02:00:00
3039,1246,ZL01246,5,Not bad at all,Material quality is better than I expected at this price point.,Quinn,1,2024-07-26 02:00:00
3040,1247,ZL01247,3,Nice finish,Used it for two weeks and it holds up well for daily use.,Nora,1,2025-01-16 15:00:00
3041,1247,ZL01247,5,Decent for the money,Material quality is better than I expected at this price point.,Yasmin,1,2024-12-31 15:00:00
3042,1247,ZL01247,3,Happy with it,I bought this as a gift and the recipient liked it immediately.,Ben,1,2024-11-01 15:00:00
3043,1248,ZL01248,5,Worth the price,Good value compared with similar products I have tried.,Siti,1,2024-12-07 21:00:00
3044,1249,ZL01249,3,Solid everyday pick,Feels durable. A couple of small scuffs from shipping but fine overall.,Wei,1,2025-02-02 17:00:00
3045,1249,ZL01249,3,Useful addition,Works as advertised. Battery/performance is satisfactory so far.,Uma,1,2024-11-22 17:00:00
3046,1250,ZL01250,3,Would buy again,I bought this as a gift and the recipient liked it immediately.,Chloe,1,2025-03-11 04:00:00
3047,1250,ZL01250,5,Worth the price,Used it for two weeks and it holds up well for daily use.,Danial,0,2025-03-07 04:00:00
3048,1250,ZL01250,3,Nice finish,Feels durable. A couple of small scuffs from shipping but fine overall.,Zara,1,2025-05-10 04:00:00
3049,1251,ZL01251,5,Not bad at all,Material quality is better than I expected at this price point.,Quinn,0,2025-05-08 15:00:00
3050,1251,ZL01251,4,Would buy again,Used it for two weeks and it holds up well for daily use.,Victor,1,2025-05-16 15:00:00
3051,1251,ZL01251,5,Happy with it,Works as advertised. Battery/performance is satisfactory so far.,Ben,1,2025-03-23 15:00:00
3052,1251,ZL01251,4,Not bad at all,Material quality is better than I expected at this price point.,Tom,1,2025-01-27 15:00:00
3053,1252,ZL01252,5,Better than expected,I bought this as a gift and the recipient liked it immediately.,Aisha,1,2024-04-24 11:00:00
3054,1252,ZL01252,4,Arrived quickly,Colour is accurate and sizing feels true based on the chart.,Hassan,1,2024-05-12 11:00:00
3055,1252,ZL01252,3,Nice finish,"Would appreciate more colour options, but this shade works for me.",Danial,1,2024-04-28 11:00:00
3056,1252,ZL01252,5,Exactly as described,Instructions were clear and setup took only a few minutes.,Zara,1,2024-06-12 11:00:00
3057,1253,ZL01253,3,Love this,I bought this as a gift and the recipient liked it immediately.,Lina,1,2025-02-22 10:00:00
3058,1253,ZL01253,3,Exactly as described,Used it for two weeks and it holds up well for daily use.,Wei,0,2025-04-22 10:00:00
3059,1254,ZL01254,3,Solid everyday pick,Works as advertised. Battery/performance is satisfactory so far.,Priya,1,2024-10-04 11:00:00
3060,1254,ZL01254,4,Good build quality,Used it for two weeks and it holds up well for daily use.,Lina,0,2024-08-18 11:00:00
3061,1254,ZL01254,5,Good build quality,Good value compared with similar products I have tried.,Priya,1,2024-10-22 11:00:00
3062,1254,ZL01254,3,Good build quality,Material quality is better than I expected at this price point.,Chloe,1,2024-07-21 11:00:00
3063,1255,ZL01255,5,Exactly as described,Packaging was neat and the item matched the listing details.,Tom,1,2024-02-03 14:00:00
3064,1255,ZL01255,2,Better than expected,"Would appreciate more colour options, but this shade works for me.",Chloe,1,2024-05-05 14:00:00
3065,1255,ZL01255,3,Worth the price,Works as advertised. Battery/performance is satisfactory so far.,Yasmin,0,2024-01-31 14:00:00
3066,1256,ZL01256,4,Solid everyday pick,Works as advertised. Battery/performance is satisfactory so far.,Wei,1,2024-06-24 19:00:00
3067,1256,ZL01256,5,Happy with it,I bought this as a gift and the recipient liked it immediately.,Tom,1,2024-05-25 19:00:00
3068,1257,ZL01257,3,Not bad at all,I bought this as a gift and the recipient liked it immediately.,Victor,0,2024-03-14 09:00:00
3069,1257,ZL01257,4,Happy with it,Instructions were clear and setup took only a few minutes.,Chloe,0,2024-03-08 09:00:00
3070,1257,ZL01257,3,Would buy again,Instructions were clear and setup took only a few minutes.,Ravi,1,2024-05-09 09:00:00
3071,1257,ZL01257,5,Useful addition,Material quality is better than I expected at this price point.,Ravi,1,2024-04-28 09:00:00
3072,1258,ZL01258,5,Exactly as described,Packaging was neat and the item matched the listing details.,Kai,1,2024-08-01 05:00:00
3073,1258,ZL01258,2,Nice finish,Good value compared with similar products I have tried.,Marcus,1,2024-08-17 05:00:00
3074,1258,ZL01258,3,Arrived quickly,Material quality is better than I expected at this price point.,Marcus,1,2024-08-21 05:00:00
3075,1258,ZL01258,3,Solid everyday pick,Used it for two weeks and it holds up well for daily use.,Uma,1,2024-06-19 05:00:00
3076,1259,ZL01259,3,Nice finish,Material quality is better than I expected at this price point.,Grace,1,2025-01-08 06:00:00
3077,1259,ZL01259,3,Decent for the money,Instructions were clear and setup took only a few minutes.,Siti,1,2025-01-08 06:00:00
3078,1259,ZL01259,5,Not bad at all,Material quality is better than I expected at this price point.,Danial,1,2024-12-30 06:00:00
3079,1259,ZL01259,4,Would buy again,Used it for two weeks and it holds up well for daily use.,Grace,0,2025-02-23 06:00:00
3080,1260,ZL01260,2,Solid everyday pick,Material quality is better than I expected at this price point.,Ben,1,2024-07-21 07:00:00
3081,1260,ZL01260,4,Good build quality,Material quality is better than I expected at this price point.,Uma,1,2024-04-30 07:00:00
3082,1261,ZL01261,4,Useful addition,Good value compared with similar products I have tried.,Nora,1,2025-06-04 18:00:00
3083,1261,ZL01261,3,Not bad at all,I bought this as a gift and the recipient liked it immediately.,Wei,1,2025-05-24 18:00:00
3084,1261,ZL01261,4,Reliable so far,Feels durable. A couple of small scuffs from shipping but fine overall.,Farid,1,2025-06-24 18:00:00
3085,1261,ZL01261,2,Nice finish,"Would appreciate more colour options, but this shade works for me.",Farid,0,2025-06-09 18:00:00
3086,1262,ZL01262,3,Love this,Good value compared with similar products I have tried.,Jonas,1,2024-04-16 00:00:00
3087,1262,ZL01262,4,Exactly as described,Good value compared with similar products I have tried.,Omar,1,2024-02-18 00:00:00
3088,1262,ZL01262,4,Happy with it,"Would appreciate more colour options, but this shade works for me.",Nora,1,2024-03-27 00:00:00
3089,1262,ZL01262,4,Better than expected,"Would appreciate more colour options, but this shade works for me.",Chloe,0,2024-04-17 00:00:00
3090,1263,ZL01263,5,Nice finish,Good value compared with similar products I have tried.,Kai,1,2024-11-16 03:00:00
3091,1263,ZL01263,3,Decent for the money,Works as advertised. Battery/performance is satisfactory so far.,Farid,1,2025-01-18 03:00:00
3092,1263,ZL01263,5,Worth the price,Packaging was neat and the item matched the listing details.,Omar,1,2024-10-05 03:00:00
3093,1264,ZL01264,5,Exactly as described,I bought this as a gift and the recipient liked it immediately.,Wei,1,2024-10-10 07:00:00
3094,1265,ZL01265,3,Decent for the money,Used it for two weeks and it holds up well for daily use.,Ravi,1,2024-09-12 15:00:00
3095,1266,ZL01266,3,Love this,"Would appreciate more colour options, but this shade works for me.",Yasmin,1,2025-05-04 15:00:00
3096,1266,ZL01266,3,Better than expected,Material quality is better than I expected at this price point.,Nora,1,2025-06-29 15:00:00
3097,1266,ZL01266,5,Good build quality,"Would appreciate more colour options, but this shade works for me.",Elena,1,2025-07-13 15:00:00
3098,1266,ZL01266,4,Reliable so far,Colour is accurate and sizing feels true based on the chart.,Yasmin,1,2025-06-19 15:00:00
3099,1267,ZL01267,5,Reliable so far,Feels durable. A couple of small scuffs from shipping but fine overall.,Marcus,1,2025-05-04 02:00:00
3100,1268,ZL01268,4,Solid everyday pick,Works as advertised. Battery/performance is satisfactory so far.,Elena,0,2024-08-08 08:00:00
3101,1268,ZL01268,5,Reliable so far,Feels durable. A couple of small scuffs from shipping but fine overall.,Zara,1,2024-05-25 08:00:00
3102,1268,ZL01268,2,Worth the price,Good value compared with similar products I have tried.,Uma,0,2024-06-15 08:00:00
3103,1268,ZL01268,4,Would buy again,Instructions were clear and setup took only a few minutes.,Ivy,1,2024-06-07 08:00:00
3104,1269,ZL01269,5,Good build quality,Instructions were clear and setup took only a few minutes.,Kai,1,2024-10-21 08:00:00
3105,1269,ZL01269,3,Decent for the money,Instructions were clear and setup took only a few minutes.,Uma,1,2024-10-29 08:00:00
3106,1270,ZL01270,3,Nice finish,Good value compared with similar products I have tried.,Yasmin,1,2024-10-10 19:00:00
3107,1270,ZL01270,3,Nice finish,I bought this as a gift and the recipient liked it immediately.,Ben,1,2024-11-27 19:00:00
3108,1270,ZL01270,5,Not bad at all,Instructions were clear and setup took only a few minutes.,Ravi,1,2024-10-10 19:00:00
3109,1270,ZL01270,5,Arrived quickly,Material quality is better than I expected at this price point.,Danial,1,2024-09-04 19:00:00
3110,1271,ZL01271,3,Decent for the money,Feels durable. A couple of small scuffs from shipping but fine overall.,Jonas,1,2025-04-06 00:00:00
3111,1271,ZL01271,5,Reliable so far,Material quality is better than I expected at this price point.,Quinn,1,2025-03-08 00:00:00
3112,1272,ZL01272,2,Love this,Material quality is better than I expected at this price point.,Danial,1,2025-05-21 10:00:00
3113,1272,ZL01272,5,Useful addition,I bought this as a gift and the recipient liked it immediately.,Victor,1,2025-02-09 10:00:00
3114,1272,ZL01272,4,Exactly as described,Colour is accurate and sizing feels true based on the chart.,Danial,0,2025-03-04 10:00:00
3115,1273,ZL01273,3,Happy with it,Feels durable. A couple of small scuffs from shipping but fine overall.,Siti,0,2025-01-19 11:00:00
3116,1274,ZL01274,3,Good build quality,Material quality is better than I expected at this price point.,Ivy,1,2024-07-01 21:00:00
3117,1274,ZL01274,5,Reliable so far,Packaging was neat and the item matched the listing details.,Tom,0,2024-07-17 21:00:00
3118,1275,ZL01275,4,Useful addition,Works as advertised. Battery/performance is satisfactory so far.,Siti,1,2024-08-06 22:00:00
3119,1275,ZL01275,5,Worth the price,Instructions were clear and setup took only a few minutes.,Marcus,0,2024-07-10 22:00:00
3120,1275,ZL01275,4,Not bad at all,Colour is accurate and sizing feels true based on the chart.,Quinn,0,2024-05-08 22:00:00
3121,1276,ZL01276,2,Solid everyday pick,Colour is accurate and sizing feels true based on the chart.,Ivy,1,2024-09-23 12:00:00
3122,1276,ZL01276,2,Reliable so far,Good value compared with similar products I have tried.,Jonas,1,2024-12-08 12:00:00
3123,1276,ZL01276,5,Would buy again,Packaging was neat and the item matched the listing details.,Victor,0,2024-08-31 12:00:00
3124,1277,ZL01277,5,Exactly as described,Works as advertised. Battery/performance is satisfactory so far.,Jonas,1,2025-04-23 12:00:00
3125,1277,ZL01277,3,Good build quality,Used it for two weeks and it holds up well for daily use.,Nora,1,2025-06-07 12:00:00
3126,1277,ZL01277,3,Happy with it,Colour is accurate and sizing feels true based on the chart.,Kai,1,2025-04-21 12:00:00
3127,1277,ZL01277,4,Good build quality,Instructions were clear and setup took only a few minutes.,Aisha,1,2025-04-28 12:00:00
3128,1278,ZL01278,5,Arrived quickly,Good value compared with similar products I have tried.,Grace,1,2025-06-24 20:00:00
3129,1278,ZL01278,4,Useful addition,Packaging was neat and the item matched the listing details.,Siti,1,2025-08-04 20:00:00
3130,1279,ZL01279,5,Exactly as described,I bought this as a gift and the recipient liked it immediately.,Hassan,0,2024-09-14 23:00:00
3131,1279,ZL01279,4,Arrived quickly,Instructions were clear and setup took only a few minutes.,Lina,0,2024-12-12 23:00:00
3132,1279,ZL01279,4,Solid everyday pick,Feels durable. A couple of small scuffs from shipping but fine overall.,Ivy,1,2024-12-29 23:00:00
3133,1280,ZL01280,5,Better than expected,Feels durable. A couple of small scuffs from shipping but fine overall.,Lina,1,2024-07-30 22:00:00
3134,1281,ZL01281,5,Nice finish,Works as advertised. Battery/performance is satisfactory so far.,Tom,1,2024-10-02 18:00:00
3135,1281,ZL01281,3,Solid everyday pick,"Would appreciate more colour options, but this shade works for me.",Grace,0,2024-08-19 18:00:00
3136,1281,ZL01281,4,Solid everyday pick,Used it for two weeks and it holds up well for daily use.,Marcus,1,2024-10-13 18:00:00
3137,1282,ZL01282,5,Reliable so far,Colour is accurate and sizing feels true based on the chart.,Yasmin,1,2025-01-06 14:00:00
3138,1282,ZL01282,4,Decent for the money,Instructions were clear and setup took only a few minutes.,Aisha,1,2025-01-03 14:00:00
3139,1283,ZL01283,3,Exactly as described,Material quality is better than I expected at this price point.,Aisha,1,2024-06-04 15:00:00
3140,1283,ZL01283,3,Arrived quickly,Material quality is better than I expected at this price point.,Hassan,1,2024-07-30 15:00:00
3141,1284,ZL01284,3,Worth the price,I bought this as a gift and the recipient liked it immediately.,Aisha,1,2025-03-20 06:00:00
3142,1284,ZL01284,3,Would buy again,Works as advertised. Battery/performance is satisfactory so far.,Ivy,1,2025-02-17 06:00:00
3143,1284,ZL01284,5,Would buy again,Used it for two weeks and it holds up well for daily use.,Quinn,1,2024-12-08 06:00:00
3144,1284,ZL01284,3,Would buy again,Colour is accurate and sizing feels true based on the chart.,Jonas,0,2025-01-25 06:00:00
3145,1285,ZL01285,4,Worth the price,Packaging was neat and the item matched the listing details.,Nora,1,2024-07-29 00:00:00
3146,1286,ZL01286,5,Nice finish,Material quality is better than I expected at this price point.,Hassan,1,2024-03-12 13:00:00
3147,1286,ZL01286,3,Not bad at all,Packaging was neat and the item matched the listing details.,Nora,1,2024-05-08 13:00:00
3148,1287,ZL01287,3,Worth the price,I bought this as a gift and the recipient liked it immediately.,Omar,1,2025-05-11 12:00:00
3149,1287,ZL01287,4,Would buy again,Used it for two weeks and it holds up well for daily use.,Chloe,1,2025-05-04 12:00:00
3150,1287,ZL01287,5,Solid everyday pick,Instructions were clear and setup took only a few minutes.,Priya,1,2025-05-29 12:00:00
3151,1288,ZL01288,4,Good build quality,Good value compared with similar products I have tried.,Kai,1,2024-07-15 12:00:00
3152,1288,ZL01288,5,Solid everyday pick,Material quality is better than I expected at this price point.,Hassan,1,2024-10-13 12:00:00
3153,1289,ZL01289,5,Decent for the money,Material quality is better than I expected at this price point.,Zara,0,2024-12-22 19:00:00
3154,1290,ZL01290,5,Exactly as described,Good value compared with similar products I have tried.,Jonas,1,2025-02-17 13:00:00
3155,1290,ZL01290,4,Arrived quickly,I bought this as a gift and the recipient liked it immediately.,Omar,1,2025-04-05 13:00:00
3156,1290,ZL01290,5,Solid everyday pick,Used it for two weeks and it holds up well for daily use.,Zara,1,2024-12-26 13:00:00
3157,1291,ZL01291,5,Worth the price,Material quality is better than I expected at this price point.,Ben,0,2024-04-26 07:00:00
3158,1292,ZL01292,3,Exactly as described,Works as advertised. Battery/performance is satisfactory so far.,Quinn,1,2025-05-29 06:00:00
3159,1292,ZL01292,2,Arrived quickly,Packaging was neat and the item matched the listing details.,Ravi,1,2025-05-18 06:00:00
3160,1292,ZL01292,2,Reliable so far,Material quality is better than I expected at this price point.,Wei,1,2025-04-06 06:00:00
3161,1293,ZL01293,4,Better than expected,Instructions were clear and setup took only a few minutes.,Ben,0,2024-09-07 20:00:00
3162,1293,ZL01293,3,Worth the price,"Would appreciate more colour options, but this shade works for me.",Siti,1,2024-07-15 20:00:00
3163,1294,ZL01294,5,Arrived quickly,Material quality is better than I expected at this price point.,Elena,1,2024-01-30 14:00:00
3164,1294,ZL01294,3,Happy with it,Used it for two weeks and it holds up well for daily use.,Zara,1,2024-01-29 14:00:00
3165,1294,ZL01294,3,Exactly as described,Material quality is better than I expected at this price point.,Ravi,1,2024-04-18 14:00:00
3166,1295,ZL01295,5,Would buy again,Feels durable. A couple of small scuffs from shipping but fine overall.,Victor,0,2024-06-07 21:00:00
3167,1296,ZL01296,5,Decent for the money,Instructions were clear and setup took only a few minutes.,Marcus,1,2024-06-13 00:00:00
3168,1296,ZL01296,3,Useful addition,Material quality is better than I expected at this price point.,Elena,1,2024-06-15 00:00:00
3169,1296,ZL01296,5,Exactly as described,Colour is accurate and sizing feels true based on the chart.,Zara,0,2024-07-14 00:00:00
3170,1297,ZL01297,3,Decent for the money,Material quality is better than I expected at this price point.,Chloe,1,2025-06-19 13:00:00
3171,1297,ZL01297,5,Not bad at all,Packaging was neat and the item matched the listing details.,Victor,0,2025-03-24 13:00:00
3172,1298,ZL01298,3,Love this,Material quality is better than I expected at this price point.,Priya,1,2024-11-06 13:00:00
3173,1298,ZL01298,5,Decent for the money,Colour is accurate and sizing feels true based on the chart.,Wei,1,2024-10-11 13:00:00
3174,1299,ZL01299,5,Would buy again,Works as advertised. Battery/performance is satisfactory so far.,Danial,0,2025-05-04 11:00:00
3175,1299,ZL01299,4,Happy with it,Colour is accurate and sizing feels true based on the chart.,Jonas,1,2025-04-29 11:00:00
3176,1299,ZL01299,5,Reliable so far,Feels durable. A couple of small scuffs from shipping but fine overall.,Quinn,0,2025-02-23 11:00:00
3177,1299,ZL01299,3,Useful addition,"Would appreciate more colour options, but this shade works for me.",Hassan,1,2025-06-08 11:00:00
3178,1300,ZL01300,3,Would buy again,Packaging was neat and the item matched the listing details.,Nora,1,2025-08-06 20:00:00
3179,1300,ZL01300,5,Love this,Colour is accurate and sizing feels true based on the chart.,Wei,1,2025-06-28 20:00:00
3180,1300,ZL01300,5,Would buy again,Instructions were clear and setup took only a few minutes.,Uma,0,2025-07-01 20:00:00
3181,1300,ZL01300,2,Nice finish,Feels durable. A couple of small scuffs from shipping but fine overall.,Priya,1,2025-08-22 20:00:00
3182,1301,ZL01301,2,Worth the price,Used it for two weeks and it holds up well for daily use.,Hassan,1,2024-06-12 19:00:00
3183,1302,ZL01302,4,Happy with it,Works as advertised. Battery/performance is satisfactory so far.,Aisha,1,2024-09-26 15:00:00
3184,1302,ZL01302,2,Happy with it,Used it for two weeks and it holds up well for daily use.,Priya,1,2024-11-11 15:00:00
3185,1302,ZL01302,3,Decent for the money,Feels durable. A couple of small scuffs from shipping but fine overall.,Siti,1,2024-09-03 15:00:00
3186,1303,ZL01303,3,Better than expected,Material quality is better than I expected at this price point.,Uma,1,2025-01-05 19:00:00
3187,1304,ZL01304,4,Not bad at all,Material quality is better than I expected at this price point.,Zara,1,2024-06-03 11:00:00
3188,1304,ZL01304,4,Solid everyday pick,Good value compared with similar products I have tried.,Danial,1,2024-07-23 11:00:00
3189,1304,ZL01304,5,Happy with it,Colour is accurate and sizing feels true based on the chart.,Siti,1,2024-06-24 11:00:00
3190,1305,ZL01305,5,Reliable so far,Works as advertised. Battery/performance is satisfactory so far.,Yasmin,1,2025-07-15 20:00:00
3191,1305,ZL01305,3,Useful addition,Packaging was neat and the item matched the listing details.,Aisha,1,2025-04-03 20:00:00
3192,1305,ZL01305,3,Better than expected,Feels durable. A couple of small scuffs from shipping but fine overall.,Victor,1,2025-07-21 20:00:00
3193,1306,ZL01306,4,Exactly as described,I bought this as a gift and the recipient liked it immediately.,Tom,0,2025-02-26 21:00:00
3194,1307,ZL01307,4,Arrived quickly,Packaging was neat and the item matched the listing details.,Grace,0,2024-09-03 22:00:00
3195,1307,ZL01307,3,Arrived quickly,Packaging was neat and the item matched the listing details.,Tom,1,2024-09-13 22:00:00
3196,1308,ZL01308,3,Decent for the money,Works as advertised. Battery/performance is satisfactory so far.,Danial,1,2025-07-14 21:00:00
3197,1308,ZL01308,4,Useful addition,"Would appreciate more colour options, but this shade works for me.",Tom,1,2025-07-24 21:00:00
3198,1309,ZL01309,5,Reliable so far,Feels durable. A couple of small scuffs from shipping but fine overall.,Yasmin,1,2024-05-06 03:00:00
3199,1309,ZL01309,4,Would buy again,Feels durable. A couple of small scuffs from shipping but fine overall.,Grace,1,2024-05-26 03:00:00
3200,1310,ZL01310,5,Happy with it,"Would appreciate more colour options, but this shade works for me.",Ravi,1,2025-06-05 10:00:00
3201,1311,ZL01311,3,Happy with it,Material quality is better than I expected at this price point.,Danial,1,2024-03-26 00:00:00
3202,1311,ZL01311,2,Solid everyday pick,Instructions were clear and setup took only a few minutes.,Priya,0,2024-04-12 00:00:00
3203,1311,ZL01311,5,Good build quality,Material quality is better than I expected at this price point.,Ivy,0,2024-03-05 00:00:00
3204,1312,ZL01312,2,Nice finish,I bought this as a gift and the recipient liked it immediately.,Farid,1,2025-07-02 02:00:00
3205,1313,ZL01313,4,Good build quality,Works as advertised. Battery/performance is satisfactory so far.,Priya,1,2025-03-27 15:00:00
3206,1313,ZL01313,4,Worth the price,I bought this as a gift and the recipient liked it immediately.,Victor,1,2025-05-13 15:00:00
3207,1314,ZL01314,3,Good build quality,Material quality is better than I expected at this price point.,Siti,1,2024-05-27 09:00:00
3208,1315,ZL01315,3,Not bad at all,I bought this as a gift and the recipient liked it immediately.,Ravi,1,2024-02-06 21:00:00
3209,1316,ZL01316,5,Happy with it,Used it for two weeks and it holds up well for daily use.,Nora,1,2024-11-27 11:00:00
3210,1317,ZL01317,5,Better than expected,Feels durable. A couple of small scuffs from shipping but fine overall.,Ben,1,2024-07-14 05:00:00
3211,1317,ZL01317,2,Happy with it,Instructions were clear and setup took only a few minutes.,Priya,1,2024-06-30 05:00:00
3212,1317,ZL01317,2,Not bad at all,Colour is accurate and sizing feels true based on the chart.,Ivy,1,2024-10-14 05:00:00
3213,1317,ZL01317,5,Good build quality,Material quality is better than I expected at this price point.,Quinn,1,2024-08-02 05:00:00
3214,1318,ZL01318,3,Arrived quickly,"Would appreciate more colour options, but this shade works for me.",Quinn,1,2025-04-03 08:00:00
3215,1318,ZL01318,3,Happy with it,Colour is accurate and sizing feels true based on the chart.,Siti,1,2025-01-19 08:00:00
3216,1319,ZL01319,5,Good build quality,Feels durable. A couple of small scuffs from shipping but fine overall.,Wei,0,2024-12-06 19:00:00
3217,1319,ZL01319,4,Better than expected,Instructions were clear and setup took only a few minutes.,Grace,1,2024-10-28 19:00:00
3218,1319,ZL01319,5,Nice finish,Works as advertised. Battery/performance is satisfactory so far.,Chloe,1,2024-09-13 19:00:00
3219,1320,ZL01320,3,Decent for the money,Feels durable. A couple of small scuffs from shipping but fine overall.,Marcus,1,2024-12-19 14:00:00
3220,1321,ZL01321,3,Would buy again,Packaging was neat and the item matched the listing details.,Uma,1,2024-02-20 04:00:00
3221,1322,ZL01322,5,Happy with it,Colour is accurate and sizing feels true based on the chart.,Siti,1,2024-07-08 06:00:00
3222,1323,ZL01323,5,Exactly as described,I bought this as a gift and the recipient liked it immediately.,Kai,1,2025-01-20 19:00:00
3223,1323,ZL01323,3,Good build quality,Material quality is better than I expected at this price point.,Hassan,1,2025-03-03 19:00:00
3224,1323,ZL01323,5,Exactly as described,I bought this as a gift and the recipient liked it immediately.,Uma,1,2025-04-13 19:00:00
3225,1323,ZL01323,4,Arrived quickly,Works as advertised. Battery/performance is satisfactory so far.,Hassan,1,2025-03-31 19:00:00
3226,1324,ZL01324,5,Arrived quickly,Used it for two weeks and it holds up well for daily use.,Farid,0,2025-02-04 21:00:00
3227,1325,ZL01325,5,Arrived quickly,Instructions were clear and setup took only a few minutes.,Ben,1,2025-06-26 02:00:00
3228,1326,ZL01326,4,Worth the price,Colour is accurate and sizing feels true based on the chart.,Aisha,1,2024-03-24 05:00:00
3229,1326,ZL01326,2,Reliable so far,Instructions were clear and setup took only a few minutes.,Hassan,1,2024-03-28 05:00:00
3230,1326,ZL01326,2,Would buy again,Packaging was neat and the item matched the listing details.,Tom,0,2024-06-24 05:00:00
3231,1327,ZL01327,5,Love this,Instructions were clear and setup took only a few minutes.,Uma,1,2024-09-13 08:00:00
3232,1328,ZL01328,3,Happy with it,Packaging was neat and the item matched the listing details.,Ravi,1,2025-06-20 21:00:00
3233,1328,ZL01328,4,Would buy again,Packaging was neat and the item matched the listing details.,Uma,0,2025-07-15 21:00:00
3234,1328,ZL01328,5,Love this,"Would appreciate more colour options, but this shade works for me.",Quinn,0,2025-08-08 21:00:00
3235,1328,ZL01328,3,Love this,I bought this as a gift and the recipient liked it immediately.,Priya,1,2025-06-09 21:00:00
3236,1329,ZL01329,5,Happy with it,Colour is accurate and sizing feels true based on the chart.,Uma,0,2025-01-06 05:00:00
3237,1329,ZL01329,3,Not bad at all,Works as advertised. Battery/performance is satisfactory so far.,Zara,1,2025-01-03 05:00:00
3238,1329,ZL01329,4,Arrived quickly,Works as advertised. Battery/performance is satisfactory so far.,Farid,0,2025-03-14 05:00:00
3239,1329,ZL01329,4,Good build quality,Colour is accurate and sizing feels true based on the chart.,Kai,0,2025-03-25 05:00:00
3240,1330,ZL01330,5,Worth the price,Works as advertised. Battery/performance is satisfactory so far.,Chloe,1,2024-07-08 09:00:00
3241,1330,ZL01330,3,Would buy again,I bought this as a gift and the recipient liked it immediately.,Nora,1,2024-08-25 09:00:00
3242,1331,ZL01331,5,Nice finish,Colour is accurate and sizing feels true based on the chart.,Grace,1,2024-07-21 18:00:00
3243,1332,ZL01332,2,Arrived quickly,Instructions were clear and setup took only a few minutes.,Elena,1,2025-06-28 08:00:00
3244,1332,ZL01332,4,Reliable so far,Colour is accurate and sizing feels true based on the chart.,Quinn,1,2025-07-20 08:00:00
3245,1332,ZL01332,2,Solid everyday pick,Colour is accurate and sizing feels true based on the chart.,Danial,1,2025-05-24 08:00:00
3246,1333,ZL01333,5,Exactly as described,"Would appreciate more colour options, but this shade works for me.",Ben,1,2025-02-27 05:00:00
3247,1333,ZL01333,5,Decent for the money,Feels durable. A couple of small scuffs from shipping but fine overall.,Uma,1,2025-02-15 05:00:00
3248,1334,ZL01334,3,Better than expected,Colour is accurate and sizing feels true based on the chart.,Uma,0,2024-12-05 02:00:00
3249,1334,ZL01334,5,Would buy again,Colour is accurate and sizing feels true based on the chart.,Lina,1,2024-12-17 02:00:00
3250,1334,ZL01334,3,Decent for the money,Works as advertised. Battery/performance is satisfactory so far.,Elena,0,2024-10-21 02:00:00
3251,1335,ZL01335,3,Exactly as described,Feels durable. A couple of small scuffs from shipping but fine overall.,Farid,1,2024-05-14 14:00:00
3252,1335,ZL01335,3,Exactly as described,I bought this as a gift and the recipient liked it immediately.,Yasmin,1,2024-05-22 14:00:00
3253,1336,ZL01336,2,Arrived quickly,Good value compared with similar products I have tried.,Ben,1,2025-03-20 01:00:00
3254,1336,ZL01336,3,Nice finish,Used it for two weeks and it holds up well for daily use.,Uma,0,2025-03-24 01:00:00
3255,1336,ZL01336,2,Would buy again,Good value compared with similar products I have tried.,Uma,1,2025-05-04 01:00:00
3256,1336,ZL01336,2,Decent for the money,Packaging was neat and the item matched the listing details.,Ben,0,2025-06-13 01:00:00
3257,1337,ZL01337,4,Nice finish,Works as advertised. Battery/performance is satisfactory so far.,Kai,1,2025-02-05 16:00:00
3258,1337,ZL01337,3,Decent for the money,Feels durable. A couple of small scuffs from shipping but fine overall.,Wei,0,2025-02-23 16:00:00
3259,1337,ZL01337,5,Would buy again,Material quality is better than I expected at this price point.,Aisha,1,2025-03-30 16:00:00
3260,1337,ZL01337,4,Decent for the money,"Would appreciate more colour options, but this shade works for me.",Ben,1,2025-01-01 16:00:00
3261,1338,ZL01338,4,Reliable so far,Instructions were clear and setup took only a few minutes.,Kai,1,2024-03-05 15:00:00
3262,1339,ZL01339,4,Solid everyday pick,Feels durable. A couple of small scuffs from shipping but fine overall.,Victor,1,2024-02-07 04:00:00
3263,1339,ZL01339,3,Would buy again,Colour is accurate and sizing feels true based on the chart.,Grace,1,2024-04-02 04:00:00
3264,1339,ZL01339,2,Nice finish,Works as advertised. Battery/performance is satisfactory so far.,Elena,0,2024-01-27 04:00:00
3265,1340,ZL01340,5,Reliable so far,Material quality is better than I expected at this price point.,Zara,1,2025-02-15 22:00:00
3266,1340,ZL01340,4,Worth the price,Packaging was neat and the item matched the listing details.,Siti,1,2024-12-07 22:00:00
3267,1340,ZL01340,3,Good build quality,Works as advertised. Battery/performance is satisfactory so far.,Omar,0,2024-11-21 22:00:00
3268,1341,ZL01341,2,Would buy again,"Would appreciate more colour options, but this shade works for me.",Omar,1,2025-08-14 04:00:00
3269,1341,ZL01341,3,Love this,Colour is accurate and sizing feels true based on the chart.,Quinn,0,2025-07-11 04:00:00
3270,1341,ZL01341,2,Useful addition,Works as advertised. Battery/performance is satisfactory so far.,Elena,1,2025-06-19 04:00:00
3271,1342,ZL01342,2,Solid everyday pick,Material quality is better than I expected at this price point.,Aisha,1,2025-05-06 14:00:00
3272,1342,ZL01342,5,Happy with it,Packaging was neat and the item matched the listing details.,Yasmin,1,2025-06-14 14:00:00
3273,1342,ZL01342,2,Worth the price,Material quality is better than I expected at this price point.,Danial,1,2025-05-15 14:00:00
3274,1342,ZL01342,2,Good build quality,Good value compared with similar products I have tried.,Ravi,1,2025-03-19 14:00:00
3275,1343,ZL01343,2,Good build quality,Used it for two weeks and it holds up well for daily use.,Omar,1,2025-01-24 13:00:00
3276,1344,ZL01344,4,Useful addition,Used it for two weeks and it holds up well for daily use.,Hassan,1,2024-06-30 01:00:00
3277,1344,ZL01344,3,Exactly as described,Works as advertised. Battery/performance is satisfactory so far.,Hassan,1,2024-10-02 01:00:00
3278,1344,ZL01344,5,Solid everyday pick,I bought this as a gift and the recipient liked it immediately.,Grace,1,2024-08-20 01:00:00
3279,1345,ZL01345,4,Nice finish,Colour is accurate and sizing feels true based on the chart.,Kai,0,2025-04-10 07:00:00
3280,1345,ZL01345,4,Reliable so far,Packaging was neat and the item matched the listing details.,Quinn,1,2025-03-26 07:00:00
3281,1345,ZL01345,5,Happy with it,Good value compared with similar products I have tried.,Lina,0,2025-05-15 07:00:00
3282,1346,ZL01346,5,Happy with it,Instructions were clear and setup took only a few minutes.,Quinn,1,2024-11-18 02:00:00
3283,1346,ZL01346,5,Would buy again,"Would appreciate more colour options, but this shade works for me.",Quinn,1,2024-11-10 02:00:00
3284,1347,ZL01347,5,Happy with it,Instructions were clear and setup took only a few minutes.,Siti,1,2025-02-14 15:00:00
3285,1347,ZL01347,4,Exactly as described,Feels durable. A couple of small scuffs from shipping but fine overall.,Ben,1,2025-02-18 15:00:00
3286,1347,ZL01347,4,Love this,Used it for two weeks and it holds up well for daily use.,Tom,1,2025-05-09 15:00:00
3287,1348,ZL01348,4,Worth the price,I bought this as a gift and the recipient liked it immediately.,Grace,1,2024-09-10 00:00:00
3288,1348,ZL01348,5,Arrived quickly,Feels durable. A couple of small scuffs from shipping but fine overall.,Victor,1,2024-07-12 00:00:00
3289,1348,ZL01348,3,Better than expected,Packaging was neat and the item matched the listing details.,Tom,0,2024-07-26 00:00:00
3290,1349,ZL01349,5,Exactly as described,Feels durable. A couple of small scuffs from shipping but fine overall.,Nora,1,2024-04-10 01:00:00
3291,1349,ZL01349,3,Would buy again,Instructions were clear and setup took only a few minutes.,Wei,1,2024-04-08 01:00:00
3292,1349,ZL01349,5,Nice finish,"Would appreciate more colour options, but this shade works for me.",Ivy,1,2024-03-24 01:00:00
3293,1349,ZL01349,2,Reliable so far,Used it for two weeks and it holds up well for daily use.,Aisha,0,2024-05-02 01:00:00
3294,1350,ZL01350,5,Useful addition,"Would appreciate more colour options, but this shade works for me.",Farid,1,2024-04-05 01:00:00
3295,1350,ZL01350,3,Not bad at all,Packaging was neat and the item matched the listing details.,Victor,1,2024-04-04 01:00:00
3296,1350,ZL01350,2,Reliable so far,I bought this as a gift and the recipient liked it immediately.,Wei,0,2024-05-24 01:00:00
3297,1350,ZL01350,4,Nice finish,Material quality is better than I expected at this price point.,Uma,1,2024-06-01 01:00:00
3298,1351,ZL01351,4,Happy with it,"Would appreciate more colour options, but this shade works for me.",Marcus,0,2024-12-20 03:00:00
3299,1352,ZL01352,5,Solid everyday pick,Used it for two weeks and it holds up well for daily use.,Lina,1,2024-11-06 02:00:00
3300,1352,ZL01352,3,Useful addition,Feels durable. A couple of small scuffs from shipping but fine overall.,Elena,1,2024-10-18 02:00:00
3301,1352,ZL01352,4,Happy with it,"Would appreciate more colour options, but this shade works for me.",Zara,0,2024-12-24 02:00:00
3302,1352,ZL01352,5,Nice finish,I bought this as a gift and the recipient liked it immediately.,Siti,0,2024-11-22 02:00:00
3303,1353,ZL01353,4,Would buy again,Packaging was neat and the item matched the listing details.,Victor,1,2025-02-24 22:00:00
3304,1353,ZL01353,3,Worth the price,Packaging was neat and the item matched the listing details.,Danial,1,2024-11-04 22:00:00
3305,1353,ZL01353,3,Nice finish,Colour is accurate and sizing feels true based on the chart.,Grace,1,2025-01-21 22:00:00
3306,1353,ZL01353,4,Good build quality,Packaging was neat and the item matched the listing details.,Hassan,1,2024-12-26 22:00:00
3307,1354,ZL01354,5,Better than expected,Packaging was neat and the item matched the listing details.,Chloe,0,2025-07-30 02:00:00
3308,1354,ZL01354,3,Happy with it,Used it for two weeks and it holds up well for daily use.,Yasmin,1,2025-07-01 02:00:00
3309,1354,ZL01354,4,Not bad at all,Colour is accurate and sizing feels true based on the chart.,Priya,1,2025-08-05 02:00:00
3310,1355,ZL01355,5,Not bad at all,Used it for two weeks and it holds up well for daily use.,Yasmin,1,2024-10-07 02:00:00
3311,1355,ZL01355,5,Love this,Feels durable. A couple of small scuffs from shipping but fine overall.,Chloe,1,2024-08-30 02:00:00
3312,1355,ZL01355,4,Not bad at all,Instructions were clear and setup took only a few minutes.,Ben,1,2024-10-11 02:00:00
3313,1355,ZL01355,5,Happy with it,Works as advertised. Battery/performance is satisfactory so far.,Chloe,1,2024-09-11 02:00:00
3314,1356,ZL01356,3,Love this,"Would appreciate more colour options, but this shade works for me.",Quinn,1,2024-02-23 00:00:00
3315,1356,ZL01356,4,Happy with it,Instructions were clear and setup took only a few minutes.,Danial,1,2024-02-28 00:00:00
3316,1356,ZL01356,2,Solid everyday pick,"Would appreciate more colour options, but this shade works for me.",Ivy,1,2024-03-18 00:00:00
3317,1356,ZL01356,5,Better than expected,I bought this as a gift and the recipient liked it immediately.,Grace,1,2024-03-09 00:00:00
3318,1357,ZL01357,4,Arrived quickly,"Would appreciate more colour options, but this shade works for me.",Omar,0,2024-06-09 14:00:00
3319,1358,ZL01358,2,Exactly as described,Material quality is better than I expected at this price point.,Ravi,1,2024-10-02 01:00:00
3320,1358,ZL01358,2,Arrived quickly,Works as advertised. Battery/performance is satisfactory so far.,Victor,1,2024-12-03 01:00:00
3321,1359,ZL01359,5,Nice finish,Colour is accurate and sizing feels true based on the chart.,Victor,1,2024-06-26 06:00:00
3322,1360,ZL01360,5,Reliable so far,Material quality is better than I expected at this price point.,Farid,1,2025-08-06 10:00:00
3323,1361,ZL01361,5,Solid everyday pick,Works as advertised. Battery/performance is satisfactory so far.,Elena,0,2024-04-30 05:00:00
3324,1361,ZL01361,4,Nice finish,Good value compared with similar products I have tried.,Grace,1,2024-06-06 05:00:00
3325,1361,ZL01361,4,Worth the price,Packaging was neat and the item matched the listing details.,Ivy,1,2024-05-14 05:00:00
3326,1362,ZL01362,3,Better than expected,Packaging was neat and the item matched the listing details.,Siti,0,2024-07-22 19:00:00
3327,1362,ZL01362,3,Decent for the money,Good value compared with similar products I have tried.,Jonas,1,2024-10-21 19:00:00
3328,1362,ZL01362,4,Nice finish,"Would appreciate more colour options, but this shade works for me.",Zara,1,2024-09-25 19:00:00
3329,1363,ZL01363,3,Would buy again,Feels durable. A couple of small scuffs from shipping but fine overall.,Lina,1,2024-09-03 19:00:00
3330,1363,ZL01363,5,Love this,"Would appreciate more colour options, but this shade works for me.",Danial,1,2024-08-04 19:00:00
3331,1363,ZL01363,3,Happy with it,Material quality is better than I expected at this price point.,Omar,0,2024-08-05 19:00:00
3332,1364,ZL01364,3,Not bad at all,"Would appreciate more colour options, but this shade works for me.",Kai,1,2024-07-16 15:00:00
3333,1364,ZL01364,4,Better than expected,Packaging was neat and the item matched the listing details.,Danial,0,2024-07-19 15:00:00
3334,1365,ZL01365,4,Happy with it,Colour is accurate and sizing feels true based on the chart.,Marcus,1,2024-10-06 10:00:00
3335,1365,ZL01365,4,Good build quality,Colour is accurate and sizing feels true based on the chart.,Wei,1,2024-09-29 10:00:00
3336,1365,ZL01365,4,Reliable so far,Good value compared with similar products I have tried.,Zara,1,2024-12-05 10:00:00
3337,1366,ZL01366,5,Exactly as described,Instructions were clear and setup took only a few minutes.,Tom,0,2024-06-16 23:00:00
3338,1366,ZL01366,3,Useful addition,Colour is accurate and sizing feels true based on the chart.,Kai,1,2024-09-03 23:00:00
3339,1367,ZL01367,2,Happy with it,Packaging was neat and the item matched the listing details.,Yasmin,1,2025-06-13 03:00:00
3340,1367,ZL01367,2,Nice finish,Material quality is better than I expected at this price point.,Quinn,1,2025-06-02 03:00:00
3341,1367,ZL01367,4,Decent for the money,I bought this as a gift and the recipient liked it immediately.,Jonas,1,2025-06-23 03:00:00
3342,1367,ZL01367,5,Not bad at all,Colour is accurate and sizing feels true based on the chart.,Marcus,1,2025-05-08 03:00:00
3343,1368,ZL01368,3,Solid everyday pick,Instructions were clear and setup took only a few minutes.,Omar,1,2024-12-12 17:00:00
3344,1369,ZL01369,5,Exactly as described,Good value compared with similar products I have tried.,Wei,1,2024-09-05 07:00:00
3345,1369,ZL01369,3,Exactly as described,Used it for two weeks and it holds up well for daily use.,Hassan,1,2024-08-12 07:00:00
3346,1370,ZL01370,2,Happy with it,Material quality is better than I expected at this price point.,Ivy,1,2025-05-24 01:00:00
3347,1371,ZL01371,5,Worth the price,Good value compared with similar products I have tried.,Omar,1,2025-07-14 19:00:00
3348,1371,ZL01371,3,Exactly as described,Instructions were clear and setup took only a few minutes.,Lina,0,2025-08-24 19:00:00
3349,1372,ZL01372,3,Worth the price,Good value compared with similar products I have tried.,Siti,1,2025-05-24 02:00:00
3350,1372,ZL01372,2,Worth the price,Used it for two weeks and it holds up well for daily use.,Kai,1,2025-07-10 02:00:00
3351,1373,ZL01373,3,Not bad at all,I bought this as a gift and the recipient liked it immediately.,Aisha,1,2025-03-08 04:00:00
3352,1373,ZL01373,4,Good build quality,"Would appreciate more colour options, but this shade works for me.",Marcus,1,2025-02-28 04:00:00
3353,1373,ZL01373,4,Not bad at all,Packaging was neat and the item matched the listing details.,Omar,1,2025-05-19 04:00:00
3354,1373,ZL01373,5,Love this,Packaging was neat and the item matched the listing details.,Priya,1,2025-05-06 04:00:00
3355,1374,ZL01374,3,Useful addition,I bought this as a gift and the recipient liked it immediately.,Priya,1,2024-08-27 08:00:00
3356,1375,ZL01375,5,Exactly as described,Used it for two weeks and it holds up well for daily use.,Nora,1,2024-07-31 21:00:00
3357,1375,ZL01375,4,Not bad at all,Colour is accurate and sizing feels true based on the chart.,Jonas,1,2024-08-26 21:00:00
3358,1375,ZL01375,3,Love this,Used it for two weeks and it holds up well for daily use.,Chloe,1,2024-10-23 21:00:00
3359,1375,ZL01375,3,Decent for the money,Used it for two weeks and it holds up well for daily use.,Nora,1,2024-08-04 21:00:00
3360,1376,ZL01376,2,Love this,Instructions were clear and setup took only a few minutes.,Elena,0,2025-03-31 01:00:00
3361,1376,ZL01376,5,Decent for the money,I bought this as a gift and the recipient liked it immediately.,Jonas,1,2025-03-06 01:00:00
3362,1376,ZL01376,3,Reliable so far,Good value compared with similar products I have tried.,Wei,1,2025-01-28 01:00:00
3363,1376,ZL01376,3,Worth the price,Feels durable. A couple of small scuffs from shipping but fine overall.,Nora,1,2025-01-23 01:00:00
3364,1377,ZL01377,4,Good build quality,Material quality is better than I expected at this price point.,Danial,0,2025-01-07 02:00:00
3365,1377,ZL01377,4,Better than expected,Used it for two weeks and it holds up well for daily use.,Elena,1,2025-02-12 02:00:00
3366,1378,ZL01378,4,Reliable so far,Colour is accurate and sizing feels true based on the chart.,Elena,1,2025-01-20 02:00:00
3367,1378,ZL01378,5,Worth the price,Material quality is better than I expected at this price point.,Nora,0,2025-03-21 02:00:00
3368,1378,ZL01378,5,Useful addition,Works as advertised. Battery/performance is satisfactory so far.,Grace,1,2025-02-02 02:00:00
3369,1379,ZL01379,2,Arrived quickly,Good value compared with similar products I have tried.,Victor,0,2025-01-29 16:00:00
3370,1379,ZL01379,3,Would buy again,Packaging was neat and the item matched the listing details.,Omar,0,2025-03-25 16:00:00
3371,1380,ZL01380,4,Decent for the money,Used it for two weeks and it holds up well for daily use.,Grace,1,2024-07-09 17:00:00
3372,1380,ZL01380,3,Exactly as described,I bought this as a gift and the recipient liked it immediately.,Ivy,1,2024-08-28 17:00:00
3373,1381,ZL01381,3,Would buy again,Used it for two weeks and it holds up well for daily use.,Siti,1,2025-03-30 03:00:00
3374,1382,ZL01382,4,Reliable so far,Good value compared with similar products I have tried.,Omar,1,2024-11-04 08:00:00
3375,1382,ZL01382,5,Useful addition,Instructions were clear and setup took only a few minutes.,Siti,1,2024-08-31 08:00:00
3376,1383,ZL01383,2,Decent for the money,Feels durable. A couple of small scuffs from shipping but fine overall.,Danial,1,2024-09-09 19:00:00
3377,1384,ZL01384,4,Decent for the money,Packaging was neat and the item matched the listing details.,Ravi,0,2024-10-30 16:00:00
3378,1385,ZL01385,3,Not bad at all,I bought this as a gift and the recipient liked it immediately.,Siti,1,2025-02-04 00:00:00
3379,1385,ZL01385,3,Happy with it,Feels durable. A couple of small scuffs from shipping but fine overall.,Elena,1,2025-03-29 00:00:00
3380,1386,ZL01386,4,Would buy again,Instructions were clear and setup took only a few minutes.,Priya,1,2024-03-27 22:00:00
3381,1386,ZL01386,4,Useful addition,Works as advertised. Battery/performance is satisfactory so far.,Danial,0,2024-02-29 22:00:00
3382,1386,ZL01386,3,Nice finish,Packaging was neat and the item matched the listing details.,Nora,1,2024-04-15 22:00:00
3383,1387,ZL01387,3,Love this,Works as advertised. Battery/performance is satisfactory so far.,Ivy,1,2024-10-19 10:00:00
3384,1387,ZL01387,3,Better than expected,Instructions were clear and setup took only a few minutes.,Nora,0,2024-10-19 10:00:00
3385,1387,ZL01387,4,Decent for the money,Works as advertised. Battery/performance is satisfactory so far.,Grace,0,2025-01-09 10:00:00
3386,1387,ZL01387,4,Solid everyday pick,Instructions were clear and setup took only a few minutes.,Ben,1,2024-11-08 10:00:00
3387,1388,ZL01388,3,Solid everyday pick,Instructions were clear and setup took only a few minutes.,Wei,1,2025-04-01 06:00:00
3388,1388,ZL01388,5,Useful addition,I bought this as a gift and the recipient liked it immediately.,Uma,0,2025-06-07 06:00:00
3389,1389,ZL01389,2,Worth the price,Used it for two weeks and it holds up well for daily use.,Lina,1,2025-02-23 02:00:00
3390,1389,ZL01389,4,Useful addition,Material quality is better than I expected at this price point.,Jonas,1,2025-03-28 02:00:00
3391,1390,ZL01390,2,Exactly as described,Feels durable. A couple of small scuffs from shipping but fine overall.,Aisha,0,2024-12-27 14:00:00
3392,1391,ZL01391,2,Useful addition,I bought this as a gift and the recipient liked it immediately.,Aisha,1,2025-01-29 01:00:00
3393,1391,ZL01391,5,Nice finish,Packaging was neat and the item matched the listing details.,Tom,1,2024-12-08 01:00:00
3394,1392,ZL01392,3,Solid everyday pick,Instructions were clear and setup took only a few minutes.,Nora,1,2025-03-08 09:00:00
3395,1392,ZL01392,5,Solid everyday pick,Packaging was neat and the item matched the listing details.,Yasmin,1,2025-04-12 09:00:00
3396,1393,ZL01393,4,Not bad at all,Instructions were clear and setup took only a few minutes.,Siti,1,2024-08-03 10:00:00
3397,1393,ZL01393,3,Exactly as described,Good value compared with similar products I have tried.,Elena,1,2024-11-02 10:00:00
3398,1394,ZL01394,5,Better than expected,Works as advertised. Battery/performance is satisfactory so far.,Marcus,1,2024-04-28 15:00:00
3399,1394,ZL01394,4,Worth the price,Packaging was neat and the item matched the listing details.,Ravi,0,2024-03-04 15:00:00
3400,1394,ZL01394,2,Worth the price,Used it for two weeks and it holds up well for daily use.,Tom,1,2024-06-23 15:00:00
3401,1394,ZL01394,3,Useful addition,Instructions were clear and setup took only a few minutes.,Chloe,0,2024-05-19 15:00:00
3402,1395,ZL01395,5,Nice finish,Colour is accurate and sizing feels true based on the chart.,Grace,1,2025-02-20 16:00:00
3403,1395,ZL01395,5,Reliable so far,Colour is accurate and sizing feels true based on the chart.,Kai,1,2025-02-07 16:00:00
3404,1395,ZL01395,5,Solid everyday pick,Good value compared with similar products I have tried.,Wei,1,2025-02-07 16:00:00
3405,1396,ZL01396,5,Love this,Instructions were clear and setup took only a few minutes.,Ben,1,2025-06-07 12:00:00
3406,1397,ZL01397,4,Love this,Colour is accurate and sizing feels true based on the chart.,Wei,1,2024-08-12 10:00:00
3407,1397,ZL01397,4,Happy with it,Used it for two weeks and it holds up well for daily use.,Ben,1,2024-09-04 10:00:00
3408,1398,ZL01398,4,Not bad at all,Colour is accurate and sizing feels true based on the chart.,Yasmin,1,2025-05-31 12:00:00
3409,1398,ZL01398,4,Not bad at all,I bought this as a gift and the recipient liked it immediately.,Hassan,1,2025-06-23 12:00:00
3410,1398,ZL01398,5,Not bad at all,Works as advertised. Battery/performance is satisfactory so far.,Danial,0,2025-07-23 12:00:00
3411,1398,ZL01398,2,Decent for the money,Feels durable. A couple of small scuffs from shipping but fine overall.,Lina,1,2025-08-20 12:00:00
3412,1399,ZL01399,2,Nice finish,Colour is accurate and sizing feels true based on the chart.,Tom,1,2025-05-10 08:00:00
3413,1399,ZL01399,2,Good build quality,Packaging was neat and the item matched the listing details.,Chloe,1,2025-04-19 08:00:00
3414,1399,ZL01399,3,Happy with it,Instructions were clear and setup took only a few minutes.,Victor,1,2025-05-06 08:00:00
3415,1400,ZL01400,5,Better than expected,Good value compared with similar products I have tried.,Wei,1,2024-07-08 14:00:00
3416,1400,ZL01400,3,Solid everyday pick,Instructions were clear and setup took only a few minutes.,Farid,1,2024-09-02 14:00:00
3417,1400,ZL01400,3,Solid everyday pick,"Would appreciate more colour options, but this shade works for me.",Tom,1,2024-07-30 14:00:00
3418,1400,ZL01400,5,Worth the price,Colour is accurate and sizing feels true based on the chart.,Ivy,1,2024-09-05 14:00:00
3419,1401,ZL01401,2,Arrived quickly,Feels durable. A couple of small scuffs from shipping but fine overall.,Ivy,1,2024-04-25 21:00:00
3420,1401,ZL01401,4,Decent for the money,Colour is accurate and sizing feels true based on the chart.,Kai,1,2024-08-02 21:00:00
3421,1401,ZL01401,4,Good build quality,"Would appreciate more colour options, but this shade works for me.",Hassan,1,2024-07-02 21:00:00
3422,1402,ZL01402,5,Good build quality,"Would appreciate more colour options, but this shade works for me.",Grace,1,2024-05-11 16:00:00
3423,1403,ZL01403,3,Worth the price,"Would appreciate more colour options, but this shade works for me.",Nora,1,2024-09-07 01:00:00
3424,1403,ZL01403,3,Solid everyday pick,Used it for two weeks and it holds up well for daily use.,Siti,0,2024-09-30 01:00:00
3425,1404,ZL01404,3,Decent for the money,I bought this as a gift and the recipient liked it immediately.,Farid,1,2024-07-20 10:00:00
3426,1404,ZL01404,4,Better than expected,Used it for two weeks and it holds up well for daily use.,Marcus,1,2024-05-28 10:00:00
3427,1404,ZL01404,3,Love this,Feels durable. A couple of small scuffs from shipping but fine overall.,Siti,1,2024-07-27 10:00:00
3428,1404,ZL01404,4,Not bad at all,Used it for two weeks and it holds up well for daily use.,Lina,1,2024-07-12 10:00:00
3429,1405,ZL01405,5,Worth the price,Used it for two weeks and it holds up well for daily use.,Danial,1,2025-01-02 19:00:00
3430,1405,ZL01405,4,Not bad at all,I bought this as a gift and the recipient liked it immediately.,Jonas,0,2025-02-04 19:00:00
3431,1405,ZL01405,3,Exactly as described,I bought this as a gift and the recipient liked it immediately.,Priya,0,2025-01-24 19:00:00
3432,1405,ZL01405,3,Better than expected,Material quality is better than I expected at this price point.,Jonas,1,2025-01-05 19:00:00
3433,1406,ZL01406,2,Arrived quickly,I bought this as a gift and the recipient liked it immediately.,Grace,1,2025-06-21 18:00:00
3434,1407,ZL01407,4,Not bad at all,Works as advertised. Battery/performance is satisfactory so far.,Lina,0,2024-04-24 05:00:00
3435,1407,ZL01407,5,Better than expected,Colour is accurate and sizing feels true based on the chart.,Priya,1,2024-04-12 05:00:00
3436,1407,ZL01407,3,Happy with it,"Would appreciate more colour options, but this shade works for me.",Tom,0,2024-03-25 05:00:00
3437,1408,ZL01408,5,Decent for the money,Material quality is better than I expected at this price point.,Omar,1,2024-01-23 17:00:00
3438,1408,ZL01408,5,Would buy again,Works as advertised. Battery/performance is satisfactory so far.,Ivy,0,2024-05-03 17:00:00
3439,1408,ZL01408,4,Arrived quickly,Good value compared with similar products I have tried.,Chloe,0,2024-02-02 17:00:00
3440,1409,ZL01409,3,Not bad at all,Feels durable. A couple of small scuffs from shipping but fine overall.,Uma,0,2024-11-18 19:00:00
3441,1409,ZL01409,4,Worth the price,"Would appreciate more colour options, but this shade works for me.",Lina,0,2024-12-05 19:00:00
3442,1410,ZL01410,4,Would buy again,I bought this as a gift and the recipient liked it immediately.,Danial,0,2024-12-21 00:00:00
3443,1410,ZL01410,3,Exactly as described,Packaging was neat and the item matched the listing details.,Farid,1,2025-01-20 00:00:00
3444,1410,ZL01410,3,Not bad at all,Good value compared with similar products I have tried.,Tom,1,2024-11-13 00:00:00
3445,1410,ZL01410,3,Exactly as described,Used it for two weeks and it holds up well for daily use.,Zara,1,2024-12-03 00:00:00
3446,1411,ZL01411,4,Arrived quickly,I bought this as a gift and the recipient liked it immediately.,Ivy,1,2024-04-05 09:00:00
3447,1411,ZL01411,4,Exactly as described,Material quality is better than I expected at this price point.,Danial,0,2024-06-29 09:00:00
3448,1411,ZL01411,4,Not bad at all,Works as advertised. Battery/performance is satisfactory so far.,Wei,1,2024-04-01 09:00:00
3449,1412,ZL01412,5,Would buy again,I bought this as a gift and the recipient liked it immediately.,Priya,0,2024-10-06 16:00:00
3450,1412,ZL01412,5,Not bad at all,Packaging was neat and the item matched the listing details.,Farid,1,2024-10-16 16:00:00
3451,1412,ZL01412,5,Would buy again,Material quality is better than I expected at this price point.,Elena,0,2024-11-28 16:00:00
3452,1413,ZL01413,5,Good build quality,Good value compared with similar products I have tried.,Marcus,0,2024-09-05 20:00:00
3453,1413,ZL01413,5,Not bad at all,Feels durable. A couple of small scuffs from shipping but fine overall.,Priya,1,2024-08-05 20:00:00
3454,1413,ZL01413,3,Solid everyday pick,Material quality is better than I expected at this price point.,Lina,1,2024-08-10 20:00:00
3455,1413,ZL01413,4,Good build quality,Colour is accurate and sizing feels true based on the chart.,Hassan,1,2024-10-14 20:00:00
3456,1414,ZL01414,2,Good build quality,Feels durable. A couple of small scuffs from shipping but fine overall.,Aisha,0,2024-02-22 14:00:00
3457,1414,ZL01414,4,Better than expected,Good value compared with similar products I have tried.,Jonas,1,2024-03-06 14:00:00
3458,1414,ZL01414,3,Good build quality,Packaging was neat and the item matched the listing details.,Danial,1,2024-03-20 14:00:00
3459,1414,ZL01414,4,Not bad at all,Material quality is better than I expected at this price point.,Nora,1,2024-03-07 14:00:00
3460,1415,ZL01415,3,Happy with it,Packaging was neat and the item matched the listing details.,Yasmin,1,2025-06-14 20:00:00
3461,1415,ZL01415,5,Good build quality,Used it for two weeks and it holds up well for daily use.,Tom,1,2025-07-20 20:00:00
3462,1416,ZL01416,3,Reliable so far,Instructions were clear and setup took only a few minutes.,Ben,1,2024-04-16 19:00:00
3463,1416,ZL01416,2,Solid everyday pick,Colour is accurate and sizing feels true based on the chart.,Priya,1,2024-04-20 19:00:00
3464,1417,ZL01417,3,Worth the price,I bought this as a gift and the recipient liked it immediately.,Chloe,1,2024-12-01 11:00:00
3465,1417,ZL01417,4,Better than expected,Good value compared with similar products I have tried.,Omar,1,2025-02-14 11:00:00
3466,1417,ZL01417,5,Arrived quickly,I bought this as a gift and the recipient liked it immediately.,Quinn,0,2025-02-26 11:00:00
3467,1417,ZL01417,5,Worth the price,Works as advertised. Battery/performance is satisfactory so far.,Hassan,1,2024-12-30 11:00:00
3468,1418,ZL01418,5,Not bad at all,Used it for two weeks and it holds up well for daily use.,Elena,1,2024-01-24 12:00:00
3469,1418,ZL01418,4,Useful addition,Feels durable. A couple of small scuffs from shipping but fine overall.,Wei,1,2024-05-06 12:00:00
3470,1418,ZL01418,3,Better than expected,Feels durable. A couple of small scuffs from shipping but fine overall.,Danial,0,2024-05-09 12:00:00
3471,1419,ZL01419,4,Love this,I bought this as a gift and the recipient liked it immediately.,Priya,1,2025-02-24 21:00:00
3472,1419,ZL01419,2,Arrived quickly,Good value compared with similar products I have tried.,Siti,1,2025-03-05 21:00:00
3473,1420,ZL01420,5,Solid everyday pick,Feels durable. A couple of small scuffs from shipping but fine overall.,Siti,0,2025-06-16 01:00:00
3474,1420,ZL01420,5,Reliable so far,"Would appreciate more colour options, but this shade works for me.",Tom,1,2025-06-26 01:00:00
3475,1420,ZL01420,4,Not bad at all,Material quality is better than I expected at this price point.,Elena,1,2025-03-19 01:00:00
3476,1421,ZL01421,2,Solid everyday pick,"Would appreciate more colour options, but this shade works for me.",Elena,0,2024-08-14 07:00:00
3477,1421,ZL01421,3,Not bad at all,Good value compared with similar products I have tried.,Ben,1,2024-09-12 07:00:00
3478,1421,ZL01421,4,Love this,Colour is accurate and sizing feels true based on the chart.,Elena,1,2024-11-05 07:00:00
3479,1422,ZL01422,5,Arrived quickly,Material quality is better than I expected at this price point.,Elena,1,2024-07-13 23:00:00
3480,1423,ZL01423,4,Exactly as described,Good value compared with similar products I have tried.,Ben,1,2025-01-15 21:00:00
3481,1423,ZL01423,5,Worth the price,Instructions were clear and setup took only a few minutes.,Ivy,1,2024-11-13 21:00:00
3482,1423,ZL01423,5,Happy with it,Used it for two weeks and it holds up well for daily use.,Kai,1,2024-12-02 21:00:00
3483,1424,ZL01424,5,Reliable so far,Colour is accurate and sizing feels true based on the chart.,Hassan,1,2024-05-10 01:00:00
3484,1425,ZL01425,5,Better than expected,Feels durable. A couple of small scuffs from shipping but fine overall.,Siti,1,2025-01-18 13:00:00
3485,1425,ZL01425,4,Would buy again,Good value compared with similar products I have tried.,Ivy,1,2024-12-13 13:00:00
3486,1425,ZL01425,4,Better than expected,Feels durable. A couple of small scuffs from shipping but fine overall.,Priya,1,2025-01-18 13:00:00
3487,1425,ZL01425,5,Worth the price,Packaging was neat and the item matched the listing details.,Nora,0,2024-11-22 13:00:00
3488,1426,ZL01426,3,Good build quality,Packaging was neat and the item matched the listing details.,Farid,1,2025-05-15 12:00:00
3489,1426,ZL01426,5,Not bad at all,Packaging was neat and the item matched the listing details.,Marcus,1,2025-05-26 12:00:00
3490,1426,ZL01426,4,Not bad at all,Works as advertised. Battery/performance is satisfactory so far.,Omar,1,2025-06-01 12:00:00
3491,1426,ZL01426,4,Useful addition,Works as advertised. Battery/performance is satisfactory so far.,Jonas,1,2025-07-24 12:00:00
3492,1427,ZL01427,5,Would buy again,Works as advertised. Battery/performance is satisfactory so far.,Chloe,0,2024-12-29 13:00:00
3493,1428,ZL01428,5,Would buy again,Colour is accurate and sizing feels true based on the chart.,Kai,0,2024-05-11 14:00:00
3494,1429,ZL01429,3,Solid everyday pick,Feels durable. A couple of small scuffs from shipping but fine overall.,Elena,1,2024-06-27 03:00:00
3495,1429,ZL01429,2,Good build quality,Good value compared with similar products I have tried.,Marcus,1,2024-08-15 03:00:00
3496,1429,ZL01429,3,Not bad at all,Used it for two weeks and it holds up well for daily use.,Wei,1,2024-08-09 03:00:00
3497,1429,ZL01429,2,Useful addition,I bought this as a gift and the recipient liked it immediately.,Grace,1,2024-06-25 03:00:00
3498,1430,ZL01430,4,Better than expected,Works as advertised. Battery/performance is satisfactory so far.,Danial,1,2025-01-30 21:00:00
3499,1430,ZL01430,5,Reliable so far,Material quality is better than I expected at this price point.,Victor,0,2024-12-01 21:00:00
3500,1430,ZL01430,3,Happy with it,Feels durable. A couple of small scuffs from shipping but fine overall.,Yasmin,0,2024-11-16 21:00:00
3501,1431,ZL01431,3,Decent for the money,Packaging was neat and the item matched the listing details.,Chloe,1,2024-09-23 04:00:00
3502,1431,ZL01431,5,Solid everyday pick,Packaging was neat and the item matched the listing details.,Chloe,1,2024-09-16 04:00:00
3503,1431,ZL01431,3,Useful addition,Good value compared with similar products I have tried.,Hassan,1,2024-08-29 04:00:00
3504,1431,ZL01431,3,Not bad at all,Works as advertised. Battery/performance is satisfactory so far.,Tom,0,2024-11-09 04:00:00
3505,1432,ZL01432,5,Better than expected,"Would appreciate more colour options, but this shade works for me.",Lina,1,2024-11-28 17:00:00
3506,1432,ZL01432,2,Would buy again,I bought this as a gift and the recipient liked it immediately.,Danial,1,2024-11-30 17:00:00
3507,1432,ZL01432,5,Happy with it,Used it for two weeks and it holds up well for daily use.,Aisha,1,2024-12-21 17:00:00
3508,1432,ZL01432,5,Love this,Colour is accurate and sizing feels true based on the chart.,Tom,1,2024-10-28 17:00:00
3509,1433,ZL01433,3,Would buy again,Feels durable. A couple of small scuffs from shipping but fine overall.,Siti,1,2025-01-14 16:00:00
3510,1433,ZL01433,4,Decent for the money,Packaging was neat and the item matched the listing details.,Chloe,0,2024-12-19 16:00:00
3511,1433,ZL01433,5,Love this,Feels durable. A couple of small scuffs from shipping but fine overall.,Grace,0,2024-12-31 16:00:00
3512,1434,ZL01434,3,Nice finish,"Would appreciate more colour options, but this shade works for me.",Quinn,1,2025-02-03 00:00:00
3513,1434,ZL01434,3,Arrived quickly,Colour is accurate and sizing feels true based on the chart.,Ravi,1,2024-11-26 00:00:00
3514,1435,ZL01435,3,Reliable so far,Used it for two weeks and it holds up well for daily use.,Siti,1,2024-12-15 16:00:00
3515,1435,ZL01435,4,Exactly as described,"Would appreciate more colour options, but this shade works for me.",Elena,1,2024-12-13 16:00:00
3516,1435,ZL01435,5,Arrived quickly,Used it for two weeks and it holds up well for daily use.,Lina,1,2024-12-19 16:00:00
3517,1436,ZL01436,2,Good build quality,Material quality is better than I expected at this price point.,Ben,1,2024-06-24 15:00:00
3518,1436,ZL01436,3,Reliable so far,Feels durable. A couple of small scuffs from shipping but fine overall.,Yasmin,0,2024-07-06 15:00:00
3519,1436,ZL01436,5,Good build quality,Instructions were clear and setup took only a few minutes.,Danial,1,2024-09-18 15:00:00
3520,1437,ZL01437,2,Reliable so far,Packaging was neat and the item matched the listing details.,Omar,0,2024-09-20 23:00:00
3521,1437,ZL01437,3,Decent for the money,Material quality is better than I expected at this price point.,Lina,1,2024-10-25 23:00:00
3522,1438,ZL01438,5,Useful addition,Good value compared with similar products I have tried.,Grace,1,2024-10-23 07:00:00
3523,1438,ZL01438,4,Would buy again,Material quality is better than I expected at this price point.,Chloe,0,2024-10-16 07:00:00
3524,1438,ZL01438,5,Arrived quickly,Feels durable. A couple of small scuffs from shipping but fine overall.,Priya,1,2024-10-05 07:00:00
3525,1438,ZL01438,4,Useful addition,Material quality is better than I expected at this price point.,Ben,0,2024-09-12 07:00:00
3526,1439,ZL01439,3,Worth the price,"Would appreciate more colour options, but this shade works for me.",Lina,1,2024-08-22 06:00:00
3527,1439,ZL01439,4,Useful addition,I bought this as a gift and the recipient liked it immediately.,Omar,1,2024-06-23 06:00:00
3528,1440,ZL01440,3,Would buy again,Packaging was neat and the item matched the listing details.,Yasmin,1,2025-02-26 02:00:00
3529,1440,ZL01440,4,Useful addition,"Would appreciate more colour options, but this shade works for me.",Elena,1,2025-02-08 02:00:00
3530,1440,ZL01440,5,Decent for the money,Material quality is better than I expected at this price point.,Grace,1,2025-04-08 02:00:00
3531,1441,ZL01441,3,Worth the price,Used it for two weeks and it holds up well for daily use.,Omar,1,2025-01-19 14:00:00
3532,1441,ZL01441,2,Solid everyday pick,Material quality is better than I expected at this price point.,Uma,0,2025-01-16 14:00:00
3533,1441,ZL01441,3,Reliable so far,Feels durable. A couple of small scuffs from shipping but fine overall.,Yasmin,0,2024-12-24 14:00:00
3534,1441,ZL01441,5,Solid everyday pick,Works as advertised. Battery/performance is satisfactory so far.,Aisha,1,2025-03-01 14:00:00
3535,1442,ZL01442,4,Would buy again,Feels durable. A couple of small scuffs from shipping but fine overall.,Ravi,1,2024-07-12 09:00:00
3536,1442,ZL01442,5,Happy with it,Good value compared with similar products I have tried.,Priya,0,2024-08-15 09:00:00
3537,1443,ZL01443,4,Better than expected,Works as advertised. Battery/performance is satisfactory so far.,Nora,1,2025-05-02 16:00:00
3538,1444,ZL01444,3,Worth the price,"Would appreciate more colour options, but this shade works for me.",Aisha,1,2025-03-13 02:00:00
3539,1444,ZL01444,5,Reliable so far,Works as advertised. Battery/performance is satisfactory so far.,Lina,1,2025-04-11 02:00:00
3540,1445,ZL01445,3,Good build quality,Works as advertised. Battery/performance is satisfactory so far.,Ivy,1,2025-01-18 09:00:00
3541,1445,ZL01445,4,Better than expected,Material quality is better than I expected at this price point.,Hassan,0,2025-04-12 09:00:00
3542,1445,ZL01445,3,Not bad at all,Packaging was neat and the item matched the listing details.,Yasmin,1,2025-04-29 09:00:00
3543,1445,ZL01445,4,Solid everyday pick,Good value compared with similar products I have tried.,Nora,1,2025-04-10 09:00:00
3544,1446,ZL01446,4,Nice finish,I bought this as a gift and the recipient liked it immediately.,Danial,0,2024-02-16 15:00:00
3545,1447,ZL01447,5,Better than expected,Material quality is better than I expected at this price point.,Aisha,1,2025-04-10 14:00:00
3546,1447,ZL01447,5,Love this,Packaging was neat and the item matched the listing details.,Wei,1,2025-06-30 14:00:00
3547,1448,ZL01448,3,Reliable so far,Colour is accurate and sizing feels true based on the chart.,Elena,1,2025-03-18 04:00:00
3548,1448,ZL01448,5,Nice finish,"Would appreciate more colour options, but this shade works for me.",Ravi,0,2025-02-25 04:00:00
3549,1448,ZL01448,5,Useful addition,Instructions were clear and setup took only a few minutes.,Farid,1,2024-12-29 04:00:00
3550,1449,ZL01449,4,Useful addition,Colour is accurate and sizing feels true based on the chart.,Hassan,1,2025-06-19 18:00:00
3551,1449,ZL01449,4,Would buy again,Colour is accurate and sizing feels true based on the chart.,Uma,1,2025-04-22 18:00:00
3552,1450,ZL01450,5,Worth the price,I bought this as a gift and the recipient liked it immediately.,Lina,0,2024-08-18 15:00:00
3553,1451,ZL01451,5,Nice finish,Feels durable. A couple of small scuffs from shipping but fine overall.,Grace,1,2025-06-28 17:00:00
3554,1451,ZL01451,3,Would buy again,Material quality is better than I expected at this price point.,Elena,1,2025-06-09 17:00:00
3555,1451,ZL01451,5,Reliable so far,Feels durable. A couple of small scuffs from shipping but fine overall.,Nora,0,2025-07-18 17:00:00
3556,1452,ZL01452,5,Good build quality,Material quality is better than I expected at this price point.,Lina,1,2025-04-16 18:00:00
3557,1452,ZL01452,3,Nice finish,Works as advertised. Battery/performance is satisfactory so far.,Marcus,1,2025-04-01 18:00:00
3558,1453,ZL01453,4,Exactly as described,Colour is accurate and sizing feels true based on the chart.,Zara,0,2024-09-05 14:00:00
3559,1453,ZL01453,3,Arrived quickly,Good value compared with similar products I have tried.,Yasmin,1,2024-10-06 14:00:00
3560,1454,ZL01454,3,Happy with it,I bought this as a gift and the recipient liked it immediately.,Aisha,1,2024-10-22 21:00:00
3561,1454,ZL01454,5,Reliable so far,Colour is accurate and sizing feels true based on the chart.,Jonas,1,2025-01-20 21:00:00
3562,1454,ZL01454,3,Happy with it,Works as advertised. Battery/performance is satisfactory so far.,Chloe,1,2025-01-02 21:00:00
3563,1454,ZL01454,4,Nice finish,Feels durable. A couple of small scuffs from shipping but fine overall.,Elena,1,2025-01-25 21:00:00
3564,1455,ZL01455,4,Decent for the money,Material quality is better than I expected at this price point.,Jonas,1,2024-07-09 18:00:00
3565,1455,ZL01455,4,Not bad at all,Works as advertised. Battery/performance is satisfactory so far.,Tom,1,2024-06-20 18:00:00
3566,1456,ZL01456,5,Reliable so far,Material quality is better than I expected at this price point.,Hassan,1,2024-04-04 12:00:00
3567,1456,ZL01456,3,Not bad at all,Works as advertised. Battery/performance is satisfactory so far.,Jonas,1,2024-04-04 12:00:00
3568,1456,ZL01456,5,Worth the price,Good value compared with similar products I have tried.,Chloe,0,2024-04-19 12:00:00
3569,1456,ZL01456,3,Exactly as described,Good value compared with similar products I have tried.,Lina,1,2024-03-25 12:00:00
3570,1457,ZL01457,4,Happy with it,Feels durable. A couple of small scuffs from shipping but fine overall.,Farid,0,2025-05-01 09:00:00
3571,1458,ZL01458,5,Not bad at all,Packaging was neat and the item matched the listing details.,Ravi,1,2025-06-10 10:00:00
3572,1458,ZL01458,3,Useful addition,Instructions were clear and setup took only a few minutes.,Farid,1,2025-07-01 10:00:00
3573,1459,ZL01459,4,Good build quality,Good value compared with similar products I have tried.,Ivy,0,2024-12-07 04:00:00
3574,1460,ZL01460,5,Would buy again,Instructions were clear and setup took only a few minutes.,Hassan,1,2024-10-28 01:00:00
3575,1461,ZL01461,5,Decent for the money,"Would appreciate more colour options, but this shade works for me.",Chloe,0,2025-01-10 15:00:00
3576,1461,ZL01461,3,Decent for the money,Used it for two weeks and it holds up well for daily use.,Zara,1,2024-11-01 15:00:00
3577,1461,ZL01461,5,Decent for the money,I bought this as a gift and the recipient liked it immediately.,Uma,1,2025-02-02 15:00:00
3578,1461,ZL01461,3,Not bad at all,Packaging was neat and the item matched the listing details.,Danial,1,2024-12-11 15:00:00
3579,1462,ZL01462,5,Love this,"Would appreciate more colour options, but this shade works for me.",Uma,1,2024-08-25 13:00:00
3580,1462,ZL01462,5,Reliable so far,Used it for two weeks and it holds up well for daily use.,Victor,1,2024-07-10 13:00:00
3581,1462,ZL01462,3,Nice finish,Instructions were clear and setup took only a few minutes.,Marcus,1,2024-08-25 13:00:00
3582,1462,ZL01462,4,Decent for the money,Packaging was neat and the item matched the listing details.,Farid,1,2024-08-23 13:00:00
3583,1463,ZL01463,3,Arrived quickly,Good value compared with similar products I have tried.,Wei,0,2025-05-19 00:00:00
3584,1463,ZL01463,4,Love this,I bought this as a gift and the recipient liked it immediately.,Victor,1,2025-06-23 00:00:00
3585,1464,ZL01464,4,Not bad at all,Packaging was neat and the item matched the listing details.,Omar,1,2024-12-13 11:00:00
3586,1464,ZL01464,3,Better than expected,I bought this as a gift and the recipient liked it immediately.,Danial,0,2024-11-04 11:00:00
3587,1465,ZL01465,2,Nice finish,Colour is accurate and sizing feels true based on the chart.,Kai,1,2025-03-18 16:00:00
3588,1465,ZL01465,4,Better than expected,Works as advertised. Battery/performance is satisfactory so far.,Grace,1,2025-02-24 16:00:00
3589,1466,ZL01466,5,Good build quality,Packaging was neat and the item matched the listing details.,Chloe,0,2024-07-06 18:00:00
3590,1467,ZL01467,5,Better than expected,Colour is accurate and sizing feels true based on the chart.,Elena,1,2025-02-23 13:00:00
3591,1468,ZL01468,5,Happy with it,Works as advertised. Battery/performance is satisfactory so far.,Omar,1,2024-08-04 04:00:00
3592,1468,ZL01468,4,Good build quality,Instructions were clear and setup took only a few minutes.,Priya,1,2024-07-01 04:00:00
3593,1468,ZL01468,5,Love this,Colour is accurate and sizing feels true based on the chart.,Kai,1,2024-06-06 04:00:00
3594,1468,ZL01468,5,Useful addition,Works as advertised. Battery/performance is satisfactory so far.,Danial,1,2024-08-08 04:00:00
3595,1469,ZL01469,2,Not bad at all,Packaging was neat and the item matched the listing details.,Yasmin,1,2024-08-19 23:00:00
3596,1469,ZL01469,5,Love this,Used it for two weeks and it holds up well for daily use.,Ravi,1,2024-10-06 23:00:00
3597,1469,ZL01469,2,Worth the price,Instructions were clear and setup took only a few minutes.,Quinn,0,2024-11-22 23:00:00
3598,1469,ZL01469,2,Useful addition,Good value compared with similar products I have tried.,Zara,0,2024-09-09 23:00:00
3599,1470,ZL01470,2,Happy with it,Packaging was neat and the item matched the listing details.,Danial,1,2025-02-11 02:00:00
3600,1470,ZL01470,3,Solid everyday pick,Used it for two weeks and it holds up well for daily use.,Hassan,1,2024-11-25 02:00:00
3601,1470,ZL01470,2,Decent for the money,Material quality is better than I expected at this price point.,Chloe,1,2024-11-13 02:00:00
3602,1471,ZL01471,4,Decent for the money,Packaging was neat and the item matched the listing details.,Wei,0,2025-01-23 14:00:00
3603,1471,ZL01471,5,Decent for the money,Packaging was neat and the item matched the listing details.,Farid,1,2024-11-06 14:00:00
3604,1471,ZL01471,4,Happy with it,Instructions were clear and setup took only a few minutes.,Zara,1,2025-01-20 14:00:00
3605,1471,ZL01471,4,Happy with it,Packaging was neat and the item matched the listing details.,Chloe,1,2025-01-06 14:00:00
3606,1472,ZL01472,2,Nice finish,I bought this as a gift and the recipient liked it immediately.,Ivy,1,2024-10-05 01:00:00
3607,1473,ZL01473,4,Useful addition,Used it for two weeks and it holds up well for daily use.,Marcus,1,2024-10-27 01:00:00
3608,1473,ZL01473,4,Reliable so far,Material quality is better than I expected at this price point.,Ben,1,2024-12-21 01:00:00
3609,1473,ZL01473,4,Happy with it,Material quality is better than I expected at this price point.,Marcus,0,2024-11-16 01:00:00
3610,1473,ZL01473,5,Worth the price,Material quality is better than I expected at this price point.,Ravi,0,2024-12-23 01:00:00
3611,1474,ZL01474,4,Useful addition,Instructions were clear and setup took only a few minutes.,Danial,1,2024-02-27 00:00:00
3612,1475,ZL01475,3,Exactly as described,"Would appreciate more colour options, but this shade works for me.",Ben,1,2025-01-26 16:00:00
3613,1475,ZL01475,2,Would buy again,Colour is accurate and sizing feels true based on the chart.,Tom,1,2025-03-02 16:00:00
3614,1475,ZL01475,3,Not bad at all,Packaging was neat and the item matched the listing details.,Ivy,1,2024-11-13 16:00:00
3615,1476,ZL01476,4,Solid everyday pick,Colour is accurate and sizing feels true based on the chart.,Nora,1,2024-02-29 19:00:00
3616,1476,ZL01476,5,Worth the price,Good value compared with similar products I have tried.,Priya,0,2024-03-06 19:00:00
3617,1476,ZL01476,4,Arrived quickly,"Would appreciate more colour options, but this shade works for me.",Marcus,1,2024-05-26 19:00:00
3618,1476,ZL01476,5,Better than expected,Feels durable. A couple of small scuffs from shipping but fine overall.,Uma,1,2024-03-22 19:00:00
3619,1477,ZL01477,4,Exactly as described,I bought this as a gift and the recipient liked it immediately.,Tom,1,2024-10-21 22:00:00
3620,1477,ZL01477,5,Decent for the money,Used it for two weeks and it holds up well for daily use.,Grace,1,2024-10-04 22:00:00
3621,1477,ZL01477,5,Decent for the money,Colour is accurate and sizing feels true based on the chart.,Quinn,1,2024-09-04 22:00:00
3622,1478,ZL01478,4,Decent for the money,Colour is accurate and sizing feels true based on the chart.,Ben,0,2024-12-24 13:00:00
3623,1478,ZL01478,5,Exactly as described,Colour is accurate and sizing feels true based on the chart.,Ravi,1,2024-12-29 13:00:00
3624,1478,ZL01478,4,Reliable so far,Good value compared with similar products I have tried.,Siti,1,2024-12-14 13:00:00
3625,1478,ZL01478,5,Nice finish,Material quality is better than I expected at this price point.,Yasmin,1,2024-10-29 13:00:00
3626,1479,ZL01479,4,Exactly as described,Colour is accurate and sizing feels true based on the chart.,Nora,1,2024-11-23 16:00:00
3627,1479,ZL01479,5,Happy with it,Works as advertised. Battery/performance is satisfactory so far.,Siti,1,2025-02-24 16:00:00
3628,1479,ZL01479,4,Not bad at all,Works as advertised. Battery/performance is satisfactory so far.,Hassan,1,2025-02-07 16:00:00
3629,1480,ZL01480,4,Solid everyday pick,"Would appreciate more colour options, but this shade works for me.",Omar,1,2024-04-03 13:00:00
3630,1480,ZL01480,5,Solid everyday pick,Material quality is better than I expected at this price point.,Ravi,1,2024-06-16 13:00:00
3631,1481,ZL01481,3,Love this,Colour is accurate and sizing feels true based on the chart.,Zara,1,2024-12-31 21:00:00
3632,1481,ZL01481,5,Happy with it,Material quality is better than I expected at this price point.,Nora,1,2024-12-25 21:00:00
3633,1481,ZL01481,3,Good build quality,Used it for two weeks and it holds up well for daily use.,Nora,1,2024-11-19 21:00:00
3634,1481,ZL01481,4,Nice finish,Feels durable. A couple of small scuffs from shipping but fine overall.,Priya,1,2024-10-16 21:00:00
3635,1482,ZL01482,5,Nice finish,Colour is accurate and sizing feels true based on the chart.,Victor,0,2024-08-25 08:00:00
3636,1482,ZL01482,5,Reliable so far,Good value compared with similar products I have tried.,Ben,0,2024-08-29 08:00:00
3637,1483,ZL01483,4,Worth the price,Packaging was neat and the item matched the listing details.,Quinn,1,2025-03-21 10:00:00
3638,1484,ZL01484,3,Not bad at all,Works as advertised. Battery/performance is satisfactory so far.,Uma,0,2025-02-26 20:00:00
3639,1484,ZL01484,2,Decent for the money,"Would appreciate more colour options, but this shade works for me.",Grace,1,2025-05-15 20:00:00
3640,1484,ZL01484,3,Arrived quickly,Colour is accurate and sizing feels true based on the chart.,Victor,0,2025-05-01 20:00:00
3641,1485,ZL01485,4,Not bad at all,Instructions were clear and setup took only a few minutes.,Quinn,1,2024-10-08 14:00:00
3642,1486,ZL01486,5,Solid everyday pick,Packaging was neat and the item matched the listing details.,Marcus,1,2024-09-20 12:00:00
3643,1486,ZL01486,5,Useful addition,Feels durable. A couple of small scuffs from shipping but fine overall.,Nora,1,2024-10-29 12:00:00
3644,1486,ZL01486,3,Better than expected,Good value compared with similar products I have tried.,Zara,1,2024-12-07 12:00:00
3645,1487,ZL01487,4,Solid everyday pick,Feels durable. A couple of small scuffs from shipping but fine overall.,Quinn,1,2025-04-07 20:00:00
3646,1487,ZL01487,5,Reliable so far,Colour is accurate and sizing feels true based on the chart.,Omar,0,2025-03-06 20:00:00
3647,1487,ZL01487,3,Nice finish,Instructions were clear and setup took only a few minutes.,Ben,1,2025-04-18 20:00:00
3648,1488,ZL01488,5,Would buy again,Used it for two weeks and it holds up well for daily use.,Uma,0,2024-09-22 05:00:00
3649,1489,ZL01489,4,Nice finish,Works as advertised. Battery/performance is satisfactory so far.,Ravi,1,2025-04-14 03:00:00
3650,1489,ZL01489,4,Exactly as described,Material quality is better than I expected at this price point.,Priya,1,2025-04-07 03:00:00
3651,1490,ZL01490,4,Reliable so far,Feels durable. A couple of small scuffs from shipping but fine overall.,Hassan,1,2024-10-05 22:00:00
3652,1490,ZL01490,3,Nice finish,Used it for two weeks and it holds up well for daily use.,Priya,1,2024-10-30 22:00:00
3653,1491,ZL01491,5,Nice finish,Instructions were clear and setup took only a few minutes.,Elena,1,2025-02-17 21:00:00
3654,1491,ZL01491,3,Exactly as described,Packaging was neat and the item matched the listing details.,Danial,1,2025-02-19 21:00:00
3655,1492,ZL01492,3,Not bad at all,Instructions were clear and setup took only a few minutes.,Jonas,1,2024-05-26 17:00:00
3656,1492,ZL01492,5,Good build quality,Material quality is better than I expected at this price point.,Priya,1,2024-04-09 17:00:00
3657,1492,ZL01492,3,Arrived quickly,Works as advertised. Battery/performance is satisfactory so far.,Chloe,0,2024-05-23 17:00:00
3658,1492,ZL01492,5,Love this,Feels durable. A couple of small scuffs from shipping but fine overall.,Omar,1,2024-06-07 17:00:00
3659,1493,ZL01493,3,Useful addition,Works as advertised. Battery/performance is satisfactory so far.,Uma,1,2025-08-29 18:00:00
3660,1493,ZL01493,3,Exactly as described,Material quality is better than I expected at this price point.,Grace,0,2025-08-30 18:00:00
3661,1494,ZL01494,5,Nice finish,Feels durable. A couple of small scuffs from shipping but fine overall.,Siti,1,2024-07-18 10:00:00
3662,1494,ZL01494,3,Better than expected,I bought this as a gift and the recipient liked it immediately.,Nora,1,2024-07-30 10:00:00
3663,1494,ZL01494,4,Better than expected,Works as advertised. Battery/performance is satisfactory so far.,Wei,0,2024-09-24 10:00:00
3664,1495,ZL01495,3,Not bad at all,Packaging was neat and the item matched the listing details.,Siti,1,2024-09-15 16:00:00
3665,1496,ZL01496,4,Better than expected,Works as advertised. Battery/performance is satisfactory so far.,Ravi,1,2024-11-24 16:00:00
3666,1496,ZL01496,5,Would buy again,Colour is accurate and sizing feels true based on the chart.,Kai,1,2024-11-18 16:00:00
3667,1497,ZL01497,4,Would buy again,Material quality is better than I expected at this price point.,Yasmin,1,2024-10-03 00:00:00
3668,1497,ZL01497,4,Reliable so far,Packaging was neat and the item matched the listing details.,Priya,1,2024-09-30 00:00:00
3669,1497,ZL01497,4,Nice finish,Colour is accurate and sizing feels true based on the chart.,Siti,0,2024-09-20 00:00:00
3670,1497,ZL01497,4,Arrived quickly,Instructions were clear and setup took only a few minutes.,Elena,1,2024-10-20 00:00:00
3671,1498,ZL01498,2,Worth the price,Used it for two weeks and it holds up well for daily use.,Kai,1,2025-02-06 09:00:00
3672,1498,ZL01498,4,Worth the price,Good value compared with similar products I have tried.,Ravi,1,2025-01-20 09:00:00
3673,1499,ZL01499,4,Not bad at all,Feels durable. A couple of small scuffs from shipping but fine overall.,Marcus,1,2025-01-19 04:00:00
3674,1500,ZL01500,5,Worth the price,Used it for two weeks and it holds up well for daily use.,Zara,1,2024-09-17 21:00:00
3675,1501,ZL01501,4,Not bad at all,I bought this as a gift and the recipient liked it immediately.,Hassan,0,2024-08-17 22:00:00
3676,1502,ZL01502,4,Not bad at all,"Would appreciate more colour options, but this shade works for me.",Siti,1,2024-09-26 12:00:00
3677,1503,ZL01503,5,Better than expected,Used it for two weeks and it holds up well for daily use.,Ravi,0,2024-12-31 19:00:00
3678,1503,ZL01503,2,Useful addition,Material quality is better than I expected at this price point.,Priya,1,2024-11-04 19:00:00
3679,1503,ZL01503,4,Solid everyday pick,"Would appreciate more colour options, but this shade works for me.",Nora,1,2025-01-20 19:00:00
3680,1503,ZL01503,4,Love this,I bought this as a gift and the recipient liked it immediately.,Ben,1,2025-01-30 19:00:00
3681,1504,ZL01504,2,Reliable so far,Instructions were clear and setup took only a few minutes.,Aisha,1,2025-07-22 18:00:00
3682,1505,ZL01505,4,Love this,"Would appreciate more colour options, but this shade works for me.",Hassan,0,2024-09-27 13:00:00
3683,1505,ZL01505,4,Reliable so far,Packaging was neat and the item matched the listing details.,Jonas,1,2024-09-08 13:00:00
3684,1505,ZL01505,5,Useful addition,Used it for two weeks and it holds up well for daily use.,Siti,1,2024-08-17 13:00:00
3685,1506,ZL01506,5,Useful addition,Good value compared with similar products I have tried.,Kai,1,2024-12-21 15:00:00
3686,1507,ZL01507,5,Not bad at all,"Would appreciate more colour options, but this shade works for me.",Tom,0,2024-08-31 08:00:00
3687,1507,ZL01507,4,Would buy again,Colour is accurate and sizing feels true based on the chart.,Ravi,1,2024-10-12 08:00:00
3688,1507,ZL01507,5,Better than expected,Good value compared with similar products I have tried.,Zara,0,2024-11-03 08:00:00
3689,1508,ZL01508,3,Arrived quickly,Feels durable. A couple of small scuffs from shipping but fine overall.,Priya,1,2024-09-10 23:00:00
3690,1508,ZL01508,4,Useful addition,Instructions were clear and setup took only a few minutes.,Zara,0,2024-10-07 23:00:00
3691,1509,ZL01509,5,Worth the price,Feels durable. A couple of small scuffs from shipping but fine overall.,Uma,1,2025-03-27 01:00:00
3692,1509,ZL01509,4,Exactly as described,Feels durable. A couple of small scuffs from shipping but fine overall.,Chloe,0,2025-04-20 01:00:00
3693,1509,ZL01509,4,Love this,"Would appreciate more colour options, but this shade works for me.",Elena,1,2025-04-20 01:00:00
3694,1509,ZL01509,3,Useful addition,Works as advertised. Battery/performance is satisfactory so far.,Lina,1,2025-02-19 01:00:00
3695,1510,ZL01510,3,Not bad at all,Instructions were clear and setup took only a few minutes.,Elena,1,2024-03-17 14:00:00
3696,1511,ZL01511,4,Good build quality,"Would appreciate more colour options, but this shade works for me.",Tom,1,2024-08-25 03:00:00
3697,1512,ZL01512,5,Arrived quickly,I bought this as a gift and the recipient liked it immediately.,Danial,1,2024-03-01 19:00:00
3698,1513,ZL01513,3,Worth the price,Feels durable. A couple of small scuffs from shipping but fine overall.,Yasmin,1,2025-08-08 19:00:00
3699,1513,ZL01513,5,Would buy again,Feels durable. A couple of small scuffs from shipping but fine overall.,Omar,1,2025-07-24 19:00:00
3700,1513,ZL01513,4,Better than expected,Good value compared with similar products I have tried.,Jonas,1,2025-08-23 19:00:00
3701,1513,ZL01513,4,Reliable so far,Colour is accurate and sizing feels true based on the chart.,Yasmin,1,2025-06-28 19:00:00
3702,1514,ZL01514,3,Better than expected,Instructions were clear and setup took only a few minutes.,Jonas,1,2024-04-21 03:00:00
3703,1514,ZL01514,5,Arrived quickly,"Would appreciate more colour options, but this shade works for me.",Danial,1,2024-02-23 03:00:00
3704,1514,ZL01514,3,Decent for the money,I bought this as a gift and the recipient liked it immediately.,Grace,1,2024-03-21 03:00:00
3705,1515,ZL01515,5,Not bad at all,Good value compared with similar products I have tried.,Yasmin,1,2024-09-20 02:00:00
3706,1515,ZL01515,3,Solid everyday pick,Packaging was neat and the item matched the listing details.,Omar,1,2024-10-09 02:00:00
3707,1515,ZL01515,3,Love this,Works as advertised. Battery/performance is satisfactory so far.,Priya,1,2024-09-23 02:00:00
3708,1515,ZL01515,4,Good build quality,Feels durable. A couple of small scuffs from shipping but fine overall.,Nora,1,2024-08-18 02:00:00
3709,1516,ZL01516,3,Worth the price,I bought this as a gift and the recipient liked it immediately.,Ivy,1,2024-09-09 01:00:00
3710,1517,ZL01517,5,Solid everyday pick,Used it for two weeks and it holds up well for daily use.,Nora,1,2024-10-11 15:00:00
3711,1517,ZL01517,3,Worth the price,Instructions were clear and setup took only a few minutes.,Ravi,1,2024-10-27 15:00:00
3712,1518,ZL01518,4,Good build quality,Instructions were clear and setup took only a few minutes.,Marcus,1,2025-05-24 14:00:00
3713,1518,ZL01518,4,Happy with it,Good value compared with similar products I have tried.,Zara,1,2025-04-23 14:00:00
3714,1518,ZL01518,4,Not bad at all,Used it for two weeks and it holds up well for daily use.,Tom,0,2025-04-24 14:00:00
3715,1519,ZL01519,4,Worth the price,Colour is accurate and sizing feels true based on the chart.,Ravi,1,2024-10-07 03:00:00
3716,1519,ZL01519,3,Reliable so far,Feels durable. A couple of small scuffs from shipping but fine overall.,Tom,0,2024-08-25 03:00:00
3717,1519,ZL01519,4,Worth the price,I bought this as a gift and the recipient liked it immediately.,Omar,1,2024-12-11 03:00:00
3718,1520,ZL01520,3,Love this,Feels durable. A couple of small scuffs from shipping but fine overall.,Yasmin,0,2025-06-15 13:00:00
3719,1520,ZL01520,3,Arrived quickly,Good value compared with similar products I have tried.,Marcus,1,2025-05-14 13:00:00
3720,1520,ZL01520,4,Useful addition,I bought this as a gift and the recipient liked it immediately.,Lina,1,2025-06-05 13:00:00
3721,1521,ZL01521,2,Arrived quickly,Packaging was neat and the item matched the listing details.,Ivy,1,2024-03-27 12:00:00
3722,1521,ZL01521,3,Not bad at all,Used it for two weeks and it holds up well for daily use.,Priya,1,2024-05-08 12:00:00
3723,1521,ZL01521,2,Exactly as described,Material quality is better than I expected at this price point.,Marcus,1,2024-04-13 12:00:00
3724,1521,ZL01521,5,Love this,Works as advertised. Battery/performance is satisfactory so far.,Siti,0,2024-04-27 12:00:00
3725,1522,ZL01522,5,Good build quality,I bought this as a gift and the recipient liked it immediately.,Nora,1,2025-01-07 05:00:00
3726,1522,ZL01522,3,Decent for the money,Works as advertised. Battery/performance is satisfactory so far.,Chloe,0,2024-11-06 05:00:00
3727,1523,ZL01523,3,Arrived quickly,I bought this as a gift and the recipient liked it immediately.,Hassan,1,2024-05-07 13:00:00
3728,1523,ZL01523,3,Decent for the money,Works as advertised. Battery/performance is satisfactory so far.,Aisha,1,2024-05-12 13:00:00
3729,1524,ZL01524,5,Exactly as described,Works as advertised. Battery/performance is satisfactory so far.,Wei,1,2024-05-08 14:00:00
3730,1524,ZL01524,5,Not bad at all,Packaging was neat and the item matched the listing details.,Ravi,0,2024-02-29 14:00:00
3731,1525,ZL01525,4,Arrived quickly,Feels durable. A couple of small scuffs from shipping but fine overall.,Ben,1,2025-02-23 06:00:00
3732,1526,ZL01526,3,Reliable so far,Material quality is better than I expected at this price point.,Danial,1,2024-04-12 18:00:00
3733,1526,ZL01526,4,Good build quality,Used it for two weeks and it holds up well for daily use.,Farid,0,2024-03-28 18:00:00
3734,1526,ZL01526,5,Exactly as described,Packaging was neat and the item matched the listing details.,Tom,1,2024-01-11 18:00:00
3735,1526,ZL01526,3,Solid everyday pick,Colour is accurate and sizing feels true based on the chart.,Quinn,1,2024-03-02 18:00:00
3736,1527,ZL01527,4,Reliable so far,I bought this as a gift and the recipient liked it immediately.,Elena,1,2024-09-18 01:00:00
3737,1527,ZL01527,4,Love this,Material quality is better than I expected at this price point.,Priya,1,2024-06-05 01:00:00
3738,1527,ZL01527,4,Arrived quickly,Packaging was neat and the item matched the listing details.,Victor,1,2024-08-28 01:00:00
3739,1527,ZL01527,3,Solid everyday pick,Feels durable. A couple of small scuffs from shipping but fine overall.,Elena,1,2024-07-11 01:00:00
3740,1528,ZL01528,4,Happy with it,Material quality is better than I expected at this price point.,Chloe,1,2025-06-03 00:00:00
3741,1529,ZL01529,5,Reliable so far,Good value compared with similar products I have tried.,Ravi,1,2025-01-04 00:00:00
3742,1530,ZL01530,5,Useful addition,"Would appreciate more colour options, but this shade works for me.",Ravi,0,2024-05-01 22:00:00
3743,1530,ZL01530,5,Reliable so far,Feels durable. A couple of small scuffs from shipping but fine overall.,Elena,1,2024-05-16 22:00:00
3744,1530,ZL01530,3,Good build quality,"Would appreciate more colour options, but this shade works for me.",Elena,1,2024-05-26 22:00:00
3745,1531,ZL01531,5,Better than expected,Colour is accurate and sizing feels true based on the chart.,Hassan,0,2025-04-12 07:00:00
3746,1531,ZL01531,3,Arrived quickly,Good value compared with similar products I have tried.,Omar,0,2025-01-31 07:00:00
3747,1532,ZL01532,2,Nice finish,Packaging was neat and the item matched the listing details.,Lina,1,2025-01-28 10:00:00
3748,1532,ZL01532,5,Nice finish,Material quality is better than I expected at this price point.,Chloe,1,2025-01-22 10:00:00
3749,1532,ZL01532,5,Nice finish,"Would appreciate more colour options, but this shade works for me.",Wei,1,2024-10-21 10:00:00
3750,1533,ZL01533,3,Love this,Feels durable. A couple of small scuffs from shipping but fine overall.,Elena,1,2025-03-23 05:00:00
3751,1533,ZL01533,4,Nice finish,Good value compared with similar products I have tried.,Hassan,1,2025-06-08 05:00:00
3752,1533,ZL01533,2,Would buy again,Colour is accurate and sizing feels true based on the chart.,Hassan,1,2025-04-28 05:00:00
3753,1534,ZL01534,5,Not bad at all,Instructions were clear and setup took only a few minutes.,Aisha,1,2025-03-19 13:00:00
3754,1534,ZL01534,4,Solid everyday pick,Instructions were clear and setup took only a few minutes.,Zara,0,2025-05-02 13:00:00
3755,1535,ZL01535,4,Better than expected,Instructions were clear and setup took only a few minutes.,Aisha,1,2024-10-28 10:00:00
3756,1535,ZL01535,4,Good build quality,Instructions were clear and setup took only a few minutes.,Aisha,0,2024-10-29 10:00:00
3757,1535,ZL01535,3,Nice finish,Used it for two weeks and it holds up well for daily use.,Chloe,1,2024-07-30 10:00:00
3758,1535,ZL01535,4,Not bad at all,I bought this as a gift and the recipient liked it immediately.,Marcus,0,2024-10-26 10:00:00
3759,1536,ZL01536,5,Would buy again,Colour is accurate and sizing feels true based on the chart.,Ben,0,2024-12-18 15:00:00
3760,1536,ZL01536,5,Solid everyday pick,Packaging was neat and the item matched the listing details.,Farid,1,2024-11-09 15:00:00
3761,1536,ZL01536,2,Reliable so far,Works as advertised. Battery/performance is satisfactory so far.,Ivy,1,2024-11-13 15:00:00
3762,1537,ZL01537,4,Arrived quickly,Works as advertised. Battery/performance is satisfactory so far.,Ravi,1,2024-03-07 23:00:00
3763,1537,ZL01537,2,Good build quality,Good value compared with similar products I have tried.,Lina,1,2024-01-27 23:00:00
3764,1538,ZL01538,4,Nice finish,Material quality is better than I expected at this price point.,Elena,1,2024-06-24 07:00:00
3765,1538,ZL01538,3,Better than expected,Colour is accurate and sizing feels true based on the chart.,Chloe,1,2024-08-11 07:00:00
3766,1538,ZL01538,4,Exactly as described,Works as advertised. Battery/performance is satisfactory so far.,Priya,1,2024-09-05 07:00:00
3767,1539,ZL01539,3,Worth the price,Material quality is better than I expected at this price point.,Grace,0,2024-05-30 08:00:00
3768,1539,ZL01539,3,Love this,Used it for two weeks and it holds up well for daily use.,Jonas,1,2024-05-18 08:00:00
3769,1539,ZL01539,5,Nice finish,Packaging was neat and the item matched the listing details.,Elena,0,2024-08-08 08:00:00
3770,1539,ZL01539,3,Useful addition,Instructions were clear and setup took only a few minutes.,Yasmin,1,2024-06-10 08:00:00
3771,1540,ZL01540,5,Arrived quickly,Feels durable. A couple of small scuffs from shipping but fine overall.,Uma,1,2024-07-18 22:00:00
3772,1540,ZL01540,2,Nice finish,Packaging was neat and the item matched the listing details.,Victor,1,2024-05-26 22:00:00
3773,1540,ZL01540,3,Love this,"Would appreciate more colour options, but this shade works for me.",Marcus,1,2024-06-28 22:00:00
3774,1540,ZL01540,4,Worth the price,Good value compared with similar products I have tried.,Chloe,1,2024-06-12 22:00:00
3775,1541,ZL01541,4,Better than expected,Good value compared with similar products I have tried.,Danial,1,2025-01-17 01:00:00
3776,1541,ZL01541,4,Reliable so far,I bought this as a gift and the recipient liked it immediately.,Chloe,1,2025-03-24 01:00:00
3777,1541,ZL01541,3,Exactly as described,I bought this as a gift and the recipient liked it immediately.,Elena,1,2025-01-03 01:00:00
3778,1541,ZL01541,3,Worth the price,Instructions were clear and setup took only a few minutes.,Siti,1,2025-03-19 01:00:00
3779,1542,ZL01542,3,Would buy again,Works as advertised. Battery/performance is satisfactory so far.,Elena,1,2025-01-30 05:00:00
3780,1542,ZL01542,3,Reliable so far,Material quality is better than I expected at this price point.,Quinn,1,2025-02-17 05:00:00
3781,1542,ZL01542,5,Would buy again,Used it for two weeks and it holds up well for daily use.,Victor,1,2025-01-26 05:00:00
3782,1543,ZL01543,5,Arrived quickly,"Would appreciate more colour options, but this shade works for me.",Farid,0,2025-06-14 11:00:00
3783,1544,ZL01544,4,Nice finish,Good value compared with similar products I have tried.,Quinn,1,2025-05-15 08:00:00
3784,1545,ZL01545,3,Good build quality,I bought this as a gift and the recipient liked it immediately.,Aisha,1,2024-12-13 08:00:00
3785,1545,ZL01545,4,Better than expected,Packaging was neat and the item matched the listing details.,Aisha,1,2025-03-13 08:00:00
3786,1545,ZL01545,5,Useful addition,Material quality is better than I expected at this price point.,Uma,1,2024-12-01 08:00:00
3787,1546,ZL01546,5,Decent for the money,Good value compared with similar products I have tried.,Marcus,1,2024-04-18 06:00:00
3788,1546,ZL01546,3,Love this,Instructions were clear and setup took only a few minutes.,Quinn,1,2024-03-09 06:00:00
3789,1546,ZL01546,4,Happy with it,Instructions were clear and setup took only a few minutes.,Kai,1,2024-04-27 06:00:00
3790,1547,ZL01547,2,Love this,Good value compared with similar products I have tried.,Aisha,1,2025-02-09 19:00:00
3791,1548,ZL01548,3,Exactly as described,Good value compared with similar products I have tried.,Ben,1,2024-08-20 21:00:00
3792,1548,ZL01548,4,Exactly as described,Good value compared with similar products I have tried.,Ivy,1,2024-11-02 21:00:00
3793,1549,ZL01549,5,Nice finish,Packaging was neat and the item matched the listing details.,Quinn,1,2024-06-26 20:00:00
3794,1550,ZL01550,2,Better than expected,I bought this as a gift and the recipient liked it immediately.,Aisha,1,2025-01-25 00:00:00
3795,1550,ZL01550,2,Not bad at all,Good value compared with similar products I have tried.,Aisha,1,2025-02-04 00:00:00
3796,1550,ZL01550,2,Worth the price,Works as advertised. Battery/performance is satisfactory so far.,Chloe,1,2024-11-17 00:00:00
3797,1550,ZL01550,4,Nice finish,Instructions were clear and setup took only a few minutes.,Nora,1,2025-02-19 00:00:00
3798,1551,ZL01551,4,Worth the price,"Would appreciate more colour options, but this shade works for me.",Victor,1,2025-01-04 11:00:00
3799,1551,ZL01551,5,Nice finish,Good value compared with similar products I have tried.,Danial,0,2025-01-08 11:00:00
3800,1552,ZL01552,4,Solid everyday pick,Works as advertised. Battery/performance is satisfactory so far.,Siti,1,2024-10-03 19:00:00
3801,1552,ZL01552,5,Love this,"Would appreciate more colour options, but this shade works for me.",Tom,1,2024-10-17 19:00:00
3802,1552,ZL01552,5,Decent for the money,Instructions were clear and setup took only a few minutes.,Uma,1,2024-11-06 19:00:00
3803,1552,ZL01552,4,Better than expected,Used it for two weeks and it holds up well for daily use.,Elena,1,2024-12-06 19:00:00
3804,1553,ZL01553,3,Would buy again,Instructions were clear and setup took only a few minutes.,Tom,1,2024-05-19 23:00:00
3805,1554,ZL01554,4,Useful addition,Used it for two weeks and it holds up well for daily use.,Kai,0,2024-04-01 09:00:00
3806,1555,ZL01555,3,Happy with it,Good value compared with similar products I have tried.,Uma,0,2025-03-08 20:00:00
3807,1555,ZL01555,2,Useful addition,"Would appreciate more colour options, but this shade works for me.",Elena,1,2025-04-27 20:00:00
3808,1556,ZL01556,2,Better than expected,Material quality is better than I expected at this price point.,Ben,0,2024-09-01 18:00:00
3809,1556,ZL01556,4,Not bad at all,Packaging was neat and the item matched the listing details.,Ben,1,2024-07-10 18:00:00
3810,1556,ZL01556,2,Decent for the money,Good value compared with similar products I have tried.,Grace,1,2024-08-29 18:00:00
3811,1556,ZL01556,2,Good build quality,Packaging was neat and the item matched the listing details.,Jonas,0,2024-07-22 18:00:00
3812,1557,ZL01557,2,Better than expected,"Would appreciate more colour options, but this shade works for me.",Lina,1,2025-05-13 08:00:00
3813,1557,ZL01557,4,Good build quality,Good value compared with similar products I have tried.,Grace,0,2025-06-01 08:00:00
3814,1557,ZL01557,4,Happy with it,Material quality is better than I expected at this price point.,Uma,1,2025-06-29 08:00:00
3815,1557,ZL01557,3,Worth the price,Packaging was neat and the item matched the listing details.,Tom,0,2025-06-06 08:00:00
3816,1558,ZL01558,3,Love this,Colour is accurate and sizing feels true based on the chart.,Farid,0,2024-02-16 17:00:00
3817,1558,ZL01558,4,Useful addition,"Would appreciate more colour options, but this shade works for me.",Tom,1,2024-01-31 17:00:00
3818,1558,ZL01558,2,Happy with it,Colour is accurate and sizing feels true based on the chart.,Tom,1,2024-01-20 17:00:00
3819,1559,ZL01559,5,Exactly as described,"Would appreciate more colour options, but this shade works for me.",Ivy,1,2024-10-20 08:00:00
3820,1560,ZL01560,4,Arrived quickly,Colour is accurate and sizing feels true based on the chart.,Chloe,1,2024-10-18 11:00:00
3821,1560,ZL01560,3,Reliable so far,Good value compared with similar products I have tried.,Danial,1,2024-11-01 11:00:00
3822,1560,ZL01560,5,Useful addition,Feels durable. A couple of small scuffs from shipping but fine overall.,Lina,1,2024-11-02 11:00:00
3823,1561,ZL01561,4,Would buy again,Feels durable. A couple of small scuffs from shipping but fine overall.,Danial,1,2025-02-27 04:00:00
3824,1561,ZL01561,3,Exactly as described,Good value compared with similar products I have tried.,Kai,1,2025-01-08 04:00:00
3825,1561,ZL01561,3,Nice finish,I bought this as a gift and the recipient liked it immediately.,Quinn,0,2024-11-08 04:00:00
3826,1561,ZL01561,4,Decent for the money,Material quality is better than I expected at this price point.,Ivy,1,2025-01-19 04:00:00
3827,1562,ZL01562,2,Worth the price,Packaging was neat and the item matched the listing details.,Nora,1,2025-03-01 01:00:00
3828,1562,ZL01562,4,Love this,Good value compared with similar products I have tried.,Farid,1,2024-12-16 01:00:00
3829,1563,ZL01563,3,Reliable so far,Good value compared with similar products I have tried.,Wei,1,2025-04-10 19:00:00
3830,1563,ZL01563,4,Good build quality,"Would appreciate more colour options, but this shade works for me.",Yasmin,1,2025-05-02 19:00:00
3831,1563,ZL01563,4,Happy with it,Material quality is better than I expected at this price point.,Danial,1,2025-02-13 19:00:00
3832,1564,ZL01564,4,Worth the price,Instructions were clear and setup took only a few minutes.,Ben,1,2025-02-08 18:00:00
3833,1564,ZL01564,3,Nice finish,Material quality is better than I expected at this price point.,Farid,0,2024-11-14 18:00:00
3834,1564,ZL01564,3,Arrived quickly,Instructions were clear and setup took only a few minutes.,Elena,1,2025-02-05 18:00:00
3835,1565,ZL01565,3,Arrived quickly,Works as advertised. Battery/performance is satisfactory so far.,Ivy,0,2024-09-28 16:00:00
3836,1566,ZL01566,4,Not bad at all,I bought this as a gift and the recipient liked it immediately.,Kai,1,2024-02-29 05:00:00
3837,1566,ZL01566,2,Exactly as described,Packaging was neat and the item matched the listing details.,Uma,1,2024-03-15 05:00:00
3838,1566,ZL01566,3,Arrived quickly,Packaging was neat and the item matched the listing details.,Chloe,1,2024-04-05 05:00:00
3839,1566,ZL01566,3,Good build quality,Material quality is better than I expected at this price point.,Jonas,1,2024-03-27 05:00:00
3840,1567,ZL01567,5,Nice finish,Feels durable. A couple of small scuffs from shipping but fine overall.,Kai,0,2025-01-13 00:00:00
3841,1567,ZL01567,3,Solid everyday pick,Packaging was neat and the item matched the listing details.,Nora,1,2025-01-11 00:00:00
3842,1568,ZL01568,4,Solid everyday pick,Instructions were clear and setup took only a few minutes.,Chloe,1,2025-03-03 07:00:00
3843,1568,ZL01568,4,Love this,Packaging was neat and the item matched the listing details.,Ivy,1,2025-06-02 07:00:00
3844,1568,ZL01568,5,Arrived quickly,Used it for two weeks and it holds up well for daily use.,Danial,1,2025-04-02 07:00:00
3845,1569,ZL01569,5,Good build quality,Works as advertised. Battery/performance is satisfactory so far.,Victor,0,2025-02-11 06:00:00
3846,1569,ZL01569,4,Useful addition,Used it for two weeks and it holds up well for daily use.,Lina,1,2025-04-05 06:00:00
3847,1569,ZL01569,4,Not bad at all,Feels durable. A couple of small scuffs from shipping but fine overall.,Quinn,1,2025-01-31 06:00:00
3848,1569,ZL01569,3,Would buy again,I bought this as a gift and the recipient liked it immediately.,Elena,1,2025-04-15 06:00:00
3849,1570,ZL01570,5,Arrived quickly,Colour is accurate and sizing feels true based on the chart.,Danial,1,2024-09-26 02:00:00
3850,1570,ZL01570,5,Good build quality,Colour is accurate and sizing feels true based on the chart.,Chloe,1,2024-09-08 02:00:00
3851,1570,ZL01570,5,Good build quality,I bought this as a gift and the recipient liked it immediately.,Omar,0,2024-08-14 02:00:00
3852,1571,ZL01571,3,Nice finish,I bought this as a gift and the recipient liked it immediately.,Omar,0,2025-08-17 04:00:00
3853,1571,ZL01571,4,Decent for the money,Works as advertised. Battery/performance is satisfactory so far.,Grace,1,2025-06-06 04:00:00
3854,1571,ZL01571,5,Better than expected,Instructions were clear and setup took only a few minutes.,Wei,1,2025-05-22 04:00:00
3855,1572,ZL01572,2,Would buy again,Works as advertised. Battery/performance is satisfactory so far.,Lina,1,2024-08-15 01:00:00
3856,1572,ZL01572,3,Good build quality,I bought this as a gift and the recipient liked it immediately.,Elena,1,2024-09-06 01:00:00
3857,1572,ZL01572,2,Good build quality,Used it for two weeks and it holds up well for daily use.,Siti,1,2024-06-18 01:00:00
3858,1572,ZL01572,2,Nice finish,I bought this as a gift and the recipient liked it immediately.,Quinn,1,2024-07-03 01:00:00
3859,1573,ZL01573,3,Love this,"Would appreciate more colour options, but this shade works for me.",Ivy,0,2024-04-17 08:00:00
3860,1573,ZL01573,3,Exactly as described,Feels durable. A couple of small scuffs from shipping but fine overall.,Hassan,0,2024-04-27 08:00:00
3861,1574,ZL01574,5,Better than expected,Colour is accurate and sizing feels true based on the chart.,Lina,1,2024-06-19 18:00:00
3862,1574,ZL01574,5,Worth the price,Colour is accurate and sizing feels true based on the chart.,Priya,1,2024-10-06 18:00:00
3863,1574,ZL01574,5,Would buy again,Works as advertised. Battery/performance is satisfactory so far.,Uma,1,2024-07-08 18:00:00
3864,1574,ZL01574,3,Exactly as described,Feels durable. A couple of small scuffs from shipping but fine overall.,Grace,0,2024-06-25 18:00:00
3865,1575,ZL01575,5,Happy with it,I bought this as a gift and the recipient liked it immediately.,Zara,1,2025-03-03 14:00:00
3866,1575,ZL01575,5,Useful addition,Good value compared with similar products I have tried.,Aisha,1,2025-06-27 14:00:00
3867,1575,ZL01575,5,Nice finish,Colour is accurate and sizing feels true based on the chart.,Danial,1,2025-06-07 14:00:00
3868,1576,ZL01576,5,Not bad at all,Material quality is better than I expected at this price point.,Priya,0,2025-03-21 07:00:00
3869,1576,ZL01576,3,Love this,Works as advertised. Battery/performance is satisfactory so far.,Ben,1,2025-01-23 07:00:00
3870,1576,ZL01576,4,Reliable so far,Colour is accurate and sizing feels true based on the chart.,Omar,0,2025-04-01 07:00:00
3871,1577,ZL01577,3,Arrived quickly,Used it for two weeks and it holds up well for daily use.,Zara,1,2024-10-10 05:00:00
3872,1578,ZL01578,3,Arrived quickly,Good value compared with similar products I have tried.,Lina,0,2024-03-23 12:00:00
3873,1579,ZL01579,3,Solid everyday pick,Packaging was neat and the item matched the listing details.,Danial,1,2025-05-18 07:00:00
3874,1579,ZL01579,4,Good build quality,Works as advertised. Battery/performance is satisfactory so far.,Ravi,1,2025-04-15 07:00:00
3875,1579,ZL01579,4,Happy with it,Good value compared with similar products I have tried.,Omar,1,2025-04-26 07:00:00
3876,1579,ZL01579,3,Useful addition,I bought this as a gift and the recipient liked it immediately.,Elena,1,2025-03-10 07:00:00
3877,1580,ZL01580,4,Good build quality,Colour is accurate and sizing feels true based on the chart.,Aisha,1,2024-04-22 08:00:00
3878,1580,ZL01580,5,Love this,Material quality is better than I expected at this price point.,Yasmin,0,2024-01-28 08:00:00
3879,1580,ZL01580,3,Useful addition,Colour is accurate and sizing feels true based on the chart.,Aisha,1,2024-04-04 08:00:00
3880,1580,ZL01580,3,Would buy again,Material quality is better than I expected at this price point.,Grace,0,2024-04-24 08:00:00
3881,1581,ZL01581,4,Would buy again,Packaging was neat and the item matched the listing details.,Ben,1,2025-06-26 21:00:00
3882,1582,ZL01582,4,Better than expected,Used it for two weeks and it holds up well for daily use.,Hassan,1,2024-12-11 07:00:00
3883,1582,ZL01582,4,Worth the price,"Would appreciate more colour options, but this shade works for me.",Jonas,0,2024-12-03 07:00:00
3884,1582,ZL01582,3,Not bad at all,Packaging was neat and the item matched the listing details.,Aisha,0,2025-01-07 07:00:00
3885,1583,ZL01583,3,Exactly as described,Feels durable. A couple of small scuffs from shipping but fine overall.,Quinn,1,2024-06-09 08:00:00
3886,1583,ZL01583,3,Reliable so far,Packaging was neat and the item matched the listing details.,Quinn,1,2024-07-08 08:00:00
3887,1583,ZL01583,3,Worth the price,Material quality is better than I expected at this price point.,Danial,1,2024-06-30 08:00:00
3888,1583,ZL01583,4,Decent for the money,Colour is accurate and sizing feels true based on the chart.,Nora,0,2024-07-29 08:00:00
3889,1584,ZL01584,4,Useful addition,"Would appreciate more colour options, but this shade works for me.",Danial,0,2024-09-01 13:00:00
3890,1584,ZL01584,3,Happy with it,Good value compared with similar products I have tried.,Danial,1,2024-08-07 13:00:00
3891,1585,ZL01585,3,Solid everyday pick,Material quality is better than I expected at this price point.,Omar,1,2025-05-23 10:00:00
3892,1586,ZL01586,5,Arrived quickly,Material quality is better than I expected at this price point.,Ivy,1,2024-01-29 15:00:00
3893,1586,ZL01586,4,Worth the price,I bought this as a gift and the recipient liked it immediately.,Elena,1,2024-04-26 15:00:00
3894,1586,ZL01586,3,Exactly as described,Instructions were clear and setup took only a few minutes.,Aisha,0,2024-03-13 15:00:00
3895,1586,ZL01586,4,Good build quality,Good value compared with similar products I have tried.,Priya,1,2024-01-09 15:00:00
3896,1587,ZL01587,5,Exactly as described,Works as advertised. Battery/performance is satisfactory so far.,Tom,1,2024-06-30 16:00:00
3897,1588,ZL01588,3,Solid everyday pick,Good value compared with similar products I have tried.,Danial,1,2025-04-12 17:00:00
3898,1589,ZL01589,4,Reliable so far,"Would appreciate more colour options, but this shade works for me.",Chloe,1,2025-02-28 18:00:00
3899,1589,ZL01589,5,Reliable so far,Colour is accurate and sizing feels true based on the chart.,Zara,1,2025-06-07 18:00:00
3900,1590,ZL01590,4,Worth the price,Feels durable. A couple of small scuffs from shipping but fine overall.,Victor,1,2025-02-11 19:00:00
3901,1590,ZL01590,4,Nice finish,Works as advertised. Battery/performance is satisfactory so far.,Yasmin,0,2024-12-23 19:00:00
3902,1590,ZL01590,3,Would buy again,Material quality is better than I expected at this price point.,Kai,1,2024-12-17 19:00:00
3903,1590,ZL01590,4,Reliable so far,Packaging was neat and the item matched the listing details.,Wei,1,2024-12-12 19:00:00
3904,1591,ZL01591,4,Useful addition,Material quality is better than I expected at this price point.,Nora,1,2024-08-27 13:00:00
3905,1591,ZL01591,5,Solid everyday pick,Feels durable. A couple of small scuffs from shipping but fine overall.,Uma,1,2024-06-09 13:00:00
3906,1592,ZL01592,2,Good build quality,"Would appreciate more colour options, but this shade works for me.",Quinn,0,2024-06-01 12:00:00
3907,1592,ZL01592,2,Solid everyday pick,Works as advertised. Battery/performance is satisfactory so far.,Farid,1,2024-09-01 12:00:00
3908,1592,ZL01592,5,Useful addition,Material quality is better than I expected at this price point.,Tom,1,2024-06-24 12:00:00
3909,1592,ZL01592,5,Arrived quickly,Good value compared with similar products I have tried.,Yasmin,1,2024-09-17 12:00:00
3910,1593,ZL01593,5,Better than expected,Used it for two weeks and it holds up well for daily use.,Omar,0,2025-03-16 14:00:00
3911,1594,ZL01594,4,Decent for the money,I bought this as a gift and the recipient liked it immediately.,Tom,1,2024-03-30 02:00:00
3912,1595,ZL01595,5,Decent for the money,I bought this as a gift and the recipient liked it immediately.,Omar,0,2024-06-16 17:00:00
3913,1595,ZL01595,2,Decent for the money,Used it for two weeks and it holds up well for daily use.,Aisha,1,2024-08-11 17:00:00
3914,1596,ZL01596,5,Love this,"Would appreciate more colour options, but this shade works for me.",Omar,1,2024-06-08 23:00:00
3915,1596,ZL01596,5,Not bad at all,Feels durable. A couple of small scuffs from shipping but fine overall.,Kai,1,2024-03-16 23:00:00
3916,1596,ZL01596,4,Worth the price,Good value compared with similar products I have tried.,Aisha,1,2024-05-21 23:00:00
3917,1596,ZL01596,5,Nice finish,Good value compared with similar products I have tried.,Priya,1,2024-05-29 23:00:00
3918,1597,ZL01597,5,Solid everyday pick,Material quality is better than I expected at this price point.,Kai,1,2024-03-14 03:00:00
3919,1597,ZL01597,5,Would buy again,Colour is accurate and sizing feels true based on the chart.,Danial,1,2024-03-03 03:00:00
3920,1597,ZL01597,3,Not bad at all,Packaging was neat and the item matched the listing details.,Uma,1,2024-03-10 03:00:00
3921,1598,ZL01598,5,Better than expected,Instructions were clear and setup took only a few minutes.,Hassan,1,2024-10-27 15:00:00
3922,1598,ZL01598,5,Good build quality,"Would appreciate more colour options, but this shade works for me.",Priya,1,2024-10-03 15:00:00
3923,1598,ZL01598,5,Decent for the money,Works as advertised. Battery/performance is satisfactory so far.,Siti,1,2024-07-29 15:00:00
3924,1599,ZL01599,4,Reliable so far,Good value compared with similar products I have tried.,Priya,1,2024-10-15 14:00:00
3925,1599,ZL01599,4,Reliable so far,Instructions were clear and setup took only a few minutes.,Grace,1,2024-09-21 14:00:00
3926,1599,ZL01599,4,Arrived quickly,Packaging was neat and the item matched the listing details.,Aisha,1,2024-11-08 14:00:00
3927,1599,ZL01599,5,Love this,Packaging was neat and the item matched the listing details.,Tom,0,2024-08-29 14:00:00
3928,1600,ZL01600,3,Decent for the money,Used it for two weeks and it holds up well for daily use.,Jonas,1,2024-12-18 16:00:00
3929,1601,ZL01601,5,Decent for the money,Used it for two weeks and it holds up well for daily use.,Quinn,0,2025-03-31 12:00:00
3930,1601,ZL01601,5,Good build quality,Instructions were clear and setup took only a few minutes.,Wei,1,2025-03-26 12:00:00
3931,1602,ZL01602,2,Love this,Used it for two weeks and it holds up well for daily use.,Aisha,0,2024-05-06 08:00:00
3932,1602,ZL01602,2,Better than expected,Instructions were clear and setup took only a few minutes.,Ivy,1,2024-03-16 08:00:00
3933,1602,ZL01602,2,Reliable so far,Works as advertised. Battery/performance is satisfactory so far.,Priya,1,2024-04-16 08:00:00
3934,1602,ZL01602,3,Happy with it,Instructions were clear and setup took only a few minutes.,Lina,1,2024-02-29 08:00:00
3935,1603,ZL01603,5,Not bad at all,Used it for two weeks and it holds up well for daily use.,Ravi,1,2024-09-02 11:00:00
3936,1603,ZL01603,4,Good build quality,I bought this as a gift and the recipient liked it immediately.,Hassan,0,2024-09-18 11:00:00
3937,1603,ZL01603,2,Arrived quickly,Colour is accurate and sizing feels true based on the chart.,Ivy,1,2024-09-10 11:00:00
3938,1603,ZL01603,4,Solid everyday pick,Works as advertised. Battery/performance is satisfactory so far.,Ben,0,2024-10-05 11:00:00
3939,1604,ZL01604,5,Useful addition,Colour is accurate and sizing feels true based on the chart.,Aisha,0,2024-02-07 18:00:00
3940,1604,ZL01604,4,Arrived quickly,Instructions were clear and setup took only a few minutes.,Aisha,0,2024-05-16 18:00:00
3941,1604,ZL01604,5,Happy with it,Material quality is better than I expected at this price point.,Farid,1,2024-04-30 18:00:00
3942,1605,ZL01605,3,Would buy again,Feels durable. A couple of small scuffs from shipping but fine overall.,Wei,1,2025-03-22 18:00:00
3943,1606,ZL01606,5,Good build quality,Material quality is better than I expected at this price point.,Grace,1,2024-08-16 05:00:00
3944,1606,ZL01606,3,Reliable so far,Instructions were clear and setup took only a few minutes.,Farid,1,2024-06-15 05:00:00
3945,1606,ZL01606,3,Useful addition,Good value compared with similar products I have tried.,Uma,0,2024-06-24 05:00:00
3946,1606,ZL01606,5,Reliable so far,Good value compared with similar products I have tried.,Ravi,1,2024-08-07 05:00:00
3947,1607,ZL01607,5,Better than expected,Packaging was neat and the item matched the listing details.,Nora,1,2025-07-02 18:00:00
3948,1607,ZL01607,3,Arrived quickly,Feels durable. A couple of small scuffs from shipping but fine overall.,Marcus,1,2025-06-24 18:00:00
3949,1608,ZL01608,5,Useful addition,Good value compared with similar products I have tried.,Jonas,0,2025-04-25 16:00:00
3950,1608,ZL01608,3,Not bad at all,Used it for two weeks and it holds up well for daily use.,Ravi,1,2025-06-10 16:00:00
3951,1609,ZL01609,3,Happy with it,Works as advertised. Battery/performance is satisfactory so far.,Victor,1,2024-12-11 23:00:00
3952,1609,ZL01609,4,Useful addition,Works as advertised. Battery/performance is satisfactory so far.,Hassan,0,2024-10-21 23:00:00
3953,1609,ZL01609,3,Happy with it,Good value compared with similar products I have tried.,Siti,0,2024-09-02 23:00:00
3954,1610,ZL01610,4,Useful addition,Instructions were clear and setup took only a few minutes.,Ben,1,2024-07-09 15:00:00
3955,1611,ZL01611,3,Nice finish,Colour is accurate and sizing feels true based on the chart.,Hassan,1,2024-09-28 03:00:00
3956,1611,ZL01611,5,Useful addition,"Would appreciate more colour options, but this shade works for me.",Farid,0,2024-10-12 03:00:00
3957,1611,ZL01611,4,Would buy again,"Would appreciate more colour options, but this shade works for me.",Nora,1,2024-12-23 03:00:00
3958,1612,ZL01612,5,Arrived quickly,Colour is accurate and sizing feels true based on the chart.,Aisha,0,2025-02-08 23:00:00
3959,1612,ZL01612,3,Nice finish,Instructions were clear and setup took only a few minutes.,Ravi,0,2024-11-11 23:00:00
3960,1612,ZL01612,2,Useful addition,Used it for two weeks and it holds up well for daily use.,Hassan,1,2024-11-11 23:00:00
3961,1612,ZL01612,3,Happy with it,Material quality is better than I expected at this price point.,Chloe,1,2024-11-05 23:00:00
3962,1613,ZL01613,5,Solid everyday pick,Works as advertised. Battery/performance is satisfactory so far.,Omar,1,2024-06-09 05:00:00
3963,1613,ZL01613,4,Would buy again,Good value compared with similar products I have tried.,Farid,1,2024-04-19 05:00:00
3964,1613,ZL01613,4,Better than expected,Colour is accurate and sizing feels true based on the chart.,Grace,1,2024-04-07 05:00:00
3965,1613,ZL01613,4,Nice finish,Colour is accurate and sizing feels true based on the chart.,Yasmin,1,2024-06-27 05:00:00
3966,1614,ZL01614,4,Would buy again,"Would appreciate more colour options, but this shade works for me.",Ben,1,2024-10-18 00:00:00
3967,1614,ZL01614,5,Arrived quickly,Feels durable. A couple of small scuffs from shipping but fine overall.,Ivy,1,2024-11-23 00:00:00
3968,1615,ZL01615,5,Nice finish,Works as advertised. Battery/performance is satisfactory so far.,Hassan,1,2024-07-07 10:00:00
3969,1615,ZL01615,5,Not bad at all,Packaging was neat and the item matched the listing details.,Siti,1,2024-03-31 10:00:00
3970,1615,ZL01615,3,Happy with it,Good value compared with similar products I have tried.,Marcus,1,2024-06-19 10:00:00
3971,1615,ZL01615,3,Good build quality,Feels durable. A couple of small scuffs from shipping but fine overall.,Ivy,0,2024-07-05 10:00:00
3972,1616,ZL01616,4,Good build quality,"Would appreciate more colour options, but this shade works for me.",Zara,1,2025-02-27 00:00:00
3973,1617,ZL01617,3,Good build quality,"Would appreciate more colour options, but this shade works for me.",Marcus,0,2024-04-21 04:00:00
3974,1617,ZL01617,5,Useful addition,Good value compared with similar products I have tried.,Omar,1,2024-05-18 04:00:00
3975,1617,ZL01617,4,Worth the price,Works as advertised. Battery/performance is satisfactory so far.,Grace,1,2024-03-01 04:00:00
3976,1618,ZL01618,3,Worth the price,Packaging was neat and the item matched the listing details.,Quinn,1,2024-06-07 13:00:00
3977,1619,ZL01619,4,Better than expected,Instructions were clear and setup took only a few minutes.,Elena,1,2025-04-08 10:00:00
3978,1619,ZL01619,4,Decent for the money,Works as advertised. Battery/performance is satisfactory so far.,Marcus,0,2025-02-17 10:00:00
3979,1619,ZL01619,3,Exactly as described,Good value compared with similar products I have tried.,Aisha,0,2025-05-02 10:00:00
3980,1619,ZL01619,3,Solid everyday pick,"Would appreciate more colour options, but this shade works for me.",Kai,0,2025-04-05 10:00:00
3981,1620,ZL01620,3,Arrived quickly,Material quality is better than I expected at this price point.,Lina,1,2024-08-04 21:00:00
3982,1620,ZL01620,3,Happy with it,Used it for two weeks and it holds up well for daily use.,Grace,1,2024-07-19 21:00:00
3983,1620,ZL01620,4,Good build quality,Works as advertised. Battery/performance is satisfactory so far.,Grace,1,2024-07-31 21:00:00
3984,1621,ZL01621,2,Decent for the money,Material quality is better than I expected at this price point.,Chloe,1,2024-07-22 16:00:00
3985,1621,ZL01621,4,Not bad at all,Works as advertised. Battery/performance is satisfactory so far.,Hassan,1,2024-08-23 16:00:00
3986,1621,ZL01621,2,Good build quality,Good value compared with similar products I have tried.,Kai,0,2024-06-29 16:00:00
3987,1622,ZL01622,5,Not bad at all,Good value compared with similar products I have tried.,Kai,0,2025-05-17 18:00:00
3988,1623,ZL01623,5,Would buy again,Works as advertised. Battery/performance is satisfactory so far.,Kai,1,2025-03-29 21:00:00
3989,1623,ZL01623,5,Solid everyday pick,Packaging was neat and the item matched the listing details.,Elena,0,2025-03-26 21:00:00
3990,1623,ZL01623,5,Not bad at all,Material quality is better than I expected at this price point.,Quinn,1,2025-02-03 21:00:00
3991,1624,ZL01624,4,Worth the price,"Would appreciate more colour options, but this shade works for me.",Elena,1,2025-04-07 21:00:00
3992,1625,ZL01625,4,Better than expected,Material quality is better than I expected at this price point.,Uma,1,2025-03-22 08:00:00
3993,1625,ZL01625,4,Nice finish,"Would appreciate more colour options, but this shade works for me.",Lina,1,2025-04-01 08:00:00
3994,1625,ZL01625,4,Not bad at all,I bought this as a gift and the recipient liked it immediately.,Elena,1,2025-04-30 08:00:00
3995,1626,ZL01626,3,Good build quality,"Would appreciate more colour options, but this shade works for me.",Grace,1,2025-05-05 03:00:00
3996,1627,ZL01627,2,Reliable so far,Used it for two weeks and it holds up well for daily use.,Siti,1,2024-06-09 07:00:00
3997,1627,ZL01627,4,Arrived quickly,Packaging was neat and the item matched the listing details.,Jonas,1,2024-06-10 07:00:00
3998,1627,ZL01627,4,Love this,Colour is accurate and sizing feels true based on the chart.,Elena,1,2024-07-09 07:00:00
3999,1627,ZL01627,4,Decent for the money,Works as advertised. Battery/performance is satisfactory so far.,Aisha,1,2024-08-10 07:00:00
4000,1628,ZL01628,3,Useful addition,"Would appreciate more colour options, but this shade works for me.",Elena,0,2025-01-06 07:00:00
4001,1629,ZL01629,5,Worth the price,Packaging was neat and the item matched the listing details.,Victor,1,2025-05-04 05:00:00
4002,1629,ZL01629,5,Would buy again,Packaging was neat and the item matched the listing details.,Victor,1,2025-05-25 05:00:00
4003,1630,ZL01630,4,Not bad at all,Colour is accurate and sizing feels true based on the chart.,Nora,0,2024-03-25 06:00:00
4004,1630,ZL01630,3,Happy with it,"Would appreciate more colour options, but this shade works for me.",Hassan,0,2024-03-08 06:00:00
4005,1630,ZL01630,3,Exactly as described,Used it for two weeks and it holds up well for daily use.,Nora,1,2024-04-22 06:00:00
4006,1631,ZL01631,4,Worth the price,Works as advertised. Battery/performance is satisfactory so far.,Ben,0,2025-08-22 22:00:00
4007,1631,ZL01631,2,Worth the price,Colour is accurate and sizing feels true based on the chart.,Marcus,1,2025-08-03 22:00:00
4008,1632,ZL01632,3,Arrived quickly,Works as advertised. Battery/performance is satisfactory so far.,Siti,1,2024-07-06 17:00:00
4009,1632,ZL01632,3,Exactly as described,Good value compared with similar products I have tried.,Grace,1,2024-05-15 17:00:00
4010,1632,ZL01632,4,Reliable so far,Feels durable. A couple of small scuffs from shipping but fine overall.,Wei,1,2024-05-15 17:00:00
4011,1633,ZL01633,2,Solid everyday pick,Good value compared with similar products I have tried.,Marcus,1,2025-04-18 21:00:00
4012,1633,ZL01633,2,Decent for the money,Feels durable. A couple of small scuffs from shipping but fine overall.,Siti,1,2025-03-09 21:00:00
4013,1633,ZL01633,2,Happy with it,Packaging was neat and the item matched the listing details.,Wei,1,2025-03-05 21:00:00
4014,1633,ZL01633,3,Reliable so far,Material quality is better than I expected at this price point.,Grace,0,2025-03-01 21:00:00
4015,1634,ZL01634,3,Not bad at all,I bought this as a gift and the recipient liked it immediately.,Hassan,1,2024-05-24 07:00:00
4016,1634,ZL01634,2,Arrived quickly,I bought this as a gift and the recipient liked it immediately.,Siti,0,2024-02-18 07:00:00
4017,1634,ZL01634,5,Reliable so far,Used it for two weeks and it holds up well for daily use.,Nora,1,2024-03-30 07:00:00
4018,1635,ZL01635,3,Good build quality,Packaging was neat and the item matched the listing details.,Victor,1,2024-05-01 23:00:00
4019,1635,ZL01635,4,Love this,I bought this as a gift and the recipient liked it immediately.,Farid,0,2024-03-05 23:00:00
4020,1635,ZL01635,2,Love this,I bought this as a gift and the recipient liked it immediately.,Tom,1,2024-04-05 23:00:00
4021,1635,ZL01635,3,Worth the price,Used it for two weeks and it holds up well for daily use.,Aisha,0,2024-03-08 23:00:00
4022,1636,ZL01636,3,Arrived quickly,Packaging was neat and the item matched the listing details.,Jonas,1,2024-11-16 07:00:00
4023,1636,ZL01636,5,Useful addition,Instructions were clear and setup took only a few minutes.,Ben,1,2025-01-26 07:00:00
4024,1636,ZL01636,4,Worth the price,Works as advertised. Battery/performance is satisfactory so far.,Ben,1,2025-01-16 07:00:00
4025,1636,ZL01636,3,Exactly as described,Good value compared with similar products I have tried.,Nora,1,2024-11-19 07:00:00
4026,1637,ZL01637,3,Happy with it,Good value compared with similar products I have tried.,Quinn,1,2024-09-11 04:00:00
4027,1637,ZL01637,4,Happy with it,Works as advertised. Battery/performance is satisfactory so far.,Nora,1,2024-09-28 04:00:00
4028,1638,ZL01638,4,Reliable so far,Packaging was neat and the item matched the listing details.,Yasmin,0,2024-09-10 03:00:00
4029,1638,ZL01638,4,Better than expected,Instructions were clear and setup took only a few minutes.,Ben,1,2024-08-15 03:00:00
4030,1638,ZL01638,3,Would buy again,I bought this as a gift and the recipient liked it immediately.,Priya,1,2024-06-10 03:00:00
4031,1639,ZL01639,5,Arrived quickly,Packaging was neat and the item matched the listing details.,Siti,1,2025-03-09 23:00:00
4032,1640,ZL01640,3,Exactly as described,Instructions were clear and setup took only a few minutes.,Quinn,0,2025-03-05 08:00:00
4033,1640,ZL01640,5,Good build quality,Good value compared with similar products I have tried.,Uma,1,2025-03-08 08:00:00
4034,1641,ZL01641,4,Worth the price,Packaging was neat and the item matched the listing details.,Zara,1,2024-12-21 01:00:00
4035,1641,ZL01641,4,Decent for the money,Packaging was neat and the item matched the listing details.,Ravi,1,2024-11-20 01:00:00
4036,1641,ZL01641,2,Useful addition,Colour is accurate and sizing feels true based on the chart.,Jonas,1,2024-12-16 01:00:00
4037,1641,ZL01641,4,Better than expected,Packaging was neat and the item matched the listing details.,Aisha,1,2025-01-11 01:00:00
4038,1642,ZL01642,3,Would buy again,Colour is accurate and sizing feels true based on the chart.,Wei,1,2024-06-11 17:00:00
4039,1643,ZL01643,3,Worth the price,Packaging was neat and the item matched the listing details.,Ravi,1,2025-03-14 13:00:00
4040,1643,ZL01643,4,Happy with it,I bought this as a gift and the recipient liked it immediately.,Quinn,1,2024-12-20 13:00:00
4041,1643,ZL01643,5,Arrived quickly,I bought this as a gift and the recipient liked it immediately.,Priya,1,2025-01-08 13:00:00
4042,1643,ZL01643,4,Useful addition,Feels durable. A couple of small scuffs from shipping but fine overall.,Siti,1,2024-12-19 13:00:00
4043,1644,ZL01644,3,Better than expected,"Would appreciate more colour options, but this shade works for me.",Aisha,0,2024-06-16 18:00:00
4044,1644,ZL01644,4,Reliable so far,Instructions were clear and setup took only a few minutes.,Uma,1,2024-04-26 18:00:00
4045,1644,ZL01644,3,Solid everyday pick,Packaging was neat and the item matched the listing details.,Chloe,1,2024-07-31 18:00:00
4046,1645,ZL01645,3,Worth the price,Instructions were clear and setup took only a few minutes.,Grace,0,2025-01-25 22:00:00
4047,1645,ZL01645,3,Solid everyday pick,Works as advertised. Battery/performance is satisfactory so far.,Marcus,1,2024-10-31 22:00:00
4048,1645,ZL01645,4,Exactly as described,Colour is accurate and sizing feels true based on the chart.,Omar,1,2025-01-02 22:00:00
4049,1645,ZL01645,5,Happy with it,Used it for two weeks and it holds up well for daily use.,Tom,1,2024-12-31 22:00:00
4050,1646,ZL01646,4,Happy with it,Used it for two weeks and it holds up well for daily use.,Marcus,0,2024-10-08 06:00:00
4051,1646,ZL01646,4,Reliable so far,Packaging was neat and the item matched the listing details.,Lina,1,2024-10-04 06:00:00
4052,1646,ZL01646,2,Nice finish,"Would appreciate more colour options, but this shade works for me.",Omar,1,2024-08-09 06:00:00
4053,1646,ZL01646,3,Useful addition,Used it for two weeks and it holds up well for daily use.,Lina,1,2024-10-23 06:00:00
4054,1647,ZL01647,5,Exactly as described,Packaging was neat and the item matched the listing details.,Marcus,0,2025-05-29 07:00:00
4055,1647,ZL01647,4,Better than expected,"Would appreciate more colour options, but this shade works for me.",Priya,1,2025-08-31 07:00:00
4056,1648,ZL01648,3,Would buy again,I bought this as a gift and the recipient liked it immediately.,Victor,1,2024-08-21 07:00:00
4057,1648,ZL01648,2,Solid everyday pick,Good value compared with similar products I have tried.,Zara,0,2024-07-22 07:00:00
4058,1648,ZL01648,4,Better than expected,Packaging was neat and the item matched the listing details.,Aisha,1,2024-09-12 07:00:00
4059,1648,ZL01648,5,Arrived quickly,Colour is accurate and sizing feels true based on the chart.,Farid,0,2024-08-27 07:00:00
4060,1649,ZL01649,4,Would buy again,Good value compared with similar products I have tried.,Ivy,0,2024-03-25 12:00:00
4061,1649,ZL01649,3,Love this,Colour is accurate and sizing feels true based on the chart.,Ravi,1,2024-04-01 12:00:00
4062,1649,ZL01649,5,Love this,Feels durable. A couple of small scuffs from shipping but fine overall.,Jonas,1,2024-05-30 12:00:00
4063,1650,ZL01650,4,Happy with it,Instructions were clear and setup took only a few minutes.,Priya,0,2025-05-05 21:00:00
4064,1650,ZL01650,4,Love this,Colour is accurate and sizing feels true based on the chart.,Nora,0,2025-03-13 21:00:00
4065,1650,ZL01650,4,Arrived quickly,Material quality is better than I expected at this price point.,Grace,1,2025-05-20 21:00:00
4066,1650,ZL01650,4,Exactly as described,"Would appreciate more colour options, but this shade works for me.",Danial,0,2025-03-08 21:00:00
4067,1651,ZL01651,4,Decent for the money,Used it for two weeks and it holds up well for daily use.,Priya,1,2024-02-06 13:00:00
4068,1651,ZL01651,4,Good build quality,Feels durable. A couple of small scuffs from shipping but fine overall.,Farid,0,2024-02-24 13:00:00
4069,1651,ZL01651,4,Worth the price,"Would appreciate more colour options, but this shade works for me.",Aisha,1,2024-02-26 13:00:00
4070,1652,ZL01652,5,Love this,I bought this as a gift and the recipient liked it immediately.,Grace,1,2025-05-21 14:00:00
4071,1652,ZL01652,3,Solid everyday pick,Used it for two weeks and it holds up well for daily use.,Uma,1,2025-06-09 14:00:00
4072,1652,ZL01652,5,Worth the price,"Would appreciate more colour options, but this shade works for me.",Zara,1,2025-05-28 14:00:00
4073,1652,ZL01652,3,Nice finish,Instructions were clear and setup took only a few minutes.,Danial,0,2025-06-09 14:00:00
4074,1653,ZL01653,4,Useful addition,Works as advertised. Battery/performance is satisfactory so far.,Danial,1,2025-01-31 09:00:00
4075,1653,ZL01653,5,Worth the price,"Would appreciate more colour options, but this shade works for me.",Ravi,0,2025-01-12 09:00:00
4076,1653,ZL01653,4,Love this,Colour is accurate and sizing feels true based on the chart.,Tom,1,2025-01-19 09:00:00
4077,1653,ZL01653,5,Happy with it,Instructions were clear and setup took only a few minutes.,Hassan,1,2025-01-16 09:00:00
4078,1654,ZL01654,3,Would buy again,Works as advertised. Battery/performance is satisfactory so far.,Tom,1,2025-02-13 09:00:00
4079,1654,ZL01654,5,Love this,Material quality is better than I expected at this price point.,Hassan,1,2025-01-29 09:00:00
4080,1654,ZL01654,5,Arrived quickly,Material quality is better than I expected at this price point.,Aisha,0,2025-03-24 09:00:00
4081,1655,ZL01655,4,Would buy again,I bought this as a gift and the recipient liked it immediately.,Grace,1,2024-08-18 07:00:00
4082,1656,ZL01656,2,Worth the price,Feels durable. A couple of small scuffs from shipping but fine overall.,Wei,1,2025-04-07 20:00:00
4083,1656,ZL01656,3,Exactly as described,I bought this as a gift and the recipient liked it immediately.,Uma,1,2025-07-11 20:00:00
4084,1657,ZL01657,3,Would buy again,Material quality is better than I expected at this price point.,Jonas,1,2025-02-06 23:00:00
4085,1657,ZL01657,5,Reliable so far,I bought this as a gift and the recipient liked it immediately.,Yasmin,1,2025-01-07 23:00:00
4086,1658,ZL01658,4,Good build quality,I bought this as a gift and the recipient liked it immediately.,Tom,0,2024-08-15 13:00:00
4087,1658,ZL01658,3,Would buy again,Instructions were clear and setup took only a few minutes.,Ravi,0,2024-07-20 13:00:00
4088,1658,ZL01658,5,Exactly as described,Used it for two weeks and it holds up well for daily use.,Farid,1,2024-09-30 13:00:00
4089,1658,ZL01658,3,Happy with it,"Would appreciate more colour options, but this shade works for me.",Victor,1,2024-09-13 13:00:00
4090,1659,ZL01659,4,Worth the price,Material quality is better than I expected at this price point.,Grace,0,2024-08-10 11:00:00
4091,1659,ZL01659,3,Would buy again,Feels durable. A couple of small scuffs from shipping but fine overall.,Danial,1,2024-10-02 11:00:00
4092,1659,ZL01659,5,Nice finish,Packaging was neat and the item matched the listing details.,Yasmin,1,2024-08-21 11:00:00
4093,1659,ZL01659,4,Solid everyday pick,Good value compared with similar products I have tried.,Uma,0,2024-09-25 11:00:00
4094,1660,ZL01660,3,Love this,Good value compared with similar products I have tried.,Siti,0,2024-09-18 21:00:00
4095,1661,ZL01661,3,Would buy again,Used it for two weeks and it holds up well for daily use.,Tom,1,2024-08-12 22:00:00
4096,1662,ZL01662,3,Arrived quickly,Material quality is better than I expected at this price point.,Priya,1,2024-09-04 12:00:00
4097,1663,ZL01663,5,Useful addition,"Would appreciate more colour options, but this shade works for me.",Farid,0,2024-09-21 03:00:00
4098,1663,ZL01663,3,Worth the price,I bought this as a gift and the recipient liked it immediately.,Victor,1,2024-07-15 03:00:00
4099,1663,ZL01663,5,Happy with it,Material quality is better than I expected at this price point.,Priya,1,2024-07-17 03:00:00
4100,1663,ZL01663,5,Arrived quickly,Material quality is better than I expected at this price point.,Ben,0,2024-08-24 03:00:00
4101,1664,ZL01664,4,Arrived quickly,I bought this as a gift and the recipient liked it immediately.,Farid,1,2024-07-02 09:00:00
4102,1664,ZL01664,4,Solid everyday pick,Good value compared with similar products I have tried.,Omar,1,2024-08-03 09:00:00
4103,1665,ZL01665,5,Useful addition,Feels durable. A couple of small scuffs from shipping but fine overall.,Kai,1,2024-05-25 17:00:00
4104,1665,ZL01665,3,Reliable so far,Colour is accurate and sizing feels true based on the chart.,Yasmin,1,2024-03-29 17:00:00
4105,1665,ZL01665,5,Good build quality,Material quality is better than I expected at this price point.,Wei,0,2024-02-29 17:00:00
4106,1666,ZL01666,2,Exactly as described,Works as advertised. Battery/performance is satisfactory so far.,Wei,1,2024-06-18 01:00:00
4107,1666,ZL01666,3,Nice finish,Packaging was neat and the item matched the listing details.,Quinn,1,2024-04-28 01:00:00
4108,1666,ZL01666,3,Useful addition,Colour is accurate and sizing feels true based on the chart.,Jonas,1,2024-07-12 01:00:00
4109,1666,ZL01666,3,Arrived quickly,Instructions were clear and setup took only a few minutes.,Siti,0,2024-03-30 01:00:00
4110,1667,ZL01667,5,Decent for the money,Feels durable. A couple of small scuffs from shipping but fine overall.,Victor,0,2024-09-12 02:00:00
4111,1667,ZL01667,4,Good build quality,Packaging was neat and the item matched the listing details.,Omar,1,2024-09-27 02:00:00
4112,1667,ZL01667,2,Love this,"Would appreciate more colour options, but this shade works for me.",Victor,1,2024-10-14 02:00:00
4113,1667,ZL01667,3,Solid everyday pick,Feels durable. A couple of small scuffs from shipping but fine overall.,Elena,1,2024-10-26 02:00:00
4114,1668,ZL01668,3,Better than expected,Feels durable. A couple of small scuffs from shipping but fine overall.,Danial,1,2025-06-11 13:00:00
4115,1669,ZL01669,5,Decent for the money,Material quality is better than I expected at this price point.,Kai,1,2025-06-10 07:00:00
4116,1670,ZL01670,5,Arrived quickly,Works as advertised. Battery/performance is satisfactory so far.,Quinn,1,2025-01-20 08:00:00
4117,1670,ZL01670,2,Solid everyday pick,Good value compared with similar products I have tried.,Yasmin,0,2024-12-16 08:00:00
4118,1670,ZL01670,3,Worth the price,Packaging was neat and the item matched the listing details.,Nora,1,2024-11-17 08:00:00
4119,1670,ZL01670,5,Nice finish,Packaging was neat and the item matched the listing details.,Marcus,0,2024-10-27 08:00:00
4120,1671,ZL01671,5,Nice finish,Works as advertised. Battery/performance is satisfactory so far.,Kai,1,2024-12-01 19:00:00
4121,1672,ZL01672,5,Arrived quickly,Material quality is better than I expected at this price point.,Siti,1,2024-09-15 22:00:00
4122,1673,ZL01673,5,Good build quality,Colour is accurate and sizing feels true based on the chart.,Elena,1,2024-12-31 01:00:00
4123,1673,ZL01673,4,Not bad at all,I bought this as a gift and the recipient liked it immediately.,Aisha,1,2024-09-30 01:00:00
4124,1673,ZL01673,5,Happy with it,"Would appreciate more colour options, but this shade works for me.",Nora,1,2024-10-12 01:00:00
4125,1674,ZL01674,3,Exactly as described,Packaging was neat and the item matched the listing details.,Yasmin,0,2024-06-05 08:00:00
4126,1674,ZL01674,4,Happy with it,I bought this as a gift and the recipient liked it immediately.,Ivy,1,2024-05-19 08:00:00
4127,1674,ZL01674,3,Nice finish,Used it for two weeks and it holds up well for daily use.,Victor,1,2024-04-29 08:00:00
4128,1674,ZL01674,5,Exactly as described,"Would appreciate more colour options, but this shade works for me.",Tom,1,2024-06-15 08:00:00
4129,1675,ZL01675,4,Better than expected,Good value compared with similar products I have tried.,Omar,1,2024-10-06 08:00:00
4130,1676,ZL01676,3,Not bad at all,Colour is accurate and sizing feels true based on the chart.,Zara,1,2024-05-20 06:00:00
4131,1676,ZL01676,4,Worth the price,I bought this as a gift and the recipient liked it immediately.,Jonas,1,2024-08-07 06:00:00
4132,1677,ZL01677,4,Decent for the money,I bought this as a gift and the recipient liked it immediately.,Danial,1,2024-05-11 09:00:00
4133,1677,ZL01677,3,Worth the price,Feels durable. A couple of small scuffs from shipping but fine overall.,Chloe,1,2024-06-11 09:00:00
4134,1677,ZL01677,5,Good build quality,Material quality is better than I expected at this price point.,Jonas,1,2024-06-02 09:00:00
4135,1678,ZL01678,4,Not bad at all,Feels durable. A couple of small scuffs from shipping but fine overall.,Zara,1,2025-04-25 01:00:00
4136,1678,ZL01678,4,Reliable so far,Used it for two weeks and it holds up well for daily use.,Zara,0,2025-04-24 01:00:00
4137,1678,ZL01678,3,Would buy again,Used it for two weeks and it holds up well for daily use.,Ivy,1,2025-04-01 01:00:00
4138,1678,ZL01678,3,Decent for the money,"Would appreciate more colour options, but this shade works for me.",Quinn,1,2025-06-29 01:00:00
4139,1679,ZL01679,5,Not bad at all,I bought this as a gift and the recipient liked it immediately.,Jonas,1,2025-06-03 01:00:00
4140,1679,ZL01679,3,Not bad at all,Used it for two weeks and it holds up well for daily use.,Farid,1,2025-05-26 01:00:00
4141,1679,ZL01679,3,Better than expected,Works as advertised. Battery/performance is satisfactory so far.,Danial,0,2025-06-09 01:00:00
4142,1679,ZL01679,2,Better than expected,Feels durable. A couple of small scuffs from shipping but fine overall.,Jonas,1,2025-04-25 01:00:00
4143,1680,ZL01680,4,Love this,Material quality is better than I expected at this price point.,Chloe,1,2024-12-22 13:00:00
4144,1680,ZL01680,5,Arrived quickly,I bought this as a gift and the recipient liked it immediately.,Kai,0,2024-10-18 13:00:00
4145,1681,ZL01681,4,Would buy again,Good value compared with similar products I have tried.,Jonas,1,2024-12-16 09:00:00
4146,1682,ZL01682,4,Would buy again,Material quality is better than I expected at this price point.,Grace,0,2024-11-03 14:00:00
4147,1682,ZL01682,3,Better than expected,Used it for two weeks and it holds up well for daily use.,Tom,1,2024-11-02 14:00:00
4148,1683,ZL01683,5,Useful addition,Works as advertised. Battery/performance is satisfactory so far.,Elena,1,2024-12-20 01:00:00
4149,1683,ZL01683,2,Happy with it,Feels durable. A couple of small scuffs from shipping but fine overall.,Aisha,1,2025-01-22 01:00:00
4150,1683,ZL01683,4,Love this,"Would appreciate more colour options, but this shade works for me.",Lina,1,2025-01-08 01:00:00
4151,1684,ZL01684,5,Nice finish,Works as advertised. Battery/performance is satisfactory so far.,Victor,0,2024-09-01 02:00:00
4152,1684,ZL01684,4,Better than expected,Material quality is better than I expected at this price point.,Quinn,1,2024-08-16 02:00:00
4153,1684,ZL01684,5,Exactly as described,Feels durable. A couple of small scuffs from shipping but fine overall.,Grace,1,2024-08-25 02:00:00
4154,1684,ZL01684,3,Worth the price,I bought this as a gift and the recipient liked it immediately.,Kai,1,2024-09-21 02:00:00
4155,1685,ZL01685,5,Happy with it,Good value compared with similar products I have tried.,Omar,1,2025-05-25 17:00:00
4156,1685,ZL01685,4,Good build quality,Used it for two weeks and it holds up well for daily use.,Ivy,1,2025-06-10 17:00:00
4157,1686,ZL01686,3,Would buy again,I bought this as a gift and the recipient liked it immediately.,Ben,0,2025-05-03 22:00:00
4158,1686,ZL01686,5,Exactly as described,Colour is accurate and sizing feels true based on the chart.,Tom,1,2025-03-09 22:00:00
4159,1686,ZL01686,5,Solid everyday pick,Colour is accurate and sizing feels true based on the chart.,Yasmin,1,2025-03-02 22:00:00
4160,1687,ZL01687,5,Nice finish,Used it for two weeks and it holds up well for daily use.,Ivy,1,2025-05-07 09:00:00
4161,1687,ZL01687,3,Nice finish,Instructions were clear and setup took only a few minutes.,Priya,1,2025-03-31 09:00:00
4162,1688,ZL01688,3,Would buy again,Packaging was neat and the item matched the listing details.,Chloe,0,2025-06-30 02:00:00
4163,1688,ZL01688,3,Good build quality,Works as advertised. Battery/performance is satisfactory so far.,Ivy,1,2025-06-12 02:00:00
4164,1689,ZL01689,3,Worth the price,Instructions were clear and setup took only a few minutes.,Jonas,1,2024-10-21 05:00:00
4165,1689,ZL01689,5,Love this,Material quality is better than I expected at this price point.,Yasmin,1,2024-09-21 05:00:00
4166,1689,ZL01689,4,Solid everyday pick,I bought this as a gift and the recipient liked it immediately.,Marcus,1,2024-10-28 05:00:00
4167,1689,ZL01689,5,Better than expected,Material quality is better than I expected at this price point.,Nora,0,2024-12-19 05:00:00
4168,1690,ZL01690,4,Happy with it,Feels durable. A couple of small scuffs from shipping but fine overall.,Ben,1,2025-06-08 22:00:00
4169,1690,ZL01690,5,Would buy again,Material quality is better than I expected at this price point.,Priya,1,2025-07-05 22:00:00
4170,1691,ZL01691,5,Reliable so far,I bought this as a gift and the recipient liked it immediately.,Lina,0,2024-06-24 05:00:00
4171,1691,ZL01691,3,Love this,Feels durable. A couple of small scuffs from shipping but fine overall.,Omar,1,2024-05-02 05:00:00
4172,1691,ZL01691,5,Solid everyday pick,Instructions were clear and setup took only a few minutes.,Lina,1,2024-05-15 05:00:00
4173,1692,ZL01692,4,Good build quality,Good value compared with similar products I have tried.,Victor,1,2024-03-14 17:00:00
4174,1692,ZL01692,5,Worth the price,Good value compared with similar products I have tried.,Siti,0,2024-03-24 17:00:00
4175,1692,ZL01692,5,Solid everyday pick,I bought this as a gift and the recipient liked it immediately.,Wei,1,2024-06-16 17:00:00
4176,1693,ZL01693,5,Solid everyday pick,Feels durable. A couple of small scuffs from shipping but fine overall.,Siti,1,2024-05-28 04:00:00
4177,1694,ZL01694,5,Love this,Feels durable. A couple of small scuffs from shipping but fine overall.,Hassan,1,2025-07-23 05:00:00
4178,1694,ZL01694,3,Nice finish,Feels durable. A couple of small scuffs from shipping but fine overall.,Lina,0,2025-07-02 05:00:00
4179,1694,ZL01694,4,Reliable so far,Colour is accurate and sizing feels true based on the chart.,Tom,1,2025-06-09 05:00:00
4180,1695,ZL01695,3,Useful addition,Packaging was neat and the item matched the listing details.,Chloe,1,2025-05-23 13:00:00
4181,1695,ZL01695,4,Useful addition,Instructions were clear and setup took only a few minutes.,Aisha,1,2025-05-12 13:00:00
4182,1695,ZL01695,5,Reliable so far,Works as advertised. Battery/performance is satisfactory so far.,Wei,1,2025-03-27 13:00:00
4183,1695,ZL01695,4,Worth the price,Feels durable. A couple of small scuffs from shipping but fine overall.,Nora,0,2025-04-08 13:00:00
4184,1696,ZL01696,4,Would buy again,Used it for two weeks and it holds up well for daily use.,Elena,0,2024-12-28 06:00:00
4185,1697,ZL01697,2,Would buy again,Good value compared with similar products I have tried.,Omar,0,2024-12-14 07:00:00
4186,1697,ZL01697,2,Reliable so far,Instructions were clear and setup took only a few minutes.,Ivy,1,2024-12-13 07:00:00
4187,1697,ZL01697,4,Not bad at all,Good value compared with similar products I have tried.,Omar,1,2025-02-09 07:00:00
4188,1697,ZL01697,2,Solid everyday pick,Good value compared with similar products I have tried.,Victor,1,2024-11-01 07:00:00
4189,1698,ZL01698,3,Arrived quickly,Feels durable. A couple of small scuffs from shipping but fine overall.,Danial,1,2024-10-17 12:00:00
4190,1698,ZL01698,4,Solid everyday pick,Colour is accurate and sizing feels true based on the chart.,Grace,1,2024-11-07 12:00:00
4191,1698,ZL01698,3,Useful addition,Good value compared with similar products I have tried.,Hassan,0,2025-01-08 12:00:00
4192,1699,ZL01699,3,Would buy again,Colour is accurate and sizing feels true based on the chart.,Ivy,1,2024-05-20 20:00:00
4193,1699,ZL01699,2,Exactly as described,Used it for two weeks and it holds up well for daily use.,Tom,1,2024-04-22 20:00:00
4194,1700,ZL01700,3,Decent for the money,I bought this as a gift and the recipient liked it immediately.,Kai,1,2025-01-20 07:00:00
4195,1700,ZL01700,3,Nice finish,Instructions were clear and setup took only a few minutes.,Jonas,0,2025-03-11 07:00:00
4196,1700,ZL01700,3,Worth the price,Packaging was neat and the item matched the listing details.,Zara,1,2025-01-24 07:00:00
4197,1701,ZL01701,5,Decent for the money,I bought this as a gift and the recipient liked it immediately.,Yasmin,1,2024-07-20 02:00:00
4198,1702,ZL01702,4,Decent for the money,Good value compared with similar products I have tried.,Nora,1,2024-11-09 06:00:00
4199,1702,ZL01702,5,Arrived quickly,"Would appreciate more colour options, but this shade works for me.",Siti,1,2024-08-27 06:00:00
4200,1702,ZL01702,3,Good build quality,I bought this as a gift and the recipient liked it immediately.,Marcus,0,2024-10-01 06:00:00
4201,1703,ZL01703,2,Decent for the money,"Would appreciate more colour options, but this shade works for me.",Farid,1,2025-03-02 09:00:00
4202,1703,ZL01703,5,Would buy again,Instructions were clear and setup took only a few minutes.,Chloe,0,2025-05-14 09:00:00
4203,1703,ZL01703,4,Worth the price,"Would appreciate more colour options, but this shade works for me.",Ivy,1,2025-03-09 09:00:00
4204,1703,ZL01703,4,Useful addition,Packaging was neat and the item matched the listing details.,Marcus,1,2025-03-30 09:00:00
4205,1704,ZL01704,5,Worth the price,Used it for two weeks and it holds up well for daily use.,Elena,1,2024-04-24 02:00:00
4206,1704,ZL01704,3,Would buy again,Packaging was neat and the item matched the listing details.,Hassan,1,2024-03-23 02:00:00
4207,1704,ZL01704,5,Worth the price,Used it for two weeks and it holds up well for daily use.,Kai,1,2024-03-24 02:00:00
4208,1704,ZL01704,5,Decent for the money,Instructions were clear and setup took only a few minutes.,Danial,1,2024-02-25 02:00:00
4209,1705,ZL01705,5,Good build quality,I bought this as a gift and the recipient liked it immediately.,Chloe,1,2024-04-23 06:00:00
4210,1705,ZL01705,2,Decent for the money,Packaging was neat and the item matched the listing details.,Omar,1,2024-04-11 06:00:00
4211,1705,ZL01705,5,Solid everyday pick,Works as advertised. Battery/performance is satisfactory so far.,Kai,0,2024-05-22 06:00:00
4212,1705,ZL01705,3,Love this,Good value compared with similar products I have tried.,Omar,0,2024-06-04 06:00:00
4213,1706,ZL01706,5,Would buy again,Works as advertised. Battery/performance is satisfactory so far.,Tom,0,2024-09-07 19:00:00
4214,1707,ZL01707,3,Not bad at all,Packaging was neat and the item matched the listing details.,Siti,0,2024-03-31 11:00:00
4215,1707,ZL01707,5,Love this,I bought this as a gift and the recipient liked it immediately.,Tom,0,2024-01-25 11:00:00
4216,1707,ZL01707,5,Nice finish,Packaging was neat and the item matched the listing details.,Tom,1,2024-03-02 11:00:00
4217,1707,ZL01707,5,Useful addition,Used it for two weeks and it holds up well for daily use.,Zara,1,2024-01-17 11:00:00
4218,1708,ZL01708,5,Would buy again,"Would appreciate more colour options, but this shade works for me.",Danial,1,2025-01-02 15:00:00
4219,1709,ZL01709,3,Arrived quickly,Packaging was neat and the item matched the listing details.,Danial,0,2025-02-01 05:00:00
4220,1709,ZL01709,3,Not bad at all,Good value compared with similar products I have tried.,Grace,0,2024-10-17 05:00:00
4221,1710,ZL01710,5,Love this,I bought this as a gift and the recipient liked it immediately.,Chloe,1,2024-10-31 11:00:00
4222,1711,ZL01711,3,Decent for the money,Good value compared with similar products I have tried.,Zara,1,2024-02-03 12:00:00
4223,1712,ZL01712,5,Better than expected,Used it for two weeks and it holds up well for daily use.,Victor,0,2024-04-10 18:00:00
4224,1712,ZL01712,3,Exactly as described,Works as advertised. Battery/performance is satisfactory so far.,Omar,1,2024-02-20 18:00:00
4225,1713,ZL01713,4,Better than expected,I bought this as a gift and the recipient liked it immediately.,Zara,1,2024-05-20 03:00:00
4226,1714,ZL01714,5,Solid everyday pick,Used it for two weeks and it holds up well for daily use.,Priya,0,2025-02-09 16:00:00
4227,1715,ZL01715,3,Worth the price,Instructions were clear and setup took only a few minutes.,Chloe,1,2024-03-16 23:00:00
4228,1715,ZL01715,3,Love this,Good value compared with similar products I have tried.,Lina,0,2024-05-03 23:00:00
4229,1715,ZL01715,3,Better than expected,Packaging was neat and the item matched the listing details.,Ben,1,2024-05-19 23:00:00
4230,1715,ZL01715,4,Good build quality,Used it for two weeks and it holds up well for daily use.,Priya,1,2024-05-15 23:00:00
4231,1716,ZL01716,4,Solid everyday pick,Colour is accurate and sizing feels true based on the chart.,Omar,1,2025-05-21 18:00:00
4232,1716,ZL01716,2,Would buy again,Good value compared with similar products I have tried.,Ravi,1,2025-08-12 18:00:00
4233,1716,ZL01716,4,Solid everyday pick,Material quality is better than I expected at this price point.,Zara,1,2025-08-04 18:00:00
4234,1716,ZL01716,4,Not bad at all,I bought this as a gift and the recipient liked it immediately.,Grace,0,2025-07-06 18:00:00
4235,1717,ZL01717,5,Nice finish,Works as advertised. Battery/performance is satisfactory so far.,Danial,1,2024-07-31 10:00:00
4236,1717,ZL01717,3,Reliable so far,Used it for two weeks and it holds up well for daily use.,Ben,1,2024-08-07 10:00:00
4237,1717,ZL01717,3,Decent for the money,Instructions were clear and setup took only a few minutes.,Priya,1,2024-10-20 10:00:00
4238,1717,ZL01717,4,Good build quality,Packaging was neat and the item matched the listing details.,Victor,1,2024-10-16 10:00:00
4239,1718,ZL01718,4,Arrived quickly,Good value compared with similar products I have tried.,Ben,1,2025-01-26 09:00:00
4240,1718,ZL01718,3,Decent for the money,Colour is accurate and sizing feels true based on the chart.,Chloe,1,2025-01-03 09:00:00
4241,1718,ZL01718,3,Nice finish,Good value compared with similar products I have tried.,Siti,0,2025-02-17 09:00:00
4242,1718,ZL01718,5,Reliable so far,Packaging was neat and the item matched the listing details.,Danial,1,2025-01-11 09:00:00
4243,1719,ZL01719,4,Arrived quickly,"Would appreciate more colour options, but this shade works for me.",Quinn,1,2024-04-22 21:00:00
4244,1720,ZL01720,4,Exactly as described,"Would appreciate more colour options, but this shade works for me.",Grace,1,2025-03-23 07:00:00
4245,1720,ZL01720,5,Useful addition,Instructions were clear and setup took only a few minutes.,Ravi,1,2025-05-10 07:00:00
4246,1720,ZL01720,4,Nice finish,Colour is accurate and sizing feels true based on the chart.,Victor,1,2025-03-03 07:00:00
4247,1720,ZL01720,5,Good build quality,I bought this as a gift and the recipient liked it immediately.,Hassan,1,2025-03-21 07:00:00
4248,1721,ZL01721,2,Love this,Instructions were clear and setup took only a few minutes.,Marcus,1,2024-10-23 18:00:00
4249,1721,ZL01721,3,Exactly as described,Used it for two weeks and it holds up well for daily use.,Ben,0,2024-08-26 18:00:00
4250,1721,ZL01721,3,Useful addition,Material quality is better than I expected at this price point.,Omar,1,2024-11-13 18:00:00
4251,1722,ZL01722,2,Useful addition,Used it for two weeks and it holds up well for daily use.,Siti,1,2024-08-29 21:00:00
4252,1722,ZL01722,4,Better than expected,Instructions were clear and setup took only a few minutes.,Tom,1,2024-08-17 21:00:00
4253,1722,ZL01722,5,Solid everyday pick,Good value compared with similar products I have tried.,Zara,1,2024-07-19 21:00:00
4254,1722,ZL01722,3,Not bad at all,Used it for two weeks and it holds up well for daily use.,Kai,1,2024-09-01 21:00:00
4255,1723,ZL01723,5,Would buy again,"Would appreciate more colour options, but this shade works for me.",Elena,1,2025-02-03 19:00:00
4256,1723,ZL01723,3,Useful addition,Instructions were clear and setup took only a few minutes.,Victor,1,2025-04-05 19:00:00
4257,1723,ZL01723,3,Useful addition,Used it for two weeks and it holds up well for daily use.,Quinn,1,2025-01-27 19:00:00
4258,1723,ZL01723,5,Exactly as described,"Would appreciate more colour options, but this shade works for me.",Chloe,1,2025-04-28 19:00:00
4259,1724,ZL01724,5,Nice finish,Packaging was neat and the item matched the listing details.,Zara,1,2024-08-12 21:00:00
4260,1724,ZL01724,4,Solid everyday pick,Colour is accurate and sizing feels true based on the chart.,Marcus,0,2024-08-09 21:00:00
4261,1725,ZL01725,3,Not bad at all,Colour is accurate and sizing feels true based on the chart.,Zara,1,2025-05-11 18:00:00
4262,1725,ZL01725,3,Good build quality,Good value compared with similar products I have tried.,Siti,0,2025-05-17 18:00:00
4263,1725,ZL01725,3,Useful addition,Works as advertised. Battery/performance is satisfactory so far.,Danial,0,2025-04-28 18:00:00
4264,1725,ZL01725,5,Better than expected,Instructions were clear and setup took only a few minutes.,Grace,1,2025-06-25 18:00:00
4265,1726,ZL01726,4,Exactly as described,Works as advertised. Battery/performance is satisfactory so far.,Quinn,0,2025-03-31 09:00:00
4266,1726,ZL01726,5,Solid everyday pick,Packaging was neat and the item matched the listing details.,Zara,1,2025-04-03 09:00:00
4267,1727,ZL01727,5,Happy with it,Instructions were clear and setup took only a few minutes.,Kai,1,2025-04-26 20:00:00
4268,1727,ZL01727,5,Decent for the money,Instructions were clear and setup took only a few minutes.,Chloe,0,2025-03-15 20:00:00
4269,1728,ZL01728,5,Not bad at all,Works as advertised. Battery/performance is satisfactory so far.,Elena,0,2025-01-09 14:00:00
4270,1728,ZL01728,5,Arrived quickly,I bought this as a gift and the recipient liked it immediately.,Chloe,1,2025-01-19 14:00:00
4271,1728,ZL01728,4,Worth the price,I bought this as a gift and the recipient liked it immediately.,Farid,0,2024-12-25 14:00:00
4272,1729,ZL01729,3,Useful addition,Works as advertised. Battery/performance is satisfactory so far.,Tom,0,2024-03-22 12:00:00
4273,1730,ZL01730,5,Good build quality,Instructions were clear and setup took only a few minutes.,Ivy,1,2024-11-15 09:00:00
4274,1731,ZL01731,5,Arrived quickly,I bought this as a gift and the recipient liked it immediately.,Priya,1,2025-02-22 04:00:00
4275,1732,ZL01732,3,Exactly as described,Instructions were clear and setup took only a few minutes.,Omar,1,2024-04-11 18:00:00
4276,1732,ZL01732,3,Not bad at all,Feels durable. A couple of small scuffs from shipping but fine overall.,Farid,1,2024-06-07 18:00:00
4277,1732,ZL01732,4,Nice finish,I bought this as a gift and the recipient liked it immediately.,Grace,1,2024-03-01 18:00:00
4278,1732,ZL01732,4,Exactly as described,Good value compared with similar products I have tried.,Quinn,1,2024-04-26 18:00:00
4279,1733,ZL01733,4,Not bad at all,Used it for two weeks and it holds up well for daily use.,Quinn,0,2025-08-25 02:00:00
4280,1733,ZL01733,5,Useful addition,Feels durable. A couple of small scuffs from shipping but fine overall.,Zara,1,2025-06-30 02:00:00
4281,1734,ZL01734,3,Reliable so far,Good value compared with similar products I have tried.,Grace,1,2025-03-07 07:00:00
4282,1735,ZL01735,5,Not bad at all,I bought this as a gift and the recipient liked it immediately.,Priya,1,2025-04-03 04:00:00
4283,1735,ZL01735,4,Decent for the money,Packaging was neat and the item matched the listing details.,Ivy,1,2025-04-21 04:00:00
4284,1735,ZL01735,3,Arrived quickly,I bought this as a gift and the recipient liked it immediately.,Elena,1,2025-04-16 04:00:00
4285,1736,ZL01736,5,Exactly as described,I bought this as a gift and the recipient liked it immediately.,Ivy,0,2024-06-03 05:00:00
4286,1736,ZL01736,4,Better than expected,Colour is accurate and sizing feels true based on the chart.,Lina,1,2024-06-17 05:00:00
4287,1736,ZL01736,4,Better than expected,Material quality is better than I expected at this price point.,Elena,1,2024-03-04 05:00:00
4288,1737,ZL01737,3,Arrived quickly,Feels durable. A couple of small scuffs from shipping but fine overall.,Tom,0,2024-05-18 15:00:00
4289,1737,ZL01737,4,Nice finish,Colour is accurate and sizing feels true based on the chart.,Danial,1,2024-06-05 15:00:00
4290,1738,ZL01738,5,Worth the price,Feels durable. A couple of small scuffs from shipping but fine overall.,Zara,0,2024-09-11 23:00:00
4291,1738,ZL01738,4,Nice finish,Feels durable. A couple of small scuffs from shipping but fine overall.,Ravi,1,2024-11-02 23:00:00
4292,1738,ZL01738,4,Nice finish,Colour is accurate and sizing feels true based on the chart.,Victor,1,2024-10-10 23:00:00
4293,1739,ZL01739,2,Would buy again,Used it for two weeks and it holds up well for daily use.,Lina,1,2025-06-19 02:00:00
4294,1739,ZL01739,4,Better than expected,Good value compared with similar products I have tried.,Marcus,0,2025-05-07 02:00:00
4295,1739,ZL01739,2,Useful addition,Colour is accurate and sizing feels true based on the chart.,Ravi,1,2025-07-05 02:00:00
4296,1739,ZL01739,2,Useful addition,Works as advertised. Battery/performance is satisfactory so far.,Siti,1,2025-03-10 02:00:00
4297,1740,ZL01740,4,Exactly as described,Works as advertised. Battery/performance is satisfactory so far.,Chloe,1,2024-04-23 21:00:00
4298,1740,ZL01740,3,Not bad at all,Feels durable. A couple of small scuffs from shipping but fine overall.,Tom,0,2024-05-09 21:00:00
4299,1740,ZL01740,3,Happy with it,Good value compared with similar products I have tried.,Lina,0,2024-06-12 21:00:00
4300,1741,ZL01741,4,Exactly as described,Good value compared with similar products I have tried.,Chloe,1,2024-04-08 09:00:00
4301,1742,ZL01742,4,Nice finish,Used it for two weeks and it holds up well for daily use.,Yasmin,1,2024-10-07 11:00:00
4302,1742,ZL01742,4,Happy with it,Used it for two weeks and it holds up well for daily use.,Hassan,1,2024-09-02 11:00:00
4303,1742,ZL01742,4,Better than expected,Packaging was neat and the item matched the listing details.,Zara,1,2024-08-28 11:00:00
4304,1742,ZL01742,3,Reliable so far,Feels durable. A couple of small scuffs from shipping but fine overall.,Siti,1,2024-09-12 11:00:00
4305,1743,ZL01743,3,Reliable so far,Good value compared with similar products I have tried.,Siti,0,2025-07-06 12:00:00
4306,1743,ZL01743,5,Decent for the money,Colour is accurate and sizing feels true based on the chart.,Siti,1,2025-07-06 12:00:00
4307,1743,ZL01743,3,Nice finish,Used it for two weeks and it holds up well for daily use.,Yasmin,0,2025-07-19 12:00:00
4308,1744,ZL01744,5,Love this,Packaging was neat and the item matched the listing details.,Grace,1,2024-12-29 11:00:00
4309,1744,ZL01744,2,Useful addition,"Would appreciate more colour options, but this shade works for me.",Priya,1,2025-01-15 11:00:00
4310,1745,ZL01745,3,Love this,Good value compared with similar products I have tried.,Victor,1,2024-10-05 17:00:00
4311,1746,ZL01746,4,Happy with it,Packaging was neat and the item matched the listing details.,Omar,1,2024-07-07 00:00:00
4312,1746,ZL01746,5,Useful addition,Used it for two weeks and it holds up well for daily use.,Wei,1,2024-08-09 00:00:00
4313,1747,ZL01747,3,Happy with it,Works as advertised. Battery/performance is satisfactory so far.,Zara,0,2024-06-18 07:00:00
4314,1748,ZL01748,2,Reliable so far,Material quality is better than I expected at this price point.,Aisha,0,2024-09-26 15:00:00
4315,1748,ZL01748,3,Useful addition,Works as advertised. Battery/performance is satisfactory so far.,Danial,0,2024-10-21 15:00:00
4316,1749,ZL01749,4,Nice finish,Good value compared with similar products I have tried.,Quinn,0,2025-06-02 14:00:00
4317,1749,ZL01749,3,Not bad at all,Feels durable. A couple of small scuffs from shipping but fine overall.,Chloe,0,2025-08-06 14:00:00
4318,1749,ZL01749,4,Arrived quickly,Used it for two weeks and it holds up well for daily use.,Ravi,1,2025-07-16 14:00:00
4319,1749,ZL01749,3,Better than expected,Colour is accurate and sizing feels true based on the chart.,Yasmin,0,2025-07-08 14:00:00
4320,1750,ZL01750,3,Solid everyday pick,Material quality is better than I expected at this price point.,Zara,1,2024-03-18 21:00:00
4321,1750,ZL01750,5,Decent for the money,Works as advertised. Battery/performance is satisfactory so far.,Marcus,1,2024-05-02 21:00:00
4322,1750,ZL01750,3,Arrived quickly,Good value compared with similar products I have tried.,Zara,1,2024-04-28 21:00:00
4323,1750,ZL01750,4,Useful addition,I bought this as a gift and the recipient liked it immediately.,Aisha,1,2024-03-28 21:00:00
4324,1751,ZL01751,4,Useful addition,Good value compared with similar products I have tried.,Grace,0,2024-11-22 15:00:00
4325,1751,ZL01751,2,Better than expected,Good value compared with similar products I have tried.,Danial,0,2024-08-22 15:00:00
4326,1752,ZL01752,4,Good build quality,Colour is accurate and sizing feels true based on the chart.,Aisha,0,2024-04-03 06:00:00
4327,1752,ZL01752,3,Useful addition,Feels durable. A couple of small scuffs from shipping but fine overall.,Marcus,1,2024-02-07 06:00:00
4328,1752,ZL01752,2,Not bad at all,Good value compared with similar products I have tried.,Aisha,1,2024-04-20 06:00:00
4329,1752,ZL01752,5,Decent for the money,Feels durable. A couple of small scuffs from shipping but fine overall.,Danial,1,2024-04-22 06:00:00
4330,1753,ZL01753,3,Arrived quickly,Used it for two weeks and it holds up well for daily use.,Chloe,0,2024-07-18 06:00:00
4331,1754,ZL01754,2,Love this,"Would appreciate more colour options, but this shade works for me.",Danial,1,2024-04-18 21:00:00
4332,1755,ZL01755,2,Good build quality,Good value compared with similar products I have tried.,Wei,1,2025-05-09 03:00:00
4333,1755,ZL01755,3,Worth the price,Material quality is better than I expected at this price point.,Elena,1,2025-07-12 03:00:00
4334,1755,ZL01755,2,Useful addition,Works as advertised. Battery/performance is satisfactory so far.,Chloe,1,2025-06-10 03:00:00
4335,1756,ZL01756,5,Solid everyday pick,Works as advertised. Battery/performance is satisfactory so far.,Siti,1,2025-02-18 09:00:00
4336,1756,ZL01756,5,Exactly as described,Good value compared with similar products I have tried.,Lina,1,2025-03-08 09:00:00
4337,1756,ZL01756,4,Love this,I bought this as a gift and the recipient liked it immediately.,Elena,1,2025-03-31 09:00:00
4338,1756,ZL01756,4,Reliable so far,Works as advertised. Battery/performance is satisfactory so far.,Ivy,1,2025-04-20 09:00:00
4339,1757,ZL01757,4,Nice finish,Feels durable. A couple of small scuffs from shipping but fine overall.,Ben,0,2024-05-11 00:00:00
4340,1757,ZL01757,4,Better than expected,I bought this as a gift and the recipient liked it immediately.,Grace,1,2024-06-03 00:00:00
4341,1757,ZL01757,5,Useful addition,Instructions were clear and setup took only a few minutes.,Wei,1,2024-02-16 00:00:00
4342,1758,ZL01758,4,Not bad at all,Material quality is better than I expected at this price point.,Zara,1,2025-05-13 15:00:00
4343,1758,ZL01758,3,Worth the price,Colour is accurate and sizing feels true based on the chart.,Kai,1,2025-03-16 15:00:00
4344,1758,ZL01758,5,Reliable so far,"Would appreciate more colour options, but this shade works for me.",Kai,0,2025-03-05 15:00:00
4345,1758,ZL01758,3,Nice finish,Material quality is better than I expected at this price point.,Lina,1,2025-03-13 15:00:00
4346,1759,ZL01759,4,Love this,I bought this as a gift and the recipient liked it immediately.,Siti,1,2024-05-06 00:00:00
4347,1759,ZL01759,5,Worth the price,Good value compared with similar products I have tried.,Victor,1,2024-04-22 00:00:00
4348,1759,ZL01759,3,Useful addition,Used it for two weeks and it holds up well for daily use.,Tom,1,2024-04-18 00:00:00
4349,1759,ZL01759,3,Would buy again,Feels durable. A couple of small scuffs from shipping but fine overall.,Jonas,1,2024-04-25 00:00:00
4350,1760,ZL01760,5,Worth the price,Colour is accurate and sizing feels true based on the chart.,Siti,1,2025-02-08 19:00:00
4351,1760,ZL01760,3,Useful addition,Instructions were clear and setup took only a few minutes.,Zara,0,2025-03-16 19:00:00
4352,1760,ZL01760,2,Solid everyday pick,Good value compared with similar products I have tried.,Marcus,1,2025-03-26 19:00:00
4353,1760,ZL01760,4,Worth the price,Works as advertised. Battery/performance is satisfactory so far.,Victor,0,2025-03-27 19:00:00
4354,1761,ZL01761,4,Arrived quickly,Packaging was neat and the item matched the listing details.,Ben,1,2025-06-07 23:00:00
4355,1761,ZL01761,5,Not bad at all,Feels durable. A couple of small scuffs from shipping but fine overall.,Ravi,1,2025-07-15 23:00:00
4356,1762,ZL01762,4,Happy with it,Instructions were clear and setup took only a few minutes.,Yasmin,1,2024-04-30 15:00:00
4357,1762,ZL01762,3,Decent for the money,Instructions were clear and setup took only a few minutes.,Farid,1,2024-05-07 15:00:00
4358,1762,ZL01762,3,Love this,Used it for two weeks and it holds up well for daily use.,Uma,1,2024-06-25 15:00:00
4359,1762,ZL01762,4,Better than expected,Material quality is better than I expected at this price point.,Hassan,1,2024-07-21 15:00:00
4360,1763,ZL01763,3,Worth the price,Works as advertised. Battery/performance is satisfactory so far.,Grace,1,2025-08-03 15:00:00
4361,1763,ZL01763,4,Reliable so far,"Would appreciate more colour options, but this shade works for me.",Priya,1,2025-05-22 15:00:00
4362,1763,ZL01763,3,Not bad at all,Works as advertised. Battery/performance is satisfactory so far.,Hassan,1,2025-07-31 15:00:00
4363,1764,ZL01764,5,Reliable so far,Packaging was neat and the item matched the listing details.,Ravi,1,2024-12-17 09:00:00
4364,1764,ZL01764,4,Exactly as described,Material quality is better than I expected at this price point.,Elena,1,2025-01-09 09:00:00
4365,1765,ZL01765,5,Decent for the money,I bought this as a gift and the recipient liked it immediately.,Uma,1,2025-06-03 01:00:00
4366,1765,ZL01765,2,Love this,Used it for two weeks and it holds up well for daily use.,Siti,1,2025-05-22 01:00:00
4367,1766,ZL01766,5,Good build quality,Colour is accurate and sizing feels true based on the chart.,Aisha,1,2025-07-19 02:00:00
4368,1766,ZL01766,3,Not bad at all,Packaging was neat and the item matched the listing details.,Tom,1,2025-07-20 02:00:00
4369,1766,ZL01766,4,Useful addition,Instructions were clear and setup took only a few minutes.,Ivy,1,2025-08-20 02:00:00
4370,1766,ZL01766,3,Arrived quickly,I bought this as a gift and the recipient liked it immediately.,Lina,1,2025-08-03 02:00:00
4371,1767,ZL01767,4,Not bad at all,I bought this as a gift and the recipient liked it immediately.,Priya,1,2024-10-06 21:00:00
4372,1767,ZL01767,3,Love this,"Would appreciate more colour options, but this shade works for me.",Aisha,0,2024-11-25 21:00:00
4373,1767,ZL01767,4,Decent for the money,Colour is accurate and sizing feels true based on the chart.,Jonas,1,2024-09-01 21:00:00
4374,1767,ZL01767,5,Reliable so far,Used it for two weeks and it holds up well for daily use.,Zara,1,2024-11-21 21:00:00
4375,1768,ZL01768,4,Exactly as described,Instructions were clear and setup took only a few minutes.,Ben,1,2024-09-29 01:00:00
4376,1768,ZL01768,3,Not bad at all,Colour is accurate and sizing feels true based on the chart.,Victor,1,2024-09-07 01:00:00
4377,1769,ZL01769,4,Nice finish,Used it for two weeks and it holds up well for daily use.,Hassan,0,2024-10-18 19:00:00
4378,1769,ZL01769,5,Not bad at all,Packaging was neat and the item matched the listing details.,Victor,1,2024-08-20 19:00:00
4379,1769,ZL01769,4,Would buy again,Instructions were clear and setup took only a few minutes.,Grace,0,2024-10-08 19:00:00
4380,1769,ZL01769,3,Love this,Used it for two weeks and it holds up well for daily use.,Marcus,0,2024-08-10 19:00:00
4381,1770,ZL01770,4,Reliable so far,Colour is accurate and sizing feels true based on the chart.,Siti,1,2024-11-24 00:00:00
4382,1770,ZL01770,5,Love this,Instructions were clear and setup took only a few minutes.,Ivy,1,2024-12-31 00:00:00
4383,1770,ZL01770,4,Would buy again,I bought this as a gift and the recipient liked it immediately.,Zara,1,2024-11-13 00:00:00
4384,1771,ZL01771,2,Solid everyday pick,Used it for two weeks and it holds up well for daily use.,Quinn,1,2024-04-01 17:00:00
4385,1772,ZL01772,5,Not bad at all,Instructions were clear and setup took only a few minutes.,Omar,1,2024-10-23 05:00:00
4386,1772,ZL01772,5,Would buy again,Feels durable. A couple of small scuffs from shipping but fine overall.,Zara,1,2024-08-29 05:00:00
4387,1772,ZL01772,5,Love this,Material quality is better than I expected at this price point.,Kai,1,2024-12-07 05:00:00
4388,1772,ZL01772,4,Better than expected,Feels durable. A couple of small scuffs from shipping but fine overall.,Ivy,1,2024-09-05 05:00:00
4389,1773,ZL01773,3,Happy with it,I bought this as a gift and the recipient liked it immediately.,Ivy,1,2024-12-07 01:00:00
4390,1773,ZL01773,3,Love this,Colour is accurate and sizing feels true based on the chart.,Nora,1,2024-12-05 01:00:00
4391,1774,ZL01774,2,Worth the price,Good value compared with similar products I have tried.,Uma,0,2024-07-01 20:00:00
4392,1774,ZL01774,4,Arrived quickly,Colour is accurate and sizing feels true based on the chart.,Omar,0,2024-06-16 20:00:00
4393,1774,ZL01774,2,Would buy again,Feels durable. A couple of small scuffs from shipping but fine overall.,Aisha,0,2024-06-25 20:00:00
4394,1774,ZL01774,2,Nice finish,Packaging was neat and the item matched the listing details.,Ravi,1,2024-08-22 20:00:00
4395,1775,ZL01775,3,Worth the price,Material quality is better than I expected at this price point.,Danial,1,2024-05-26 05:00:00
4396,1775,ZL01775,3,Better than expected,I bought this as a gift and the recipient liked it immediately.,Priya,1,2024-06-25 05:00:00
4397,1776,ZL01776,3,Decent for the money,Packaging was neat and the item matched the listing details.,Uma,1,2024-11-05 00:00:00
4398,1777,ZL01777,5,Not bad at all,I bought this as a gift and the recipient liked it immediately.,Priya,1,2024-06-04 09:00:00
4399,1777,ZL01777,3,Worth the price,Feels durable. A couple of small scuffs from shipping but fine overall.,Marcus,1,2024-06-11 09:00:00
4400,1777,ZL01777,5,Worth the price,Material quality is better than I expected at this price point.,Siti,1,2024-04-01 09:00:00
4401,1778,ZL01778,3,Reliable so far,"Would appreciate more colour options, but this shade works for me.",Marcus,1,2024-05-24 19:00:00
4402,1778,ZL01778,5,Not bad at all,Works as advertised. Battery/performance is satisfactory so far.,Siti,1,2024-02-14 19:00:00
4403,1779,ZL01779,5,Solid everyday pick,Works as advertised. Battery/performance is satisfactory so far.,Siti,1,2024-03-29 19:00:00
4404,1780,ZL01780,4,Exactly as described,Works as advertised. Battery/performance is satisfactory so far.,Ravi,1,2025-04-13 08:00:00
4405,1780,ZL01780,5,Nice finish,Colour is accurate and sizing feels true based on the chart.,Tom,1,2025-02-20 08:00:00
4406,1780,ZL01780,3,Would buy again,Material quality is better than I expected at this price point.,Uma,1,2025-03-27 08:00:00
4407,1780,ZL01780,4,Useful addition,"Would appreciate more colour options, but this shade works for me.",Danial,0,2025-03-06 08:00:00
4408,1781,ZL01781,5,Nice finish,I bought this as a gift and the recipient liked it immediately.,Lina,1,2025-01-15 13:00:00
4409,1781,ZL01781,4,Worth the price,Used it for two weeks and it holds up well for daily use.,Hassan,1,2025-01-26 13:00:00
4410,1782,ZL01782,3,Useful addition,Good value compared with similar products I have tried.,Quinn,1,2025-04-14 05:00:00
4411,1782,ZL01782,5,Better than expected,Feels durable. A couple of small scuffs from shipping but fine overall.,Ravi,1,2025-05-18 05:00:00
4412,1782,ZL01782,5,Useful addition,Works as advertised. Battery/performance is satisfactory so far.,Priya,1,2025-04-15 05:00:00
4413,1783,ZL01783,4,Good build quality,Good value compared with similar products I have tried.,Ravi,0,2025-03-01 14:00:00
4414,1783,ZL01783,4,Decent for the money,Feels durable. A couple of small scuffs from shipping but fine overall.,Victor,1,2024-12-30 14:00:00
4415,1784,ZL01784,3,Would buy again,I bought this as a gift and the recipient liked it immediately.,Kai,1,2025-07-04 00:00:00
4416,1784,ZL01784,4,Love this,I bought this as a gift and the recipient liked it immediately.,Victor,1,2025-07-17 00:00:00
4417,1784,ZL01784,4,Arrived quickly,Material quality is better than I expected at this price point.,Chloe,1,2025-07-15 00:00:00
4418,1784,ZL01784,4,Would buy again,Material quality is better than I expected at this price point.,Jonas,1,2025-06-25 00:00:00
4419,1785,ZL01785,5,Solid everyday pick,Feels durable. A couple of small scuffs from shipping but fine overall.,Ravi,1,2024-10-03 17:00:00
4420,1785,ZL01785,4,Good build quality,Feels durable. A couple of small scuffs from shipping but fine overall.,Omar,1,2024-10-27 17:00:00
4421,1785,ZL01785,4,Good build quality,Colour is accurate and sizing feels true based on the chart.,Omar,1,2024-09-05 17:00:00
4422,1786,ZL01786,4,Solid everyday pick,Feels durable. A couple of small scuffs from shipping but fine overall.,Hassan,0,2024-09-10 14:00:00
4423,1786,ZL01786,5,Exactly as described,I bought this as a gift and the recipient liked it immediately.,Uma,1,2024-10-07 14:00:00
4424,1786,ZL01786,5,Reliable so far,Used it for two weeks and it holds up well for daily use.,Marcus,0,2024-10-15 14:00:00
4425,1786,ZL01786,3,Useful addition,Colour is accurate and sizing feels true based on the chart.,Ravi,1,2024-11-16 14:00:00
4426,1787,ZL01787,4,Solid everyday pick,Feels durable. A couple of small scuffs from shipping but fine overall.,Siti,1,2024-08-06 19:00:00
4427,1788,ZL01788,3,Better than expected,Works as advertised. Battery/performance is satisfactory so far.,Ben,0,2025-01-15 19:00:00
4428,1788,ZL01788,3,Happy with it,"Would appreciate more colour options, but this shade works for me.",Omar,0,2024-10-13 19:00:00
4429,1788,ZL01788,5,Reliable so far,Colour is accurate and sizing feels true based on the chart.,Uma,1,2024-11-17 19:00:00
4430,1789,ZL01789,2,Love this,Material quality is better than I expected at this price point.,Lina,1,2025-06-09 11:00:00
4431,1790,ZL01790,5,Worth the price,"Would appreciate more colour options, but this shade works for me.",Omar,1,2024-07-28 18:00:00
4432,1790,ZL01790,3,Better than expected,Good value compared with similar products I have tried.,Quinn,1,2024-09-22 18:00:00
4433,1791,ZL01791,4,Decent for the money,Instructions were clear and setup took only a few minutes.,Kai,0,2024-04-07 16:00:00
4434,1791,ZL01791,5,Love this,"Would appreciate more colour options, but this shade works for me.",Siti,0,2024-06-01 16:00:00
4435,1791,ZL01791,3,Better than expected,Good value compared with similar products I have tried.,Lina,0,2024-03-22 16:00:00
4436,1792,ZL01792,5,Good build quality,Good value compared with similar products I have tried.,Danial,0,2025-06-02 10:00:00
4437,1792,ZL01792,5,Arrived quickly,Material quality is better than I expected at this price point.,Elena,1,2025-07-09 10:00:00
4438,1793,ZL01793,4,Worth the price,Good value compared with similar products I have tried.,Farid,1,2024-10-16 08:00:00
4439,1793,ZL01793,5,Happy with it,Works as advertised. Battery/performance is satisfactory so far.,Omar,0,2024-10-23 08:00:00
4440,1793,ZL01793,3,Not bad at all,"Would appreciate more colour options, but this shade works for me.",Quinn,1,2024-09-30 08:00:00
4441,1794,ZL01794,5,Good build quality,Colour is accurate and sizing feels true based on the chart.,Zara,0,2025-05-05 14:00:00
4442,1794,ZL01794,3,Solid everyday pick,Works as advertised. Battery/performance is satisfactory so far.,Uma,1,2025-05-01 14:00:00
4443,1795,ZL01795,3,Decent for the money,Material quality is better than I expected at this price point.,Ben,1,2024-11-30 09:00:00
4444,1795,ZL01795,4,Would buy again,Used it for two weeks and it holds up well for daily use.,Marcus,1,2024-11-17 09:00:00
4445,1795,ZL01795,5,Solid everyday pick,Good value compared with similar products I have tried.,Chloe,1,2024-10-28 09:00:00
4446,1796,ZL01796,3,Nice finish,Feels durable. A couple of small scuffs from shipping but fine overall.,Jonas,1,2025-01-05 06:00:00
4447,1796,ZL01796,4,Worth the price,Colour is accurate and sizing feels true based on the chart.,Omar,1,2024-11-25 06:00:00
4448,1796,ZL01796,2,Love this,Good value compared with similar products I have tried.,Elena,1,2025-01-05 06:00:00
4449,1796,ZL01796,3,Arrived quickly,"Would appreciate more colour options, but this shade works for me.",Siti,1,2024-10-19 06:00:00
4450,1797,ZL01797,4,Reliable so far,Works as advertised. Battery/performance is satisfactory so far.,Uma,0,2025-07-03 23:00:00
4451,1797,ZL01797,5,Exactly as described,Packaging was neat and the item matched the listing details.,Tom,1,2025-05-27 23:00:00
4452,1797,ZL01797,3,Useful addition,I bought this as a gift and the recipient liked it immediately.,Danial,0,2025-05-19 23:00:00
4453,1797,ZL01797,4,Solid everyday pick,Packaging was neat and the item matched the listing details.,Nora,1,2025-05-25 23:00:00
4454,1798,ZL01798,3,Nice finish,Good value compared with similar products I have tried.,Quinn,1,2025-04-23 16:00:00
4455,1798,ZL01798,4,Not bad at all,Feels durable. A couple of small scuffs from shipping but fine overall.,Nora,1,2025-07-13 16:00:00
4456,1798,ZL01798,5,Love this,Packaging was neat and the item matched the listing details.,Omar,1,2025-07-19 16:00:00
4457,1799,ZL01799,3,Useful addition,Works as advertised. Battery/performance is satisfactory so far.,Victor,0,2024-09-10 10:00:00
4458,1799,ZL01799,5,Not bad at all,Packaging was neat and the item matched the listing details.,Uma,0,2024-07-27 10:00:00
4459,1799,ZL01799,3,Reliable so far,Colour is accurate and sizing feels true based on the chart.,Aisha,1,2024-09-08 10:00:00
4460,1799,ZL01799,3,Solid everyday pick,Feels durable. A couple of small scuffs from shipping but fine overall.,Siti,1,2024-09-13 10:00:00
4461,1800,ZL01800,4,Worth the price,Feels durable. A couple of small scuffs from shipping but fine overall.,Quinn,1,2024-11-20 23:00:00
4462,1800,ZL01800,4,Reliable so far,Feels durable. A couple of small scuffs from shipping but fine overall.,Kai,1,2024-10-29 23:00:00
4463,1801,ZL01801,4,Arrived quickly,Material quality is better than I expected at this price point.,Elena,0,2025-05-28 20:00:00
4464,1801,ZL01801,3,Worth the price,I bought this as a gift and the recipient liked it immediately.,Zara,1,2025-05-15 20:00:00
4465,1801,ZL01801,5,Useful addition,Works as advertised. Battery/performance is satisfactory so far.,Wei,1,2025-05-10 20:00:00
4466,1801,ZL01801,4,Reliable so far,Feels durable. A couple of small scuffs from shipping but fine overall.,Danial,1,2025-06-11 20:00:00
4467,1802,ZL01802,3,Good build quality,Works as advertised. Battery/performance is satisfactory so far.,Kai,1,2025-03-21 17:00:00
4468,1802,ZL01802,2,Reliable so far,"Would appreciate more colour options, but this shade works for me.",Priya,1,2025-02-24 17:00:00
4469,1803,ZL01803,3,Not bad at all,I bought this as a gift and the recipient liked it immediately.,Lina,1,2024-07-21 11:00:00
4470,1804,ZL01804,2,Solid everyday pick,"Would appreciate more colour options, but this shade works for me.",Omar,1,2024-04-07 04:00:00
4471,1804,ZL01804,3,Solid everyday pick,Works as advertised. Battery/performance is satisfactory so far.,Victor,1,2024-05-13 04:00:00
4472,1804,ZL01804,5,Worth the price,Packaging was neat and the item matched the listing details.,Marcus,1,2024-05-06 04:00:00
4473,1804,ZL01804,4,Happy with it,Used it for two weeks and it holds up well for daily use.,Yasmin,1,2024-04-28 04:00:00
4474,1805,ZL01805,2,Useful addition,Packaging was neat and the item matched the listing details.,Ravi,0,2024-04-27 23:00:00
4475,1805,ZL01805,5,Reliable so far,Instructions were clear and setup took only a few minutes.,Hassan,0,2024-05-17 23:00:00
4476,1806,ZL01806,2,Better than expected,Material quality is better than I expected at this price point.,Omar,1,2025-06-12 18:00:00
4477,1806,ZL01806,3,Arrived quickly,Used it for two weeks and it holds up well for daily use.,Yasmin,1,2025-07-17 18:00:00
4478,1806,ZL01806,5,Exactly as described,"Would appreciate more colour options, but this shade works for me.",Omar,0,2025-05-26 18:00:00
4479,1807,ZL01807,5,Love this,"Would appreciate more colour options, but this shade works for me.",Jonas,0,2024-09-09 22:00:00
4480,1808,ZL01808,4,Arrived quickly,Works as advertised. Battery/performance is satisfactory so far.,Ivy,0,2024-06-08 00:00:00
4481,1808,ZL01808,5,Decent for the money,Colour is accurate and sizing feels true based on the chart.,Siti,1,2024-05-22 00:00:00
4482,1809,ZL01809,4,Arrived quickly,Used it for two weeks and it holds up well for daily use.,Hassan,1,2025-05-14 15:00:00
4483,1809,ZL01809,3,Decent for the money,I bought this as a gift and the recipient liked it immediately.,Zara,0,2025-05-28 15:00:00
4484,1809,ZL01809,4,Happy with it,"Would appreciate more colour options, but this shade works for me.",Uma,1,2025-06-29 15:00:00
4485,1810,ZL01810,5,Would buy again,Instructions were clear and setup took only a few minutes.,Victor,0,2025-03-19 02:00:00
4486,1810,ZL01810,5,Better than expected,"Would appreciate more colour options, but this shade works for me.",Victor,1,2025-04-06 02:00:00
4487,1810,ZL01810,3,Better than expected,Instructions were clear and setup took only a few minutes.,Siti,0,2025-06-16 02:00:00
4488,1810,ZL01810,3,Decent for the money,"Would appreciate more colour options, but this shade works for me.",Aisha,1,2025-04-19 02:00:00
4489,1811,ZL01811,3,Worth the price,I bought this as a gift and the recipient liked it immediately.,Priya,1,2024-04-14 10:00:00
4490,1811,ZL01811,3,Would buy again,Colour is accurate and sizing feels true based on the chart.,Jonas,0,2024-03-28 10:00:00
4491,1812,ZL01812,3,Arrived quickly,Good value compared with similar products I have tried.,Ben,0,2024-04-11 00:00:00
4492,1812,ZL01812,3,Love this,Instructions were clear and setup took only a few minutes.,Uma,1,2024-07-07 00:00:00
4493,1812,ZL01812,3,Better than expected,Used it for two weeks and it holds up well for daily use.,Victor,1,2024-04-05 00:00:00
4494,1813,ZL01813,4,Happy with it,Colour is accurate and sizing feels true based on the chart.,Lina,1,2024-07-08 22:00:00
4495,1814,ZL01814,4,Worth the price,Packaging was neat and the item matched the listing details.,Aisha,1,2024-10-16 03:00:00
4496,1814,ZL01814,3,Reliable so far,"Would appreciate more colour options, but this shade works for me.",Nora,1,2024-11-07 03:00:00
4497,1815,ZL01815,5,Arrived quickly,Material quality is better than I expected at this price point.,Omar,1,2024-03-26 22:00:00
4498,1815,ZL01815,4,Love this,I bought this as a gift and the recipient liked it immediately.,Yasmin,1,2024-03-06 22:00:00
4499,1815,ZL01815,4,Exactly as described,Material quality is better than I expected at this price point.,Uma,1,2024-02-22 22:00:00
4500,1815,ZL01815,4,Solid everyday pick,Packaging was neat and the item matched the listing details.,Siti,1,2024-02-21 22:00:00
4501,1816,ZL01816,5,Nice finish,"Would appreciate more colour options, but this shade works for me.",Ivy,1,2025-03-19 00:00:00
4502,1816,ZL01816,5,Nice finish,Instructions were clear and setup took only a few minutes.,Kai,1,2025-01-01 00:00:00
4503,1816,ZL01816,3,Reliable so far,Instructions were clear and setup took only a few minutes.,Lina,1,2025-01-10 00:00:00
4504,1817,ZL01817,4,Would buy again,"Would appreciate more colour options, but this shade works for me.",Ivy,0,2025-06-06 23:00:00
4505,1817,ZL01817,3,Better than expected,"Would appreciate more colour options, but this shade works for me.",Priya,1,2025-04-23 23:00:00
4506,1818,ZL01818,4,Solid everyday pick,Material quality is better than I expected at this price point.,Victor,1,2025-07-24 02:00:00
4507,1818,ZL01818,3,Solid everyday pick,Works as advertised. Battery/performance is satisfactory so far.,Uma,1,2025-05-11 02:00:00
4508,1818,ZL01818,3,Useful addition,Instructions were clear and setup took only a few minutes.,Grace,1,2025-08-05 02:00:00
4509,1818,ZL01818,5,Worth the price,I bought this as a gift and the recipient liked it immediately.,Aisha,0,2025-05-20 02:00:00
4510,1819,ZL01819,4,Solid everyday pick,Instructions were clear and setup took only a few minutes.,Kai,1,2024-07-29 05:00:00
4511,1820,ZL01820,3,Would buy again,"Would appreciate more colour options, but this shade works for me.",Uma,0,2024-11-02 17:00:00
4512,1821,ZL01821,4,Solid everyday pick,Material quality is better than I expected at this price point.,Ivy,0,2025-03-31 07:00:00
4513,1821,ZL01821,4,Would buy again,Used it for two weeks and it holds up well for daily use.,Yasmin,1,2025-02-02 07:00:00
4514,1821,ZL01821,4,Exactly as described,Feels durable. A couple of small scuffs from shipping but fine overall.,Aisha,1,2025-03-23 07:00:00
4515,1821,ZL01821,4,Exactly as described,"Would appreciate more colour options, but this shade works for me.",Grace,0,2025-03-27 07:00:00
4516,1822,ZL01822,2,Better than expected,Feels durable. A couple of small scuffs from shipping but fine overall.,Nora,0,2024-04-05 04:00:00
4517,1822,ZL01822,2,Reliable so far,Feels durable. A couple of small scuffs from shipping but fine overall.,Jonas,0,2024-03-01 04:00:00
4518,1823,ZL01823,4,Solid everyday pick,Instructions were clear and setup took only a few minutes.,Elena,0,2025-02-22 18:00:00
4519,1823,ZL01823,4,Better than expected,Packaging was neat and the item matched the listing details.,Priya,1,2025-01-17 18:00:00
4520,1823,ZL01823,4,Good build quality,Colour is accurate and sizing feels true based on the chart.,Nora,0,2025-02-23 18:00:00
4521,1823,ZL01823,3,Good build quality,Instructions were clear and setup took only a few minutes.,Lina,1,2025-01-26 18:00:00
4522,1824,ZL01824,4,Reliable so far,Material quality is better than I expected at this price point.,Elena,1,2024-07-16 09:00:00
4523,1824,ZL01824,2,Happy with it,Instructions were clear and setup took only a few minutes.,Wei,1,2024-07-20 09:00:00
4524,1825,ZL01825,3,Useful addition,Instructions were clear and setup took only a few minutes.,Tom,1,2025-02-12 12:00:00
4525,1825,ZL01825,3,Love this,Material quality is better than I expected at this price point.,Victor,1,2025-03-04 12:00:00
4526,1825,ZL01825,4,Exactly as described,Packaging was neat and the item matched the listing details.,Wei,1,2025-03-03 12:00:00
4527,1826,ZL01826,4,Would buy again,"Would appreciate more colour options, but this shade works for me.",Marcus,1,2024-07-05 02:00:00
4528,1827,ZL01827,3,Love this,Good value compared with similar products I have tried.,Victor,1,2025-01-25 06:00:00
4529,1827,ZL01827,5,Useful addition,Good value compared with similar products I have tried.,Danial,1,2025-02-23 06:00:00
4530,1827,ZL01827,3,Arrived quickly,Material quality is better than I expected at this price point.,Victor,1,2024-11-24 06:00:00
4531,1828,ZL01828,5,Reliable so far,Used it for two weeks and it holds up well for daily use.,Siti,0,2024-09-19 17:00:00
4532,1828,ZL01828,4,Arrived quickly,Works as advertised. Battery/performance is satisfactory so far.,Nora,1,2024-07-21 17:00:00
4533,1829,ZL01829,4,Not bad at all,Packaging was neat and the item matched the listing details.,Ben,1,2025-02-26 07:00:00
4534,1829,ZL01829,5,Not bad at all,Used it for two weeks and it holds up well for daily use.,Ben,0,2025-02-04 07:00:00
4535,1829,ZL01829,4,Good build quality,I bought this as a gift and the recipient liked it immediately.,Omar,1,2025-02-13 07:00:00
4536,1830,ZL01830,5,Would buy again,Material quality is better than I expected at this price point.,Jonas,1,2024-06-11 02:00:00
4537,1830,ZL01830,3,Better than expected,"Would appreciate more colour options, but this shade works for me.",Zara,1,2024-07-09 02:00:00
4538,1830,ZL01830,3,Worth the price,Good value compared with similar products I have tried.,Kai,0,2024-04-23 02:00:00
4539,1831,ZL01831,5,Decent for the money,Used it for two weeks and it holds up well for daily use.,Wei,1,2024-06-14 18:00:00
4540,1832,ZL01832,2,Arrived quickly,Material quality is better than I expected at this price point.,Zara,1,2024-05-14 00:00:00
4541,1832,ZL01832,3,Useful addition,Packaging was neat and the item matched the listing details.,Tom,1,2024-02-22 00:00:00
4542,1832,ZL01832,5,Solid everyday pick,Works as advertised. Battery/performance is satisfactory so far.,Farid,1,2024-03-05 00:00:00
4543,1832,ZL01832,3,Worth the price,Good value compared with similar products I have tried.,Elena,1,2024-03-20 00:00:00
4544,1833,ZL01833,3,Not bad at all,Feels durable. A couple of small scuffs from shipping but fine overall.,Chloe,0,2024-07-25 16:00:00
4545,1833,ZL01833,3,Reliable so far,Works as advertised. Battery/performance is satisfactory so far.,Victor,0,2024-06-02 16:00:00
4546,1834,ZL01834,5,Worth the price,Good value compared with similar products I have tried.,Omar,0,2025-04-03 19:00:00
4547,1834,ZL01834,4,Would buy again,Material quality is better than I expected at this price point.,Hassan,1,2025-02-19 19:00:00
4548,1835,ZL01835,5,Happy with it,Good value compared with similar products I have tried.,Aisha,1,2025-06-06 05:00:00
4549,1835,ZL01835,3,Solid everyday pick,Good value compared with similar products I have tried.,Grace,1,2025-05-30 05:00:00
4550,1836,ZL01836,4,Useful addition,Feels durable. A couple of small scuffs from shipping but fine overall.,Marcus,0,2025-01-26 07:00:00
4551,1837,ZL01837,3,Love this,Used it for two weeks and it holds up well for daily use.,Ben,1,2024-05-10 19:00:00
4552,1837,ZL01837,4,Worth the price,Packaging was neat and the item matched the listing details.,Hassan,1,2024-04-02 19:00:00
4553,1837,ZL01837,3,Exactly as described,I bought this as a gift and the recipient liked it immediately.,Hassan,1,2024-05-10 19:00:00
4554,1838,ZL01838,3,Nice finish,I bought this as a gift and the recipient liked it immediately.,Chloe,0,2024-03-27 01:00:00
4555,1838,ZL01838,3,Better than expected,Feels durable. A couple of small scuffs from shipping but fine overall.,Siti,1,2024-05-02 01:00:00
4556,1838,ZL01838,5,Worth the price,"Would appreciate more colour options, but this shade works for me.",Grace,0,2024-04-11 01:00:00
4557,1838,ZL01838,2,Useful addition,Material quality is better than I expected at this price point.,Aisha,1,2024-06-19 01:00:00
4558,1839,ZL01839,3,Arrived quickly,Feels durable. A couple of small scuffs from shipping but fine overall.,Victor,1,2024-06-07 21:00:00
4559,1840,ZL01840,5,Would buy again,Good value compared with similar products I have tried.,Tom,1,2024-04-25 00:00:00
4560,1840,ZL01840,4,Decent for the money,Colour is accurate and sizing feels true based on the chart.,Ravi,1,2024-05-09 00:00:00
4561,1840,ZL01840,2,Love this,I bought this as a gift and the recipient liked it immediately.,Priya,0,2024-05-23 00:00:00
4562,1841,ZL01841,2,Decent for the money,I bought this as a gift and the recipient liked it immediately.,Nora,1,2025-03-20 14:00:00
4563,1842,ZL01842,4,Better than expected,Material quality is better than I expected at this price point.,Jonas,0,2024-05-14 08:00:00
4564,1842,ZL01842,2,Worth the price,Feels durable. A couple of small scuffs from shipping but fine overall.,Kai,1,2024-05-01 08:00:00
4565,1842,ZL01842,3,Worth the price,Used it for two weeks and it holds up well for daily use.,Wei,1,2024-03-29 08:00:00
4566,1843,ZL01843,4,Decent for the money,Material quality is better than I expected at this price point.,Farid,1,2024-05-19 20:00:00
4567,1843,ZL01843,5,Decent for the money,Feels durable. A couple of small scuffs from shipping but fine overall.,Kai,1,2024-05-19 20:00:00
4568,1844,ZL01844,4,Good build quality,Packaging was neat and the item matched the listing details.,Marcus,1,2025-01-02 11:00:00
4569,1844,ZL01844,5,Love this,"Would appreciate more colour options, but this shade works for me.",Ben,1,2025-03-24 11:00:00
4570,1844,ZL01844,3,Not bad at all,Packaging was neat and the item matched the listing details.,Yasmin,1,2025-01-11 11:00:00
4571,1845,ZL01845,4,Not bad at all,Colour is accurate and sizing feels true based on the chart.,Quinn,0,2025-03-23 00:00:00
4572,1845,ZL01845,5,Good build quality,Works as advertised. Battery/performance is satisfactory so far.,Omar,1,2025-07-16 00:00:00
4573,1846,ZL01846,4,Nice finish,Used it for two weeks and it holds up well for daily use.,Tom,1,2024-05-09 20:00:00
4574,1846,ZL01846,5,Not bad at all,Used it for two weeks and it holds up well for daily use.,Nora,1,2024-05-26 20:00:00
4575,1846,ZL01846,5,Solid everyday pick,Colour is accurate and sizing feels true based on the chart.,Marcus,0,2024-05-12 20:00:00
4576,1846,ZL01846,4,Better than expected,"Would appreciate more colour options, but this shade works for me.",Yasmin,1,2024-02-28 20:00:00
4577,1847,ZL01847,5,Not bad at all,Works as advertised. Battery/performance is satisfactory so far.,Yasmin,1,2025-05-17 18:00:00
4578,1848,ZL01848,3,Would buy again,Works as advertised. Battery/performance is satisfactory so far.,Marcus,1,2025-06-11 16:00:00
4579,1848,ZL01848,3,Happy with it,I bought this as a gift and the recipient liked it immediately.,Tom,1,2025-06-05 16:00:00
4580,1848,ZL01848,4,Not bad at all,Used it for two weeks and it holds up well for daily use.,Chloe,1,2025-05-16 16:00:00
4581,1848,ZL01848,4,Solid everyday pick,Feels durable. A couple of small scuffs from shipping but fine overall.,Farid,1,2025-08-23 16:00:00
4582,1849,ZL01849,3,Solid everyday pick,Feels durable. A couple of small scuffs from shipping but fine overall.,Victor,1,2025-06-14 09:00:00
4583,1849,ZL01849,2,Happy with it,I bought this as a gift and the recipient liked it immediately.,Jonas,1,2025-07-17 09:00:00
4584,1849,ZL01849,2,Would buy again,Colour is accurate and sizing feels true based on the chart.,Farid,1,2025-05-17 09:00:00
4585,1849,ZL01849,4,Would buy again,Material quality is better than I expected at this price point.,Uma,1,2025-05-22 09:00:00
4586,1850,ZL01850,4,Nice finish,Instructions were clear and setup took only a few minutes.,Uma,1,2024-06-17 11:00:00
4587,1850,ZL01850,5,Nice finish,Instructions were clear and setup took only a few minutes.,Priya,0,2024-08-08 11:00:00
4588,1850,ZL01850,5,Useful addition,I bought this as a gift and the recipient liked it immediately.,Uma,1,2024-09-07 11:00:00
4589,1851,ZL01851,4,Arrived quickly,Packaging was neat and the item matched the listing details.,Ravi,1,2024-07-13 09:00:00
4590,1851,ZL01851,5,Good build quality,Works as advertised. Battery/performance is satisfactory so far.,Farid,1,2024-05-30 09:00:00
4591,1851,ZL01851,4,Not bad at all,Feels durable. A couple of small scuffs from shipping but fine overall.,Grace,0,2024-06-09 09:00:00
4592,1852,ZL01852,5,Nice finish,Material quality is better than I expected at this price point.,Ben,0,2024-07-06 17:00:00
4593,1852,ZL01852,3,Would buy again,I bought this as a gift and the recipient liked it immediately.,Farid,1,2024-04-28 17:00:00
4594,1852,ZL01852,2,Better than expected,Packaging was neat and the item matched the listing details.,Omar,1,2024-07-03 17:00:00
4595,1853,ZL01853,5,Not bad at all,I bought this as a gift and the recipient liked it immediately.,Elena,0,2025-03-28 11:00:00
4596,1853,ZL01853,4,Would buy again,Instructions were clear and setup took only a few minutes.,Quinn,0,2025-05-27 11:00:00
4597,1853,ZL01853,3,Decent for the money,Material quality is better than I expected at this price point.,Omar,1,2025-05-02 11:00:00
4598,1853,ZL01853,5,Arrived quickly,Material quality is better than I expected at this price point.,Farid,1,2025-06-18 11:00:00
4599,1854,ZL01854,3,Arrived quickly,"Would appreciate more colour options, but this shade works for me.",Elena,1,2025-03-25 02:00:00
4600,1855,ZL01855,4,Happy with it,Instructions were clear and setup took only a few minutes.,Siti,1,2024-12-09 20:00:00
4601,1855,ZL01855,3,Useful addition,Packaging was neat and the item matched the listing details.,Farid,1,2025-03-13 20:00:00
4602,1856,ZL01856,3,Useful addition,Good value compared with similar products I have tried.,Hassan,1,2025-07-18 05:00:00
4603,1857,ZL01857,2,Exactly as described,Used it for two weeks and it holds up well for daily use.,Tom,0,2024-07-19 22:00:00
4604,1857,ZL01857,4,Happy with it,I bought this as a gift and the recipient liked it immediately.,Ravi,0,2024-06-13 22:00:00
4605,1858,ZL01858,2,Useful addition,Works as advertised. Battery/performance is satisfactory so far.,Uma,1,2025-06-14 10:00:00
4606,1858,ZL01858,5,Exactly as described,Instructions were clear and setup took only a few minutes.,Jonas,1,2025-06-23 10:00:00
4607,1859,ZL01859,3,Not bad at all,Instructions were clear and setup took only a few minutes.,Elena,1,2025-06-15 20:00:00
4608,1859,ZL01859,4,Decent for the money,Feels durable. A couple of small scuffs from shipping but fine overall.,Chloe,1,2025-05-18 20:00:00
4609,1859,ZL01859,5,Reliable so far,Colour is accurate and sizing feels true based on the chart.,Victor,1,2025-04-18 20:00:00
4610,1860,ZL01860,2,Nice finish,Packaging was neat and the item matched the listing details.,Yasmin,0,2025-06-21 05:00:00
4611,1860,ZL01860,4,Worth the price,Good value compared with similar products I have tried.,Elena,1,2025-04-12 05:00:00
4612,1860,ZL01860,3,Worth the price,Good value compared with similar products I have tried.,Aisha,1,2025-07-03 05:00:00
4613,1860,ZL01860,3,Good build quality,Instructions were clear and setup took only a few minutes.,Yasmin,1,2025-05-05 05:00:00
4614,1861,ZL01861,4,Good build quality,"Would appreciate more colour options, but this shade works for me.",Elena,0,2025-04-29 00:00:00
4615,1861,ZL01861,5,Arrived quickly,Used it for two weeks and it holds up well for daily use.,Marcus,1,2025-04-04 00:00:00
4616,1862,ZL01862,5,Love this,Colour is accurate and sizing feels true based on the chart.,Yasmin,1,2025-04-03 10:00:00
4617,1862,ZL01862,5,Would buy again,Packaging was neat and the item matched the listing details.,Yasmin,1,2024-12-26 10:00:00
4618,1863,ZL01863,3,Would buy again,Good value compared with similar products I have tried.,Hassan,1,2025-06-15 16:00:00
4619,1864,ZL01864,5,Worth the price,I bought this as a gift and the recipient liked it immediately.,Ivy,1,2024-05-02 11:00:00
4620,1865,ZL01865,4,Would buy again,Material quality is better than I expected at this price point.,Chloe,1,2025-05-04 19:00:00
4621,1866,ZL01866,5,Would buy again,Feels durable. A couple of small scuffs from shipping but fine overall.,Siti,1,2024-08-19 00:00:00
4622,1866,ZL01866,5,Would buy again,Works as advertised. Battery/performance is satisfactory so far.,Danial,1,2024-09-05 00:00:00
4623,1866,ZL01866,5,Better than expected,"Would appreciate more colour options, but this shade works for me.",Omar,0,2024-08-06 00:00:00
4624,1866,ZL01866,4,Arrived quickly,Works as advertised. Battery/performance is satisfactory so far.,Jonas,1,2024-06-17 00:00:00
4625,1867,ZL01867,2,Solid everyday pick,Works as advertised. Battery/performance is satisfactory so far.,Priya,1,2024-01-16 05:00:00
4626,1868,ZL01868,4,Would buy again,Instructions were clear and setup took only a few minutes.,Chloe,0,2024-07-30 06:00:00
4627,1868,ZL01868,4,Exactly as described,Feels durable. A couple of small scuffs from shipping but fine overall.,Omar,1,2024-07-15 06:00:00
4628,1869,ZL01869,2,Useful addition,Colour is accurate and sizing feels true based on the chart.,Elena,0,2025-04-03 00:00:00
4629,1869,ZL01869,5,Not bad at all,Material quality is better than I expected at this price point.,Ravi,1,2025-03-20 00:00:00
4630,1869,ZL01869,5,Good build quality,Good value compared with similar products I have tried.,Yasmin,1,2025-02-28 00:00:00
4631,1869,ZL01869,3,Better than expected,Works as advertised. Battery/performance is satisfactory so far.,Elena,1,2025-02-07 00:00:00
4632,1870,ZL01870,3,Useful addition,Good value compared with similar products I have tried.,Farid,0,2024-06-26 18:00:00
4633,1870,ZL01870,3,Solid everyday pick,Works as advertised. Battery/performance is satisfactory so far.,Ravi,1,2024-08-30 18:00:00
4634,1871,ZL01871,5,Exactly as described,"Would appreciate more colour options, but this shade works for me.",Nora,1,2024-10-15 11:00:00
4635,1871,ZL01871,4,Happy with it,Works as advertised. Battery/performance is satisfactory so far.,Ivy,1,2024-07-03 11:00:00
4636,1871,ZL01871,4,Would buy again,I bought this as a gift and the recipient liked it immediately.,Yasmin,1,2024-09-17 11:00:00
4637,1871,ZL01871,2,Not bad at all,Works as advertised. Battery/performance is satisfactory so far.,Wei,0,2024-07-28 11:00:00
4638,1872,ZL01872,3,Not bad at all,Works as advertised. Battery/performance is satisfactory so far.,Nora,1,2025-08-24 07:00:00
4639,1872,ZL01872,5,Better than expected,"Would appreciate more colour options, but this shade works for me.",Priya,1,2025-09-07 07:00:00
4640,1872,ZL01872,3,Useful addition,Used it for two weeks and it holds up well for daily use.,Danial,1,2025-05-15 07:00:00
4641,1872,ZL01872,3,Better than expected,Material quality is better than I expected at this price point.,Chloe,1,2025-06-19 07:00:00
4642,1873,ZL01873,4,Good build quality,Feels durable. A couple of small scuffs from shipping but fine overall.,Jonas,1,2024-09-04 13:00:00
4643,1873,ZL01873,5,Arrived quickly,"Would appreciate more colour options, but this shade works for me.",Ravi,0,2024-09-23 13:00:00
4644,1873,ZL01873,5,Not bad at all,Colour is accurate and sizing feels true based on the chart.,Ivy,1,2024-11-01 13:00:00
4645,1874,ZL01874,4,Exactly as described,Good value compared with similar products I have tried.,Ravi,1,2024-06-04 22:00:00
4646,1875,ZL01875,3,Better than expected,Colour is accurate and sizing feels true based on the chart.,Yasmin,0,2024-04-02 22:00:00
4647,1875,ZL01875,5,Exactly as described,Colour is accurate and sizing feels true based on the chart.,Priya,0,2024-04-16 22:00:00
4648,1876,ZL01876,4,Decent for the money,"Would appreciate more colour options, but this shade works for me.",Marcus,1,2025-05-14 11:00:00
4649,1876,ZL01876,5,Love this,Works as advertised. Battery/performance is satisfactory so far.,Danial,1,2025-05-23 11:00:00
4650,1877,ZL01877,2,Useful addition,Material quality is better than I expected at this price point.,Victor,1,2025-06-19 03:00:00
4651,1877,ZL01877,2,Would buy again,Good value compared with similar products I have tried.,Chloe,1,2025-05-15 03:00:00
4652,1877,ZL01877,2,Solid everyday pick,Packaging was neat and the item matched the listing details.,Zara,1,2025-05-11 03:00:00
4653,1877,ZL01877,5,Exactly as described,Good value compared with similar products I have tried.,Kai,1,2025-08-11 03:00:00
4654,1878,ZL01878,5,Nice finish,Packaging was neat and the item matched the listing details.,Nora,1,2025-05-02 02:00:00
4655,1878,ZL01878,4,Good build quality,Material quality is better than I expected at this price point.,Farid,0,2025-08-03 02:00:00
4656,1878,ZL01878,3,Worth the price,Packaging was neat and the item matched the listing details.,Aisha,0,2025-07-16 02:00:00
4657,1878,ZL01878,5,Decent for the money,Material quality is better than I expected at this price point.,Zara,0,2025-07-29 02:00:00
4658,1879,ZL01879,2,Arrived quickly,Good value compared with similar products I have tried.,Quinn,1,2025-08-30 03:00:00
4659,1880,ZL01880,5,Useful addition,Packaging was neat and the item matched the listing details.,Elena,1,2024-04-23 06:00:00
4660,1880,ZL01880,5,Reliable so far,"Would appreciate more colour options, but this shade works for me.",Farid,1,2024-06-11 06:00:00
4661,1880,ZL01880,3,Decent for the money,I bought this as a gift and the recipient liked it immediately.,Farid,0,2024-05-18 06:00:00
4662,1881,ZL01881,4,Nice finish,Instructions were clear and setup took only a few minutes.,Quinn,1,2025-07-12 23:00:00
4663,1882,ZL01882,3,Better than expected,"Would appreciate more colour options, but this shade works for me.",Lina,0,2024-07-31 09:00:00
4664,1882,ZL01882,3,Better than expected,Works as advertised. Battery/performance is satisfactory so far.,Chloe,1,2024-07-14 09:00:00
4665,1882,ZL01882,5,Arrived quickly,Works as advertised. Battery/performance is satisfactory so far.,Marcus,1,2024-07-11 09:00:00
4666,1882,ZL01882,4,Better than expected,Colour is accurate and sizing feels true based on the chart.,Yasmin,1,2024-05-03 09:00:00
4667,1883,ZL01883,4,Decent for the money,"Would appreciate more colour options, but this shade works for me.",Elena,1,2024-06-08 04:00:00
4668,1883,ZL01883,5,Nice finish,Packaging was neat and the item matched the listing details.,Uma,1,2024-08-04 04:00:00
4669,1884,ZL01884,3,Decent for the money,Works as advertised. Battery/performance is satisfactory so far.,Ivy,1,2024-11-11 21:00:00
4670,1884,ZL01884,5,Exactly as described,Material quality is better than I expected at this price point.,Ivy,1,2024-12-01 21:00:00
4671,1885,ZL01885,4,Exactly as described,I bought this as a gift and the recipient liked it immediately.,Siti,1,2025-03-06 11:00:00
4672,1885,ZL01885,5,Arrived quickly,Works as advertised. Battery/performance is satisfactory so far.,Chloe,1,2025-04-16 11:00:00
4673,1886,ZL01886,4,Worth the price,Good value compared with similar products I have tried.,Zara,1,2025-03-07 19:00:00
4674,1886,ZL01886,4,Arrived quickly,Packaging was neat and the item matched the listing details.,Ivy,1,2025-03-26 19:00:00
4675,1887,ZL01887,4,Useful addition,Colour is accurate and sizing feels true based on the chart.,Grace,1,2025-04-16 05:00:00
4676,1887,ZL01887,3,Would buy again,Packaging was neat and the item matched the listing details.,Tom,1,2025-05-16 05:00:00
4677,1887,ZL01887,3,Solid everyday pick,Packaging was neat and the item matched the listing details.,Zara,1,2025-06-04 05:00:00
4678,1888,ZL01888,3,Nice finish,Feels durable. A couple of small scuffs from shipping but fine overall.,Jonas,1,2024-09-12 09:00:00
4679,1888,ZL01888,5,Worth the price,Instructions were clear and setup took only a few minutes.,Ben,0,2024-12-08 09:00:00
4680,1889,ZL01889,4,Good build quality,Instructions were clear and setup took only a few minutes.,Hassan,1,2025-03-14 10:00:00
4681,1889,ZL01889,3,Love this,Feels durable. A couple of small scuffs from shipping but fine overall.,Jonas,1,2025-03-13 10:00:00
4682,1890,ZL01890,4,Arrived quickly,I bought this as a gift and the recipient liked it immediately.,Ravi,0,2024-06-10 03:00:00
4683,1891,ZL01891,5,Good build quality,Packaging was neat and the item matched the listing details.,Siti,1,2025-06-23 19:00:00
4684,1891,ZL01891,5,Reliable so far,I bought this as a gift and the recipient liked it immediately.,Zara,1,2025-03-31 19:00:00
4685,1892,ZL01892,5,Better than expected,I bought this as a gift and the recipient liked it immediately.,Uma,0,2024-06-08 19:00:00
4686,1892,ZL01892,3,Decent for the money,Works as advertised. Battery/performance is satisfactory so far.,Aisha,1,2024-07-25 19:00:00
4687,1892,ZL01892,4,Exactly as described,Used it for two weeks and it holds up well for daily use.,Quinn,1,2024-08-26 19:00:00
4688,1893,ZL01893,4,Would buy again,Material quality is better than I expected at this price point.,Wei,1,2024-09-15 12:00:00
4689,1893,ZL01893,5,Exactly as described,Works as advertised. Battery/performance is satisfactory so far.,Uma,1,2024-10-12 12:00:00
4690,1894,ZL01894,2,Love this,Packaging was neat and the item matched the listing details.,Hassan,1,2025-08-10 09:00:00
4691,1894,ZL01894,2,Happy with it,Feels durable. A couple of small scuffs from shipping but fine overall.,Grace,1,2025-06-02 09:00:00
4692,1894,ZL01894,4,Not bad at all,Packaging was neat and the item matched the listing details.,Quinn,1,2025-06-17 09:00:00
4693,1894,ZL01894,5,Not bad at all,Instructions were clear and setup took only a few minutes.,Chloe,1,2025-06-18 09:00:00
4694,1895,ZL01895,2,Better than expected,Used it for two weeks and it holds up well for daily use.,Tom,1,2024-06-13 02:00:00
4695,1895,ZL01895,2,Decent for the money,I bought this as a gift and the recipient liked it immediately.,Tom,1,2024-03-02 02:00:00
4696,1895,ZL01895,2,Exactly as described,Good value compared with similar products I have tried.,Danial,1,2024-02-20 02:00:00
4697,1895,ZL01895,3,Would buy again,Works as advertised. Battery/performance is satisfactory so far.,Tom,1,2024-03-29 02:00:00
4698,1896,ZL01896,2,Good build quality,Packaging was neat and the item matched the listing details.,Quinn,1,2025-05-06 21:00:00
4699,1896,ZL01896,2,Worth the price,Feels durable. A couple of small scuffs from shipping but fine overall.,Aisha,1,2025-04-20 21:00:00
4700,1896,ZL01896,4,Good build quality,Feels durable. A couple of small scuffs from shipping but fine overall.,Ben,1,2025-05-01 21:00:00
4701,1896,ZL01896,2,Useful addition,Material quality is better than I expected at this price point.,Ben,1,2025-04-03 21:00:00
4702,1897,ZL01897,5,Decent for the money,Works as advertised. Battery/performance is satisfactory so far.,Hassan,1,2024-10-04 07:00:00
4703,1897,ZL01897,3,Not bad at all,Good value compared with similar products I have tried.,Victor,1,2024-10-27 07:00:00
4704,1897,ZL01897,3,Love this,Used it for two weeks and it holds up well for daily use.,Uma,1,2024-09-28 07:00:00
4705,1898,ZL01898,4,Decent for the money,Used it for two weeks and it holds up well for daily use.,Farid,0,2024-10-27 15:00:00
4706,1898,ZL01898,4,Worth the price,Material quality is better than I expected at this price point.,Aisha,0,2024-11-26 15:00:00
4707,1898,ZL01898,3,Exactly as described,Packaging was neat and the item matched the listing details.,Tom,1,2024-09-02 15:00:00
4708,1898,ZL01898,4,Good build quality,I bought this as a gift and the recipient liked it immediately.,Marcus,1,2024-10-26 15:00:00
4709,1899,ZL01899,5,Better than expected,Packaging was neat and the item matched the listing details.,Lina,1,2025-07-01 22:00:00
4710,1899,ZL01899,5,Solid everyday pick,"Would appreciate more colour options, but this shade works for me.",Grace,0,2025-08-07 22:00:00
4711,1899,ZL01899,3,Decent for the money,Feels durable. A couple of small scuffs from shipping but fine overall.,Tom,1,2025-08-04 22:00:00
4712,1899,ZL01899,5,Decent for the money,Used it for two weeks and it holds up well for daily use.,Yasmin,1,2025-08-10 22:00:00
4713,1900,ZL01900,3,Not bad at all,Used it for two weeks and it holds up well for daily use.,Priya,1,2024-08-20 12:00:00
4714,1900,ZL01900,3,Useful addition,"Would appreciate more colour options, but this shade works for me.",Ben,0,2024-07-31 12:00:00
4715,1901,ZL01901,4,Better than expected,Used it for two weeks and it holds up well for daily use.,Victor,0,2024-02-27 04:00:00
4716,1902,ZL01902,3,Happy with it,Good value compared with similar products I have tried.,Farid,1,2025-04-17 13:00:00
4717,1902,ZL01902,4,Solid everyday pick,I bought this as a gift and the recipient liked it immediately.,Ben,1,2025-04-25 13:00:00
4718,1902,ZL01902,3,Better than expected,Good value compared with similar products I have tried.,Elena,0,2025-02-22 13:00:00
4719,1903,ZL01903,4,Decent for the money,Works as advertised. Battery/performance is satisfactory so far.,Omar,0,2024-10-22 03:00:00
4720,1903,ZL01903,5,Not bad at all,Material quality is better than I expected at this price point.,Kai,0,2025-01-09 03:00:00
4721,1903,ZL01903,3,Would buy again,Colour is accurate and sizing feels true based on the chart.,Nora,1,2024-11-11 03:00:00
4722,1903,ZL01903,4,Solid everyday pick,Instructions were clear and setup took only a few minutes.,Danial,1,2024-10-23 03:00:00
4723,1904,ZL01904,5,Better than expected,"Would appreciate more colour options, but this shade works for me.",Hassan,1,2024-09-25 07:00:00
4724,1904,ZL01904,5,Reliable so far,Instructions were clear and setup took only a few minutes.,Victor,0,2024-11-19 07:00:00
4725,1904,ZL01904,3,Decent for the money,"Would appreciate more colour options, but this shade works for me.",Ravi,0,2024-10-01 07:00:00
4726,1904,ZL01904,2,Happy with it,"Would appreciate more colour options, but this shade works for me.",Zara,1,2024-11-01 07:00:00
4727,1905,ZL01905,3,Solid everyday pick,Feels durable. A couple of small scuffs from shipping but fine overall.,Aisha,1,2024-06-10 18:00:00
4728,1906,ZL01906,3,Arrived quickly,I bought this as a gift and the recipient liked it immediately.,Kai,1,2024-08-22 08:00:00
4729,1906,ZL01906,4,Useful addition,Material quality is better than I expected at this price point.,Ravi,1,2024-08-11 08:00:00
4730,1907,ZL01907,3,Nice finish,Instructions were clear and setup took only a few minutes.,Chloe,1,2024-06-03 01:00:00
4731,1907,ZL01907,3,Better than expected,Feels durable. A couple of small scuffs from shipping but fine overall.,Grace,1,2024-06-22 01:00:00
4732,1908,ZL01908,3,Reliable so far,Instructions were clear and setup took only a few minutes.,Jonas,1,2025-01-25 13:00:00
4733,1908,ZL01908,3,Worth the price,Packaging was neat and the item matched the listing details.,Wei,0,2025-03-06 13:00:00
4734,1909,ZL01909,4,Reliable so far,I bought this as a gift and the recipient liked it immediately.,Danial,0,2025-04-28 00:00:00
4735,1909,ZL01909,5,Good build quality,Used it for two weeks and it holds up well for daily use.,Ravi,1,2025-05-17 00:00:00
4736,1909,ZL01909,3,Not bad at all,Feels durable. A couple of small scuffs from shipping but fine overall.,Jonas,0,2025-03-18 00:00:00
4737,1910,ZL01910,2,Love this,Instructions were clear and setup took only a few minutes.,Ivy,0,2024-12-18 21:00:00
4738,1910,ZL01910,2,Not bad at all,Instructions were clear and setup took only a few minutes.,Lina,1,2024-12-27 21:00:00
4739,1911,ZL01911,4,Nice finish,Instructions were clear and setup took only a few minutes.,Quinn,1,2024-07-08 07:00:00
4740,1911,ZL01911,4,Reliable so far,"Would appreciate more colour options, but this shade works for me.",Siti,0,2024-06-13 07:00:00
4741,1911,ZL01911,5,Good build quality,Packaging was neat and the item matched the listing details.,Hassan,0,2024-09-03 07:00:00
4742,1912,ZL01912,5,Love this,I bought this as a gift and the recipient liked it immediately.,Victor,1,2024-08-11 10:00:00
4743,1912,ZL01912,5,Nice finish,Material quality is better than I expected at this price point.,Farid,0,2024-11-04 10:00:00
4744,1912,ZL01912,4,Decent for the money,Feels durable. A couple of small scuffs from shipping but fine overall.,Grace,1,2024-09-21 10:00:00
4745,1912,ZL01912,3,Exactly as described,Packaging was neat and the item matched the listing details.,Grace,1,2024-10-30 10:00:00
4746,1913,ZL01913,5,Love this,Feels durable. A couple of small scuffs from shipping but fine overall.,Yasmin,1,2024-03-10 01:00:00
4747,1913,ZL01913,4,Happy with it,Packaging was neat and the item matched the listing details.,Tom,1,2024-02-20 01:00:00
4748,1913,ZL01913,3,Exactly as described,I bought this as a gift and the recipient liked it immediately.,Yasmin,1,2024-02-25 01:00:00
4749,1914,ZL01914,5,Solid everyday pick,Material quality is better than I expected at this price point.,Zara,0,2024-09-30 17:00:00
4750,1914,ZL01914,3,Useful addition,Instructions were clear and setup took only a few minutes.,Siti,0,2024-11-26 17:00:00
4751,1914,ZL01914,4,Love this,Instructions were clear and setup took only a few minutes.,Farid,1,2024-11-18 17:00:00
4752,1915,ZL01915,2,Arrived quickly,I bought this as a gift and the recipient liked it immediately.,Kai,0,2024-08-28 16:00:00
4753,1915,ZL01915,3,Good build quality,I bought this as a gift and the recipient liked it immediately.,Tom,1,2024-10-05 16:00:00
4754,1916,ZL01916,3,Useful addition,I bought this as a gift and the recipient liked it immediately.,Chloe,1,2024-09-29 08:00:00
4755,1917,ZL01917,5,Not bad at all,Colour is accurate and sizing feels true based on the chart.,Tom,1,2024-07-17 21:00:00
4756,1918,ZL01918,4,Arrived quickly,Instructions were clear and setup took only a few minutes.,Ben,1,2025-03-21 03:00:00
4757,1918,ZL01918,3,Decent for the money,Colour is accurate and sizing feels true based on the chart.,Victor,1,2025-03-10 03:00:00
4758,1918,ZL01918,5,Worth the price,Material quality is better than I expected at this price point.,Elena,1,2025-02-21 03:00:00
4759,1918,ZL01918,2,Solid everyday pick,"Would appreciate more colour options, but this shade works for me.",Ivy,1,2025-02-08 03:00:00
4760,1919,ZL01919,2,Solid everyday pick,"Would appreciate more colour options, but this shade works for me.",Ben,0,2024-11-09 12:00:00
4761,1919,ZL01919,2,Useful addition,Good value compared with similar products I have tried.,Omar,1,2024-10-24 12:00:00
4762,1919,ZL01919,2,Not bad at all,Works as advertised. Battery/performance is satisfactory so far.,Yasmin,1,2024-12-06 12:00:00
4763,1919,ZL01919,2,Arrived quickly,Used it for two weeks and it holds up well for daily use.,Chloe,1,2024-11-18 12:00:00
4764,1920,ZL01920,4,Love this,Packaging was neat and the item matched the listing details.,Chloe,1,2024-03-23 15:00:00
4765,1921,ZL01921,4,Useful addition,Good value compared with similar products I have tried.,Nora,1,2025-01-28 14:00:00
4766,1921,ZL01921,2,Worth the price,Feels durable. A couple of small scuffs from shipping but fine overall.,Jonas,1,2025-02-04 14:00:00
4767,1921,ZL01921,4,Happy with it,Instructions were clear and setup took only a few minutes.,Uma,1,2025-02-24 14:00:00
4768,1922,ZL01922,4,Useful addition,I bought this as a gift and the recipient liked it immediately.,Yasmin,0,2025-01-06 14:00:00
4769,1922,ZL01922,3,Good build quality,Colour is accurate and sizing feels true based on the chart.,Marcus,1,2025-02-18 14:00:00
4770,1922,ZL01922,4,Happy with it,Packaging was neat and the item matched the listing details.,Lina,0,2025-01-09 14:00:00
4771,1923,ZL01923,5,Arrived quickly,Packaging was neat and the item matched the listing details.,Victor,0,2024-09-12 22:00:00
4772,1923,ZL01923,4,Useful addition,Packaging was neat and the item matched the listing details.,Nora,1,2024-08-08 22:00:00
4773,1923,ZL01923,4,Useful addition,"Would appreciate more colour options, but this shade works for me.",Elena,1,2024-08-13 22:00:00
4774,1923,ZL01923,3,Nice finish,"Would appreciate more colour options, but this shade works for me.",Priya,1,2024-08-28 22:00:00
4775,1924,ZL01924,4,Reliable so far,Used it for two weeks and it holds up well for daily use.,Chloe,1,2024-03-18 10:00:00
4776,1924,ZL01924,3,Would buy again,Packaging was neat and the item matched the listing details.,Wei,0,2024-02-14 10:00:00
4777,1925,ZL01925,3,Exactly as described,"Would appreciate more colour options, but this shade works for me.",Kai,1,2025-02-06 07:00:00
4778,1925,ZL01925,4,Decent for the money,Instructions were clear and setup took only a few minutes.,Chloe,1,2025-03-22 07:00:00
4779,1926,ZL01926,2,Solid everyday pick,I bought this as a gift and the recipient liked it immediately.,Victor,1,2024-09-10 07:00:00
4780,1926,ZL01926,4,Better than expected,Good value compared with similar products I have tried.,Wei,1,2024-11-19 07:00:00
4781,1927,ZL01927,3,Love this,Instructions were clear and setup took only a few minutes.,Danial,1,2024-10-30 06:00:00
4782,1927,ZL01927,3,Would buy again,Used it for two weeks and it holds up well for daily use.,Uma,1,2024-08-17 06:00:00
4783,1928,ZL01928,5,Reliable so far,Colour is accurate and sizing feels true based on the chart.,Hassan,1,2025-03-23 11:00:00
4784,1928,ZL01928,2,Better than expected,Packaging was neat and the item matched the listing details.,Kai,1,2025-02-10 11:00:00
4785,1928,ZL01928,2,Reliable so far,Packaging was neat and the item matched the listing details.,Chloe,1,2025-05-07 11:00:00
4786,1929,ZL01929,5,Worth the price,Good value compared with similar products I have tried.,Ben,0,2025-05-14 13:00:00
4787,1929,ZL01929,4,Solid everyday pick,Works as advertised. Battery/performance is satisfactory so far.,Omar,1,2025-02-27 13:00:00
4788,1929,ZL01929,3,Solid everyday pick,Works as advertised. Battery/performance is satisfactory so far.,Ben,1,2025-03-28 13:00:00
4789,1929,ZL01929,5,Good build quality,Material quality is better than I expected at this price point.,Nora,1,2025-03-24 13:00:00
4790,1930,ZL01930,3,Decent for the money,Instructions were clear and setup took only a few minutes.,Elena,1,2025-01-25 02:00:00
4791,1930,ZL01930,3,Good build quality,Colour is accurate and sizing feels true based on the chart.,Uma,1,2025-04-29 02:00:00
4792,1930,ZL01930,3,Nice finish,Colour is accurate and sizing feels true based on the chart.,Ben,0,2025-03-16 02:00:00
4793,1931,ZL01931,3,Would buy again,Instructions were clear and setup took only a few minutes.,Siti,1,2025-04-23 20:00:00
4794,1931,ZL01931,3,Would buy again,"Would appreciate more colour options, but this shade works for me.",Kai,0,2025-05-15 20:00:00
4795,1931,ZL01931,3,Decent for the money,Used it for two weeks and it holds up well for daily use.,Ivy,1,2025-05-01 20:00:00
4796,1931,ZL01931,2,Reliable so far,Material quality is better than I expected at this price point.,Siti,1,2025-06-10 20:00:00
4797,1932,ZL01932,5,Worth the price,Good value compared with similar products I have tried.,Aisha,1,2024-08-14 22:00:00
4798,1932,ZL01932,3,Would buy again,Feels durable. A couple of small scuffs from shipping but fine overall.,Tom,1,2024-06-18 22:00:00
4799,1932,ZL01932,5,Reliable so far,Feels durable. A couple of small scuffs from shipping but fine overall.,Priya,1,2024-07-12 22:00:00
4800,1932,ZL01932,4,Useful addition,Instructions were clear and setup took only a few minutes.,Ben,1,2024-06-27 22:00:00
4801,1933,ZL01933,3,Worth the price,Good value compared with similar products I have tried.,Grace,1,2025-01-21 21:00:00
4802,1933,ZL01933,2,Would buy again,Instructions were clear and setup took only a few minutes.,Wei,1,2025-01-02 21:00:00
4803,1933,ZL01933,5,Reliable so far,Works as advertised. Battery/performance is satisfactory so far.,Marcus,1,2025-01-24 21:00:00
4804,1934,ZL01934,4,Better than expected,Feels durable. A couple of small scuffs from shipping but fine overall.,Danial,1,2024-07-26 21:00:00
4805,1935,ZL01935,3,Nice finish,I bought this as a gift and the recipient liked it immediately.,Quinn,1,2024-12-29 20:00:00
4806,1936,ZL01936,4,Worth the price,I bought this as a gift and the recipient liked it immediately.,Wei,1,2025-03-21 20:00:00
4807,1937,ZL01937,5,Nice finish,Used it for two weeks and it holds up well for daily use.,Ravi,1,2024-12-07 01:00:00
4808,1937,ZL01937,3,Exactly as described,Used it for two weeks and it holds up well for daily use.,Ravi,1,2024-11-23 01:00:00
4809,1937,ZL01937,4,Nice finish,Instructions were clear and setup took only a few minutes.,Lina,1,2025-01-25 01:00:00
4810,1938,ZL01938,5,Better than expected,Used it for two weeks and it holds up well for daily use.,Ben,1,2025-04-24 08:00:00
4811,1938,ZL01938,3,Not bad at all,Material quality is better than I expected at this price point.,Hassan,0,2025-04-08 08:00:00
4812,1939,ZL01939,4,Happy with it,Good value compared with similar products I have tried.,Jonas,1,2025-03-03 08:00:00
4813,1939,ZL01939,5,Decent for the money,Colour is accurate and sizing feels true based on the chart.,Ravi,0,2025-03-29 08:00:00
4814,1940,ZL01940,3,Arrived quickly,Packaging was neat and the item matched the listing details.,Farid,1,2025-05-17 00:00:00
4815,1940,ZL01940,4,Solid everyday pick,Colour is accurate and sizing feels true based on the chart.,Jonas,1,2025-08-09 00:00:00
4816,1941,ZL01941,5,Love this,Material quality is better than I expected at this price point.,Ivy,1,2025-07-02 18:00:00
4817,1941,ZL01941,5,Happy with it,Instructions were clear and setup took only a few minutes.,Priya,1,2025-06-18 18:00:00
4818,1941,ZL01941,4,Exactly as described,Feels durable. A couple of small scuffs from shipping but fine overall.,Aisha,1,2025-06-18 18:00:00
4819,1941,ZL01941,5,Nice finish,I bought this as a gift and the recipient liked it immediately.,Wei,1,2025-06-26 18:00:00
4820,1942,ZL01942,4,Would buy again,I bought this as a gift and the recipient liked it immediately.,Uma,0,2024-09-17 09:00:00
4821,1942,ZL01942,3,Solid everyday pick,Works as advertised. Battery/performance is satisfactory so far.,Victor,1,2024-07-21 09:00:00
4822,1942,ZL01942,3,Love this,I bought this as a gift and the recipient liked it immediately.,Ben,0,2024-10-08 09:00:00
4823,1942,ZL01942,3,Exactly as described,Good value compared with similar products I have tried.,Danial,0,2024-07-18 09:00:00
4824,1943,ZL01943,5,Decent for the money,I bought this as a gift and the recipient liked it immediately.,Tom,1,2025-08-12 01:00:00
4825,1943,ZL01943,2,Happy with it,Packaging was neat and the item matched the listing details.,Wei,1,2025-06-12 01:00:00
4826,1944,ZL01944,3,Good build quality,Used it for two weeks and it holds up well for daily use.,Grace,1,2025-04-19 18:00:00
4827,1944,ZL01944,5,Good build quality,Feels durable. A couple of small scuffs from shipping but fine overall.,Grace,0,2025-05-03 18:00:00
4828,1944,ZL01944,3,Decent for the money,Works as advertised. Battery/performance is satisfactory so far.,Kai,1,2025-06-20 18:00:00
4829,1945,ZL01945,5,Love this,Material quality is better than I expected at this price point.,Yasmin,1,2024-04-01 13:00:00
4830,1945,ZL01945,5,Nice finish,Good value compared with similar products I have tried.,Omar,1,2024-03-02 13:00:00
4831,1945,ZL01945,5,Would buy again,Used it for two weeks and it holds up well for daily use.,Danial,1,2024-03-25 13:00:00
4832,1945,ZL01945,3,Useful addition,Packaging was neat and the item matched the listing details.,Victor,1,2024-03-23 13:00:00
4833,1946,ZL01946,5,Better than expected,"Would appreciate more colour options, but this shade works for me.",Zara,1,2024-12-27 13:00:00
4834,1947,ZL01947,3,Exactly as described,Colour is accurate and sizing feels true based on the chart.,Tom,1,2025-04-21 22:00:00
4835,1948,ZL01948,2,Good build quality,Good value compared with similar products I have tried.,Danial,1,2024-09-11 22:00:00
4836,1948,ZL01948,2,Reliable so far,Packaging was neat and the item matched the listing details.,Zara,1,2024-11-26 22:00:00
4837,1949,ZL01949,5,Good build quality,Packaging was neat and the item matched the listing details.,Omar,1,2024-10-07 10:00:00
4838,1949,ZL01949,3,Happy with it,Instructions were clear and setup took only a few minutes.,Uma,1,2024-11-15 10:00:00
4839,1949,ZL01949,5,Nice finish,Colour is accurate and sizing feels true based on the chart.,Ivy,1,2024-10-18 10:00:00
4840,1949,ZL01949,5,Not bad at all,Feels durable. A couple of small scuffs from shipping but fine overall.,Danial,1,2024-09-25 10:00:00
4841,1950,ZL01950,3,Decent for the money,Works as advertised. Battery/performance is satisfactory so far.,Grace,1,2024-07-31 03:00:00
4842,1950,ZL01950,3,Worth the price,Feels durable. A couple of small scuffs from shipping but fine overall.,Ben,0,2024-06-06 03:00:00
4843,1950,ZL01950,4,Reliable so far,Good value compared with similar products I have tried.,Omar,1,2024-07-05 03:00:00
4844,1950,ZL01950,5,Arrived quickly,Instructions were clear and setup took only a few minutes.,Aisha,1,2024-08-05 03:00:00
4845,1951,ZL01951,3,Useful addition,Used it for two weeks and it holds up well for daily use.,Chloe,0,2025-04-15 13:00:00
4846,1951,ZL01951,5,Not bad at all,I bought this as a gift and the recipient liked it immediately.,Wei,1,2025-04-08 13:00:00
4847,1951,ZL01951,5,Worth the price,Packaging was neat and the item matched the listing details.,Ravi,1,2025-01-21 13:00:00
4848,1951,ZL01951,3,Exactly as described,Colour is accurate and sizing feels true based on the chart.,Uma,0,2025-04-15 13:00:00
4849,1952,ZL01952,3,Exactly as described,Works as advertised. Battery/performance is satisfactory so far.,Tom,1,2024-07-20 10:00:00
4850,1952,ZL01952,4,Solid everyday pick,Colour is accurate and sizing feels true based on the chart.,Wei,0,2024-08-27 10:00:00
4851,1952,ZL01952,4,Love this,Feels durable. A couple of small scuffs from shipping but fine overall.,Yasmin,1,2024-07-09 10:00:00
4852,1953,ZL01953,3,Exactly as described,Feels durable. A couple of small scuffs from shipping but fine overall.,Elena,1,2025-05-02 05:00:00
4853,1953,ZL01953,4,Worth the price,Good value compared with similar products I have tried.,Jonas,1,2025-05-15 05:00:00
4854,1953,ZL01953,4,Exactly as described,Feels durable. A couple of small scuffs from shipping but fine overall.,Nora,1,2025-06-06 05:00:00
4855,1954,ZL01954,4,Would buy again,Feels durable. A couple of small scuffs from shipping but fine overall.,Lina,1,2025-04-02 21:00:00
4856,1954,ZL01954,4,Worth the price,"Would appreciate more colour options, but this shade works for me.",Tom,1,2025-06-07 21:00:00
4857,1954,ZL01954,4,Exactly as described,Good value compared with similar products I have tried.,Chloe,1,2025-02-26 21:00:00
4858,1954,ZL01954,5,Happy with it,Colour is accurate and sizing feels true based on the chart.,Uma,1,2025-05-31 21:00:00
4859,1955,ZL01955,4,Worth the price,Works as advertised. Battery/performance is satisfactory so far.,Farid,1,2024-08-07 00:00:00
4860,1955,ZL01955,3,Would buy again,Instructions were clear and setup took only a few minutes.,Tom,0,2024-09-14 00:00:00
4861,1955,ZL01955,5,Better than expected,Packaging was neat and the item matched the listing details.,Uma,1,2024-08-22 00:00:00
4862,1956,ZL01956,3,Nice finish,"Would appreciate more colour options, but this shade works for me.",Hassan,1,2025-05-23 18:00:00
4863,1956,ZL01956,3,Arrived quickly,"Would appreciate more colour options, but this shade works for me.",Yasmin,1,2025-06-13 18:00:00
4864,1957,ZL01957,5,Decent for the money,Works as advertised. Battery/performance is satisfactory so far.,Marcus,0,2025-08-09 16:00:00
4865,1957,ZL01957,4,Useful addition,Instructions were clear and setup took only a few minutes.,Quinn,0,2025-06-15 16:00:00
4866,1957,ZL01957,3,Not bad at all,"Would appreciate more colour options, but this shade works for me.",Quinn,1,2025-06-28 16:00:00
4867,1957,ZL01957,3,Arrived quickly,Material quality is better than I expected at this price point.,Wei,1,2025-06-11 16:00:00
4868,1958,ZL01958,4,Decent for the money,Material quality is better than I expected at this price point.,Yasmin,1,2024-12-06 14:00:00
4869,1958,ZL01958,4,Useful addition,Works as advertised. Battery/performance is satisfactory so far.,Wei,1,2024-11-23 14:00:00
4870,1958,ZL01958,3,Exactly as described,"Would appreciate more colour options, but this shade works for me.",Quinn,1,2024-11-28 14:00:00
4871,1958,ZL01958,3,Exactly as described,Colour is accurate and sizing feels true based on the chart.,Priya,1,2024-10-01 14:00:00
4872,1959,ZL01959,4,Happy with it,Used it for two weeks and it holds up well for daily use.,Zara,0,2024-09-12 20:00:00
4873,1960,ZL01960,3,Would buy again,I bought this as a gift and the recipient liked it immediately.,Ravi,1,2025-01-17 16:00:00
4874,1960,ZL01960,5,Nice finish,Material quality is better than I expected at this price point.,Chloe,1,2025-02-06 16:00:00
4875,1961,ZL01961,2,Useful addition,Packaging was neat and the item matched the listing details.,Nora,1,2024-02-09 07:00:00
4876,1961,ZL01961,4,Reliable so far,"Would appreciate more colour options, but this shade works for me.",Aisha,1,2024-05-17 07:00:00
4877,1961,ZL01961,3,Worth the price,Packaging was neat and the item matched the listing details.,Farid,1,2024-03-31 07:00:00
4878,1962,ZL01962,3,Decent for the money,Instructions were clear and setup took only a few minutes.,Uma,0,2024-06-24 00:00:00
4879,1962,ZL01962,4,Not bad at all,Used it for two weeks and it holds up well for daily use.,Quinn,0,2024-07-13 00:00:00
4880,1962,ZL01962,3,Decent for the money,Feels durable. A couple of small scuffs from shipping but fine overall.,Zara,0,2024-06-01 00:00:00
4881,1963,ZL01963,4,Would buy again,Works as advertised. Battery/performance is satisfactory so far.,Marcus,1,2024-05-01 03:00:00
4882,1964,ZL01964,4,Worth the price,"Would appreciate more colour options, but this shade works for me.",Ben,0,2024-10-13 22:00:00
4883,1964,ZL01964,4,Not bad at all,Works as advertised. Battery/performance is satisfactory so far.,Victor,1,2024-11-21 22:00:00
4884,1964,ZL01964,5,Worth the price,Works as advertised. Battery/performance is satisfactory so far.,Hassan,1,2025-01-26 22:00:00
4885,1964,ZL01964,3,Exactly as described,"Would appreciate more colour options, but this shade works for me.",Lina,1,2024-10-20 22:00:00
4886,1965,ZL01965,3,Reliable so far,Feels durable. A couple of small scuffs from shipping but fine overall.,Farid,0,2025-06-16 10:00:00
4887,1965,ZL01965,4,Exactly as described,"Would appreciate more colour options, but this shade works for me.",Wei,0,2025-07-11 10:00:00
4888,1965,ZL01965,5,Exactly as described,"Would appreciate more colour options, but this shade works for me.",Aisha,1,2025-05-18 10:00:00
4889,1965,ZL01965,3,Nice finish,Works as advertised. Battery/performance is satisfactory so far.,Lina,1,2025-04-25 10:00:00
4890,1966,ZL01966,3,Good build quality,Colour is accurate and sizing feels true based on the chart.,Omar,0,2025-06-29 05:00:00
4891,1966,ZL01966,2,Solid everyday pick,Works as advertised. Battery/performance is satisfactory so far.,Grace,0,2025-05-10 05:00:00
4892,1966,ZL01966,3,Better than expected,Material quality is better than I expected at this price point.,Victor,1,2025-07-14 05:00:00
4893,1966,ZL01966,2,Nice finish,Material quality is better than I expected at this price point.,Aisha,1,2025-06-04 05:00:00
4894,1967,ZL01967,3,Arrived quickly,Instructions were clear and setup took only a few minutes.,Yasmin,1,2024-08-12 21:00:00
4895,1967,ZL01967,3,Reliable so far,I bought this as a gift and the recipient liked it immediately.,Yasmin,1,2024-05-27 21:00:00
4896,1967,ZL01967,5,Solid everyday pick,"Would appreciate more colour options, but this shade works for me.",Marcus,1,2024-06-08 21:00:00
4897,1967,ZL01967,4,Not bad at all,Material quality is better than I expected at this price point.,Hassan,1,2024-06-11 21:00:00
4898,1968,ZL01968,3,Reliable so far,Feels durable. A couple of small scuffs from shipping but fine overall.,Siti,0,2024-11-15 10:00:00
4899,1968,ZL01968,5,Happy with it,Packaging was neat and the item matched the listing details.,Nora,1,2024-11-26 10:00:00
4900,1968,ZL01968,2,Love this,Feels durable. A couple of small scuffs from shipping but fine overall.,Siti,1,2024-10-26 10:00:00
4901,1969,ZL01969,3,Not bad at all,Colour is accurate and sizing feels true based on the chart.,Omar,0,2024-12-02 08:00:00
4902,1969,ZL01969,5,Not bad at all,Good value compared with similar products I have tried.,Omar,0,2025-01-02 08:00:00
4903,1970,ZL01970,5,Happy with it,Colour is accurate and sizing feels true based on the chart.,Jonas,1,2025-02-27 19:00:00
4904,1970,ZL01970,4,Good build quality,"Would appreciate more colour options, but this shade works for me.",Zara,0,2025-01-29 19:00:00
4905,1970,ZL01970,4,Nice finish,Works as advertised. Battery/performance is satisfactory so far.,Priya,1,2025-02-28 19:00:00
4906,1970,ZL01970,3,Nice finish,Used it for two weeks and it holds up well for daily use.,Omar,1,2025-04-02 19:00:00
4907,1971,ZL01971,5,Love this,"Would appreciate more colour options, but this shade works for me.",Nora,0,2025-01-20 09:00:00
4908,1971,ZL01971,4,Worth the price,Feels durable. A couple of small scuffs from shipping but fine overall.,Jonas,0,2025-01-13 09:00:00
4909,1972,ZL01972,5,Useful addition,Instructions were clear and setup took only a few minutes.,Jonas,1,2025-02-06 18:00:00
4910,1972,ZL01972,5,Happy with it,Material quality is better than I expected at this price point.,Yasmin,1,2025-03-16 18:00:00
4911,1972,ZL01972,3,Exactly as described,I bought this as a gift and the recipient liked it immediately.,Elena,1,2025-02-21 18:00:00
4912,1972,ZL01972,5,Worth the price,Feels durable. A couple of small scuffs from shipping but fine overall.,Chloe,0,2025-02-22 18:00:00
4913,1973,ZL01973,3,Decent for the money,Colour is accurate and sizing feels true based on the chart.,Tom,1,2024-09-19 07:00:00
4914,1973,ZL01973,3,Not bad at all,Packaging was neat and the item matched the listing details.,Ben,0,2024-07-10 07:00:00
4915,1973,ZL01973,2,Better than expected,Works as advertised. Battery/performance is satisfactory so far.,Quinn,0,2024-06-27 07:00:00
4916,1974,ZL01974,4,Better than expected,Used it for two weeks and it holds up well for daily use.,Jonas,1,2025-03-19 09:00:00
4917,1975,ZL01975,5,Love this,Material quality is better than I expected at this price point.,Hassan,0,2024-10-16 22:00:00
4918,1975,ZL01975,4,Love this,Feels durable. A couple of small scuffs from shipping but fine overall.,Ivy,1,2024-10-28 22:00:00
4919,1976,ZL01976,5,Arrived quickly,Good value compared with similar products I have tried.,Ivy,1,2025-07-11 23:00:00
4920,1976,ZL01976,5,Nice finish,Instructions were clear and setup took only a few minutes.,Chloe,1,2025-05-03 23:00:00
4921,1977,ZL01977,2,Happy with it,Instructions were clear and setup took only a few minutes.,Ben,0,2025-03-13 03:00:00
4922,1977,ZL01977,2,Reliable so far,Colour is accurate and sizing feels true based on the chart.,Tom,1,2025-06-21 03:00:00
4923,1977,ZL01977,2,Decent for the money,Works as advertised. Battery/performance is satisfactory so far.,Priya,0,2025-05-22 03:00:00
4924,1977,ZL01977,4,Would buy again,Instructions were clear and setup took only a few minutes.,Yasmin,1,2025-06-01 03:00:00
4925,1978,ZL01978,3,Better than expected,Used it for two weeks and it holds up well for daily use.,Hassan,0,2024-05-24 03:00:00
4926,1979,ZL01979,3,Reliable so far,Used it for two weeks and it holds up well for daily use.,Aisha,1,2024-12-12 20:00:00
4927,1979,ZL01979,4,Exactly as described,Good value compared with similar products I have tried.,Elena,1,2024-12-06 20:00:00
4928,1979,ZL01979,2,Exactly as described,Feels durable. A couple of small scuffs from shipping but fine overall.,Marcus,1,2024-12-22 20:00:00
4929,1980,ZL01980,5,Worth the price,Feels durable. A couple of small scuffs from shipping but fine overall.,Priya,1,2025-06-12 10:00:00
4930,1980,ZL01980,2,Exactly as described,Packaging was neat and the item matched the listing details.,Tom,1,2025-04-03 10:00:00
4931,1980,ZL01980,2,Better than expected,Instructions were clear and setup took only a few minutes.,Tom,1,2025-03-13 10:00:00
4932,1980,ZL01980,2,Not bad at all,"Would appreciate more colour options, but this shade works for me.",Kai,0,2025-04-18 10:00:00
4933,1981,ZL01981,4,Exactly as described,Instructions were clear and setup took only a few minutes.,Hassan,0,2024-02-10 12:00:00
4934,1981,ZL01981,5,Solid everyday pick,Works as advertised. Battery/performance is satisfactory so far.,Uma,1,2024-03-12 12:00:00
4935,1981,ZL01981,3,Decent for the money,Packaging was neat and the item matched the listing details.,Jonas,1,2024-03-16 12:00:00
4936,1982,ZL01982,4,Better than expected,I bought this as a gift and the recipient liked it immediately.,Farid,1,2025-06-16 13:00:00
4937,1983,ZL01983,2,Arrived quickly,Feels durable. A couple of small scuffs from shipping but fine overall.,Uma,1,2024-12-03 14:00:00
4938,1984,ZL01984,5,Exactly as described,"Would appreciate more colour options, but this shade works for me.",Aisha,1,2024-05-16 19:00:00
4939,1984,ZL01984,4,Not bad at all,Used it for two weeks and it holds up well for daily use.,Farid,1,2024-02-07 19:00:00
4940,1985,ZL01985,2,Exactly as described,Works as advertised. Battery/performance is satisfactory so far.,Ravi,0,2025-04-06 15:00:00
4941,1986,ZL01986,2,Decent for the money,Instructions were clear and setup took only a few minutes.,Wei,1,2025-07-30 15:00:00
4942,1986,ZL01986,4,Reliable so far,Instructions were clear and setup took only a few minutes.,Danial,0,2025-05-18 15:00:00
4943,1986,ZL01986,5,Better than expected,Instructions were clear and setup took only a few minutes.,Ivy,0,2025-07-05 15:00:00
4944,1986,ZL01986,3,Worth the price,I bought this as a gift and the recipient liked it immediately.,Victor,1,2025-05-05 15:00:00
4945,1987,ZL01987,5,Exactly as described,I bought this as a gift and the recipient liked it immediately.,Chloe,1,2024-08-26 09:00:00
4946,1987,ZL01987,5,Not bad at all,Feels durable. A couple of small scuffs from shipping but fine overall.,Danial,0,2024-10-16 09:00:00
4947,1987,ZL01987,4,Love this,Used it for two weeks and it holds up well for daily use.,Nora,0,2024-09-09 09:00:00
4948,1987,ZL01987,4,Worth the price,Packaging was neat and the item matched the listing details.,Ravi,1,2024-10-01 09:00:00
4949,1988,ZL01988,3,Arrived quickly,Good value compared with similar products I have tried.,Ben,0,2025-04-19 03:00:00
4950,1988,ZL01988,3,Arrived quickly,Works as advertised. Battery/performance is satisfactory so far.,Kai,1,2025-03-07 03:00:00
4951,1989,ZL01989,4,Nice finish,Used it for two weeks and it holds up well for daily use.,Uma,1,2024-09-10 15:00:00
4952,1989,ZL01989,4,Happy with it,Feels durable. A couple of small scuffs from shipping but fine overall.,Farid,1,2024-09-25 15:00:00
4953,1989,ZL01989,3,Decent for the money,Material quality is better than I expected at this price point.,Jonas,1,2024-08-11 15:00:00
4954,1989,ZL01989,3,Love this,Feels durable. A couple of small scuffs from shipping but fine overall.,Uma,1,2024-09-13 15:00:00
4955,1990,ZL01990,4,Happy with it,Colour is accurate and sizing feels true based on the chart.,Ivy,1,2024-08-03 18:00:00
4956,1990,ZL01990,2,Reliable so far,Feels durable. A couple of small scuffs from shipping but fine overall.,Siti,0,2024-08-25 18:00:00
4957,1991,ZL01991,4,Arrived quickly,"Would appreciate more colour options, but this shade works for me.",Wei,1,2024-05-16 21:00:00
4958,1991,ZL01991,2,Arrived quickly,Packaging was neat and the item matched the listing details.,Zara,1,2024-05-31 21:00:00
4959,1991,ZL01991,5,Useful addition,Material quality is better than I expected at this price point.,Danial,1,2024-04-12 21:00:00
4960,1992,ZL01992,4,Worth the price,Instructions were clear and setup took only a few minutes.,Omar,1,2024-06-22 00:00:00
4961,1992,ZL01992,5,Nice finish,Feels durable. A couple of small scuffs from shipping but fine overall.,Nora,1,2024-06-09 00:00:00
4962,1992,ZL01992,4,Decent for the money,Works as advertised. Battery/performance is satisfactory so far.,Kai,1,2024-06-14 00:00:00
4963,1993,ZL01993,4,Exactly as described,Works as advertised. Battery/performance is satisfactory so far.,Priya,1,2024-09-15 00:00:00
4964,1993,ZL01993,2,Arrived quickly,I bought this as a gift and the recipient liked it immediately.,Omar,1,2024-12-16 00:00:00
4965,1993,ZL01993,4,Worth the price,I bought this as a gift and the recipient liked it immediately.,Aisha,1,2024-09-25 00:00:00
4966,1994,ZL01994,5,Nice finish,Instructions were clear and setup took only a few minutes.,Zara,1,2025-05-21 08:00:00
4967,1994,ZL01994,4,Better than expected,Colour is accurate and sizing feels true based on the chart.,Hassan,0,2025-04-20 08:00:00
4968,1995,ZL01995,4,Reliable so far,Works as advertised. Battery/performance is satisfactory so far.,Elena,1,2024-10-24 09:00:00
4969,1995,ZL01995,4,Happy with it,Packaging was neat and the item matched the listing details.,Priya,0,2025-01-11 09:00:00
4970,1995,ZL01995,3,Reliable so far,Used it for two weeks and it holds up well for daily use.,Yasmin,0,2024-10-31 09:00:00
4971,1995,ZL01995,4,Solid everyday pick,Packaging was neat and the item matched the listing details.,Farid,1,2024-12-06 09:00:00
4972,1996,ZL01996,3,Good build quality,Colour is accurate and sizing feels true based on the chart.,Quinn,1,2025-04-21 22:00:00
4973,1996,ZL01996,4,Would buy again,Feels durable. A couple of small scuffs from shipping but fine overall.,Wei,0,2025-01-28 22:00:00
4974,1996,ZL01996,2,Not bad at all,Instructions were clear and setup took only a few minutes.,Ben,1,2025-01-15 22:00:00
4975,1996,ZL01996,3,Nice finish,Colour is accurate and sizing feels true based on the chart.,Jonas,0,2025-03-25 22:00:00
4976,1997,ZL01997,3,Not bad at all,Material quality is better than I expected at this price point.,Danial,1,2024-05-14 02:00:00
4977,1997,ZL01997,5,Exactly as described,Instructions were clear and setup took only a few minutes.,Ben,1,2024-01-23 02:00:00
4978,1997,ZL01997,5,Decent for the money,Good value compared with similar products I have tried.,Danial,1,2024-01-27 02:00:00
4979,1997,ZL01997,3,Good build quality,Material quality is better than I expected at this price point.,Quinn,1,2024-04-24 02:00:00
4980,1998,ZL01998,3,Arrived quickly,Works as advertised. Battery/performance is satisfactory so far.,Chloe,0,2025-08-10 21:00:00
4981,1999,ZL01999,4,Better than expected,Colour is accurate and sizing feels true based on the chart.,Priya,1,2024-06-18 21:00:00
4982,2000,ZL02000,4,Happy with it,Feels durable. A couple of small scuffs from shipping but fine overall.,Hassan,1,2024-08-31 22:00:00
4983,2000,ZL02000,3,Arrived quickly,Feels durable. A couple of small scuffs from shipping but fine overall.,Siti,1,2024-09-01 22:00:00
4984,2000,ZL02000,5,Would buy again,"Would appreciate more colour options, but this shade works for me.",Nora,1,2024-08-31 22:00:00
4985,2001,ZL02001,3,Solid everyday pick,Works as advertised. Battery/performance is satisfactory so far.,Wei,1,2024-06-24 22:00:00
4986,2001,ZL02001,2,Love this,Packaging was neat and the item matched the listing details.,Aisha,0,2024-06-24 22:00:00
4987,2001,ZL02001,2,Arrived quickly,Packaging was neat and the item matched the listing details.,Ben,1,2024-09-17 22:00:00
4988,2001,ZL02001,5,Not bad at all,Instructions were clear and setup took only a few minutes.,Grace,1,2024-07-01 22:00:00
4989,2002,ZL02002,4,Nice finish,Good value compared with similar products I have tried.,Tom,1,2025-01-04 16:00:00
4990,2002,ZL02002,4,Happy with it,Instructions were clear and setup took only a few minutes.,Siti,1,2025-03-04 16:00:00
4991,2002,ZL02002,3,Not bad at all,"Would appreciate more colour options, but this shade works for me.",Hassan,1,2025-02-13 16:00:00
4992,2003,ZL02003,5,Solid everyday pick,Colour is accurate and sizing feels true based on the chart.,Marcus,1,2025-01-07 22:00:00
4993,2003,ZL02003,4,Good build quality,Good value compared with similar products I have tried.,Farid,1,2024-12-06 22:00:00
4994,2004,ZL02004,3,Good build quality,Works as advertised. Battery/performance is satisfactory so far.,Uma,1,2025-06-26 22:00:00
4995,2004,ZL02004,4,Would buy again,Packaging was neat and the item matched the listing details.,Zara,1,2025-08-17 22:00:00
4996,2004,ZL02004,2,Worth the price,Packaging was neat and the item matched the listing details.,Ravi,1,2025-06-23 22:00:00
4997,2005,ZL02005,5,Worth the price,Colour is accurate and sizing feels true based on the chart.,Danial,0,2025-03-31 16:00:00
4998,2005,ZL02005,5,Solid everyday pick,Works as advertised. Battery/performance is satisfactory so far.,Yasmin,1,2025-04-13 16:00:00
4999,2006,ZL02006,3,Would buy again,Good value compared with similar products I have tried.,Grace,1,2025-05-07 13:00:00
5000,2006,ZL02006,4,Solid everyday pick,Material quality is better than I expected at this price point.,Siti,1,2025-04-10 13:00:00
5001,2006,ZL02006,5,Solid everyday pick,Instructions were clear and setup took only a few minutes.,Yasmin,1,2025-07-30 13:00:00
5002,2006,ZL02006,5,Useful addition,"Would appreciate more colour options, but this shade works for me.",Marcus,1,2025-06-20 13:00:00
5003,2007,ZL02007,2,Arrived quickly,Feels durable. A couple of small scuffs from shipping but fine overall.,Tom,0,2024-09-21 20:00:00
5004,2007,ZL02007,5,Better than expected,Works as advertised. Battery/performance is satisfactory so far.,Zara,1,2024-10-13 20:00:00
5005,2007,ZL02007,3,Exactly as described,I bought this as a gift and the recipient liked it immediately.,Omar,1,2024-10-16 20:00:00
5006,2008,ZL02008,4,Better than expected,"Would appreciate more colour options, but this shade works for me.",Ivy,0,2024-09-08 13:00:00
5007,2008,ZL02008,5,Reliable so far,"Would appreciate more colour options, but this shade works for me.",Lina,0,2024-10-16 13:00:00
5008,2008,ZL02008,3,Reliable so far,Material quality is better than I expected at this price point.,Tom,1,2024-10-24 13:00:00
5009,2009,ZL02009,3,Useful addition,Material quality is better than I expected at this price point.,Marcus,1,2024-06-10 12:00:00
5010,2010,ZL02010,4,Not bad at all,Material quality is better than I expected at this price point.,Zara,1,2025-04-16 22:00:00
5011,2010,ZL02010,2,Reliable so far,Used it for two weeks and it holds up well for daily use.,Grace,0,2025-07-10 22:00:00
5012,2010,ZL02010,4,Good build quality,Material quality is better than I expected at this price point.,Quinn,1,2025-06-16 22:00:00
5013,2011,ZL02011,5,Solid everyday pick,Instructions were clear and setup took only a few minutes.,Chloe,1,2025-02-11 20:00:00
5014,2011,ZL02011,3,Happy with it,Colour is accurate and sizing feels true based on the chart.,Ivy,1,2025-03-17 20:00:00
5015,2011,ZL02011,3,Worth the price,Works as advertised. Battery/performance is satisfactory so far.,Kai,1,2025-02-28 20:00:00
5016,2012,ZL02012,3,Nice finish,Material quality is better than I expected at this price point.,Ravi,1,2024-04-02 05:00:00
5017,2012,ZL02012,3,Better than expected,Works as advertised. Battery/performance is satisfactory so far.,Zara,1,2024-05-25 05:00:00
5018,2012,ZL02012,5,Arrived quickly,Works as advertised. Battery/performance is satisfactory so far.,Hassan,1,2024-04-09 05:00:00
5019,2012,ZL02012,4,Better than expected,Used it for two weeks and it holds up well for daily use.,Ben,1,2024-06-09 05:00:00
5020,2013,ZL02013,4,Worth the price,Packaging was neat and the item matched the listing details.,Jonas,1,2024-11-16 22:00:00
5021,2014,ZL02014,3,Useful addition,"Would appreciate more colour options, but this shade works for me.",Siti,0,2024-08-19 01:00:00
5022,2015,ZL02015,4,Solid everyday pick,Good value compared with similar products I have tried.,Wei,0,2025-06-11 19:00:00
5023,2015,ZL02015,3,Decent for the money,Instructions were clear and setup took only a few minutes.,Elena,0,2025-06-18 19:00:00
5024,2016,ZL02016,4,Worth the price,Instructions were clear and setup took only a few minutes.,Grace,1,2024-08-26 12:00:00
5025,2016,ZL02016,4,Happy with it,Instructions were clear and setup took only a few minutes.,Wei,1,2024-08-15 12:00:00
5026,2016,ZL02016,4,Decent for the money,Instructions were clear and setup took only a few minutes.,Aisha,1,2024-08-05 12:00:00
5027,2016,ZL02016,4,Worth the price,Material quality is better than I expected at this price point.,Priya,1,2024-10-09 12:00:00
5028,2017,ZL02017,2,Decent for the money,"Would appreciate more colour options, but this shade works for me.",Yasmin,0,2024-08-31 14:00:00
5029,2017,ZL02017,4,Nice finish,Material quality is better than I expected at this price point.,Omar,1,2024-08-27 14:00:00
5030,2017,ZL02017,3,Good build quality,"Would appreciate more colour options, but this shade works for me.",Farid,1,2024-08-09 14:00:00
5031,2017,ZL02017,3,Love this,"Would appreciate more colour options, but this shade works for me.",Jonas,1,2024-07-21 14:00:00
5032,2018,ZL02018,3,Would buy again,Works as advertised. Battery/performance is satisfactory so far.,Zara,0,2024-12-22 09:00:00
5033,2019,ZL02019,4,Nice finish,"Would appreciate more colour options, but this shade works for me.",Uma,1,2024-07-26 20:00:00
5034,2019,ZL02019,5,Happy with it,Packaging was neat and the item matched the listing details.,Zara,1,2024-05-28 20:00:00
5035,2019,ZL02019,4,Worth the price,Instructions were clear and setup took only a few minutes.,Hassan,1,2024-07-06 20:00:00
5036,2019,ZL02019,3,Good build quality,Packaging was neat and the item matched the listing details.,Ravi,1,2024-08-01 20:00:00
5037,2020,ZL02020,3,Decent for the money,Instructions were clear and setup took only a few minutes.,Quinn,1,2025-01-12 23:00:00
5038,2020,ZL02020,4,Good build quality,Good value compared with similar products I have tried.,Yasmin,1,2025-03-23 23:00:00
5039,2020,ZL02020,4,Decent for the money,Material quality is better than I expected at this price point.,Jonas,1,2025-01-14 23:00:00
5040,2021,ZL02021,4,Would buy again,Good value compared with similar products I have tried.,Kai,1,2024-05-31 15:00:00
5041,2022,ZL02022,3,Nice finish,I bought this as a gift and the recipient liked it immediately.,Ravi,1,2025-07-21 23:00:00
5042,2022,ZL02022,3,Better than expected,Instructions were clear and setup took only a few minutes.,Hassan,1,2025-04-29 23:00:00
5043,2023,ZL02023,5,Decent for the money,Packaging was neat and the item matched the listing details.,Ben,0,2025-03-07 18:00:00
5044,2023,ZL02023,3,Would buy again,Good value compared with similar products I have tried.,Lina,0,2024-11-21 18:00:00
5045,2024,ZL02024,2,Nice finish,Good value compared with similar products I have tried.,Ravi,1,2024-06-04 05:00:00
5046,2024,ZL02024,4,Arrived quickly,Used it for two weeks and it holds up well for daily use.,Chloe,0,2024-08-12 05:00:00
5047,2025,ZL02025,3,Decent for the money,Used it for two weeks and it holds up well for daily use.,Aisha,1,2024-08-06 09:00:00
5048,2026,ZL02026,5,Nice finish,"Would appreciate more colour options, but this shade works for me.",Zara,1,2025-02-13 06:00:00
5049,2026,ZL02026,4,Good build quality,Good value compared with similar products I have tried.,Ravi,1,2025-02-22 06:00:00
5050,2026,ZL02026,2,Useful addition,Feels durable. A couple of small scuffs from shipping but fine overall.,Zara,1,2025-02-02 06:00:00
5051,2027,ZL02027,5,Would buy again,Used it for two weeks and it holds up well for daily use.,Yasmin,1,2024-07-31 00:00:00
5052,2027,ZL02027,5,Exactly as described,Colour is accurate and sizing feels true based on the chart.,Quinn,0,2024-05-03 00:00:00
5053,2027,ZL02027,3,Better than expected,Works as advertised. Battery/performance is satisfactory so far.,Grace,0,2024-05-27 00:00:00
5054,2027,ZL02027,4,Arrived quickly,Colour is accurate and sizing feels true based on the chart.,Wei,1,2024-08-25 00:00:00
5055,2028,ZL02028,4,Better than expected,Material quality is better than I expected at this price point.,Ivy,1,2024-12-19 21:00:00
5056,2028,ZL02028,5,Useful addition,Colour is accurate and sizing feels true based on the chart.,Victor,1,2025-01-08 21:00:00
5057,2028,ZL02028,4,Better than expected,Material quality is better than I expected at this price point.,Kai,1,2024-12-02 21:00:00
5058,2028,ZL02028,4,Solid everyday pick,Material quality is better than I expected at this price point.,Victor,0,2024-12-05 21:00:00
5059,2029,ZL02029,2,Better than expected,Instructions were clear and setup took only a few minutes.,Siti,1,2025-06-25 05:00:00
5060,2029,ZL02029,3,Exactly as described,Feels durable. A couple of small scuffs from shipping but fine overall.,Omar,1,2025-07-10 05:00:00
5061,2029,ZL02029,5,Good build quality,Works as advertised. Battery/performance is satisfactory so far.,Priya,1,2025-04-30 05:00:00
5062,2030,ZL02030,3,Happy with it,Works as advertised. Battery/performance is satisfactory so far.,Aisha,1,2025-03-29 16:00:00
5063,2030,ZL02030,4,Happy with it,Instructions were clear and setup took only a few minutes.,Wei,1,2025-04-25 16:00:00
5064,2030,ZL02030,4,Happy with it,Used it for two weeks and it holds up well for daily use.,Ivy,1,2025-02-04 16:00:00
5065,2031,ZL02031,3,Nice finish,Works as advertised. Battery/performance is satisfactory so far.,Kai,1,2024-11-14 04:00:00
5066,2031,ZL02031,5,Not bad at all,Packaging was neat and the item matched the listing details.,Danial,1,2025-02-12 04:00:00
5067,2032,ZL02032,3,Arrived quickly,Material quality is better than I expected at this price point.,Kai,0,2024-08-03 15:00:00
5068,2032,ZL02032,4,Good build quality,I bought this as a gift and the recipient liked it immediately.,Aisha,1,2024-05-02 15:00:00
5069,2032,ZL02032,5,Decent for the money,Works as advertised. Battery/performance is satisfactory so far.,Aisha,1,2024-07-11 15:00:00
5070,2032,ZL02032,4,Useful addition,Instructions were clear and setup took only a few minutes.,Victor,1,2024-05-01 15:00:00
5071,2033,ZL02033,2,Nice finish,Packaging was neat and the item matched the listing details.,Kai,1,2025-05-02 12:00:00
5072,2034,ZL02034,3,Would buy again,Used it for two weeks and it holds up well for daily use.,Ben,1,2025-02-27 07:00:00
5073,2034,ZL02034,4,Love this,Material quality is better than I expected at this price point.,Lina,0,2025-04-21 07:00:00
5074,2034,ZL02034,4,Worth the price,Colour is accurate and sizing feels true based on the chart.,Omar,1,2025-03-20 07:00:00
5075,2034,ZL02034,4,Nice finish,Used it for two weeks and it holds up well for daily use.,Wei,0,2025-04-10 07:00:00
5076,2035,ZL02035,4,Worth the price,Material quality is better than I expected at this price point.,Tom,1,2025-07-19 04:00:00
5077,2036,ZL02036,3,Reliable so far,Instructions were clear and setup took only a few minutes.,Wei,1,2024-10-09 12:00:00
5078,2036,ZL02036,3,Arrived quickly,Good value compared with similar products I have tried.,Kai,1,2024-11-26 12:00:00
5079,2036,ZL02036,4,Exactly as described,Instructions were clear and setup took only a few minutes.,Uma,1,2024-12-11 12:00:00
5080,2037,ZL02037,5,Reliable so far,Good value compared with similar products I have tried.,Ben,0,2025-04-03 02:00:00
5081,2038,ZL02038,5,Decent for the money,Colour is accurate and sizing feels true based on the chart.,Farid,1,2024-06-23 02:00:00
5082,2038,ZL02038,4,Solid everyday pick,Good value compared with similar products I have tried.,Elena,1,2024-08-03 02:00:00
5083,2038,ZL02038,5,Better than expected,Good value compared with similar products I have tried.,Omar,0,2024-05-06 02:00:00
5084,2038,ZL02038,5,Decent for the money,Works as advertised. Battery/performance is satisfactory so far.,Wei,1,2024-05-11 02:00:00
5085,2039,ZL02039,3,Decent for the money,Good value compared with similar products I have tried.,Hassan,1,2025-03-21 14:00:00
5086,2039,ZL02039,5,Arrived quickly,Material quality is better than I expected at this price point.,Ivy,1,2025-03-15 14:00:00
5087,2039,ZL02039,3,Happy with it,Material quality is better than I expected at this price point.,Elena,1,2025-02-07 14:00:00
5088,2039,ZL02039,5,Worth the price,Colour is accurate and sizing feels true based on the chart.,Kai,1,2025-03-27 14:00:00
5089,2040,ZL02040,3,Love this,Feels durable. A couple of small scuffs from shipping but fine overall.,Tom,0,2024-11-12 07:00:00
5090,2040,ZL02040,4,Love this,I bought this as a gift and the recipient liked it immediately.,Siti,1,2025-02-06 07:00:00
5091,2040,ZL02040,5,Good build quality,Material quality is better than I expected at this price point.,Danial,1,2025-02-19 07:00:00
5092,2041,ZL02041,4,Exactly as described,Material quality is better than I expected at this price point.,Omar,1,2025-02-02 06:00:00
5093,2041,ZL02041,3,Not bad at all,Instructions were clear and setup took only a few minutes.,Chloe,0,2025-03-29 06:00:00
5094,2041,ZL02041,5,Better than expected,Packaging was neat and the item matched the listing details.,Elena,1,2024-12-22 06:00:00
5095,2041,ZL02041,3,Not bad at all,Colour is accurate and sizing feels true based on the chart.,Farid,1,2025-03-05 06:00:00
5096,2042,ZL02042,2,Arrived quickly,Good value compared with similar products I have tried.,Victor,1,2024-10-22 12:00:00
5097,2043,ZL02043,5,Nice finish,Instructions were clear and setup took only a few minutes.,Lina,1,2024-11-12 16:00:00
5098,2044,ZL02044,2,Better than expected,Instructions were clear and setup took only a few minutes.,Kai,1,2024-09-20 09:00:00
5099,2044,ZL02044,4,Nice finish,Packaging was neat and the item matched the listing details.,Jonas,1,2024-07-07 09:00:00
5100,2045,ZL02045,3,Good build quality,I bought this as a gift and the recipient liked it immediately.,Marcus,1,2025-06-20 15:00:00
5101,2045,ZL02045,3,Exactly as described,Colour is accurate and sizing feels true based on the chart.,Siti,0,2025-06-24 15:00:00
5102,2046,ZL02046,5,Better than expected,Used it for two weeks and it holds up well for daily use.,Marcus,1,2024-05-29 07:00:00
5103,2047,ZL02047,2,Would buy again,Works as advertised. Battery/performance is satisfactory so far.,Elena,1,2024-10-31 03:00:00
5104,2048,ZL02048,2,Love this,Colour is accurate and sizing feels true based on the chart.,Siti,1,2024-05-27 23:00:00
5105,2049,ZL02049,4,Worth the price,"Would appreciate more colour options, but this shade works for me.",Yasmin,1,2024-11-18 10:00:00
5106,2049,ZL02049,4,Love this,Works as advertised. Battery/performance is satisfactory so far.,Yasmin,1,2024-10-08 10:00:00
5107,2050,ZL02050,5,Useful addition,Packaging was neat and the item matched the listing details.,Kai,1,2025-05-21 06:00:00
5108,2050,ZL02050,4,Reliable so far,Material quality is better than I expected at this price point.,Chloe,1,2025-06-27 06:00:00
5109,2050,ZL02050,5,Exactly as described,I bought this as a gift and the recipient liked it immediately.,Elena,0,2025-07-21 06:00:00
5110,2050,ZL02050,5,Arrived quickly,Colour is accurate and sizing feels true based on the chart.,Ivy,1,2025-07-31 06:00:00
5111,2051,ZL02051,2,Useful addition,Good value compared with similar products I have tried.,Marcus,1,2024-07-06 02:00:00
5112,2051,ZL02051,2,Would buy again,Packaging was neat and the item matched the listing details.,Hassan,0,2024-04-28 02:00:00
5113,2051,ZL02051,3,Happy with it,I bought this as a gift and the recipient liked it immediately.,Wei,0,2024-05-31 02:00:00
5114,2052,ZL02052,4,Reliable so far,Used it for two weeks and it holds up well for daily use.,Kai,1,2025-02-02 13:00:00
5115,2052,ZL02052,3,Decent for the money,I bought this as a gift and the recipient liked it immediately.,Ben,1,2025-05-08 13:00:00
5116,2052,ZL02052,3,Useful addition,Used it for two weeks and it holds up well for daily use.,Elena,1,2025-04-01 13:00:00
5117,2053,ZL02053,5,Not bad at all,Good value compared with similar products I have tried.,Lina,0,2024-04-25 23:00:00
5118,2053,ZL02053,5,Good build quality,Feels durable. A couple of small scuffs from shipping but fine overall.,Quinn,1,2024-07-14 23:00:00
5119,2054,ZL02054,3,Solid everyday pick,Instructions were clear and setup took only a few minutes.,Uma,1,2025-03-02 01:00:00
5120,2055,ZL02055,2,Decent for the money,Works as advertised. Battery/performance is satisfactory so far.,Farid,0,2024-07-25 15:00:00
5121,2055,ZL02055,2,Decent for the money,Instructions were clear and setup took only a few minutes.,Chloe,1,2024-10-24 15:00:00
5122,2055,ZL02055,3,Exactly as described,Instructions were clear and setup took only a few minutes.,Uma,1,2024-08-11 15:00:00
5123,2055,ZL02055,5,Reliable so far,Works as advertised. Battery/performance is satisfactory so far.,Siti,1,2024-08-12 15:00:00
5124,2056,ZL02056,3,Reliable so far,Used it for two weeks and it holds up well for daily use.,Grace,1,2024-07-31 16:00:00
5125,2057,ZL02057,5,Solid everyday pick,"Would appreciate more colour options, but this shade works for me.",Aisha,1,2025-06-20 21:00:00
5126,2057,ZL02057,4,Nice finish,"Would appreciate more colour options, but this shade works for me.",Yasmin,1,2025-07-15 21:00:00
5127,2057,ZL02057,3,Reliable so far,Good value compared with similar products I have tried.,Chloe,0,2025-04-02 21:00:00
5128,2058,ZL02058,5,Nice finish,Material quality is better than I expected at this price point.,Yasmin,1,2024-12-21 02:00:00
5129,2058,ZL02058,3,Reliable so far,Works as advertised. Battery/performance is satisfactory so far.,Victor,1,2025-01-27 02:00:00
5130,2059,ZL02059,5,Better than expected,Instructions were clear and setup took only a few minutes.,Marcus,1,2025-04-22 01:00:00
5131,2060,ZL02060,3,Better than expected,Colour is accurate and sizing feels true based on the chart.,Victor,1,2024-03-16 07:00:00
5132,2060,ZL02060,5,Not bad at all,I bought this as a gift and the recipient liked it immediately.,Omar,1,2024-04-01 07:00:00
5133,2060,ZL02060,5,Decent for the money,Works as advertised. Battery/performance is satisfactory so far.,Elena,1,2024-03-27 07:00:00
5134,2061,ZL02061,3,Nice finish,Works as advertised. Battery/performance is satisfactory so far.,Omar,1,2024-10-16 09:00:00
5135,2061,ZL02061,3,Happy with it,Good value compared with similar products I have tried.,Ivy,1,2024-11-17 09:00:00
5136,2061,ZL02061,3,Good build quality,Packaging was neat and the item matched the listing details.,Grace,1,2024-09-30 09:00:00
5137,2061,ZL02061,3,Good build quality,Good value compared with similar products I have tried.,Marcus,1,2024-10-09 09:00:00
5138,2062,ZL02062,5,Exactly as described,Packaging was neat and the item matched the listing details.,Siti,1,2024-11-15 07:00:00
5139,2062,ZL02062,3,Not bad at all,Good value compared with similar products I have tried.,Jonas,1,2024-11-14 07:00:00
5140,2062,ZL02062,4,Useful addition,Works as advertised. Battery/performance is satisfactory so far.,Marcus,0,2024-09-05 07:00:00
5141,2062,ZL02062,4,Worth the price,Material quality is better than I expected at this price point.,Omar,1,2024-10-10 07:00:00
5142,2063,ZL02063,2,Exactly as described,Feels durable. A couple of small scuffs from shipping but fine overall.,Marcus,1,2025-03-06 04:00:00
5143,2063,ZL02063,3,Worth the price,Material quality is better than I expected at this price point.,Ivy,1,2025-05-29 04:00:00
5144,2064,ZL02064,3,Arrived quickly,Material quality is better than I expected at this price point.,Ivy,0,2024-05-12 20:00:00
5145,2065,ZL02065,3,Nice finish,Colour is accurate and sizing feels true based on the chart.,Yasmin,0,2024-02-05 07:00:00
5146,2065,ZL02065,5,Love this,Works as advertised. Battery/performance is satisfactory so far.,Omar,1,2024-02-19 07:00:00
5147,2065,ZL02065,5,Love this,"Would appreciate more colour options, but this shade works for me.",Yasmin,1,2024-04-04 07:00:00
5148,2066,ZL02066,3,Exactly as described,Used it for two weeks and it holds up well for daily use.,Aisha,1,2024-09-30 14:00:00
5149,2067,ZL02067,3,Good build quality,Good value compared with similar products I have tried.,Jonas,1,2025-03-30 07:00:00
5150,2067,ZL02067,2,Would buy again,Feels durable. A couple of small scuffs from shipping but fine overall.,Farid,1,2025-04-22 07:00:00
5151,2067,ZL02067,4,Not bad at all,Colour is accurate and sizing feels true based on the chart.,Omar,1,2025-03-18 07:00:00
5152,2068,ZL02068,3,Arrived quickly,Good value compared with similar products I have tried.,Nora,1,2025-03-25 15:00:00
5153,2069,ZL02069,4,Good build quality,Works as advertised. Battery/performance is satisfactory so far.,Marcus,1,2025-07-28 01:00:00
5154,2070,ZL02070,5,Arrived quickly,Colour is accurate and sizing feels true based on the chart.,Nora,1,2024-03-13 02:00:00
5155,2070,ZL02070,5,Useful addition,"Would appreciate more colour options, but this shade works for me.",Victor,1,2024-02-29 02:00:00
5156,2071,ZL02071,5,Love this,Used it for two weeks and it holds up well for daily use.,Zara,1,2025-05-08 01:00:00
5157,2071,ZL02071,3,Solid everyday pick,Colour is accurate and sizing feels true based on the chart.,Uma,1,2025-08-01 01:00:00
5158,2072,ZL02072,5,Decent for the money,Feels durable. A couple of small scuffs from shipping but fine overall.,Siti,0,2024-06-24 14:00:00
5159,2072,ZL02072,3,Decent for the money,I bought this as a gift and the recipient liked it immediately.,Hassan,1,2024-07-19 14:00:00
5160,2072,ZL02072,4,Decent for the money,Material quality is better than I expected at this price point.,Zara,1,2024-06-06 14:00:00
5161,2073,ZL02073,2,Arrived quickly,I bought this as a gift and the recipient liked it immediately.,Jonas,0,2025-02-18 02:00:00
5162,2073,ZL02073,4,Useful addition,Good value compared with similar products I have tried.,Grace,1,2025-01-24 02:00:00
5163,2073,ZL02073,4,Not bad at all,"Would appreciate more colour options, but this shade works for me.",Lina,1,2024-11-30 02:00:00
5164,2073,ZL02073,5,Happy with it,Material quality is better than I expected at this price point.,Grace,1,2024-11-08 02:00:00
5165,2074,ZL02074,4,Useful addition,Used it for two weeks and it holds up well for daily use.,Grace,1,2024-04-30 09:00:00
5166,2074,ZL02074,3,Exactly as described,Works as advertised. Battery/performance is satisfactory so far.,Wei,0,2024-05-17 09:00:00
5167,2075,ZL02075,4,Good build quality,Colour is accurate and sizing feels true based on the chart.,Tom,1,2025-05-27 04:00:00
5168,2075,ZL02075,5,Good build quality,Used it for two weeks and it holds up well for daily use.,Quinn,1,2025-03-30 04:00:00
5169,2075,ZL02075,5,Reliable so far,Works as advertised. Battery/performance is satisfactory so far.,Quinn,1,2025-04-16 04:00:00
5170,2076,ZL02076,2,Worth the price,Material quality is better than I expected at this price point.,Ivy,1,2025-04-16 19:00:00
5171,2076,ZL02076,5,Reliable so far,Used it for two weeks and it holds up well for daily use.,Aisha,0,2025-01-22 19:00:00
5172,2076,ZL02076,4,Worth the price,I bought this as a gift and the recipient liked it immediately.,Elena,1,2025-05-13 19:00:00
5173,2077,ZL02077,3,Solid everyday pick,"Would appreciate more colour options, but this shade works for me.",Quinn,1,2024-09-11 06:00:00
5174,2078,ZL02078,5,Reliable so far,Works as advertised. Battery/performance is satisfactory so far.,Tom,1,2024-07-16 22:00:00
5175,2078,ZL02078,3,Better than expected,"Would appreciate more colour options, but this shade works for me.",Grace,1,2024-07-30 22:00:00
5176,2078,ZL02078,5,Exactly as described,Packaging was neat and the item matched the listing details.,Jonas,1,2024-06-23 22:00:00
5177,2078,ZL02078,5,Nice finish,I bought this as a gift and the recipient liked it immediately.,Kai,1,2024-06-03 22:00:00
5178,2079,ZL02079,3,Exactly as described,Works as advertised. Battery/performance is satisfactory so far.,Farid,1,2024-10-09 15:00:00
5179,2079,ZL02079,4,Decent for the money,Instructions were clear and setup took only a few minutes.,Elena,1,2024-09-19 15:00:00
5180,2079,ZL02079,2,Worth the price,Instructions were clear and setup took only a few minutes.,Quinn,1,2024-08-07 15:00:00
5181,2080,ZL02080,4,Good build quality,Material quality is better than I expected at this price point.,Yasmin,1,2024-06-30 11:00:00
5182,2080,ZL02080,4,Arrived quickly,Instructions were clear and setup took only a few minutes.,Ravi,1,2024-08-23 11:00:00
5183,2080,ZL02080,4,Nice finish,Works as advertised. Battery/performance is satisfactory so far.,Ivy,1,2024-06-28 11:00:00
5184,2081,ZL02081,3,Good build quality,I bought this as a gift and the recipient liked it immediately.,Quinn,1,2024-12-13 01:00:00
5185,2081,ZL02081,3,Arrived quickly,Instructions were clear and setup took only a few minutes.,Yasmin,1,2024-09-30 01:00:00
5186,2082,ZL02082,3,Reliable so far,Feels durable. A couple of small scuffs from shipping but fine overall.,Nora,0,2024-06-20 16:00:00
5187,2082,ZL02082,3,Decent for the money,Material quality is better than I expected at this price point.,Aisha,1,2024-06-23 16:00:00
5188,2082,ZL02082,5,Useful addition,"Would appreciate more colour options, but this shade works for me.",Priya,0,2024-07-22 16:00:00
5189,2082,ZL02082,4,Arrived quickly,I bought this as a gift and the recipient liked it immediately.,Grace,1,2024-05-18 16:00:00
5190,2083,ZL02083,3,Better than expected,Colour is accurate and sizing feels true based on the chart.,Kai,0,2025-04-21 17:00:00
5191,2083,ZL02083,4,Would buy again,Material quality is better than I expected at this price point.,Priya,1,2025-05-08 17:00:00
5192,2083,ZL02083,5,Arrived quickly,I bought this as a gift and the recipient liked it immediately.,Priya,1,2025-03-30 17:00:00
5193,2083,ZL02083,5,Useful addition,"Would appreciate more colour options, but this shade works for me.",Farid,0,2025-04-23 17:00:00
5194,2084,ZL02084,5,Reliable so far,"Would appreciate more colour options, but this shade works for me.",Elena,0,2025-03-30 21:00:00
5195,2084,ZL02084,2,Better than expected,Colour is accurate and sizing feels true based on the chart.,Ivy,1,2025-05-16 21:00:00
5196,2084,ZL02084,5,Arrived quickly,Used it for two weeks and it holds up well for daily use.,Nora,1,2025-06-01 21:00:00
5197,2084,ZL02084,2,Not bad at all,Packaging was neat and the item matched the listing details.,Zara,1,2025-04-22 21:00:00
5198,2085,ZL02085,4,Love this,Colour is accurate and sizing feels true based on the chart.,Elena,1,2025-01-03 18:00:00
5199,2085,ZL02085,4,Not bad at all,"Would appreciate more colour options, but this shade works for me.",Kai,1,2025-02-13 18:00:00
5200,2086,ZL02086,2,Solid everyday pick,Packaging was neat and the item matched the listing details.,Grace,1,2024-05-17 05:00:00
5201,2086,ZL02086,4,Nice finish,Used it for two weeks and it holds up well for daily use.,Siti,1,2024-05-29 05:00:00
5202,2086,ZL02086,3,Solid everyday pick,Material quality is better than I expected at this price point.,Farid,1,2024-04-17 05:00:00
5203,2086,ZL02086,2,Love this,Works as advertised. Battery/performance is satisfactory so far.,Tom,0,2024-06-07 05:00:00
5204,2087,ZL02087,3,Arrived quickly,Works as advertised. Battery/performance is satisfactory so far.,Elena,1,2024-07-14 14:00:00
5205,2087,ZL02087,5,Not bad at all,Instructions were clear and setup took only a few minutes.,Ivy,1,2024-04-30 14:00:00
5206,2088,ZL02088,2,Decent for the money,Works as advertised. Battery/performance is satisfactory so far.,Uma,1,2025-01-21 23:00:00
5207,2088,ZL02088,4,Arrived quickly,Used it for two weeks and it holds up well for daily use.,Omar,0,2024-12-24 23:00:00
5208,2088,ZL02088,3,Useful addition,Colour is accurate and sizing feels true based on the chart.,Siti,1,2025-02-03 23:00:00
5209,2088,ZL02088,5,Reliable so far,Works as advertised. Battery/performance is satisfactory so far.,Farid,0,2025-01-19 23:00:00
5210,2089,ZL02089,5,Better than expected,"Would appreciate more colour options, but this shade works for me.",Ivy,0,2025-06-30 17:00:00
5211,2090,ZL02090,2,Decent for the money,Used it for two weeks and it holds up well for daily use.,Ivy,1,2024-06-25 07:00:00
5212,2090,ZL02090,5,Would buy again,Colour is accurate and sizing feels true based on the chart.,Marcus,1,2024-08-06 07:00:00
5213,2091,ZL02091,4,Would buy again,Instructions were clear and setup took only a few minutes.,Zara,0,2025-01-23 18:00:00
5214,2091,ZL02091,5,Solid everyday pick,Good value compared with similar products I have tried.,Omar,1,2024-12-06 18:00:00
5215,2091,ZL02091,4,Reliable so far,I bought this as a gift and the recipient liked it immediately.,Jonas,0,2024-10-18 18:00:00
5216,2091,ZL02091,4,Useful addition,Packaging was neat and the item matched the listing details.,Ivy,0,2024-12-24 18:00:00
5217,2092,ZL02092,2,Nice finish,Works as advertised. Battery/performance is satisfactory so far.,Yasmin,1,2025-06-26 19:00:00
5218,2092,ZL02092,4,Happy with it,Material quality is better than I expected at this price point.,Grace,1,2025-07-02 19:00:00
5219,2092,ZL02092,2,Solid everyday pick,Feels durable. A couple of small scuffs from shipping but fine overall.,Lina,1,2025-05-19 19:00:00
5220,2092,ZL02092,2,Would buy again,"Would appreciate more colour options, but this shade works for me.",Siti,1,2025-07-30 19:00:00
5221,2093,ZL02093,5,Happy with it,Material quality is better than I expected at this price point.,Nora,1,2024-06-22 07:00:00
5222,2093,ZL02093,2,Not bad at all,I bought this as a gift and the recipient liked it immediately.,Jonas,1,2024-09-07 07:00:00
5223,2093,ZL02093,2,Arrived quickly,Instructions were clear and setup took only a few minutes.,Zara,1,2024-08-18 07:00:00
5224,2094,ZL02094,3,Good build quality,Instructions were clear and setup took only a few minutes.,Elena,0,2024-05-02 18:00:00
5225,2094,ZL02094,2,Exactly as described,Material quality is better than I expected at this price point.,Farid,1,2024-06-16 18:00:00
5226,2094,ZL02094,4,Love this,Used it for two weeks and it holds up well for daily use.,Victor,1,2024-04-02 18:00:00
5227,2095,ZL02095,2,Nice finish,Used it for two weeks and it holds up well for daily use.,Farid,1,2025-04-29 14:00:00
5228,2095,ZL02095,4,Would buy again,Good value compared with similar products I have tried.,Tom,1,2025-06-13 14:00:00
5229,2095,ZL02095,5,Useful addition,Good value compared with similar products I have tried.,Omar,1,2025-05-05 14:00:00
5230,2096,ZL02096,2,Happy with it,I bought this as a gift and the recipient liked it immediately.,Farid,1,2024-11-01 09:00:00
5231,2096,ZL02096,2,Worth the price,I bought this as a gift and the recipient liked it immediately.,Yasmin,0,2024-12-23 09:00:00
5232,2096,ZL02096,2,Exactly as described,Good value compared with similar products I have tried.,Chloe,1,2025-01-02 09:00:00
5233,2096,ZL02096,4,Not bad at all,I bought this as a gift and the recipient liked it immediately.,Quinn,0,2024-10-20 09:00:00
5234,2097,ZL02097,3,Better than expected,Colour is accurate and sizing feels true based on the chart.,Grace,1,2024-11-05 05:00:00
5235,2097,ZL02097,3,Arrived quickly,I bought this as a gift and the recipient liked it immediately.,Grace,1,2024-11-28 05:00:00
5236,2098,ZL02098,4,Useful addition,Material quality is better than I expected at this price point.,Grace,1,2024-12-07 16:00:00
5237,2098,ZL02098,4,Arrived quickly,Colour is accurate and sizing feels true based on the chart.,Chloe,1,2024-10-28 16:00:00
5238,2098,ZL02098,4,Better than expected,Feels durable. A couple of small scuffs from shipping but fine overall.,Priya,1,2024-09-13 16:00:00
5239,2099,ZL02099,4,Nice finish,"Would appreciate more colour options, but this shade works for me.",Ben,1,2025-04-15 06:00:00
5240,2099,ZL02099,3,Nice finish,Instructions were clear and setup took only a few minutes.,Jonas,1,2025-02-15 06:00:00
5241,2099,ZL02099,3,Love this,Good value compared with similar products I have tried.,Priya,1,2025-02-26 06:00:00
5242,2100,ZL02100,4,Exactly as described,Instructions were clear and setup took only a few minutes.,Wei,0,2024-10-16 20:00:00
5243,2100,ZL02100,3,Not bad at all,Feels durable. A couple of small scuffs from shipping but fine overall.,Elena,0,2024-09-17 20:00:00
5244,2100,ZL02100,4,Arrived quickly,Material quality is better than I expected at this price point.,Yasmin,1,2024-11-20 20:00:00
5245,2101,ZL02101,4,Solid everyday pick,Material quality is better than I expected at this price point.,Ravi,1,2025-03-06 11:00:00
5246,2101,ZL02101,4,Arrived quickly,Used it for two weeks and it holds up well for daily use.,Elena,1,2025-03-13 11:00:00
5247,2101,ZL02101,2,Solid everyday pick,Instructions were clear and setup took only a few minutes.,Chloe,0,2025-01-19 11:00:00
5248,2101,ZL02101,2,Love this,Feels durable. A couple of small scuffs from shipping but fine overall.,Lina,1,2025-02-24 11:00:00
5249,2102,ZL02102,5,Exactly as described,Feels durable. A couple of small scuffs from shipping but fine overall.,Chloe,1,2025-03-31 07:00:00
5250,2103,ZL02103,3,Exactly as described,Good value compared with similar products I have tried.,Quinn,1,2024-11-07 20:00:00
5251,2104,ZL02104,2,Reliable so far,Used it for two weeks and it holds up well for daily use.,Aisha,1,2025-01-18 16:00:00
5252,2104,ZL02104,5,Reliable so far,Instructions were clear and setup took only a few minutes.,Quinn,1,2025-03-26 16:00:00
5253,2104,ZL02104,5,Happy with it,"Would appreciate more colour options, but this shade works for me.",Lina,1,2025-03-29 16:00:00
5254,2104,ZL02104,2,Arrived quickly,Used it for two weeks and it holds up well for daily use.,Farid,1,2025-01-07 16:00:00
5255,2105,ZL02105,5,Nice finish,Works as advertised. Battery/performance is satisfactory so far.,Elena,1,2024-08-16 09:00:00
5256,2105,ZL02105,3,Reliable so far,Used it for two weeks and it holds up well for daily use.,Yasmin,1,2024-10-20 09:00:00
5257,2105,ZL02105,4,Decent for the money,Good value compared with similar products I have tried.,Farid,1,2024-09-12 09:00:00
5258,2106,ZL02106,2,Good build quality,Material quality is better than I expected at this price point.,Quinn,1,2024-09-18 22:00:00
5259,2106,ZL02106,5,Worth the price,Works as advertised. Battery/performance is satisfactory so far.,Uma,0,2024-08-02 22:00:00
5260,2106,ZL02106,2,Happy with it,Colour is accurate and sizing feels true based on the chart.,Elena,1,2024-10-13 22:00:00
5261,2107,ZL02107,5,Solid everyday pick,Used it for two weeks and it holds up well for daily use.,Wei,1,2024-10-27 17:00:00
5262,2107,ZL02107,4,Not bad at all,Used it for two weeks and it holds up well for daily use.,Yasmin,0,2024-09-06 17:00:00
5263,2108,ZL02108,4,Good build quality,Feels durable. A couple of small scuffs from shipping but fine overall.,Lina,1,2025-07-17 13:00:00
5264,2108,ZL02108,5,Reliable so far,Feels durable. A couple of small scuffs from shipping but fine overall.,Ravi,1,2025-07-23 13:00:00
5265,2109,ZL02109,5,Useful addition,Works as advertised. Battery/performance is satisfactory so far.,Ivy,1,2025-01-11 09:00:00
5266,2109,ZL02109,4,Exactly as described,I bought this as a gift and the recipient liked it immediately.,Nora,1,2024-12-21 09:00:00
5267,2109,ZL02109,5,Would buy again,"Would appreciate more colour options, but this shade works for me.",Quinn,1,2025-02-11 09:00:00
5268,2110,ZL02110,4,Worth the price,Instructions were clear and setup took only a few minutes.,Hassan,1,2024-11-17 21:00:00
5269,2110,ZL02110,4,Love this,Feels durable. A couple of small scuffs from shipping but fine overall.,Ravi,0,2024-10-01 21:00:00
5270,2110,ZL02110,5,Better than expected,Good value compared with similar products I have tried.,Ben,1,2024-09-18 21:00:00
5271,2110,ZL02110,3,Worth the price,Used it for two weeks and it holds up well for daily use.,Ravi,1,2024-07-24 21:00:00
5272,2111,ZL02111,5,Useful addition,"Would appreciate more colour options, but this shade works for me.",Yasmin,1,2025-01-30 00:00:00
5273,2112,ZL02112,4,Nice finish,Used it for two weeks and it holds up well for daily use.,Nora,1,2024-08-19 08:00:00
5274,2113,ZL02113,5,Happy with it,Works as advertised. Battery/performance is satisfactory so far.,Siti,0,2024-08-21 10:00:00
5275,2113,ZL02113,4,Would buy again,Material quality is better than I expected at this price point.,Siti,1,2024-11-09 10:00:00
5276,2114,ZL02114,2,Decent for the money,Works as advertised. Battery/performance is satisfactory so far.,Siti,1,2024-10-27 01:00:00
5277,2114,ZL02114,4,Solid everyday pick,Good value compared with similar products I have tried.,Siti,1,2024-10-05 01:00:00
5278,2115,ZL02115,4,Worth the price,Material quality is better than I expected at this price point.,Zara,0,2024-02-29 15:00:00
5279,2115,ZL02115,4,Solid everyday pick,Material quality is better than I expected at this price point.,Victor,0,2024-03-08 15:00:00
5280,2115,ZL02115,5,Reliable so far,I bought this as a gift and the recipient liked it immediately.,Victor,0,2024-02-29 15:00:00
5281,2115,ZL02115,4,Love this,I bought this as a gift and the recipient liked it immediately.,Jonas,1,2024-05-29 15:00:00
5282,2116,ZL02116,3,Worth the price,Good value compared with similar products I have tried.,Wei,0,2024-06-24 10:00:00
5283,2116,ZL02116,5,Nice finish,Colour is accurate and sizing feels true based on the chart.,Ivy,1,2024-04-24 10:00:00
5284,2116,ZL02116,4,Not bad at all,Instructions were clear and setup took only a few minutes.,Siti,1,2024-02-26 10:00:00
5285,2116,ZL02116,3,Useful addition,I bought this as a gift and the recipient liked it immediately.,Danial,1,2024-03-30 10:00:00
5286,2117,ZL02117,3,Useful addition,"Would appreciate more colour options, but this shade works for me.",Siti,1,2024-09-16 15:00:00
5287,2117,ZL02117,5,Better than expected,I bought this as a gift and the recipient liked it immediately.,Danial,1,2024-07-15 15:00:00
5288,2117,ZL02117,4,Happy with it,Good value compared with similar products I have tried.,Victor,0,2024-08-01 15:00:00
5289,2117,ZL02117,4,Love this,I bought this as a gift and the recipient liked it immediately.,Danial,1,2024-08-28 15:00:00
5290,2118,ZL02118,5,Useful addition,"Would appreciate more colour options, but this shade works for me.",Priya,1,2025-02-24 12:00:00
5291,2119,ZL02119,4,Worth the price,Good value compared with similar products I have tried.,Omar,0,2025-03-28 21:00:00
5292,2120,ZL02120,2,Useful addition,Packaging was neat and the item matched the listing details.,Kai,0,2025-05-24 06:00:00
5293,2120,ZL02120,2,Exactly as described,Colour is accurate and sizing feels true based on the chart.,Tom,0,2025-07-20 06:00:00
5294,2120,ZL02120,3,Decent for the money,Works as advertised. Battery/performance is satisfactory so far.,Wei,1,2025-04-27 06:00:00
5295,2120,ZL02120,3,Not bad at all,Works as advertised. Battery/performance is satisfactory so far.,Zara,0,2025-04-27 06:00:00
5296,2121,ZL02121,5,Better than expected,Material quality is better than I expected at this price point.,Danial,0,2024-07-31 05:00:00
5297,2121,ZL02121,5,Exactly as described,Used it for two weeks and it holds up well for daily use.,Grace,0,2024-07-06 05:00:00
5298,2121,ZL02121,3,Decent for the money,"Would appreciate more colour options, but this shade works for me.",Uma,1,2024-08-05 05:00:00
5299,2121,ZL02121,3,Happy with it,Works as advertised. Battery/performance is satisfactory so far.,Nora,0,2024-07-21 05:00:00
5300,2122,ZL02122,5,Better than expected,Works as advertised. Battery/performance is satisfactory so far.,Elena,1,2024-09-25 04:00:00
5301,2122,ZL02122,5,Solid everyday pick,Used it for two weeks and it holds up well for daily use.,Marcus,1,2024-09-28 04:00:00
5302,2122,ZL02122,3,Arrived quickly,Packaging was neat and the item matched the listing details.,Farid,1,2024-10-21 04:00:00
5303,2122,ZL02122,3,Good build quality,Works as advertised. Battery/performance is satisfactory so far.,Nora,1,2024-10-15 04:00:00
5304,2123,ZL02123,4,Love this,Used it for two weeks and it holds up well for daily use.,Siti,1,2024-07-25 21:00:00
5305,2123,ZL02123,4,Happy with it,Colour is accurate and sizing feels true based on the chart.,Ravi,1,2024-09-11 21:00:00
5306,2124,ZL02124,3,Reliable so far,Used it for two weeks and it holds up well for daily use.,Grace,1,2024-12-10 21:00:00
5307,2124,ZL02124,5,Arrived quickly,Good value compared with similar products I have tried.,Marcus,0,2024-09-25 21:00:00
5308,2124,ZL02124,3,Nice finish,Good value compared with similar products I have tried.,Tom,0,2024-11-26 21:00:00
5309,2125,ZL02125,5,Solid everyday pick,"Would appreciate more colour options, but this shade works for me.",Jonas,1,2025-06-30 02:00:00
5310,2125,ZL02125,5,Worth the price,Used it for two weeks and it holds up well for daily use.,Omar,1,2025-05-03 02:00:00
5311,2125,ZL02125,5,Useful addition,Instructions were clear and setup took only a few minutes.,Elena,1,2025-06-11 02:00:00
5312,2126,ZL02126,2,Reliable so far,Feels durable. A couple of small scuffs from shipping but fine overall.,Ben,1,2025-07-09 22:00:00
5313,2127,ZL02127,2,Nice finish,Good value compared with similar products I have tried.,Quinn,0,2024-12-04 08:00:00
5314,2128,ZL02128,5,Arrived quickly,Used it for two weeks and it holds up well for daily use.,Zara,0,2024-10-03 22:00:00
5315,2129,ZL02129,5,Arrived quickly,Material quality is better than I expected at this price point.,Uma,1,2024-08-25 11:00:00
5316,2130,ZL02130,3,Love this,Packaging was neat and the item matched the listing details.,Chloe,1,2025-02-14 11:00:00
5317,2130,ZL02130,2,Happy with it,Instructions were clear and setup took only a few minutes.,Danial,1,2025-02-25 11:00:00
5318,2130,ZL02130,2,Better than expected,Works as advertised. Battery/performance is satisfactory so far.,Quinn,1,2025-04-13 11:00:00
5319,2130,ZL02130,5,Arrived quickly,I bought this as a gift and the recipient liked it immediately.,Wei,1,2025-04-16 11:00:00
5320,2131,ZL02131,3,Not bad at all,Good value compared with similar products I have tried.,Marcus,1,2024-04-16 22:00:00
5321,2131,ZL02131,5,Not bad at all,Instructions were clear and setup took only a few minutes.,Aisha,1,2024-03-18 22:00:00
5322,2131,ZL02131,4,Useful addition,Used it for two weeks and it holds up well for daily use.,Jonas,1,2024-03-28 22:00:00
5323,2131,ZL02131,5,Better than expected,Used it for two weeks and it holds up well for daily use.,Chloe,1,2024-03-04 22:00:00
5324,2132,ZL02132,3,Not bad at all,Instructions were clear and setup took only a few minutes.,Nora,0,2024-08-08 01:00:00
5325,2132,ZL02132,5,Useful addition,Material quality is better than I expected at this price point.,Omar,1,2024-08-31 01:00:00
5326,2133,ZL02133,4,Love this,I bought this as a gift and the recipient liked it immediately.,Aisha,1,2024-07-10 00:00:00
5327,2134,ZL02134,4,Arrived quickly,I bought this as a gift and the recipient liked it immediately.,Farid,1,2024-12-01 07:00:00
5328,2135,ZL02135,5,Happy with it,"Would appreciate more colour options, but this shade works for me.",Priya,1,2024-04-18 05:00:00
5329,2136,ZL02136,4,Good build quality,Used it for two weeks and it holds up well for daily use.,Tom,1,2025-04-25 03:00:00
5330,2136,ZL02136,5,Arrived quickly,I bought this as a gift and the recipient liked it immediately.,Lina,0,2025-02-06 03:00:00
5331,2136,ZL02136,3,Better than expected,Used it for two weeks and it holds up well for daily use.,Siti,1,2025-02-26 03:00:00
5332,2136,ZL02136,2,Solid everyday pick,I bought this as a gift and the recipient liked it immediately.,Danial,1,2025-02-03 03:00:00
5333,2137,ZL02137,5,Love this,I bought this as a gift and the recipient liked it immediately.,Wei,1,2025-05-28 07:00:00
5334,2137,ZL02137,4,Reliable so far,Used it for two weeks and it holds up well for daily use.,Lina,1,2025-07-13 07:00:00
5335,2138,ZL02138,5,Better than expected,Feels durable. A couple of small scuffs from shipping but fine overall.,Chloe,0,2025-01-14 21:00:00
5336,2138,ZL02138,5,Decent for the money,I bought this as a gift and the recipient liked it immediately.,Elena,0,2025-03-06 21:00:00
5337,2138,ZL02138,4,Love this,Colour is accurate and sizing feels true based on the chart.,Chloe,1,2024-11-17 21:00:00
5338,2139,ZL02139,5,Happy with it,I bought this as a gift and the recipient liked it immediately.,Victor,1,2025-03-01 02:00:00
5339,2140,ZL02140,3,Decent for the money,Good value compared with similar products I have tried.,Danial,1,2024-04-25 13:00:00
5340,2141,ZL02141,5,Nice finish,I bought this as a gift and the recipient liked it immediately.,Uma,0,2024-03-06 12:00:00
5341,2142,ZL02142,3,Exactly as described,"Would appreciate more colour options, but this shade works for me.",Grace,1,2025-03-23 02:00:00
5342,2142,ZL02142,2,Nice finish,Used it for two weeks and it holds up well for daily use.,Uma,1,2025-04-01 02:00:00
5343,2142,ZL02142,4,Useful addition,Feels durable. A couple of small scuffs from shipping but fine overall.,Tom,1,2025-03-14 02:00:00
5344,2143,ZL02143,5,Decent for the money,Good value compared with similar products I have tried.,Wei,1,2025-07-09 12:00:00
5345,2143,ZL02143,3,Useful addition,Colour is accurate and sizing feels true based on the chart.,Danial,1,2025-06-20 12:00:00
5346,2144,ZL02144,4,Decent for the money,Packaging was neat and the item matched the listing details.,Aisha,1,2025-04-28 12:00:00
5347,2144,ZL02144,5,Love this,Packaging was neat and the item matched the listing details.,Ben,1,2025-04-17 12:00:00
5348,2145,ZL02145,3,Decent for the money,Feels durable. A couple of small scuffs from shipping but fine overall.,Wei,0,2025-06-12 09:00:00
5349,2145,ZL02145,5,Love this,Used it for two weeks and it holds up well for daily use.,Grace,1,2025-03-18 09:00:00
5350,2146,ZL02146,3,Nice finish,Material quality is better than I expected at this price point.,Yasmin,1,2024-02-15 16:00:00
5351,2146,ZL02146,5,Solid everyday pick,Packaging was neat and the item matched the listing details.,Aisha,1,2024-02-28 16:00:00
5352,2146,ZL02146,5,Worth the price,Colour is accurate and sizing feels true based on the chart.,Uma,0,2024-01-25 16:00:00
5353,2146,ZL02146,5,Happy with it,Good value compared with similar products I have tried.,Lina,1,2024-04-20 16:00:00
5354,2147,ZL02147,5,Solid everyday pick,Works as advertised. Battery/performance is satisfactory so far.,Kai,0,2025-05-09 05:00:00
5355,2147,ZL02147,4,Arrived quickly,Feels durable. A couple of small scuffs from shipping but fine overall.,Hassan,1,2025-05-13 05:00:00
5356,2148,ZL02148,4,Not bad at all,Packaging was neat and the item matched the listing details.,Quinn,0,2024-09-17 19:00:00
5357,2148,ZL02148,4,Useful addition,Packaging was neat and the item matched the listing details.,Farid,1,2024-06-18 19:00:00
5358,2149,ZL02149,4,Useful addition,Instructions were clear and setup took only a few minutes.,Farid,0,2025-01-02 09:00:00
5359,2150,ZL02150,2,Useful addition,"Would appreciate more colour options, but this shade works for me.",Kai,1,2024-07-17 01:00:00
5360,2151,ZL02151,5,Happy with it,Material quality is better than I expected at this price point.,Wei,1,2025-04-08 03:00:00
5361,2151,ZL02151,5,Good build quality,Works as advertised. Battery/performance is satisfactory so far.,Elena,1,2025-05-26 03:00:00
5362,2152,ZL02152,5,Good build quality,Feels durable. A couple of small scuffs from shipping but fine overall.,Priya,1,2025-03-13 13:00:00
5363,2152,ZL02152,3,Would buy again,Packaging was neat and the item matched the listing details.,Priya,1,2024-11-20 13:00:00
5364,2153,ZL02153,5,Love this,Instructions were clear and setup took only a few minutes.,Tom,1,2025-05-04 00:00:00
5365,2154,ZL02154,2,Good build quality,Instructions were clear and setup took only a few minutes.,Ivy,1,2025-03-31 02:00:00
5366,2155,ZL02155,3,Happy with it,Colour is accurate and sizing feels true based on the chart.,Priya,1,2025-01-07 05:00:00
5367,2156,ZL02156,2,Love this,Instructions were clear and setup took only a few minutes.,Lina,0,2024-12-29 21:00:00
5368,2157,ZL02157,3,Love this,Feels durable. A couple of small scuffs from shipping but fine overall.,Grace,1,2025-02-01 01:00:00
5369,2157,ZL02157,2,Better than expected,"Would appreciate more colour options, but this shade works for me.",Jonas,1,2025-03-11 01:00:00
5370,2157,ZL02157,2,Solid everyday pick,Packaging was neat and the item matched the listing details.,Omar,1,2025-01-24 01:00:00
5371,2158,ZL02158,4,Would buy again,"Would appreciate more colour options, but this shade works for me.",Zara,1,2025-08-03 01:00:00
5372,2158,ZL02158,3,Not bad at all,Feels durable. A couple of small scuffs from shipping but fine overall.,Ivy,1,2025-08-07 01:00:00
5373,2158,ZL02158,4,Love this,Colour is accurate and sizing feels true based on the chart.,Quinn,1,2025-04-27 01:00:00
5374,2159,ZL02159,3,Exactly as described,I bought this as a gift and the recipient liked it immediately.,Jonas,1,2024-04-13 08:00:00
5375,2159,ZL02159,5,Love this,"Would appreciate more colour options, but this shade works for me.",Aisha,0,2024-04-07 08:00:00
5376,2160,ZL02160,5,Arrived quickly,Colour is accurate and sizing feels true based on the chart.,Jonas,1,2024-01-16 03:00:00
5377,2161,ZL02161,4,Decent for the money,Works as advertised. Battery/performance is satisfactory so far.,Grace,1,2024-10-29 10:00:00
5378,2161,ZL02161,4,Decent for the money,Used it for two weeks and it holds up well for daily use.,Kai,1,2024-12-07 10:00:00
5379,2161,ZL02161,5,Arrived quickly,Feels durable. A couple of small scuffs from shipping but fine overall.,Quinn,1,2024-12-17 10:00:00
5380,2161,ZL02161,3,Worth the price,"Would appreciate more colour options, but this shade works for me.",Ben,0,2024-10-22 10:00:00
5381,2162,ZL02162,3,Happy with it,Good value compared with similar products I have tried.,Wei,0,2025-05-19 23:00:00
5382,2163,ZL02163,4,Better than expected,Colour is accurate and sizing feels true based on the chart.,Tom,1,2024-08-17 19:00:00
5383,2163,ZL02163,5,Nice finish,Feels durable. A couple of small scuffs from shipping but fine overall.,Siti,1,2024-10-03 19:00:00
5384,2163,ZL02163,4,Reliable so far,Good value compared with similar products I have tried.,Wei,1,2024-06-29 19:00:00
5385,2164,ZL02164,4,Good build quality,Packaging was neat and the item matched the listing details.,Omar,1,2024-05-11 17:00:00
5386,2165,ZL02165,5,Reliable so far,Material quality is better than I expected at this price point.,Grace,0,2024-04-03 03:00:00
5387,2165,ZL02165,4,Useful addition,Good value compared with similar products I have tried.,Jonas,1,2024-04-10 03:00:00
5388,2166,ZL02166,5,Nice finish,Used it for two weeks and it holds up well for daily use.,Danial,1,2024-11-16 22:00:00
5389,2166,ZL02166,5,Nice finish,Good value compared with similar products I have tried.,Ivy,1,2024-11-24 22:00:00
5390,2166,ZL02166,3,Would buy again,Colour is accurate and sizing feels true based on the chart.,Lina,1,2024-10-17 22:00:00
5391,2166,ZL02166,5,Happy with it,Good value compared with similar products I have tried.,Ben,1,2024-12-26 22:00:00
5392,2167,ZL02167,2,Solid everyday pick,Colour is accurate and sizing feels true based on the chart.,Ravi,1,2025-04-11 10:00:00
5393,2167,ZL02167,4,Reliable so far,Material quality is better than I expected at this price point.,Ravi,1,2025-04-08 10:00:00
5394,2167,ZL02167,5,Solid everyday pick,"Would appreciate more colour options, but this shade works for me.",Elena,0,2025-02-18 10:00:00
5395,2168,ZL02168,5,Better than expected,I bought this as a gift and the recipient liked it immediately.,Zara,1,2025-05-07 17:00:00
5396,2168,ZL02168,3,Useful addition,Good value compared with similar products I have tried.,Priya,1,2025-05-27 17:00:00
5397,2168,ZL02168,4,Decent for the money,Good value compared with similar products I have tried.,Ben,0,2025-03-12 17:00:00
5398,2168,ZL02168,3,Reliable so far,Instructions were clear and setup took only a few minutes.,Farid,1,2025-04-21 17:00:00
5399,2169,ZL02169,3,Nice finish,Packaging was neat and the item matched the listing details.,Yasmin,1,2025-05-27 02:00:00
5400,2169,ZL02169,4,Reliable so far,Packaging was neat and the item matched the listing details.,Jonas,1,2025-02-22 02:00:00
5401,2169,ZL02169,4,Not bad at all,Colour is accurate and sizing feels true based on the chart.,Farid,1,2025-04-09 02:00:00
5402,2170,ZL02170,5,Nice finish,Good value compared with similar products I have tried.,Omar,1,2025-02-12 07:00:00
5403,2170,ZL02170,5,Would buy again,Colour is accurate and sizing feels true based on the chart.,Priya,1,2025-03-06 07:00:00
5404,2171,ZL02171,4,Love this,Works as advertised. Battery/performance is satisfactory so far.,Victor,1,2024-07-30 18:00:00
5405,2172,ZL02172,5,Reliable so far,Works as advertised. Battery/performance is satisfactory so far.,Tom,1,2024-05-12 18:00:00
5406,2172,ZL02172,4,Would buy again,"Would appreciate more colour options, but this shade works for me.",Priya,0,2024-05-18 18:00:00
5407,2173,ZL02173,3,Nice finish,Works as advertised. Battery/performance is satisfactory so far.,Uma,1,2024-08-20 22:00:00
5408,2174,ZL02174,5,Useful addition,Works as advertised. Battery/performance is satisfactory so far.,Victor,0,2024-09-07 04:00:00
5409,2174,ZL02174,3,Would buy again,Material quality is better than I expected at this price point.,Siti,1,2024-10-06 04:00:00
5410,2174,ZL02174,4,Useful addition,Used it for two weeks and it holds up well for daily use.,Kai,1,2024-08-29 04:00:00
5411,2175,ZL02175,3,Happy with it,Good value compared with similar products I have tried.,Siti,1,2024-04-01 08:00:00
5412,2175,ZL02175,4,Would buy again,Instructions were clear and setup took only a few minutes.,Hassan,1,2024-03-26 08:00:00
5413,2176,ZL02176,5,Reliable so far,Material quality is better than I expected at this price point.,Zara,1,2025-07-01 06:00:00
5414,2176,ZL02176,5,Nice finish,Works as advertised. Battery/performance is satisfactory so far.,Quinn,1,2025-05-07 06:00:00
5415,2177,ZL02177,4,Arrived quickly,Packaging was neat and the item matched the listing details.,Tom,1,2025-05-13 01:00:00
5416,2177,ZL02177,3,Arrived quickly,Works as advertised. Battery/performance is satisfactory so far.,Zara,1,2025-05-19 01:00:00
5417,2178,ZL02178,2,Happy with it,Material quality is better than I expected at this price point.,Aisha,1,2024-11-20 00:00:00
5418,2178,ZL02178,5,Useful addition,I bought this as a gift and the recipient liked it immediately.,Tom,0,2024-11-13 00:00:00
5419,2179,ZL02179,4,Worth the price,Feels durable. A couple of small scuffs from shipping but fine overall.,Aisha,1,2024-04-10 23:00:00
5420,2179,ZL02179,4,Good build quality,Material quality is better than I expected at this price point.,Uma,0,2024-04-05 23:00:00
5421,2179,ZL02179,3,Not bad at all,Good value compared with similar products I have tried.,Ben,1,2024-04-29 23:00:00
5422,2179,ZL02179,4,Solid everyday pick,Works as advertised. Battery/performance is satisfactory so far.,Kai,1,2024-06-02 23:00:00
5423,2180,ZL02180,5,Happy with it,Works as advertised. Battery/performance is satisfactory so far.,Elena,1,2024-04-01 00:00:00
5424,2181,ZL02181,5,Would buy again,Material quality is better than I expected at this price point.,Tom,0,2025-01-07 03:00:00
5425,2182,ZL02182,5,Decent for the money,I bought this as a gift and the recipient liked it immediately.,Wei,1,2024-07-03 19:00:00
5426,2182,ZL02182,4,Better than expected,"Would appreciate more colour options, but this shade works for me.",Jonas,0,2024-05-31 19:00:00
5427,2182,ZL02182,5,Happy with it,Used it for two weeks and it holds up well for daily use.,Wei,0,2024-06-03 19:00:00
5428,2182,ZL02182,3,Reliable so far,"Would appreciate more colour options, but this shade works for me.",Tom,1,2024-03-23 19:00:00
5429,2183,ZL02183,4,Not bad at all,Instructions were clear and setup took only a few minutes.,Omar,1,2024-10-29 09:00:00
5430,2183,ZL02183,4,Love this,Works as advertised. Battery/performance is satisfactory so far.,Wei,0,2024-10-09 09:00:00
5431,2184,ZL02184,3,Exactly as described,Used it for two weeks and it holds up well for daily use.,Ivy,0,2024-06-07 15:00:00
5432,2184,ZL02184,4,Happy with it,Works as advertised. Battery/performance is satisfactory so far.,Hassan,0,2024-06-11 15:00:00
5433,2185,ZL02185,3,Decent for the money,I bought this as a gift and the recipient liked it immediately.,Grace,1,2024-09-16 14:00:00
5434,2185,ZL02185,3,Not bad at all,Good value compared with similar products I have tried.,Marcus,1,2024-07-02 14:00:00
5435,2186,ZL02186,5,Good build quality,Material quality is better than I expected at this price point.,Priya,0,2025-07-16 16:00:00
5436,2186,ZL02186,3,Solid everyday pick,Colour is accurate and sizing feels true based on the chart.,Uma,0,2025-06-20 16:00:00
5437,2186,ZL02186,4,Better than expected,Colour is accurate and sizing feels true based on the chart.,Lina,1,2025-06-10 16:00:00
5438,2187,ZL02187,4,Happy with it,I bought this as a gift and the recipient liked it immediately.,Grace,0,2024-08-23 00:00:00
5439,2187,ZL02187,3,Better than expected,Packaging was neat and the item matched the listing details.,Kai,1,2024-11-08 00:00:00
5440,2187,ZL02187,5,Decent for the money,Material quality is better than I expected at this price point.,Farid,0,2024-08-29 00:00:00
5441,2187,ZL02187,5,Decent for the money,Feels durable. A couple of small scuffs from shipping but fine overall.,Tom,0,2024-10-17 00:00:00
5442,2188,ZL02188,4,Love this,Material quality is better than I expected at this price point.,Kai,1,2024-09-21 12:00:00
5443,2188,ZL02188,4,Solid everyday pick,Colour is accurate and sizing feels true based on the chart.,Grace,0,2024-07-04 12:00:00
5444,2189,ZL02189,5,Nice finish,Works as advertised. Battery/performance is satisfactory so far.,Yasmin,0,2024-08-13 00:00:00
5445,2190,ZL02190,2,Worth the price,Packaging was neat and the item matched the listing details.,Zara,1,2025-04-04 05:00:00
5446,2190,ZL02190,3,Love this,Material quality is better than I expected at this price point.,Tom,0,2025-04-20 05:00:00
5447,2191,ZL02191,3,Exactly as described,Works as advertised. Battery/performance is satisfactory so far.,Ivy,1,2024-10-26 20:00:00
5448,2192,ZL02192,3,Nice finish,Works as advertised. Battery/performance is satisfactory so far.,Yasmin,0,2025-04-08 18:00:00
5449,2193,ZL02193,3,Good build quality,Packaging was neat and the item matched the listing details.,Hassan,1,2025-08-11 13:00:00
5450,2193,ZL02193,5,Decent for the money,Good value compared with similar products I have tried.,Priya,1,2025-07-08 13:00:00
5451,2194,ZL02194,3,Would buy again,Instructions were clear and setup took only a few minutes.,Siti,0,2024-04-02 10:00:00
5452,2195,ZL02195,3,Decent for the money,Works as advertised. Battery/performance is satisfactory so far.,Ivy,0,2024-12-09 11:00:00
5453,2196,ZL02196,5,Arrived quickly,Instructions were clear and setup took only a few minutes.,Ben,1,2025-05-04 08:00:00
5454,2196,ZL02196,4,Better than expected,Good value compared with similar products I have tried.,Danial,1,2025-03-07 08:00:00
5455,2196,ZL02196,3,Would buy again,"Would appreciate more colour options, but this shade works for me.",Danial,1,2025-04-16 08:00:00
5456,2197,ZL02197,5,Happy with it,Packaging was neat and the item matched the listing details.,Uma,1,2024-04-07 09:00:00
5457,2197,ZL02197,3,Exactly as described,Works as advertised. Battery/performance is satisfactory so far.,Jonas,0,2024-02-23 09:00:00
5458,2197,ZL02197,4,Would buy again,Material quality is better than I expected at this price point.,Hassan,1,2024-03-14 09:00:00
5459,2197,ZL02197,4,Exactly as described,Packaging was neat and the item matched the listing details.,Tom,0,2024-05-07 09:00:00
5460,2198,ZL02198,5,Exactly as described,Colour is accurate and sizing feels true based on the chart.,Siti,0,2025-03-18 10:00:00
5461,2198,ZL02198,5,Would buy again,Colour is accurate and sizing feels true based on the chart.,Zara,1,2025-04-05 10:00:00
5462,2198,ZL02198,5,Would buy again,Colour is accurate and sizing feels true based on the chart.,Kai,0,2025-03-12 10:00:00
5463,2198,ZL02198,5,Happy with it,Colour is accurate and sizing feels true based on the chart.,Nora,1,2025-04-06 10:00:00
5464,2199,ZL02199,3,Good build quality,Feels durable. A couple of small scuffs from shipping but fine overall.,Quinn,1,2024-05-03 17:00:00
5465,2199,ZL02199,5,Solid everyday pick,Works as advertised. Battery/performance is satisfactory so far.,Marcus,1,2024-04-12 17:00:00
5466,2200,ZL02200,5,Not bad at all,Used it for two weeks and it holds up well for daily use.,Ben,1,2024-12-05 04:00:00
5467,2200,ZL02200,3,Better than expected,Packaging was neat and the item matched the listing details.,Ravi,1,2024-09-01 04:00:00
5468,2200,ZL02200,3,Nice finish,"Would appreciate more colour options, but this shade works for me.",Marcus,1,2024-10-23 04:00:00
5469,2200,ZL02200,5,Exactly as described,Colour is accurate and sizing feels true based on the chart.,Aisha,1,2024-10-27 04:00:00
5470,2201,ZL02201,4,Arrived quickly,Feels durable. A couple of small scuffs from shipping but fine overall.,Lina,1,2025-02-03 14:00:00
5471,2201,ZL02201,3,Reliable so far,Packaging was neat and the item matched the listing details.,Yasmin,1,2025-02-16 14:00:00
5472,2201,ZL02201,5,Decent for the money,Packaging was neat and the item matched the listing details.,Grace,0,2025-01-10 14:00:00
5473,2202,ZL02202,5,Not bad at all,Packaging was neat and the item matched the listing details.,Ben,0,2025-02-08 10:00:00
5474,2203,ZL02203,2,Useful addition,Instructions were clear and setup took only a few minutes.,Quinn,0,2024-11-03 02:00:00
5475,2203,ZL02203,5,Happy with it,Material quality is better than I expected at this price point.,Priya,1,2024-08-27 02:00:00
5476,2204,ZL02204,3,Not bad at all,Instructions were clear and setup took only a few minutes.,Tom,0,2024-09-13 15:00:00
5477,2205,ZL02205,4,Decent for the money,Used it for two weeks and it holds up well for daily use.,Marcus,1,2024-04-18 13:00:00
5478,2206,ZL02206,4,Arrived quickly,Material quality is better than I expected at this price point.,Ivy,0,2024-02-19 03:00:00
5479,2207,ZL02207,3,Would buy again,Packaging was neat and the item matched the listing details.,Victor,1,2024-07-02 09:00:00
5480,2207,ZL02207,2,Exactly as described,"Would appreciate more colour options, but this shade works for me.",Omar,1,2024-08-24 09:00:00
5481,2207,ZL02207,3,Not bad at all,Used it for two weeks and it holds up well for daily use.,Siti,1,2024-06-09 09:00:00
5482,2208,ZL02208,3,Nice finish,Instructions were clear and setup took only a few minutes.,Elena,1,2024-03-19 13:00:00
5483,2209,ZL02209,3,Happy with it,Works as advertised. Battery/performance is satisfactory so far.,Farid,0,2024-05-08 01:00:00
5484,2209,ZL02209,5,Useful addition,Feels durable. A couple of small scuffs from shipping but fine overall.,Danial,1,2024-04-30 01:00:00
5485,2209,ZL02209,5,Nice finish,Instructions were clear and setup took only a few minutes.,Chloe,1,2024-07-19 01:00:00
5486,2210,ZL02210,4,Exactly as described,Material quality is better than I expected at this price point.,Grace,1,2024-05-29 11:00:00
5487,2210,ZL02210,5,Decent for the money,Works as advertised. Battery/performance is satisfactory so far.,Kai,1,2024-05-16 11:00:00
5488,2210,ZL02210,4,Not bad at all,Good value compared with similar products I have tried.,Lina,0,2024-04-18 11:00:00
5489,2211,ZL02211,5,Happy with it,Feels durable. A couple of small scuffs from shipping but fine overall.,Danial,1,2025-02-22 19:00:00
5490,2211,ZL02211,5,Arrived quickly,Material quality is better than I expected at this price point.,Uma,1,2025-01-19 19:00:00
5491,2212,ZL02212,4,Solid everyday pick,Instructions were clear and setup took only a few minutes.,Jonas,1,2024-10-22 12:00:00
5492,2212,ZL02212,3,Arrived quickly,I bought this as a gift and the recipient liked it immediately.,Ben,1,2025-01-09 12:00:00
5493,2213,ZL02213,5,Nice finish,Good value compared with similar products I have tried.,Farid,1,2024-06-13 20:00:00
5494,2213,ZL02213,3,Would buy again,Material quality is better than I expected at this price point.,Kai,1,2024-06-27 20:00:00
5495,2213,ZL02213,5,Not bad at all,Used it for two weeks and it holds up well for daily use.,Hassan,1,2024-08-31 20:00:00
5496,2213,ZL02213,4,Would buy again,Instructions were clear and setup took only a few minutes.,Siti,0,2024-06-15 20:00:00
5497,2214,ZL02214,5,Arrived quickly,Instructions were clear and setup took only a few minutes.,Siti,1,2025-07-12 14:00:00
5498,2215,ZL02215,5,Not bad at all,"Would appreciate more colour options, but this shade works for me.",Priya,0,2024-06-08 01:00:00
5499,2215,ZL02215,3,Reliable so far,Feels durable. A couple of small scuffs from shipping but fine overall.,Elena,1,2024-06-23 01:00:00
5500,2216,ZL02216,2,Love this,Good value compared with similar products I have tried.,Wei,1,2024-11-09 18:00:00
5501,2217,ZL02217,3,Worth the price,Good value compared with similar products I have tried.,Siti,0,2024-07-03 15:00:00
5502,2218,ZL02218,4,Happy with it,Colour is accurate and sizing feels true based on the chart.,Hassan,1,2024-07-24 13:00:00
5503,2218,ZL02218,4,Arrived quickly,Good value compared with similar products I have tried.,Elena,1,2024-07-31 13:00:00
5504,2218,ZL02218,3,Love this,Works as advertised. Battery/performance is satisfactory so far.,Chloe,0,2024-04-06 13:00:00
5505,2218,ZL02218,4,Worth the price,Material quality is better than I expected at this price point.,Quinn,1,2024-05-19 13:00:00
5506,2219,ZL02219,2,Better than expected,I bought this as a gift and the recipient liked it immediately.,Ravi,1,2025-05-16 21:00:00
5507,2219,ZL02219,5,Nice finish,"Would appreciate more colour options, but this shade works for me.",Lina,1,2025-06-10 21:00:00
5508,2220,ZL02220,5,Exactly as described,Packaging was neat and the item matched the listing details.,Kai,1,2024-11-16 02:00:00
5509,2220,ZL02220,2,Good build quality,Works as advertised. Battery/performance is satisfactory so far.,Omar,0,2024-08-24 02:00:00
5510,2220,ZL02220,2,Would buy again,"Would appreciate more colour options, but this shade works for me.",Hassan,1,2024-08-05 02:00:00
5511,2221,ZL02221,5,Reliable so far,Works as advertised. Battery/performance is satisfactory so far.,Zara,1,2024-12-28 04:00:00
5512,2221,ZL02221,5,Solid everyday pick,Feels durable. A couple of small scuffs from shipping but fine overall.,Siti,1,2025-01-01 04:00:00
5513,2221,ZL02221,5,Exactly as described,Feels durable. A couple of small scuffs from shipping but fine overall.,Yasmin,1,2024-09-21 04:00:00
5514,2221,ZL02221,4,Exactly as described,Used it for two weeks and it holds up well for daily use.,Aisha,0,2024-12-08 04:00:00
5515,2222,ZL02222,4,Exactly as described,Feels durable. A couple of small scuffs from shipping but fine overall.,Tom,0,2024-08-24 02:00:00
5516,2222,ZL02222,4,Not bad at all,Packaging was neat and the item matched the listing details.,Elena,1,2024-07-16 02:00:00
5517,2222,ZL02222,3,Better than expected,Good value compared with similar products I have tried.,Jonas,0,2024-08-07 02:00:00
5518,2222,ZL02222,5,Good build quality,Colour is accurate and sizing feels true based on the chart.,Omar,1,2024-08-13 02:00:00
5519,2223,ZL02223,5,Would buy again,"Would appreciate more colour options, but this shade works for me.",Elena,0,2025-02-18 23:00:00
5520,2223,ZL02223,5,Arrived quickly,I bought this as a gift and the recipient liked it immediately.,Marcus,0,2025-06-14 23:00:00
5521,2223,ZL02223,5,Not bad at all,Works as advertised. Battery/performance is satisfactory so far.,Wei,1,2025-03-08 23:00:00
5522,2224,ZL02224,3,Nice finish,Used it for two weeks and it holds up well for daily use.,Uma,1,2024-07-09 02:00:00
5523,2225,ZL02225,4,Solid everyday pick,Works as advertised. Battery/performance is satisfactory so far.,Grace,1,2025-01-19 04:00:00
5524,2225,ZL02225,3,Would buy again,Feels durable. A couple of small scuffs from shipping but fine overall.,Yasmin,1,2024-11-27 04:00:00
5525,2225,ZL02225,4,Exactly as described,"Would appreciate more colour options, but this shade works for me.",Aisha,1,2025-02-19 04:00:00
5526,2225,ZL02225,3,Would buy again,Material quality is better than I expected at this price point.,Tom,1,2025-01-04 04:00:00
5527,2226,ZL02226,2,Would buy again,Feels durable. A couple of small scuffs from shipping but fine overall.,Victor,1,2025-05-11 01:00:00
5528,2227,ZL02227,5,Arrived quickly,Instructions were clear and setup took only a few minutes.,Kai,0,2024-05-12 17:00:00
5529,2227,ZL02227,5,Arrived quickly,Works as advertised. Battery/performance is satisfactory so far.,Priya,0,2024-05-18 17:00:00
5530,2228,ZL02228,5,Nice finish,Instructions were clear and setup took only a few minutes.,Quinn,1,2025-03-04 23:00:00
5531,2228,ZL02228,3,Solid everyday pick,Material quality is better than I expected at this price point.,Uma,0,2025-05-11 23:00:00
5532,2229,ZL02229,3,Not bad at all,Works as advertised. Battery/performance is satisfactory so far.,Uma,0,2025-04-30 10:00:00
5533,2230,ZL02230,4,Happy with it,I bought this as a gift and the recipient liked it immediately.,Nora,1,2024-03-13 02:00:00
5534,2230,ZL02230,4,Would buy again,I bought this as a gift and the recipient liked it immediately.,Priya,1,2024-03-30 02:00:00
5535,2230,ZL02230,3,Love this,Material quality is better than I expected at this price point.,Elena,1,2024-01-25 02:00:00
5536,2230,ZL02230,4,Exactly as described,Instructions were clear and setup took only a few minutes.,Nora,1,2024-03-14 02:00:00
5537,2231,ZL02231,4,Not bad at all,Works as advertised. Battery/performance is satisfactory so far.,Ben,1,2024-03-16 10:00:00
5538,2232,ZL02232,5,Reliable so far,Works as advertised. Battery/performance is satisfactory so far.,Yasmin,0,2024-08-01 06:00:00
5539,2232,ZL02232,5,Happy with it,I bought this as a gift and the recipient liked it immediately.,Tom,1,2024-04-23 06:00:00
5540,2232,ZL02232,3,Decent for the money,Instructions were clear and setup took only a few minutes.,Jonas,1,2024-07-27 06:00:00
5541,2233,ZL02233,5,Better than expected,Good value compared with similar products I have tried.,Priya,1,2025-05-06 09:00:00
5542,2234,ZL02234,3,Exactly as described,Works as advertised. Battery/performance is satisfactory so far.,Ivy,1,2025-05-15 22:00:00
5543,2234,ZL02234,3,Not bad at all,Good value compared with similar products I have tried.,Jonas,1,2025-03-12 22:00:00
5544,2235,ZL02235,4,Exactly as described,I bought this as a gift and the recipient liked it immediately.,Marcus,1,2024-11-10 03:00:00
5545,2235,ZL02235,4,Love this,Instructions were clear and setup took only a few minutes.,Quinn,1,2024-11-24 03:00:00
5546,2236,ZL02236,3,Solid everyday pick,I bought this as a gift and the recipient liked it immediately.,Farid,1,2025-01-24 20:00:00
5547,2236,ZL02236,3,Arrived quickly,"Would appreciate more colour options, but this shade works for me.",Aisha,1,2025-03-18 20:00:00
5548,2237,ZL02237,3,Exactly as described,Packaging was neat and the item matched the listing details.,Priya,0,2024-11-02 15:00:00
5549,2237,ZL02237,4,Exactly as described,Good value compared with similar products I have tried.,Jonas,1,2024-10-29 15:00:00
5550,2237,ZL02237,3,Would buy again,Feels durable. A couple of small scuffs from shipping but fine overall.,Lina,1,2024-12-25 15:00:00
5551,2237,ZL02237,5,Would buy again,Feels durable. A couple of small scuffs from shipping but fine overall.,Kai,0,2024-10-06 15:00:00
5552,2238,ZL02238,2,Exactly as described,Packaging was neat and the item matched the listing details.,Grace,0,2025-02-28 17:00:00
5553,2238,ZL02238,5,Solid everyday pick,Good value compared with similar products I have tried.,Aisha,1,2025-06-01 17:00:00
5554,2238,ZL02238,5,Good build quality,Used it for two weeks and it holds up well for daily use.,Ivy,1,2025-05-02 17:00:00
5555,2239,ZL02239,4,Love this,Feels durable. A couple of small scuffs from shipping but fine overall.,Elena,1,2025-02-20 02:00:00
5556,2240,ZL02240,5,Nice finish,Instructions were clear and setup took only a few minutes.,Ravi,1,2025-05-23 04:00:00
5557,2240,ZL02240,2,Exactly as described,Works as advertised. Battery/performance is satisfactory so far.,Chloe,1,2025-05-22 04:00:00
5558,2240,ZL02240,5,Happy with it,I bought this as a gift and the recipient liked it immediately.,Ravi,1,2025-07-18 04:00:00
5559,2241,ZL02241,5,Good build quality,Colour is accurate and sizing feels true based on the chart.,Tom,1,2025-06-11 12:00:00
5560,2241,ZL02241,4,Decent for the money,Colour is accurate and sizing feels true based on the chart.,Zara,1,2025-04-21 12:00:00
5561,2241,ZL02241,4,Happy with it,Material quality is better than I expected at this price point.,Yasmin,1,2025-05-24 12:00:00
5562,2241,ZL02241,2,Worth the price,Instructions were clear and setup took only a few minutes.,Danial,1,2025-02-26 12:00:00
5563,2242,ZL02242,3,Good build quality,Feels durable. A couple of small scuffs from shipping but fine overall.,Kai,1,2024-03-12 11:00:00
5564,2243,ZL02243,5,Worth the price,Feels durable. A couple of small scuffs from shipping but fine overall.,Yasmin,1,2024-07-30 18:00:00
5565,2243,ZL02243,5,Would buy again,Feels durable. A couple of small scuffs from shipping but fine overall.,Lina,1,2024-07-04 18:00:00
5566,2244,ZL02244,4,Not bad at all,Instructions were clear and setup took only a few minutes.,Ben,1,2025-03-18 16:00:00
5567,2244,ZL02244,3,Solid everyday pick,Feels durable. A couple of small scuffs from shipping but fine overall.,Danial,1,2025-04-16 16:00:00
5568,2244,ZL02244,4,Worth the price,Feels durable. A couple of small scuffs from shipping but fine overall.,Elena,1,2025-02-05 16:00:00
5569,2244,ZL02244,4,Useful addition,I bought this as a gift and the recipient liked it immediately.,Priya,1,2025-04-07 16:00:00
5570,2245,ZL02245,4,Nice finish,Colour is accurate and sizing feels true based on the chart.,Wei,1,2024-12-01 08:00:00
5571,2245,ZL02245,4,Love this,I bought this as a gift and the recipient liked it immediately.,Uma,1,2024-12-07 08:00:00
5572,2245,ZL02245,3,Better than expected,Packaging was neat and the item matched the listing details.,Chloe,1,2024-12-10 08:00:00
5573,2245,ZL02245,4,Exactly as described,Good value compared with similar products I have tried.,Farid,1,2024-11-27 08:00:00
5574,2246,ZL02246,2,Solid everyday pick,Feels durable. A couple of small scuffs from shipping but fine overall.,Omar,0,2025-02-22 13:00:00
5575,2247,ZL02247,4,Happy with it,Instructions were clear and setup took only a few minutes.,Nora,1,2025-02-25 02:00:00
5576,2247,ZL02247,4,Not bad at all,Packaging was neat and the item matched the listing details.,Priya,1,2025-05-22 02:00:00
5577,2247,ZL02247,3,Useful addition,"Would appreciate more colour options, but this shade works for me.",Siti,1,2025-03-22 02:00:00
5578,2248,ZL02248,3,Nice finish,"Would appreciate more colour options, but this shade works for me.",Chloe,0,2025-03-18 02:00:00
5579,2248,ZL02248,4,Would buy again,Feels durable. A couple of small scuffs from shipping but fine overall.,Jonas,1,2025-06-04 02:00:00
5580,2248,ZL02248,4,Worth the price,I bought this as a gift and the recipient liked it immediately.,Quinn,1,2025-05-30 02:00:00
5581,2248,ZL02248,2,Worth the price,Used it for two weeks and it holds up well for daily use.,Ravi,0,2025-03-13 02:00:00
5582,2249,ZL02249,3,Useful addition,Good value compared with similar products I have tried.,Victor,0,2024-09-23 15:00:00
5583,2249,ZL02249,4,Nice finish,Instructions were clear and setup took only a few minutes.,Quinn,1,2024-08-18 15:00:00
5584,2249,ZL02249,4,Love this,I bought this as a gift and the recipient liked it immediately.,Kai,1,2024-11-02 15:00:00
5585,2249,ZL02249,5,Nice finish,Feels durable. A couple of small scuffs from shipping but fine overall.,Grace,1,2024-10-13 15:00:00
5586,2250,ZL02250,3,Love this,Colour is accurate and sizing feels true based on the chart.,Lina,1,2025-03-10 19:00:00
5587,2250,ZL02250,3,Reliable so far,"Would appreciate more colour options, but this shade works for me.",Nora,0,2025-04-29 19:00:00
5588,2250,ZL02250,5,Good build quality,Material quality is better than I expected at this price point.,Siti,0,2025-03-08 19:00:00
5589,2250,ZL02250,5,Decent for the money,Good value compared with similar products I have tried.,Danial,1,2025-05-06 19:00:00
5590,2251,ZL02251,5,Arrived quickly,"Would appreciate more colour options, but this shade works for me.",Elena,0,2025-04-21 00:00:00
5591,2252,ZL02252,4,Exactly as described,Colour is accurate and sizing feels true based on the chart.,Victor,1,2024-04-30 17:00:00
5592,2253,ZL02253,2,Arrived quickly,I bought this as a gift and the recipient liked it immediately.,Ravi,0,2024-04-27 13:00:00
5593,2253,ZL02253,2,Arrived quickly,Material quality is better than I expected at this price point.,Marcus,1,2024-02-28 13:00:00
5594,2253,ZL02253,5,Reliable so far,Used it for two weeks and it holds up well for daily use.,Danial,0,2024-04-28 13:00:00
5595,2254,ZL02254,5,Worth the price,Used it for two weeks and it holds up well for daily use.,Tom,1,2024-06-16 19:00:00
5596,2254,ZL02254,4,Would buy again,"Would appreciate more colour options, but this shade works for me.",Zara,1,2024-06-24 19:00:00
5597,2254,ZL02254,4,Reliable so far,Good value compared with similar products I have tried.,Grace,1,2024-06-23 19:00:00
5598,2254,ZL02254,3,Arrived quickly,Instructions were clear and setup took only a few minutes.,Ivy,1,2024-03-13 19:00:00
5599,2255,ZL02255,5,Solid everyday pick,I bought this as a gift and the recipient liked it immediately.,Ben,0,2024-12-03 07:00:00
5600,2255,ZL02255,3,Useful addition,Used it for two weeks and it holds up well for daily use.,Farid,0,2024-12-29 07:00:00
5601,2255,ZL02255,3,Arrived quickly,Instructions were clear and setup took only a few minutes.,Omar,1,2024-12-10 07:00:00
5602,2255,ZL02255,5,Decent for the money,Instructions were clear and setup took only a few minutes.,Grace,1,2025-01-29 07:00:00
5603,2256,ZL02256,5,Decent for the money,Good value compared with similar products I have tried.,Nora,1,2024-07-17 01:00:00
5604,2257,ZL02257,4,Not bad at all,Feels durable. A couple of small scuffs from shipping but fine overall.,Hassan,0,2024-07-06 09:00:00
5605,2258,ZL02258,3,Love this,Material quality is better than I expected at this price point.,Yasmin,0,2024-05-13 21:00:00
5606,2258,ZL02258,5,Solid everyday pick,Colour is accurate and sizing feels true based on the chart.,Jonas,1,2024-04-24 21:00:00
5607,2258,ZL02258,5,Better than expected,Packaging was neat and the item matched the listing details.,Grace,1,2024-07-21 21:00:00
5608,2259,ZL02259,4,Useful addition,Feels durable. A couple of small scuffs from shipping but fine overall.,Siti,1,2024-06-18 17:00:00
5609,2259,ZL02259,4,Decent for the money,Good value compared with similar products I have tried.,Uma,1,2024-05-09 17:00:00
5610,2259,ZL02259,4,Reliable so far,Instructions were clear and setup took only a few minutes.,Marcus,1,2024-05-15 17:00:00
5611,2260,ZL02260,5,Arrived quickly,Packaging was neat and the item matched the listing details.,Tom,0,2025-01-27 02:00:00
5612,2261,ZL02261,3,Exactly as described,Packaging was neat and the item matched the listing details.,Farid,1,2024-08-21 10:00:00
5613,2262,ZL02262,4,Love this,Material quality is better than I expected at this price point.,Yasmin,1,2024-11-09 15:00:00
5614,2262,ZL02262,3,Exactly as described,Used it for two weeks and it holds up well for daily use.,Danial,0,2025-01-29 15:00:00
5615,2262,ZL02262,4,Exactly as described,Material quality is better than I expected at this price point.,Ben,1,2024-11-04 15:00:00
5616,2263,ZL02263,4,Solid everyday pick,Instructions were clear and setup took only a few minutes.,Hassan,1,2024-11-18 01:00:00
5617,2264,ZL02264,4,Useful addition,Good value compared with similar products I have tried.,Quinn,1,2025-04-18 18:00:00
5618,2264,ZL02264,3,Not bad at all,I bought this as a gift and the recipient liked it immediately.,Ben,0,2025-04-13 18:00:00
5619,2264,ZL02264,3,Love this,Feels durable. A couple of small scuffs from shipping but fine overall.,Tom,1,2025-05-18 18:00:00
5620,2264,ZL02264,4,Nice finish,Feels durable. A couple of small scuffs from shipping but fine overall.,Grace,1,2025-06-04 18:00:00
5621,2265,ZL02265,2,Not bad at all,Good value compared with similar products I have tried.,Jonas,1,2025-01-09 03:00:00
5622,2266,ZL02266,3,Solid everyday pick,Packaging was neat and the item matched the listing details.,Ben,0,2025-07-04 17:00:00
5623,2266,ZL02266,4,Arrived quickly,Packaging was neat and the item matched the listing details.,Omar,0,2025-06-16 17:00:00
5624,2267,ZL02267,4,Nice finish,Colour is accurate and sizing feels true based on the chart.,Marcus,1,2024-07-07 03:00:00
5625,2267,ZL02267,4,Would buy again,Feels durable. A couple of small scuffs from shipping but fine overall.,Elena,1,2024-08-07 03:00:00
5626,2267,ZL02267,3,Reliable so far,Packaging was neat and the item matched the listing details.,Tom,0,2024-08-25 03:00:00
5627,2268,ZL02268,3,Decent for the money,Used it for two weeks and it holds up well for daily use.,Uma,1,2024-03-12 06:00:00
5628,2268,ZL02268,3,Nice finish,Feels durable. A couple of small scuffs from shipping but fine overall.,Chloe,1,2024-04-18 06:00:00
5629,2268,ZL02268,2,Not bad at all,Works as advertised. Battery/performance is satisfactory so far.,Chloe,0,2024-04-06 06:00:00
5630,2268,ZL02268,2,Not bad at all,Works as advertised. Battery/performance is satisfactory so far.,Aisha,0,2024-05-26 06:00:00
5631,2269,ZL02269,3,Would buy again,I bought this as a gift and the recipient liked it immediately.,Ben,1,2025-04-15 09:00:00
5632,2270,ZL02270,3,Not bad at all,Material quality is better than I expected at this price point.,Ravi,0,2024-08-30 18:00:00
5633,2271,ZL02271,2,Exactly as described,Works as advertised. Battery/performance is satisfactory so far.,Yasmin,1,2024-08-09 05:00:00
5634,2272,ZL02272,5,Exactly as described,I bought this as a gift and the recipient liked it immediately.,Lina,0,2025-04-23 14:00:00
5635,2272,ZL02272,4,Not bad at all,Colour is accurate and sizing feels true based on the chart.,Chloe,0,2025-04-16 14:00:00
5636,2272,ZL02272,3,Useful addition,Feels durable. A couple of small scuffs from shipping but fine overall.,Marcus,0,2025-05-07 14:00:00
5637,2272,ZL02272,4,Exactly as described,Good value compared with similar products I have tried.,Uma,1,2025-02-19 14:00:00
5638,2273,ZL02273,5,Love this,Works as advertised. Battery/performance is satisfactory so far.,Zara,1,2024-11-20 03:00:00
5639,2273,ZL02273,2,Better than expected,Works as advertised. Battery/performance is satisfactory so far.,Quinn,0,2024-11-29 03:00:00
5640,2273,ZL02273,3,Nice finish,Material quality is better than I expected at this price point.,Wei,0,2024-11-07 03:00:00
5641,2274,ZL02274,2,Happy with it,Used it for two weeks and it holds up well for daily use.,Nora,1,2024-05-19 20:00:00
5642,2274,ZL02274,4,Useful addition,I bought this as a gift and the recipient liked it immediately.,Uma,1,2024-06-23 20:00:00
5643,2274,ZL02274,5,Arrived quickly,Packaging was neat and the item matched the listing details.,Ben,0,2024-05-26 20:00:00
5644,2274,ZL02274,2,Worth the price,Feels durable. A couple of small scuffs from shipping but fine overall.,Lina,1,2024-08-30 20:00:00
5645,2275,ZL02275,5,Solid everyday pick,Feels durable. A couple of small scuffs from shipping but fine overall.,Ravi,1,2024-05-09 04:00:00
5646,2276,ZL02276,4,Nice finish,Feels durable. A couple of small scuffs from shipping but fine overall.,Tom,1,2025-05-13 17:00:00
5647,2277,ZL02277,3,Not bad at all,Good value compared with similar products I have tried.,Marcus,0,2024-06-10 13:00:00
5648,2277,ZL02277,5,Nice finish,Good value compared with similar products I have tried.,Ben,0,2024-06-09 13:00:00
5649,2277,ZL02277,4,Useful addition,Used it for two weeks and it holds up well for daily use.,Kai,1,2024-06-26 13:00:00
5650,2277,ZL02277,5,Would buy again,I bought this as a gift and the recipient liked it immediately.,Ivy,1,2024-07-20 13:00:00
5651,2278,ZL02278,2,Good build quality,Colour is accurate and sizing feels true based on the chart.,Yasmin,1,2024-06-02 23:00:00
5652,2278,ZL02278,4,Would buy again,I bought this as a gift and the recipient liked it immediately.,Tom,0,2024-08-11 23:00:00
5653,2278,ZL02278,5,Arrived quickly,Packaging was neat and the item matched the listing details.,Danial,1,2024-06-06 23:00:00
5654,2279,ZL02279,3,Arrived quickly,Colour is accurate and sizing feels true based on the chart.,Uma,1,2024-10-17 14:00:00
5655,2279,ZL02279,3,Arrived quickly,Material quality is better than I expected at this price point.,Nora,1,2024-09-13 14:00:00
5656,2279,ZL02279,2,Reliable so far,Packaging was neat and the item matched the listing details.,Nora,0,2024-07-27 14:00:00
5657,2280,ZL02280,5,Exactly as described,Colour is accurate and sizing feels true based on the chart.,Hassan,0,2024-06-12 19:00:00
5658,2281,ZL02281,3,Nice finish,Feels durable. A couple of small scuffs from shipping but fine overall.,Chloe,1,2024-07-23 22:00:00
5659,2282,ZL02282,3,Love this,Instructions were clear and setup took only a few minutes.,Marcus,1,2024-12-27 16:00:00
5660,2282,ZL02282,5,Solid everyday pick,I bought this as a gift and the recipient liked it immediately.,Priya,1,2024-12-09 16:00:00
5661,2282,ZL02282,4,Useful addition,Works as advertised. Battery/performance is satisfactory so far.,Jonas,0,2025-03-07 16:00:00
5662,2283,ZL02283,5,Good build quality,Packaging was neat and the item matched the listing details.,Danial,1,2025-02-22 07:00:00
5663,2284,ZL02284,3,Reliable so far,I bought this as a gift and the recipient liked it immediately.,Lina,1,2025-05-20 19:00:00
5664,2284,ZL02284,4,Better than expected,Works as advertised. Battery/performance is satisfactory so far.,Lina,0,2025-03-30 19:00:00
5665,2284,ZL02284,5,Love this,Instructions were clear and setup took only a few minutes.,Kai,1,2025-07-20 19:00:00
5666,2284,ZL02284,5,Would buy again,Used it for two weeks and it holds up well for daily use.,Hassan,1,2025-07-02 19:00:00
5667,2285,ZL02285,5,Nice finish,"Would appreciate more colour options, but this shade works for me.",Chloe,1,2024-05-19 01:00:00
5668,2285,ZL02285,5,Not bad at all,"Would appreciate more colour options, but this shade works for me.",Wei,1,2024-05-31 01:00:00
5669,2285,ZL02285,3,Would buy again,Colour is accurate and sizing feels true based on the chart.,Siti,1,2024-04-04 01:00:00
5670,2285,ZL02285,3,Good build quality,Material quality is better than I expected at this price point.,Tom,1,2024-05-14 01:00:00
5671,2286,ZL02286,3,Love this,Good value compared with similar products I have tried.,Chloe,0,2024-07-18 23:00:00
5672,2287,ZL02287,2,Would buy again,Feels durable. A couple of small scuffs from shipping but fine overall.,Chloe,1,2024-06-12 13:00:00
5673,2287,ZL02287,5,Useful addition,Material quality is better than I expected at this price point.,Zara,1,2024-06-07 13:00:00
5674,2287,ZL02287,5,Nice finish,Colour is accurate and sizing feels true based on the chart.,Ivy,1,2024-07-13 13:00:00
5675,2287,ZL02287,4,Solid everyday pick,Used it for two weeks and it holds up well for daily use.,Danial,0,2024-08-28 13:00:00
5676,2288,ZL02288,4,Arrived quickly,Material quality is better than I expected at this price point.,Chloe,0,2024-11-12 13:00:00
5677,2289,ZL02289,5,Good build quality,Feels durable. A couple of small scuffs from shipping but fine overall.,Marcus,0,2024-09-16 13:00:00
5678,2289,ZL02289,5,Love this,Packaging was neat and the item matched the listing details.,Yasmin,0,2024-08-19 13:00:00
5679,2289,ZL02289,4,Better than expected,Good value compared with similar products I have tried.,Elena,1,2024-07-03 13:00:00
5680,2289,ZL02289,4,Decent for the money,Used it for two weeks and it holds up well for daily use.,Jonas,1,2024-09-20 13:00:00
5681,2290,ZL02290,3,Reliable so far,Feels durable. A couple of small scuffs from shipping but fine overall.,Chloe,1,2024-09-21 07:00:00
5682,2290,ZL02290,4,Worth the price,Instructions were clear and setup took only a few minutes.,Aisha,0,2024-08-02 07:00:00
5683,2290,ZL02290,3,Nice finish,Feels durable. A couple of small scuffs from shipping but fine overall.,Ravi,1,2024-08-10 07:00:00
5684,2290,ZL02290,3,Exactly as described,Packaging was neat and the item matched the listing details.,Zara,1,2024-09-12 07:00:00
5685,2291,ZL02291,2,Useful addition,Feels durable. A couple of small scuffs from shipping but fine overall.,Chloe,0,2024-12-16 11:00:00
5686,2291,ZL02291,4,Useful addition,I bought this as a gift and the recipient liked it immediately.,Wei,1,2025-01-09 11:00:00
5687,2292,ZL02292,4,Love this,Works as advertised. Battery/performance is satisfactory so far.,Lina,1,2024-05-11 07:00:00
5688,2292,ZL02292,5,Would buy again,I bought this as a gift and the recipient liked it immediately.,Kai,1,2024-02-24 07:00:00
5689,2292,ZL02292,3,Good build quality,Colour is accurate and sizing feels true based on the chart.,Hassan,1,2024-03-25 07:00:00
5690,2292,ZL02292,5,Solid everyday pick,Feels durable. A couple of small scuffs from shipping but fine overall.,Omar,1,2024-02-06 07:00:00
5691,2293,ZL02293,5,Better than expected,Material quality is better than I expected at this price point.,Wei,1,2024-12-29 14:00:00
5692,2293,ZL02293,4,Decent for the money,Used it for two weeks and it holds up well for daily use.,Marcus,1,2025-01-09 14:00:00
5693,2293,ZL02293,4,Happy with it,I bought this as a gift and the recipient liked it immediately.,Victor,1,2024-12-12 14:00:00
5694,2294,ZL02294,3,Would buy again,Instructions were clear and setup took only a few minutes.,Uma,1,2024-11-16 12:00:00
5695,2295,ZL02295,3,Solid everyday pick,Feels durable. A couple of small scuffs from shipping but fine overall.,Aisha,1,2025-03-06 18:00:00
5696,2295,ZL02295,5,Useful addition,Good value compared with similar products I have tried.,Grace,1,2025-03-14 18:00:00
5697,2295,ZL02295,5,Arrived quickly,"Would appreciate more colour options, but this shade works for me.",Nora,0,2025-02-01 18:00:00
5698,2296,ZL02296,2,Happy with it,Works as advertised. Battery/performance is satisfactory so far.,Victor,1,2024-08-25 08:00:00
5699,2296,ZL02296,4,Good build quality,Works as advertised. Battery/performance is satisfactory so far.,Lina,1,2024-05-18 08:00:00
5700,2296,ZL02296,3,Better than expected,Packaging was neat and the item matched the listing details.,Uma,1,2024-07-04 08:00:00
5701,2296,ZL02296,4,Decent for the money,I bought this as a gift and the recipient liked it immediately.,Ben,1,2024-08-07 08:00:00
5702,2297,ZL02297,4,Good build quality,Good value compared with similar products I have tried.,Ravi,1,2024-09-27 07:00:00
5703,2297,ZL02297,3,Decent for the money,Packaging was neat and the item matched the listing details.,Ivy,1,2024-10-06 07:00:00
5704,2297,ZL02297,3,Better than expected,Works as advertised. Battery/performance is satisfactory so far.,Ravi,1,2024-11-15 07:00:00
5705,2297,ZL02297,3,Good build quality,Feels durable. A couple of small scuffs from shipping but fine overall.,Ben,1,2024-12-12 07:00:00
5706,2298,ZL02298,5,Love this,Good value compared with similar products I have tried.,Quinn,1,2024-12-20 09:00:00
5707,2298,ZL02298,3,Solid everyday pick,Feels durable. A couple of small scuffs from shipping but fine overall.,Ravi,0,2024-12-04 09:00:00
5708,2299,ZL02299,5,Nice finish,Packaging was neat and the item matched the listing details.,Yasmin,1,2024-07-21 23:00:00
5709,2300,ZL02300,4,Arrived quickly,Good value compared with similar products I have tried.,Zara,1,2024-08-14 05:00:00
5710,2300,ZL02300,4,Not bad at all,Packaging was neat and the item matched the listing details.,Yasmin,1,2024-06-19 05:00:00
5711,2300,ZL02300,5,Happy with it,Feels durable. A couple of small scuffs from shipping but fine overall.,Lina,0,2024-09-18 05:00:00
5712,2300,ZL02300,3,Would buy again,"Would appreciate more colour options, but this shade works for me.",Priya,1,2024-08-16 05:00:00
5713,2301,ZL02301,2,Good build quality,Colour is accurate and sizing feels true based on the chart.,Hassan,1,2024-05-02 05:00:00
5714,2301,ZL02301,3,Nice finish,Instructions were clear and setup took only a few minutes.,Quinn,1,2024-06-09 05:00:00
5715,2301,ZL02301,4,Good build quality,Feels durable. A couple of small scuffs from shipping but fine overall.,Wei,1,2024-05-09 05:00:00
5716,2301,ZL02301,5,Arrived quickly,Material quality is better than I expected at this price point.,Jonas,1,2024-06-01 05:00:00
5717,2302,ZL02302,4,Not bad at all,I bought this as a gift and the recipient liked it immediately.,Quinn,1,2024-10-27 19:00:00
5718,2302,ZL02302,3,Worth the price,Feels durable. A couple of small scuffs from shipping but fine overall.,Elena,1,2025-02-09 19:00:00
5719,2302,ZL02302,3,Would buy again,I bought this as a gift and the recipient liked it immediately.,Ivy,0,2025-01-07 19:00:00
5720,2303,ZL02303,4,Love this,Material quality is better than I expected at this price point.,Hassan,0,2024-11-30 03:00:00
5721,2303,ZL02303,3,Nice finish,I bought this as a gift and the recipient liked it immediately.,Zara,0,2024-10-26 03:00:00
5722,2303,ZL02303,3,Arrived quickly,Good value compared with similar products I have tried.,Danial,0,2024-10-25 03:00:00
5723,2304,ZL02304,3,Exactly as described,Feels durable. A couple of small scuffs from shipping but fine overall.,Nora,1,2025-07-26 21:00:00
5724,2304,ZL02304,2,Would buy again,Material quality is better than I expected at this price point.,Aisha,1,2025-08-03 21:00:00
5725,2304,ZL02304,4,Would buy again,Feels durable. A couple of small scuffs from shipping but fine overall.,Ravi,1,2025-04-12 21:00:00
5726,2305,ZL02305,4,Solid everyday pick,Works as advertised. Battery/performance is satisfactory so far.,Aisha,1,2024-09-19 10:00:00
5727,2305,ZL02305,5,Better than expected,I bought this as a gift and the recipient liked it immediately.,Marcus,0,2024-10-30 10:00:00
5728,2305,ZL02305,4,Useful addition,Packaging was neat and the item matched the listing details.,Victor,0,2024-11-07 10:00:00
5729,2305,ZL02305,5,Better than expected,"Would appreciate more colour options, but this shade works for me.",Ben,1,2024-08-18 10:00:00
5730,2306,ZL02306,5,Decent for the money,Packaging was neat and the item matched the listing details.,Siti,1,2025-02-16 06:00:00
5731,2306,ZL02306,5,Not bad at all,Colour is accurate and sizing feels true based on the chart.,Tom,0,2025-06-01 06:00:00
5732,2306,ZL02306,3,Worth the price,Material quality is better than I expected at this price point.,Wei,1,2025-05-02 06:00:00
5733,2307,ZL02307,2,Arrived quickly,Feels durable. A couple of small scuffs from shipping but fine overall.,Elena,0,2024-10-22 06:00:00
5734,2307,ZL02307,3,Would buy again,Used it for two weeks and it holds up well for daily use.,Chloe,1,2024-10-25 06:00:00
5735,2308,ZL02308,5,Arrived quickly,Instructions were clear and setup took only a few minutes.,Elena,1,2025-04-03 16:00:00
5736,2308,ZL02308,5,Decent for the money,Works as advertised. Battery/performance is satisfactory so far.,Siti,1,2025-03-08 16:00:00
5737,2308,ZL02308,5,Solid everyday pick,Instructions were clear and setup took only a few minutes.,Uma,0,2025-03-16 16:00:00
5738,2309,ZL02309,5,Happy with it,Colour is accurate and sizing feels true based on the chart.,Nora,0,2024-11-16 03:00:00
5739,2310,ZL02310,3,Solid everyday pick,"Would appreciate more colour options, but this shade works for me.",Aisha,1,2024-12-30 10:00:00
5740,2310,ZL02310,4,Would buy again,"Would appreciate more colour options, but this shade works for me.",Zara,0,2025-01-23 10:00:00
5741,2310,ZL02310,4,Decent for the money,I bought this as a gift and the recipient liked it immediately.,Ivy,0,2025-02-23 10:00:00
5742,2311,ZL02311,5,Would buy again,Works as advertised. Battery/performance is satisfactory so far.,Nora,1,2024-04-25 10:00:00
5743,2311,ZL02311,3,Reliable so far,Packaging was neat and the item matched the listing details.,Yasmin,1,2024-07-09 10:00:00
5744,2312,ZL02312,3,Not bad at all,Instructions were clear and setup took only a few minutes.,Kai,1,2024-11-17 16:00:00
5745,2313,ZL02313,4,Solid everyday pick,Works as advertised. Battery/performance is satisfactory so far.,Jonas,0,2025-01-05 14:00:00
5746,2313,ZL02313,5,Reliable so far,Works as advertised. Battery/performance is satisfactory so far.,Marcus,0,2025-01-24 14:00:00
5747,2313,ZL02313,3,Worth the price,Feels durable. A couple of small scuffs from shipping but fine overall.,Ben,1,2025-02-14 14:00:00
5748,2314,ZL02314,5,Reliable so far,Used it for two weeks and it holds up well for daily use.,Danial,1,2025-04-28 05:00:00
5749,2314,ZL02314,3,Solid everyday pick,Feels durable. A couple of small scuffs from shipping but fine overall.,Wei,1,2025-03-29 05:00:00
5750,2315,ZL02315,3,Nice finish,Packaging was neat and the item matched the listing details.,Kai,1,2025-05-25 10:00:00
5751,2316,ZL02316,5,Exactly as described,Packaging was neat and the item matched the listing details.,Jonas,1,2025-02-24 07:00:00
5752,2316,ZL02316,4,Worth the price,"Would appreciate more colour options, but this shade works for me.",Omar,1,2025-05-16 07:00:00
5753,2317,ZL02317,4,Good build quality,I bought this as a gift and the recipient liked it immediately.,Danial,1,2025-01-10 14:00:00
5754,2317,ZL02317,3,Better than expected,Colour is accurate and sizing feels true based on the chart.,Ben,1,2025-02-13 14:00:00
5755,2317,ZL02317,4,Decent for the money,Material quality is better than I expected at this price point.,Tom,1,2025-01-12 14:00:00
5756,2318,ZL02318,4,Solid everyday pick,Good value compared with similar products I have tried.,Lina,1,2025-04-11 06:00:00
5757,2318,ZL02318,5,Useful addition,"Would appreciate more colour options, but this shade works for me.",Danial,1,2025-05-13 06:00:00
5758,2318,ZL02318,2,Better than expected,I bought this as a gift and the recipient liked it immediately.,Aisha,1,2025-06-17 06:00:00
5759,2318,ZL02318,3,Would buy again,Colour is accurate and sizing feels true based on the chart.,Priya,1,2025-05-18 06:00:00
5760,2319,ZL02319,3,Better than expected,"Would appreciate more colour options, but this shade works for me.",Uma,1,2024-02-22 10:00:00
5761,2319,ZL02319,4,Reliable so far,I bought this as a gift and the recipient liked it immediately.,Aisha,1,2024-03-07 10:00:00
5762,2319,ZL02319,5,Love this,Colour is accurate and sizing feels true based on the chart.,Lina,1,2024-04-09 10:00:00
5763,2320,ZL02320,4,Useful addition,Material quality is better than I expected at this price point.,Elena,1,2024-06-21 02:00:00
5764,2320,ZL02320,4,Nice finish,Packaging was neat and the item matched the listing details.,Yasmin,0,2024-09-22 02:00:00
5765,2320,ZL02320,4,Nice finish,Material quality is better than I expected at this price point.,Ivy,1,2024-07-19 02:00:00
5766,2320,ZL02320,5,Exactly as described,Packaging was neat and the item matched the listing details.,Ravi,1,2024-10-10 02:00:00
5767,2321,ZL02321,4,Useful addition,Colour is accurate and sizing feels true based on the chart.,Lina,1,2024-06-05 09:00:00
5768,2321,ZL02321,5,Useful addition,Instructions were clear and setup took only a few minutes.,Yasmin,1,2024-06-16 09:00:00
5769,2321,ZL02321,4,Would buy again,"Would appreciate more colour options, but this shade works for me.",Elena,1,2024-05-21 09:00:00
5770,2322,ZL02322,2,Decent for the money,Instructions were clear and setup took only a few minutes.,Grace,1,2024-03-21 17:00:00
5771,2322,ZL02322,2,Better than expected,Packaging was neat and the item matched the listing details.,Ravi,1,2024-04-15 17:00:00
5772,2323,ZL02323,5,Better than expected,"Would appreciate more colour options, but this shade works for me.",Priya,1,2024-11-06 02:00:00
5773,2323,ZL02323,5,Useful addition,I bought this as a gift and the recipient liked it immediately.,Aisha,1,2025-02-22 02:00:00
5774,2323,ZL02323,3,Not bad at all,Instructions were clear and setup took only a few minutes.,Yasmin,1,2024-11-06 02:00:00
5775,2323,ZL02323,2,Nice finish,I bought this as a gift and the recipient liked it immediately.,Wei,1,2024-12-08 02:00:00
5776,2324,ZL02324,3,Solid everyday pick,Instructions were clear and setup took only a few minutes.,Zara,1,2025-02-07 17:00:00
5777,2325,ZL02325,5,Not bad at all,Works as advertised. Battery/performance is satisfactory so far.,Farid,1,2024-10-05 12:00:00
5778,2326,ZL02326,4,Exactly as described,Instructions were clear and setup took only a few minutes.,Grace,1,2024-07-05 22:00:00
5779,2326,ZL02326,5,Exactly as described,Colour is accurate and sizing feels true based on the chart.,Ben,1,2024-07-16 22:00:00
5780,2327,ZL02327,4,Not bad at all,Good value compared with similar products I have tried.,Uma,1,2024-05-28 11:00:00
5781,2327,ZL02327,4,Good build quality,Used it for two weeks and it holds up well for daily use.,Uma,1,2024-07-25 11:00:00
5782,2327,ZL02327,3,Nice finish,Used it for two weeks and it holds up well for daily use.,Jonas,1,2024-08-10 11:00:00
5783,2328,ZL02328,3,Would buy again,Feels durable. A couple of small scuffs from shipping but fine overall.,Lina,1,2024-09-09 15:00:00
5784,2328,ZL02328,5,Not bad at all,Instructions were clear and setup took only a few minutes.,Marcus,1,2024-10-09 15:00:00
5785,2328,ZL02328,3,Solid everyday pick,Good value compared with similar products I have tried.,Chloe,0,2024-09-12 15:00:00
5786,2328,ZL02328,4,Better than expected,Packaging was neat and the item matched the listing details.,Danial,0,2024-07-07 15:00:00
5787,2329,ZL02329,5,Arrived quickly,Instructions were clear and setup took only a few minutes.,Ravi,0,2025-01-18 06:00:00
5788,2329,ZL02329,5,Useful addition,Used it for two weeks and it holds up well for daily use.,Chloe,0,2024-12-02 06:00:00
5789,2330,ZL02330,5,Better than expected,Packaging was neat and the item matched the listing details.,Chloe,1,2024-08-29 16:00:00
5790,2331,ZL02331,2,Worth the price,Feels durable. A couple of small scuffs from shipping but fine overall.,Jonas,1,2025-01-28 09:00:00
5791,2331,ZL02331,3,Not bad at all,Packaging was neat and the item matched the listing details.,Wei,1,2025-02-20 09:00:00
5792,2331,ZL02331,5,Love this,Feels durable. A couple of small scuffs from shipping but fine overall.,Victor,1,2025-01-23 09:00:00
5793,2331,ZL02331,2,Not bad at all,Instructions were clear and setup took only a few minutes.,Farid,1,2025-01-11 09:00:00
5794,2332,ZL02332,5,Would buy again,Good value compared with similar products I have tried.,Omar,0,2025-02-13 21:00:00
5795,2332,ZL02332,4,Nice finish,Good value compared with similar products I have tried.,Lina,0,2025-01-18 21:00:00
5796,2332,ZL02332,5,Arrived quickly,Used it for two weeks and it holds up well for daily use.,Nora,0,2025-01-09 21:00:00
5797,2332,ZL02332,4,Reliable so far,I bought this as a gift and the recipient liked it immediately.,Elena,1,2025-03-21 21:00:00
5798,2333,ZL02333,3,Love this,Feels durable. A couple of small scuffs from shipping but fine overall.,Siti,0,2025-06-13 08:00:00
5799,2333,ZL02333,4,Nice finish,Good value compared with similar products I have tried.,Ravi,1,2025-05-21 08:00:00
5800,2333,ZL02333,4,Worth the price,Works as advertised. Battery/performance is satisfactory so far.,Kai,0,2025-06-28 08:00:00
5801,2334,ZL02334,3,Worth the price,Packaging was neat and the item matched the listing details.,Uma,1,2024-09-18 16:00:00
5802,2334,ZL02334,5,Not bad at all,Good value compared with similar products I have tried.,Jonas,1,2024-10-27 16:00:00
5803,2334,ZL02334,5,Useful addition,Packaging was neat and the item matched the listing details.,Uma,0,2024-12-12 16:00:00
5804,2334,ZL02334,5,Reliable so far,"Would appreciate more colour options, but this shade works for me.",Elena,1,2024-09-16 16:00:00
5805,2335,ZL02335,3,Not bad at all,"Would appreciate more colour options, but this shade works for me.",Ravi,0,2024-03-19 16:00:00
5806,2335,ZL02335,5,Nice finish,Used it for two weeks and it holds up well for daily use.,Elena,1,2024-04-28 16:00:00
5807,2335,ZL02335,5,Arrived quickly,Material quality is better than I expected at this price point.,Nora,1,2024-04-16 16:00:00
5808,2336,ZL02336,4,Good build quality,Colour is accurate and sizing feels true based on the chart.,Wei,1,2024-02-13 15:00:00
5809,2336,ZL02336,4,Worth the price,Used it for two weeks and it holds up well for daily use.,Tom,1,2024-04-04 15:00:00
5810,2336,ZL02336,4,Happy with it,"Would appreciate more colour options, but this shade works for me.",Wei,1,2024-04-25 15:00:00
5811,2336,ZL02336,3,Good build quality,I bought this as a gift and the recipient liked it immediately.,Tom,1,2024-02-28 15:00:00
5812,2337,ZL02337,4,Solid everyday pick,"Would appreciate more colour options, but this shade works for me.",Uma,0,2025-05-15 23:00:00
5813,2337,ZL02337,5,Love this,Good value compared with similar products I have tried.,Hassan,1,2025-05-09 23:00:00
5814,2337,ZL02337,5,Solid everyday pick,Material quality is better than I expected at this price point.,Uma,0,2025-06-06 23:00:00
5815,2337,ZL02337,5,Reliable so far,Material quality is better than I expected at this price point.,Nora,1,2025-07-04 23:00:00
5816,2338,ZL02338,3,Useful addition,Good value compared with similar products I have tried.,Danial,1,2025-01-05 18:00:00
5817,2338,ZL02338,3,Better than expected,Packaging was neat and the item matched the listing details.,Ravi,1,2025-01-10 18:00:00
5818,2339,ZL02339,4,Exactly as described,Works as advertised. Battery/performance is satisfactory so far.,Priya,0,2024-10-31 06:00:00
5819,2339,ZL02339,3,Reliable so far,Instructions were clear and setup took only a few minutes.,Quinn,0,2025-02-20 06:00:00
5820,2339,ZL02339,2,Good build quality,Material quality is better than I expected at this price point.,Ivy,1,2024-12-08 06:00:00
5821,2340,ZL02340,5,Good build quality,Material quality is better than I expected at this price point.,Yasmin,1,2024-05-22 07:00:00
5822,2341,ZL02341,3,Exactly as described,Colour is accurate and sizing feels true based on the chart.,Ivy,1,2025-07-01 17:00:00
5823,2342,ZL02342,4,Good build quality,"Would appreciate more colour options, but this shade works for me.",Marcus,1,2025-05-04 08:00:00
5824,2342,ZL02342,3,Solid everyday pick,Material quality is better than I expected at this price point.,Omar,1,2025-06-12 08:00:00
5825,2342,ZL02342,2,Nice finish,Colour is accurate and sizing feels true based on the chart.,Grace,1,2025-05-06 08:00:00
5826,2342,ZL02342,2,Not bad at all,Works as advertised. Battery/performance is satisfactory so far.,Jonas,1,2025-06-16 08:00:00
5827,2343,ZL02343,3,Exactly as described,Good value compared with similar products I have tried.,Nora,1,2024-05-15 08:00:00
5828,2343,ZL02343,4,Exactly as described,Feels durable. A couple of small scuffs from shipping but fine overall.,Wei,1,2024-08-18 08:00:00
5829,2344,ZL02344,3,Exactly as described,Colour is accurate and sizing feels true based on the chart.,Elena,1,2025-02-24 22:00:00
5830,2344,ZL02344,3,Good build quality,Colour is accurate and sizing feels true based on the chart.,Victor,1,2025-01-20 22:00:00
5831,2344,ZL02344,3,Reliable so far,Good value compared with similar products I have tried.,Priya,1,2025-01-04 22:00:00
5832,2345,ZL02345,3,Nice finish,Colour is accurate and sizing feels true based on the chart.,Tom,1,2024-04-22 09:00:00
5833,2345,ZL02345,5,Worth the price,Material quality is better than I expected at this price point.,Hassan,1,2024-06-30 09:00:00
5834,2345,ZL02345,3,Would buy again,Good value compared with similar products I have tried.,Lina,1,2024-04-16 09:00:00
5835,2346,ZL02346,3,Reliable so far,Feels durable. A couple of small scuffs from shipping but fine overall.,Nora,1,2024-07-14 11:00:00
5836,2346,ZL02346,3,Useful addition,Packaging was neat and the item matched the listing details.,Danial,0,2024-10-06 11:00:00
5837,2347,ZL02347,2,Happy with it,Packaging was neat and the item matched the listing details.,Siti,0,2024-06-22 08:00:00
5838,2347,ZL02347,3,Nice finish,"Would appreciate more colour options, but this shade works for me.",Wei,1,2024-05-27 08:00:00
5839,2347,ZL02347,3,Love this,I bought this as a gift and the recipient liked it immediately.,Hassan,0,2024-08-18 08:00:00
5840,2347,ZL02347,4,Worth the price,Good value compared with similar products I have tried.,Quinn,0,2024-08-13 08:00:00
5841,2348,ZL02348,4,Exactly as described,I bought this as a gift and the recipient liked it immediately.,Aisha,1,2025-02-15 17:00:00
5842,2349,ZL02349,5,Reliable so far,Colour is accurate and sizing feels true based on the chart.,Omar,1,2024-04-08 16:00:00
5843,2349,ZL02349,4,Exactly as described,Packaging was neat and the item matched the listing details.,Aisha,1,2024-05-11 16:00:00
5844,2349,ZL02349,3,Exactly as described,Good value compared with similar products I have tried.,Elena,1,2024-06-17 16:00:00
5845,2350,ZL02350,4,Solid everyday pick,Material quality is better than I expected at this price point.,Priya,1,2024-12-12 17:00:00
5846,2350,ZL02350,2,Useful addition,"Would appreciate more colour options, but this shade works for me.",Uma,1,2024-12-22 17:00:00
5847,2350,ZL02350,3,Useful addition,Colour is accurate and sizing feels true based on the chart.,Quinn,1,2024-12-28 17:00:00
5848,2351,ZL02351,2,Happy with it,Used it for two weeks and it holds up well for daily use.,Danial,1,2025-01-31 03:00:00
5849,2351,ZL02351,3,Would buy again,Good value compared with similar products I have tried.,Farid,1,2025-01-16 03:00:00
5850,2351,ZL02351,4,Happy with it,"Would appreciate more colour options, but this shade works for me.",Ivy,1,2024-12-08 03:00:00
5851,2351,ZL02351,3,Arrived quickly,Colour is accurate and sizing feels true based on the chart.,Siti,1,2025-03-16 03:00:00
5852,2352,ZL02352,4,Worth the price,I bought this as a gift and the recipient liked it immediately.,Farid,0,2024-07-06 07:00:00
5853,2352,ZL02352,4,Arrived quickly,Packaging was neat and the item matched the listing details.,Zara,1,2024-06-28 07:00:00
5854,2352,ZL02352,4,Would buy again,"Would appreciate more colour options, but this shade works for me.",Siti,1,2024-06-21 07:00:00
5855,2353,ZL02353,5,Reliable so far,"Would appreciate more colour options, but this shade works for me.",Grace,1,2024-04-09 18:00:00
5856,2353,ZL02353,4,Good build quality,Packaging was neat and the item matched the listing details.,Ivy,1,2024-04-11 18:00:00
5857,2353,ZL02353,3,Would buy again,Works as advertised. Battery/performance is satisfactory so far.,Elena,1,2024-07-06 18:00:00
5858,2353,ZL02353,4,Would buy again,Works as advertised. Battery/performance is satisfactory so far.,Hassan,1,2024-04-07 18:00:00
5859,2354,ZL02354,3,Useful addition,Used it for two weeks and it holds up well for daily use.,Uma,0,2024-07-20 20:00:00
5860,2354,ZL02354,3,Decent for the money,Instructions were clear and setup took only a few minutes.,Priya,1,2024-08-30 20:00:00
5861,2354,ZL02354,3,Not bad at all,Instructions were clear and setup took only a few minutes.,Priya,1,2024-09-18 20:00:00
5862,2355,ZL02355,4,Useful addition,"Would appreciate more colour options, but this shade works for me.",Priya,1,2024-03-16 07:00:00
5863,2355,ZL02355,3,Not bad at all,Feels durable. A couple of small scuffs from shipping but fine overall.,Wei,1,2024-03-28 07:00:00
5864,2355,ZL02355,5,Would buy again,Instructions were clear and setup took only a few minutes.,Danial,0,2024-03-23 07:00:00
5865,2355,ZL02355,3,Good build quality,Used it for two weeks and it holds up well for daily use.,Priya,0,2024-06-05 07:00:00
5866,2356,ZL02356,3,Worth the price,Used it for two weeks and it holds up well for daily use.,Elena,1,2024-04-25 23:00:00
5867,2356,ZL02356,4,Exactly as described,Packaging was neat and the item matched the listing details.,Wei,1,2024-02-22 23:00:00
5868,2357,ZL02357,5,Solid everyday pick,Packaging was neat and the item matched the listing details.,Wei,1,2024-10-13 16:00:00
5869,2357,ZL02357,5,Better than expected,"Would appreciate more colour options, but this shade works for me.",Farid,1,2024-09-30 16:00:00
5870,2358,ZL02358,4,Arrived quickly,"Would appreciate more colour options, but this shade works for me.",Wei,1,2024-10-01 03:00:00
5871,2358,ZL02358,3,Worth the price,Works as advertised. Battery/performance is satisfactory so far.,Omar,0,2024-12-03 03:00:00
5872,2359,ZL02359,5,Good build quality,I bought this as a gift and the recipient liked it immediately.,Tom,1,2024-02-02 02:00:00
5873,2360,ZL02360,2,Nice finish,Material quality is better than I expected at this price point.,Victor,0,2024-05-01 11:00:00
5874,2360,ZL02360,5,Useful addition,"Would appreciate more colour options, but this shade works for me.",Jonas,0,2024-06-18 11:00:00
5875,2360,ZL02360,4,Love this,I bought this as a gift and the recipient liked it immediately.,Elena,1,2024-03-30 11:00:00
5876,2360,ZL02360,2,Love this,"Would appreciate more colour options, but this shade works for me.",Tom,1,2024-04-27 11:00:00
5877,2361,ZL02361,3,Useful addition,Instructions were clear and setup took only a few minutes.,Elena,1,2024-07-30 22:00:00
5878,2361,ZL02361,4,Exactly as described,Packaging was neat and the item matched the listing details.,Wei,1,2024-08-16 22:00:00
5879,2361,ZL02361,4,Better than expected,Colour is accurate and sizing feels true based on the chart.,Ivy,1,2024-08-13 22:00:00
5880,2361,ZL02361,3,Love this,Packaging was neat and the item matched the listing details.,Kai,1,2024-09-08 22:00:00
5881,2362,ZL02362,5,Arrived quickly,Packaging was neat and the item matched the listing details.,Yasmin,1,2024-07-07 06:00:00
5882,2362,ZL02362,5,Love this,Works as advertised. Battery/performance is satisfactory so far.,Victor,1,2024-06-28 06:00:00
5883,2362,ZL02362,3,Decent for the money,Works as advertised. Battery/performance is satisfactory so far.,Siti,0,2024-08-21 06:00:00
5884,2362,ZL02362,3,Worth the price,Packaging was neat and the item matched the listing details.,Tom,1,2024-06-21 06:00:00
5885,2363,ZL02363,3,Exactly as described,Feels durable. A couple of small scuffs from shipping but fine overall.,Ben,1,2025-04-15 19:00:00
5886,2364,ZL02364,2,Better than expected,Packaging was neat and the item matched the listing details.,Grace,1,2025-04-29 08:00:00
5887,2364,ZL02364,3,Worth the price,Packaging was neat and the item matched the listing details.,Quinn,1,2025-04-12 08:00:00
5888,2364,ZL02364,5,Not bad at all,Good value compared with similar products I have tried.,Farid,1,2025-06-16 08:00:00
5889,2364,ZL02364,5,Worth the price,I bought this as a gift and the recipient liked it immediately.,Ravi,0,2025-07-03 08:00:00
5890,2365,ZL02365,4,Happy with it,Colour is accurate and sizing feels true based on the chart.,Omar,0,2025-07-04 00:00:00
5891,2365,ZL02365,2,Solid everyday pick,Works as advertised. Battery/performance is satisfactory so far.,Marcus,1,2025-04-27 00:00:00
5892,2366,ZL02366,4,Good build quality,Feels durable. A couple of small scuffs from shipping but fine overall.,Aisha,1,2025-02-26 22:00:00
5893,2366,ZL02366,5,Good build quality,"Would appreciate more colour options, but this shade works for me.",Aisha,1,2025-02-23 22:00:00
5894,2366,ZL02366,3,Arrived quickly,Good value compared with similar products I have tried.,Nora,0,2025-06-08 22:00:00
5895,2367,ZL02367,3,Nice finish,Colour is accurate and sizing feels true based on the chart.,Ben,1,2024-10-26 17:00:00
5896,2367,ZL02367,4,Happy with it,I bought this as a gift and the recipient liked it immediately.,Priya,1,2024-11-01 17:00:00
5897,2367,ZL02367,3,Reliable so far,Works as advertised. Battery/performance is satisfactory so far.,Kai,1,2024-10-27 17:00:00
5898,2368,ZL02368,2,Decent for the money,Feels durable. A couple of small scuffs from shipping but fine overall.,Tom,1,2024-10-08 22:00:00
5899,2368,ZL02368,3,Useful addition,Good value compared with similar products I have tried.,Hassan,1,2024-11-09 22:00:00
5900,2368,ZL02368,3,Arrived quickly,Feels durable. A couple of small scuffs from shipping but fine overall.,Yasmin,0,2024-10-12 22:00:00
5901,2368,ZL02368,4,Love this,Used it for two weeks and it holds up well for daily use.,Omar,1,2024-09-14 22:00:00
5902,2369,ZL02369,3,Not bad at all,Packaging was neat and the item matched the listing details.,Wei,1,2025-08-12 00:00:00
5903,2370,ZL02370,4,Nice finish,Works as advertised. Battery/performance is satisfactory so far.,Nora,1,2024-12-21 02:00:00
5904,2371,ZL02371,2,Decent for the money,"Would appreciate more colour options, but this shade works for me.",Quinn,1,2024-02-06 19:00:00
5905,2371,ZL02371,3,Nice finish,Packaging was neat and the item matched the listing details.,Ben,1,2024-01-18 19:00:00
5906,2371,ZL02371,4,Would buy again,Packaging was neat and the item matched the listing details.,Ravi,1,2024-03-19 19:00:00
5907,2372,ZL02372,5,Better than expected,Used it for two weeks and it holds up well for daily use.,Wei,0,2024-08-12 11:00:00
5908,2372,ZL02372,4,Exactly as described,Good value compared with similar products I have tried.,Elena,1,2024-08-26 11:00:00
5909,2372,ZL02372,4,Love this,Good value compared with similar products I have tried.,Victor,0,2024-06-11 11:00:00
5910,2372,ZL02372,5,Happy with it,"Would appreciate more colour options, but this shade works for me.",Jonas,1,2024-08-02 11:00:00
5911,2373,ZL02373,2,Arrived quickly,Used it for two weeks and it holds up well for daily use.,Omar,1,2025-01-29 04:00:00
5912,2374,ZL02374,5,Useful addition,Packaging was neat and the item matched the listing details.,Marcus,1,2025-04-10 23:00:00
5913,2375,ZL02375,3,Reliable so far,"Would appreciate more colour options, but this shade works for me.",Marcus,0,2025-03-20 20:00:00
5914,2375,ZL02375,2,Solid everyday pick,Feels durable. A couple of small scuffs from shipping but fine overall.,Tom,1,2025-03-25 20:00:00
5915,2376,ZL02376,2,Happy with it,Feels durable. A couple of small scuffs from shipping but fine overall.,Omar,1,2024-09-28 18:00:00
5916,2376,ZL02376,4,Not bad at all,"Would appreciate more colour options, but this shade works for me.",Aisha,1,2024-06-12 18:00:00
5917,2376,ZL02376,2,Decent for the money,Used it for two weeks and it holds up well for daily use.,Uma,1,2024-08-08 18:00:00
5918,2377,ZL02377,2,Reliable so far,Used it for two weeks and it holds up well for daily use.,Jonas,0,2024-04-24 20:00:00
5919,2377,ZL02377,3,Arrived quickly,Instructions were clear and setup took only a few minutes.,Kai,1,2024-04-25 20:00:00
5920,2378,ZL02378,3,Would buy again,Colour is accurate and sizing feels true based on the chart.,Hassan,1,2025-03-20 01:00:00
5921,2378,ZL02378,3,Solid everyday pick,Colour is accurate and sizing feels true based on the chart.,Grace,1,2025-02-05 01:00:00
5922,2378,ZL02378,5,Arrived quickly,Good value compared with similar products I have tried.,Siti,1,2025-01-05 01:00:00
5923,2378,ZL02378,3,Reliable so far,Used it for two weeks and it holds up well for daily use.,Marcus,1,2025-01-30 01:00:00
5924,2379,ZL02379,3,Exactly as described,Works as advertised. Battery/performance is satisfactory so far.,Uma,1,2024-05-24 23:00:00
5925,2379,ZL02379,4,Happy with it,Colour is accurate and sizing feels true based on the chart.,Elena,1,2024-05-18 23:00:00
5926,2379,ZL02379,4,Happy with it,Packaging was neat and the item matched the listing details.,Farid,1,2024-04-21 23:00:00
5927,2379,ZL02379,5,Worth the price,Instructions were clear and setup took only a few minutes.,Elena,1,2024-07-06 23:00:00
5928,2380,ZL02380,5,Reliable so far,Used it for two weeks and it holds up well for daily use.,Kai,1,2025-08-01 08:00:00
5929,2380,ZL02380,4,Happy with it,Works as advertised. Battery/performance is satisfactory so far.,Wei,0,2025-06-25 08:00:00
5930,2380,ZL02380,5,Nice finish,Feels durable. A couple of small scuffs from shipping but fine overall.,Omar,1,2025-07-03 08:00:00
5931,2381,ZL02381,5,Would buy again,Works as advertised. Battery/performance is satisfactory so far.,Hassan,1,2025-07-28 22:00:00
5932,2381,ZL02381,5,Nice finish,Works as advertised. Battery/performance is satisfactory so far.,Uma,1,2025-05-23 22:00:00
5933,2381,ZL02381,5,Would buy again,I bought this as a gift and the recipient liked it immediately.,Danial,0,2025-06-29 22:00:00
5934,2381,ZL02381,5,Solid everyday pick,Material quality is better than I expected at this price point.,Priya,1,2025-07-02 22:00:00
5935,2382,ZL02382,4,Would buy again,Instructions were clear and setup took only a few minutes.,Ben,1,2024-12-16 03:00:00
5936,2382,ZL02382,3,Not bad at all,Colour is accurate and sizing feels true based on the chart.,Quinn,1,2024-12-23 03:00:00
5937,2383,ZL02383,3,Arrived quickly,"Would appreciate more colour options, but this shade works for me.",Quinn,0,2025-08-22 04:00:00
5938,2383,ZL02383,3,Arrived quickly,Material quality is better than I expected at this price point.,Grace,1,2025-08-22 04:00:00
5939,2384,ZL02384,4,Exactly as described,Instructions were clear and setup took only a few minutes.,Uma,1,2025-03-14 13:00:00
5940,2384,ZL02384,4,Love this,I bought this as a gift and the recipient liked it immediately.,Lina,0,2025-04-05 13:00:00
5941,2385,ZL02385,4,Love this,Good value compared with similar products I have tried.,Elena,1,2025-06-16 05:00:00
5942,2386,ZL02386,5,Useful addition,Feels durable. A couple of small scuffs from shipping but fine overall.,Ben,1,2025-05-14 08:00:00
5943,2387,ZL02387,5,Nice finish,Material quality is better than I expected at this price point.,Uma,1,2024-12-24 05:00:00
5944,2387,ZL02387,3,Reliable so far,Used it for two weeks and it holds up well for daily use.,Lina,1,2024-12-02 05:00:00
5945,2388,ZL02388,3,Happy with it,Used it for two weeks and it holds up well for daily use.,Tom,0,2024-03-17 12:00:00
5946,2389,ZL02389,2,Love this,Works as advertised. Battery/performance is satisfactory so far.,Marcus,0,2025-02-25 14:00:00
5947,2389,ZL02389,3,Not bad at all,"Would appreciate more colour options, but this shade works for me.",Chloe,1,2025-05-06 14:00:00
5948,2389,ZL02389,4,Happy with it,Good value compared with similar products I have tried.,Hassan,1,2025-03-11 14:00:00
5949,2389,ZL02389,2,Reliable so far,Works as advertised. Battery/performance is satisfactory so far.,Nora,1,2025-05-10 14:00:00
5950,2390,ZL02390,3,Worth the price,"Would appreciate more colour options, but this shade works for me.",Omar,0,2025-03-30 19:00:00
5951,2390,ZL02390,2,Arrived quickly,Material quality is better than I expected at this price point.,Siti,1,2025-03-31 19:00:00
5952,2391,ZL02391,4,Better than expected,Good value compared with similar products I have tried.,Victor,1,2024-09-04 23:00:00
5953,2391,ZL02391,2,Arrived quickly,I bought this as a gift and the recipient liked it immediately.,Ravi,0,2024-11-24 23:00:00
5954,2391,ZL02391,2,Would buy again,Instructions were clear and setup took only a few minutes.,Yasmin,1,2024-11-30 23:00:00
5955,2391,ZL02391,4,Exactly as described,Material quality is better than I expected at this price point.,Chloe,1,2024-11-21 23:00:00
5956,2392,ZL02392,3,Arrived quickly,Used it for two weeks and it holds up well for daily use.,Farid,1,2024-10-28 12:00:00
5957,2393,ZL02393,4,Not bad at all,Instructions were clear and setup took only a few minutes.,Zara,1,2024-09-04 22:00:00
5958,2393,ZL02393,5,Not bad at all,Instructions were clear and setup took only a few minutes.,Siti,0,2024-07-04 22:00:00
5959,2393,ZL02393,4,Nice finish,Works as advertised. Battery/performance is satisfactory so far.,Zara,1,2024-06-25 22:00:00
5960,2394,ZL02394,5,Happy with it,Works as advertised. Battery/performance is satisfactory so far.,Quinn,1,2024-11-12 05:00:00
5961,2395,ZL02395,5,Solid everyday pick,Packaging was neat and the item matched the listing details.,Siti,1,2024-04-14 21:00:00
5962,2396,ZL02396,5,Arrived quickly,I bought this as a gift and the recipient liked it immediately.,Uma,0,2024-09-30 20:00:00
5963,2396,ZL02396,5,Worth the price,Instructions were clear and setup took only a few minutes.,Wei,1,2024-08-28 20:00:00
5964,2397,ZL02397,3,Better than expected,Material quality is better than I expected at this price point.,Uma,1,2024-10-16 13:00:00
5965,2398,ZL02398,5,Exactly as described,Good value compared with similar products I have tried.,Lina,0,2024-11-25 05:00:00
5966,2399,ZL02399,2,Decent for the money,Used it for two weeks and it holds up well for daily use.,Wei,1,2024-10-05 13:00:00
5967,2399,ZL02399,3,Solid everyday pick,Packaging was neat and the item matched the listing details.,Chloe,1,2024-09-06 13:00:00
5968,2400,ZL02400,5,Arrived quickly,I bought this as a gift and the recipient liked it immediately.,Kai,1,2025-05-06 05:00:00
5969,2400,ZL02400,4,Worth the price,"Would appreciate more colour options, but this shade works for me.",Quinn,0,2025-05-03 05:00:00
5970,2401,ZL02401,5,Would buy again,Feels durable. A couple of small scuffs from shipping but fine overall.,Farid,1,2024-06-22 23:00:00
5971,2401,ZL02401,3,Happy with it,Good value compared with similar products I have tried.,Farid,1,2024-05-19 23:00:00
5972,2402,ZL02402,5,Decent for the money,Packaging was neat and the item matched the listing details.,Jonas,1,2024-08-30 10:00:00
5973,2402,ZL02402,4,Not bad at all,Material quality is better than I expected at this price point.,Kai,1,2024-07-12 10:00:00
5974,2403,ZL02403,5,Not bad at all,Works as advertised. Battery/performance is satisfactory so far.,Yasmin,1,2024-10-11 15:00:00
5975,2403,ZL02403,5,Arrived quickly,Instructions were clear and setup took only a few minutes.,Wei,0,2024-08-01 15:00:00
5976,2403,ZL02403,3,Not bad at all,Material quality is better than I expected at this price point.,Wei,1,2024-08-21 15:00:00
5977,2403,ZL02403,4,Worth the price,Works as advertised. Battery/performance is satisfactory so far.,Grace,1,2024-06-20 15:00:00
5978,2404,ZL02404,3,Decent for the money,Good value compared with similar products I have tried.,Priya,1,2025-05-30 00:00:00
5979,2404,ZL02404,4,Worth the price,Instructions were clear and setup took only a few minutes.,Victor,0,2025-05-31 00:00:00
5980,2404,ZL02404,3,Love this,Packaging was neat and the item matched the listing details.,Marcus,0,2025-03-13 00:00:00
5981,2404,ZL02404,5,Love this,Instructions were clear and setup took only a few minutes.,Kai,1,2025-05-12 00:00:00
5982,2405,ZL02405,4,Happy with it,Works as advertised. Battery/performance is satisfactory so far.,Hassan,0,2024-10-05 13:00:00
5983,2405,ZL02405,4,Worth the price,Used it for two weeks and it holds up well for daily use.,Jonas,0,2024-10-10 13:00:00
5984,2406,ZL02406,3,Worth the price,Colour is accurate and sizing feels true based on the chart.,Zara,0,2024-11-30 00:00:00
5985,2406,ZL02406,4,Solid everyday pick,Packaging was neat and the item matched the listing details.,Uma,0,2024-09-23 00:00:00
5986,2406,ZL02406,4,Arrived quickly,Material quality is better than I expected at this price point.,Uma,1,2024-09-25 00:00:00
5987,2407,ZL02407,3,Better than expected,Packaging was neat and the item matched the listing details.,Chloe,1,2024-09-02 21:00:00
5988,2407,ZL02407,5,Better than expected,Packaging was neat and the item matched the listing details.,Danial,1,2024-08-27 21:00:00
5989,2407,ZL02407,5,Decent for the money,Packaging was neat and the item matched the listing details.,Ben,0,2024-09-10 21:00:00
5990,2408,ZL02408,4,Not bad at all,Feels durable. A couple of small scuffs from shipping but fine overall.,Grace,1,2025-08-29 17:00:00
5991,2408,ZL02408,4,Arrived quickly,Packaging was neat and the item matched the listing details.,Ben,1,2025-09-04 17:00:00
5992,2408,ZL02408,3,Would buy again,I bought this as a gift and the recipient liked it immediately.,Grace,1,2025-08-05 17:00:00
5993,2408,ZL02408,4,Reliable so far,Good value compared with similar products I have tried.,Chloe,0,2025-08-27 17:00:00
5994,2409,ZL02409,4,Solid everyday pick,Works as advertised. Battery/performance is satisfactory so far.,Kai,1,2024-11-28 21:00:00
5995,2409,ZL02409,5,Reliable so far,Good value compared with similar products I have tried.,Chloe,1,2024-11-24 21:00:00
5996,2409,ZL02409,4,Worth the price,Instructions were clear and setup took only a few minutes.,Grace,1,2024-11-06 21:00:00
5997,2409,ZL02409,4,Reliable so far,Material quality is better than I expected at this price point.,Marcus,0,2024-11-20 21:00:00
5998,2410,ZL02410,3,Happy with it,"Would appreciate more colour options, but this shade works for me.",Uma,1,2024-05-05 11:00:00
5999,2410,ZL02410,4,Love this,Works as advertised. Battery/performance is satisfactory so far.,Yasmin,0,2024-06-25 11:00:00
6000,2410,ZL02410,3,Solid everyday pick,"Would appreciate more colour options, but this shade works for me.",Grace,1,2024-06-20 11:00:00
6001,2410,ZL02410,5,Not bad at all,Works as advertised. Battery/performance is satisfactory so far.,Farid,1,2024-05-20 11:00:00
6002,2411,ZL02411,4,Not bad at all,Instructions were clear and setup took only a few minutes.,Ben,0,2024-07-31 22:00:00
6003,2411,ZL02411,2,Would buy again,Used it for two weeks and it holds up well for daily use.,Siti,0,2024-10-15 22:00:00
6004,2411,ZL02411,4,Arrived quickly,Feels durable. A couple of small scuffs from shipping but fine overall.,Priya,0,2024-09-24 22:00:00
6005,2412,ZL02412,4,Happy with it,Colour is accurate and sizing feels true based on the chart.,Lina,1,2025-07-02 12:00:00
6006,2412,ZL02412,3,Better than expected,Works as advertised. Battery/performance is satisfactory so far.,Grace,1,2025-03-22 12:00:00
6007,2412,ZL02412,4,Nice finish,Colour is accurate and sizing feels true based on the chart.,Farid,0,2025-04-09 12:00:00
6008,2413,ZL02413,5,Love this,Good value compared with similar products I have tried.,Aisha,1,2024-08-16 05:00:00
6009,2413,ZL02413,3,Nice finish,Good value compared with similar products I have tried.,Farid,1,2024-08-26 05:00:00
6010,2413,ZL02413,3,Decent for the money,Used it for two weeks and it holds up well for daily use.,Siti,1,2024-10-07 05:00:00
6011,2414,ZL02414,2,Reliable so far,Instructions were clear and setup took only a few minutes.,Zara,1,2024-08-27 00:00:00
6012,2414,ZL02414,3,Better than expected,I bought this as a gift and the recipient liked it immediately.,Victor,1,2024-08-03 00:00:00
6013,2414,ZL02414,5,Exactly as described,"Would appreciate more colour options, but this shade works for me.",Kai,0,2024-06-28 00:00:00
6014,2414,ZL02414,3,Love this,Material quality is better than I expected at this price point.,Omar,1,2024-07-16 00:00:00
6015,2415,ZL02415,4,Useful addition,Material quality is better than I expected at this price point.,Farid,1,2024-05-01 16:00:00
6016,2416,ZL02416,3,Not bad at all,Used it for two weeks and it holds up well for daily use.,Kai,1,2025-06-30 10:00:00
6017,2416,ZL02416,5,Useful addition,Colour is accurate and sizing feels true based on the chart.,Zara,1,2025-05-19 10:00:00
6018,2417,ZL02417,3,Useful addition,Instructions were clear and setup took only a few minutes.,Marcus,1,2024-12-14 10:00:00
6019,2418,ZL02418,5,Good build quality,Instructions were clear and setup took only a few minutes.,Hassan,1,2025-03-12 11:00:00
6020,2419,ZL02419,4,Nice finish,Good value compared with similar products I have tried.,Ivy,0,2025-01-11 19:00:00
6021,2419,ZL02419,4,Nice finish,Used it for two weeks and it holds up well for daily use.,Siti,1,2025-01-05 19:00:00
6022,2420,ZL02420,5,Reliable so far,Packaging was neat and the item matched the listing details.,Victor,1,2024-09-06 23:00:00
6023,2420,ZL02420,5,Decent for the money,Packaging was neat and the item matched the listing details.,Ben,1,2024-08-06 23:00:00
6024,2421,ZL02421,4,Exactly as described,Packaging was neat and the item matched the listing details.,Priya,1,2024-04-28 23:00:00
6025,2421,ZL02421,5,Worth the price,Packaging was neat and the item matched the listing details.,Kai,1,2024-03-27 23:00:00
6026,2421,ZL02421,5,Solid everyday pick,Packaging was neat and the item matched the listing details.,Kai,1,2024-05-11 23:00:00
6027,2421,ZL02421,3,Decent for the money,I bought this as a gift and the recipient liked it immediately.,Kai,1,2024-05-03 23:00:00
6028,2422,ZL02422,3,Worth the price,Used it for two weeks and it holds up well for daily use.,Yasmin,0,2025-01-13 11:00:00
6029,2423,ZL02423,3,Decent for the money,Used it for two weeks and it holds up well for daily use.,Priya,1,2024-12-22 01:00:00
6030,2423,ZL02423,3,Decent for the money,"Would appreciate more colour options, but this shade works for me.",Omar,1,2024-12-08 01:00:00
6031,2424,ZL02424,4,Not bad at all,Works as advertised. Battery/performance is satisfactory so far.,Hassan,1,2025-07-10 19:00:00
6032,2424,ZL02424,5,Decent for the money,I bought this as a gift and the recipient liked it immediately.,Marcus,0,2025-06-21 19:00:00
6033,2424,ZL02424,3,Solid everyday pick,Used it for two weeks and it holds up well for daily use.,Kai,1,2025-05-28 19:00:00
6034,2424,ZL02424,4,Decent for the money,Packaging was neat and the item matched the listing details.,Zara,1,2025-05-20 19:00:00
6035,2425,ZL02425,4,Exactly as described,Colour is accurate and sizing feels true based on the chart.,Omar,1,2024-06-21 09:00:00
6036,2426,ZL02426,5,Decent for the money,Used it for two weeks and it holds up well for daily use.,Ravi,1,2025-05-06 17:00:00
6037,2426,ZL02426,5,Good build quality,Packaging was neat and the item matched the listing details.,Omar,1,2025-06-02 17:00:00
6038,2426,ZL02426,5,Would buy again,Feels durable. A couple of small scuffs from shipping but fine overall.,Kai,1,2025-03-02 17:00:00
6039,2427,ZL02427,4,Nice finish,Packaging was neat and the item matched the listing details.,Hassan,1,2025-08-02 02:00:00
6040,2428,ZL02428,5,Exactly as described,Feels durable. A couple of small scuffs from shipping but fine overall.,Danial,1,2024-02-05 04:00:00
6041,2428,ZL02428,3,Solid everyday pick,I bought this as a gift and the recipient liked it immediately.,Siti,1,2024-05-01 04:00:00
6042,2428,ZL02428,3,Happy with it,Packaging was neat and the item matched the listing details.,Ben,1,2024-04-03 04:00:00
6043,2429,ZL02429,5,Solid everyday pick,Works as advertised. Battery/performance is satisfactory so far.,Lina,0,2025-03-29 19:00:00
6044,2430,ZL02430,3,Not bad at all,Feels durable. A couple of small scuffs from shipping but fine overall.,Victor,0,2024-11-10 15:00:00
6045,2430,ZL02430,5,Worth the price,Packaging was neat and the item matched the listing details.,Victor,1,2024-10-08 15:00:00
6046,2430,ZL02430,5,Love this,Material quality is better than I expected at this price point.,Yasmin,0,2024-08-15 15:00:00
6047,2431,ZL02431,4,Worth the price,Feels durable. A couple of small scuffs from shipping but fine overall.,Siti,1,2024-07-27 22:00:00
6048,2431,ZL02431,2,Would buy again,"Would appreciate more colour options, but this shade works for me.",Uma,1,2024-06-28 22:00:00
6049,2432,ZL02432,3,Exactly as described,Feels durable. A couple of small scuffs from shipping but fine overall.,Wei,0,2024-11-02 08:00:00
6050,2432,ZL02432,5,Reliable so far,Good value compared with similar products I have tried.,Priya,0,2024-10-18 08:00:00
6051,2432,ZL02432,3,Love this,"Would appreciate more colour options, but this shade works for me.",Farid,1,2024-12-06 08:00:00
6052,2433,ZL02433,3,Exactly as described,Works as advertised. Battery/performance is satisfactory so far.,Marcus,1,2025-02-23 01:00:00
6053,2433,ZL02433,4,Happy with it,Packaging was neat and the item matched the listing details.,Ben,0,2025-04-17 01:00:00
6054,2433,ZL02433,3,Better than expected,"Would appreciate more colour options, but this shade works for me.",Danial,1,2025-04-30 01:00:00
6055,2434,ZL02434,3,Nice finish,Feels durable. A couple of small scuffs from shipping but fine overall.,Kai,1,2024-11-12 21:00:00
6056,2434,ZL02434,3,Love this,Packaging was neat and the item matched the listing details.,Jonas,1,2024-11-13 21:00:00
6057,2435,ZL02435,5,Love this,Good value compared with similar products I have tried.,Kai,1,2024-05-21 05:00:00
6058,2435,ZL02435,2,Arrived quickly,Packaging was neat and the item matched the listing details.,Lina,1,2024-04-09 05:00:00
6059,2436,ZL02436,3,Decent for the money,Colour is accurate and sizing feels true based on the chart.,Zara,1,2025-07-20 14:00:00
6060,2437,ZL02437,3,Happy with it,"Would appreciate more colour options, but this shade works for me.",Priya,1,2024-12-02 07:00:00
6061,2438,ZL02438,3,Love this,Feels durable. A couple of small scuffs from shipping but fine overall.,Zara,1,2024-05-25 14:00:00
6062,2438,ZL02438,2,Useful addition,Instructions were clear and setup took only a few minutes.,Aisha,0,2024-07-02 14:00:00
6063,2438,ZL02438,5,Good build quality,"Would appreciate more colour options, but this shade works for me.",Priya,0,2024-07-08 14:00:00
6064,2438,ZL02438,4,Better than expected,I bought this as a gift and the recipient liked it immediately.,Ben,1,2024-08-29 14:00:00
6065,2439,ZL02439,3,Useful addition,"Would appreciate more colour options, but this shade works for me.",Uma,0,2024-08-13 03:00:00
6066,2440,ZL02440,2,Arrived quickly,Works as advertised. Battery/performance is satisfactory so far.,Ravi,0,2024-11-12 06:00:00
6067,2440,ZL02440,5,Not bad at all,Colour is accurate and sizing feels true based on the chart.,Siti,1,2024-09-06 06:00:00
6068,2440,ZL02440,3,Useful addition,Packaging was neat and the item matched the listing details.,Grace,1,2024-08-28 06:00:00
6069,2440,ZL02440,3,Would buy again,"Would appreciate more colour options, but this shade works for me.",Kai,1,2024-09-24 06:00:00
6070,2441,ZL02441,4,Nice finish,Material quality is better than I expected at this price point.,Wei,1,2024-08-03 20:00:00
6071,2441,ZL02441,5,Good build quality,Instructions were clear and setup took only a few minutes.,Zara,1,2024-06-26 20:00:00
6072,2441,ZL02441,5,Nice finish,Works as advertised. Battery/performance is satisfactory so far.,Ben,0,2024-07-30 20:00:00
6073,2441,ZL02441,5,Exactly as described,Colour is accurate and sizing feels true based on the chart.,Elena,1,2024-08-13 20:00:00
6074,2442,ZL02442,5,Nice finish,Instructions were clear and setup took only a few minutes.,Marcus,1,2024-07-04 12:00:00
6075,2442,ZL02442,3,Worth the price,Material quality is better than I expected at this price point.,Victor,1,2024-06-25 12:00:00
6076,2442,ZL02442,3,Love this,Used it for two weeks and it holds up well for daily use.,Kai,1,2024-10-05 12:00:00
6077,2443,ZL02443,4,Nice finish,Instructions were clear and setup took only a few minutes.,Quinn,1,2024-06-05 06:00:00
6078,2443,ZL02443,3,Reliable so far,Feels durable. A couple of small scuffs from shipping but fine overall.,Danial,1,2024-06-26 06:00:00
6079,2443,ZL02443,3,Happy with it,Good value compared with similar products I have tried.,Yasmin,0,2024-09-13 06:00:00
6080,2443,ZL02443,2,Love this,Good value compared with similar products I have tried.,Ivy,1,2024-07-26 06:00:00
6081,2444,ZL02444,4,Nice finish,Material quality is better than I expected at this price point.,Victor,1,2024-03-14 11:00:00
6082,2445,ZL02445,3,Love this,Instructions were clear and setup took only a few minutes.,Danial,1,2024-12-25 06:00:00
6083,2445,ZL02445,3,Reliable so far,"Would appreciate more colour options, but this shade works for me.",Kai,1,2025-02-26 06:00:00
6084,2445,ZL02445,4,Exactly as described,Used it for two weeks and it holds up well for daily use.,Tom,1,2025-01-24 06:00:00
6085,2446,ZL02446,4,Useful addition,"Would appreciate more colour options, but this shade works for me.",Lina,1,2024-09-28 05:00:00
6086,2446,ZL02446,3,Useful addition,Used it for two weeks and it holds up well for daily use.,Chloe,1,2024-08-31 05:00:00
6087,2447,ZL02447,2,Decent for the money,Good value compared with similar products I have tried.,Wei,1,2025-03-09 21:00:00
6088,2447,ZL02447,5,Reliable so far,Colour is accurate and sizing feels true based on the chart.,Danial,1,2025-04-14 21:00:00
6089,2447,ZL02447,2,Better than expected,"Would appreciate more colour options, but this shade works for me.",Hassan,1,2025-01-30 21:00:00
6090,2447,ZL02447,3,Exactly as described,Material quality is better than I expected at this price point.,Farid,1,2024-12-27 21:00:00
6091,2448,ZL02448,4,Reliable so far,Material quality is better than I expected at this price point.,Lina,1,2024-01-21 15:00:00
6092,2448,ZL02448,3,Decent for the money,Works as advertised. Battery/performance is satisfactory so far.,Elena,0,2024-01-19 15:00:00
6093,2448,ZL02448,4,Love this,Material quality is better than I expected at this price point.,Wei,0,2024-01-26 15:00:00
6094,2448,ZL02448,3,Decent for the money,Feels durable. A couple of small scuffs from shipping but fine overall.,Aisha,0,2024-02-11 15:00:00
6095,2449,ZL02449,5,Arrived quickly,Instructions were clear and setup took only a few minutes.,Wei,1,2025-01-16 13:00:00
6096,2450,ZL02450,3,Not bad at all,Works as advertised. Battery/performance is satisfactory so far.,Tom,1,2025-03-30 23:00:00
6097,2450,ZL02450,3,Reliable so far,Works as advertised. Battery/performance is satisfactory so far.,Tom,0,2025-04-30 23:00:00
6098,2451,ZL02451,3,Arrived quickly,Packaging was neat and the item matched the listing details.,Nora,1,2024-08-15 22:00:00
6099,2451,ZL02451,3,Worth the price,Colour is accurate and sizing feels true based on the chart.,Chloe,1,2024-09-24 22:00:00
6100,2451,ZL02451,4,Good build quality,Packaging was neat and the item matched the listing details.,Wei,1,2024-09-04 22:00:00
6101,2451,ZL02451,3,Not bad at all,Material quality is better than I expected at this price point.,Elena,1,2024-09-29 22:00:00
6102,2452,ZL02452,4,Decent for the money,"Would appreciate more colour options, but this shade works for me.",Nora,1,2024-11-07 05:00:00
6103,2452,ZL02452,4,Arrived quickly,Instructions were clear and setup took only a few minutes.,Ivy,0,2024-10-16 05:00:00
6104,2452,ZL02452,5,Not bad at all,Feels durable. A couple of small scuffs from shipping but fine overall.,Jonas,0,2024-11-05 05:00:00
6105,2453,ZL02453,2,Useful addition,Packaging was neat and the item matched the listing details.,Victor,1,2024-07-24 08:00:00
6106,2454,ZL02454,3,Good build quality,Used it for two weeks and it holds up well for daily use.,Ben,1,2024-11-04 00:00:00
6107,2455,ZL02455,5,Solid everyday pick,Colour is accurate and sizing feels true based on the chart.,Grace,1,2024-06-29 14:00:00
6108,2455,ZL02455,3,Solid everyday pick,Works as advertised. Battery/performance is satisfactory so far.,Elena,1,2024-07-03 14:00:00
6109,2456,ZL02456,5,Worth the price,Colour is accurate and sizing feels true based on the chart.,Danial,0,2025-07-04 03:00:00
6110,2456,ZL02456,2,Useful addition,Packaging was neat and the item matched the listing details.,Yasmin,1,2025-07-13 03:00:00
6111,2456,ZL02456,3,Useful addition,I bought this as a gift and the recipient liked it immediately.,Nora,1,2025-07-13 03:00:00
6112,2457,ZL02457,4,Not bad at all,I bought this as a gift and the recipient liked it immediately.,Danial,1,2025-02-07 07:00:00
6113,2458,ZL02458,2,Arrived quickly,Colour is accurate and sizing feels true based on the chart.,Omar,1,2025-01-18 05:00:00
6114,2459,ZL02459,3,Useful addition,I bought this as a gift and the recipient liked it immediately.,Kai,1,2024-12-09 12:00:00
6115,2459,ZL02459,4,Better than expected,Used it for two weeks and it holds up well for daily use.,Priya,1,2024-12-14 12:00:00
6116,2459,ZL02459,5,Not bad at all,Instructions were clear and setup took only a few minutes.,Danial,1,2025-02-24 12:00:00
6117,2459,ZL02459,5,Love this,Good value compared with similar products I have tried.,Ravi,1,2024-12-03 12:00:00
6118,2460,ZL02460,3,Not bad at all,Colour is accurate and sizing feels true based on the chart.,Ravi,1,2024-12-07 13:00:00
6119,2460,ZL02460,3,Would buy again,Packaging was neat and the item matched the listing details.,Yasmin,1,2024-10-09 13:00:00
6120,2460,ZL02460,5,Happy with it,Good value compared with similar products I have tried.,Farid,0,2024-12-12 13:00:00
6121,2461,ZL02461,3,Better than expected,"Would appreciate more colour options, but this shade works for me.",Jonas,1,2025-05-06 08:00:00
6122,2461,ZL02461,2,Decent for the money,"Would appreciate more colour options, but this shade works for me.",Elena,0,2025-04-16 08:00:00
6123,2462,ZL02462,2,Exactly as described,Used it for two weeks and it holds up well for daily use.,Omar,1,2024-06-25 01:00:00
6124,2463,ZL02463,3,Not bad at all,Good value compared with similar products I have tried.,Marcus,0,2024-09-08 19:00:00
6125,2463,ZL02463,3,Happy with it,Good value compared with similar products I have tried.,Uma,1,2024-09-05 19:00:00
6126,2463,ZL02463,5,Would buy again,Instructions were clear and setup took only a few minutes.,Farid,1,2024-11-20 19:00:00
6127,2464,ZL02464,4,Not bad at all,Packaging was neat and the item matched the listing details.,Farid,1,2025-04-27 22:00:00
6128,2464,ZL02464,5,Good build quality,Good value compared with similar products I have tried.,Jonas,1,2025-06-13 22:00:00
6129,2465,ZL02465,3,Arrived quickly,Instructions were clear and setup took only a few minutes.,Hassan,1,2024-09-22 09:00:00
6130,2465,ZL02465,4,Decent for the money,Works as advertised. Battery/performance is satisfactory so far.,Ivy,1,2024-07-07 09:00:00
6131,2466,ZL02466,2,Happy with it,Feels durable. A couple of small scuffs from shipping but fine overall.,Omar,0,2025-05-14 23:00:00
6132,2466,ZL02466,2,Happy with it,Packaging was neat and the item matched the listing details.,Ravi,1,2025-06-23 23:00:00
6133,2466,ZL02466,5,Useful addition,Material quality is better than I expected at this price point.,Siti,0,2025-04-02 23:00:00
6134,2467,ZL02467,3,Better than expected,"Would appreciate more colour options, but this shade works for me.",Priya,1,2024-08-23 23:00:00
6135,2467,ZL02467,2,Love this,Works as advertised. Battery/performance is satisfactory so far.,Danial,1,2024-07-19 23:00:00
6136,2467,ZL02467,5,Would buy again,Feels durable. A couple of small scuffs from shipping but fine overall.,Zara,0,2024-09-17 23:00:00
6137,2468,ZL02468,4,Useful addition,Good value compared with similar products I have tried.,Marcus,1,2024-08-03 01:00:00
6138,2468,ZL02468,4,Good build quality,Instructions were clear and setup took only a few minutes.,Tom,1,2024-09-19 01:00:00
6139,2468,ZL02468,4,Better than expected,Good value compared with similar products I have tried.,Kai,0,2024-10-23 01:00:00
6140,2468,ZL02468,4,Better than expected,Colour is accurate and sizing feels true based on the chart.,Grace,1,2024-09-30 01:00:00
6141,2469,ZL02469,3,Worth the price,Good value compared with similar products I have tried.,Victor,1,2025-03-09 04:00:00
6142,2470,ZL02470,3,Exactly as described,I bought this as a gift and the recipient liked it immediately.,Hassan,1,2025-02-09 07:00:00
6143,2470,ZL02470,5,Reliable so far,Material quality is better than I expected at this price point.,Kai,0,2025-03-28 07:00:00
6144,2470,ZL02470,4,Nice finish,Feels durable. A couple of small scuffs from shipping but fine overall.,Marcus,1,2025-03-01 07:00:00
6145,2471,ZL02471,2,Exactly as described,Instructions were clear and setup took only a few minutes.,Ivy,1,2025-02-02 02:00:00
6146,2472,ZL02472,5,Solid everyday pick,Colour is accurate and sizing feels true based on the chart.,Nora,1,2024-11-01 20:00:00
6147,2472,ZL02472,5,Nice finish,I bought this as a gift and the recipient liked it immediately.,Chloe,1,2024-08-02 20:00:00
6148,2472,ZL02472,5,Worth the price,Works as advertised. Battery/performance is satisfactory so far.,Marcus,1,2024-08-12 20:00:00
6149,2472,ZL02472,3,Not bad at all,Packaging was neat and the item matched the listing details.,Hassan,0,2024-10-04 20:00:00
6150,2473,ZL02473,5,Nice finish,Works as advertised. Battery/performance is satisfactory so far.,Ben,1,2025-04-24 12:00:00
6151,2474,ZL02474,5,Better than expected,Good value compared with similar products I have tried.,Hassan,0,2025-01-14 23:00:00
6152,2474,ZL02474,4,Not bad at all,Used it for two weeks and it holds up well for daily use.,Lina,1,2025-04-15 23:00:00
6153,2474,ZL02474,5,Reliable so far,Instructions were clear and setup took only a few minutes.,Farid,1,2025-03-21 23:00:00
6154,2474,ZL02474,4,Worth the price,I bought this as a gift and the recipient liked it immediately.,Tom,1,2025-04-06 23:00:00
6155,2475,ZL02475,3,Worth the price,Material quality is better than I expected at this price point.,Lina,1,2024-08-14 07:00:00
6156,2475,ZL02475,4,Not bad at all,Material quality is better than I expected at this price point.,Victor,1,2024-09-11 07:00:00
6157,2476,ZL02476,5,Useful addition,Colour is accurate and sizing feels true based on the chart.,Yasmin,1,2025-05-02 08:00:00
6158,2476,ZL02476,3,Worth the price,Colour is accurate and sizing feels true based on the chart.,Uma,1,2025-04-02 08:00:00
6159,2477,ZL02477,5,Better than expected,I bought this as a gift and the recipient liked it immediately.,Zara,1,2024-07-31 12:00:00
6160,2477,ZL02477,3,Love this,Material quality is better than I expected at this price point.,Tom,1,2024-10-19 12:00:00
6161,2477,ZL02477,3,Love this,Works as advertised. Battery/performance is satisfactory so far.,Omar,1,2024-08-20 12:00:00
6162,2478,ZL02478,4,Worth the price,Colour is accurate and sizing feels true based on the chart.,Chloe,1,2024-04-01 01:00:00
6163,2479,ZL02479,3,Would buy again,Used it for two weeks and it holds up well for daily use.,Danial,0,2024-09-29 12:00:00
6164,2479,ZL02479,5,Reliable so far,I bought this as a gift and the recipient liked it immediately.,Jonas,1,2024-10-21 12:00:00
6165,2479,ZL02479,4,Happy with it,"Would appreciate more colour options, but this shade works for me.",Omar,0,2024-09-09 12:00:00
6166,2480,ZL02480,3,Love this,Packaging was neat and the item matched the listing details.,Tom,1,2024-09-01 22:00:00
6167,2480,ZL02480,2,Reliable so far,Packaging was neat and the item matched the listing details.,Farid,1,2024-09-25 22:00:00
6168,2480,ZL02480,2,Solid everyday pick,"Would appreciate more colour options, but this shade works for me.",Lina,0,2024-10-13 22:00:00
6169,2481,ZL02481,3,Solid everyday pick,Colour is accurate and sizing feels true based on the chart.,Hassan,1,2025-03-13 14:00:00
6170,2481,ZL02481,4,Better than expected,Feels durable. A couple of small scuffs from shipping but fine overall.,Quinn,0,2025-01-26 14:00:00
6171,2481,ZL02481,4,Decent for the money,Works as advertised. Battery/performance is satisfactory so far.,Farid,1,2025-03-15 14:00:00
6172,2482,ZL02482,3,Reliable so far,Instructions were clear and setup took only a few minutes.,Uma,1,2025-05-07 12:00:00
6173,2482,ZL02482,5,Happy with it,Material quality is better than I expected at this price point.,Ben,1,2025-07-21 12:00:00
6174,2482,ZL02482,3,Reliable so far,Feels durable. A couple of small scuffs from shipping but fine overall.,Ivy,1,2025-05-25 12:00:00
6175,2482,ZL02482,4,Better than expected,Colour is accurate and sizing feels true based on the chart.,Nora,1,2025-06-10 12:00:00
6176,2483,ZL02483,4,Useful addition,Good value compared with similar products I have tried.,Kai,1,2024-10-07 07:00:00
6177,2483,ZL02483,4,Nice finish,Used it for two weeks and it holds up well for daily use.,Grace,1,2024-08-24 07:00:00
6178,2483,ZL02483,4,Better than expected,Packaging was neat and the item matched the listing details.,Siti,1,2024-10-23 07:00:00
6179,2483,ZL02483,4,Happy with it,Good value compared with similar products I have tried.,Yasmin,1,2024-09-15 07:00:00
6180,2484,ZL02484,5,Not bad at all,Instructions were clear and setup took only a few minutes.,Victor,1,2024-03-21 13:00:00
6181,2485,ZL02485,4,Reliable so far,"Would appreciate more colour options, but this shade works for me.",Aisha,1,2024-11-07 11:00:00
6182,2485,ZL02485,3,Solid everyday pick,Instructions were clear and setup took only a few minutes.,Hassan,1,2025-01-13 11:00:00
6183,2485,ZL02485,5,Useful addition,Material quality is better than I expected at this price point.,Ben,1,2025-02-11 11:00:00
6184,2486,ZL02486,2,Decent for the money,Instructions were clear and setup took only a few minutes.,Quinn,1,2024-05-26 08:00:00
6185,2487,ZL02487,4,Arrived quickly,Feels durable. A couple of small scuffs from shipping but fine overall.,Danial,1,2024-09-03 06:00:00
6186,2487,ZL02487,4,Reliable so far,Good value compared with similar products I have tried.,Omar,0,2024-06-24 06:00:00
6187,2488,ZL02488,5,Useful addition,Instructions were clear and setup took only a few minutes.,Jonas,1,2024-06-17 14:00:00
6188,2488,ZL02488,4,Worth the price,Colour is accurate and sizing feels true based on the chart.,Victor,1,2024-07-27 14:00:00
6189,2489,ZL02489,5,Would buy again,Works as advertised. Battery/performance is satisfactory so far.,Nora,0,2025-02-27 11:00:00
6190,2489,ZL02489,3,Worth the price,Instructions were clear and setup took only a few minutes.,Jonas,0,2025-04-12 11:00:00
6191,2489,ZL02489,4,Good build quality,I bought this as a gift and the recipient liked it immediately.,Siti,0,2025-05-15 11:00:00
6192,2489,ZL02489,5,Better than expected,Packaging was neat and the item matched the listing details.,Victor,1,2025-02-10 11:00:00
6193,2490,ZL02490,3,Decent for the money,Instructions were clear and setup took only a few minutes.,Yasmin,1,2024-11-29 10:00:00
6194,2490,ZL02490,5,Exactly as described,Packaging was neat and the item matched the listing details.,Tom,1,2025-02-22 10:00:00
6195,2490,ZL02490,5,Exactly as described,Instructions were clear and setup took only a few minutes.,Grace,1,2025-02-25 10:00:00
6196,2491,ZL02491,4,Reliable so far,Works as advertised. Battery/performance is satisfactory so far.,Grace,1,2024-05-15 07:00:00
6197,2491,ZL02491,5,Decent for the money,I bought this as a gift and the recipient liked it immediately.,Victor,1,2024-03-23 07:00:00
6198,2492,ZL02492,4,Useful addition,Instructions were clear and setup took only a few minutes.,Danial,1,2024-10-21 17:00:00
6199,2492,ZL02492,4,Arrived quickly,Used it for two weeks and it holds up well for daily use.,Zara,0,2024-11-27 17:00:00
6200,2493,ZL02493,3,Reliable so far,Feels durable. A couple of small scuffs from shipping but fine overall.,Omar,0,2024-10-20 09:00:00
6201,2493,ZL02493,4,Would buy again,Packaging was neat and the item matched the listing details.,Farid,0,2024-12-06 09:00:00
6202,2493,ZL02493,5,Better than expected,Used it for two weeks and it holds up well for daily use.,Siti,1,2024-10-22 09:00:00
6203,2494,ZL02494,3,Useful addition,Good value compared with similar products I have tried.,Yasmin,1,2025-04-09 19:00:00
6204,2495,ZL02495,5,Love this,Works as advertised. Battery/performance is satisfactory so far.,Hassan,1,2024-11-04 16:00:00
6205,2495,ZL02495,5,Good build quality,Works as advertised. Battery/performance is satisfactory so far.,Priya,0,2024-12-18 16:00:00
6206,2495,ZL02495,5,Love this,Instructions were clear and setup took only a few minutes.,Hassan,1,2024-11-05 16:00:00
6207,2495,ZL02495,4,Not bad at all,Colour is accurate and sizing feels true based on the chart.,Quinn,1,2024-10-23 16:00:00
6208,2496,ZL02496,5,Arrived quickly,Packaging was neat and the item matched the listing details.,Hassan,1,2024-01-29 23:00:00
6209,2497,ZL02497,2,Nice finish,Good value compared with similar products I have tried.,Ivy,1,2024-04-28 11:00:00
6210,2497,ZL02497,3,Better than expected,"Would appreciate more colour options, but this shade works for me.",Elena,0,2024-02-24 11:00:00
6211,2497,ZL02497,5,Arrived quickly,Instructions were clear and setup took only a few minutes.,Quinn,1,2024-05-20 11:00:00
6212,2498,ZL02498,4,Reliable so far,I bought this as a gift and the recipient liked it immediately.,Ravi,0,2025-01-07 21:00:00
6213,2498,ZL02498,4,Better than expected,Feels durable. A couple of small scuffs from shipping but fine overall.,Priya,1,2024-11-09 21:00:00
6214,2498,ZL02498,3,Nice finish,Used it for two weeks and it holds up well for daily use.,Zara,1,2024-11-07 21:00:00
6215,2498,ZL02498,3,Arrived quickly,I bought this as a gift and the recipient liked it immediately.,Danial,1,2025-01-22 21:00:00
6216,2499,ZL02499,5,Love this,Material quality is better than I expected at this price point.,Marcus,1,2024-01-19 16:00:00
6217,2499,ZL02499,5,Not bad at all,Used it for two weeks and it holds up well for daily use.,Yasmin,1,2024-03-23 16:00:00
6218,2499,ZL02499,3,Solid everyday pick,Material quality is better than I expected at this price point.,Victor,1,2024-03-15 16:00:00
6219,2500,ZL02500,4,Would buy again,Good value compared with similar products I have tried.,Nora,1,2025-02-26 11:00:00
6220,2501,ZL02501,2,Reliable so far,Good value compared with similar products I have tried.,Tom,1,2025-03-28 20:00:00
6221,2501,ZL02501,2,Worth the price,I bought this as a gift and the recipient liked it immediately.,Victor,1,2025-05-16 20:00:00
6222,2501,ZL02501,2,Useful addition,I bought this as a gift and the recipient liked it immediately.,Ben,1,2025-05-19 20:00:00
6223,2502,ZL02502,3,Worth the price,I bought this as a gift and the recipient liked it immediately.,Chloe,1,2024-06-05 01:00:00
6224,2502,ZL02502,3,Better than expected,I bought this as a gift and the recipient liked it immediately.,Hassan,1,2024-06-27 01:00:00
6225,2502,ZL02502,2,Love this,Packaging was neat and the item matched the listing details.,Ravi,1,2024-05-25 01:00:00
6226,2502,ZL02502,5,Solid everyday pick,Used it for two weeks and it holds up well for daily use.,Marcus,1,2024-06-21 01:00:00
6227,2503,ZL02503,4,Arrived quickly,I bought this as a gift and the recipient liked it immediately.,Kai,1,2025-05-07 17:00:00
6228,2504,ZL02504,4,Exactly as described,Good value compared with similar products I have tried.,Chloe,0,2025-02-10 05:00:00
6229,2505,ZL02505,5,Reliable so far,I bought this as a gift and the recipient liked it immediately.,Grace,0,2024-10-12 14:00:00
6230,2505,ZL02505,5,Better than expected,Used it for two weeks and it holds up well for daily use.,Marcus,1,2024-11-23 14:00:00
6231,2505,ZL02505,5,Better than expected,Used it for two weeks and it holds up well for daily use.,Lina,1,2024-10-02 14:00:00
6232,2506,ZL02506,3,Nice finish,Material quality is better than I expected at this price point.,Nora,1,2025-04-22 06:00:00
6233,2506,ZL02506,4,Not bad at all,Colour is accurate and sizing feels true based on the chart.,Kai,1,2025-04-07 06:00:00
6234,2506,ZL02506,3,Decent for the money,Good value compared with similar products I have tried.,Elena,0,2025-05-22 06:00:00
6235,2506,ZL02506,4,Happy with it,Feels durable. A couple of small scuffs from shipping but fine overall.,Chloe,1,2025-05-19 06:00:00
6236,2507,ZL02507,4,Would buy again,"Would appreciate more colour options, but this shade works for me.",Quinn,1,2024-02-23 14:00:00
6237,2507,ZL02507,4,Worth the price,Colour is accurate and sizing feels true based on the chart.,Zara,1,2024-04-03 14:00:00
6238,2507,ZL02507,5,Would buy again,Material quality is better than I expected at this price point.,Victor,1,2024-02-09 14:00:00
6239,2507,ZL02507,5,Exactly as described,Good value compared with similar products I have tried.,Uma,1,2024-01-21 14:00:00
6240,2508,ZL02508,5,Reliable so far,Instructions were clear and setup took only a few minutes.,Chloe,1,2025-03-25 02:00:00
6241,2508,ZL02508,3,Solid everyday pick,Colour is accurate and sizing feels true based on the chart.,Danial,1,2025-03-31 02:00:00
6242,2508,ZL02508,5,Would buy again,Colour is accurate and sizing feels true based on the chart.,Victor,0,2025-02-21 02:00:00
6243,2509,ZL02509,5,Reliable so far,I bought this as a gift and the recipient liked it immediately.,Grace,0,2024-09-08 04:00:00
6244,2510,ZL02510,2,Happy with it,Instructions were clear and setup took only a few minutes.,Ravi,1,2024-03-13 22:00:00
6245,2510,ZL02510,2,Better than expected,Works as advertised. Battery/performance is satisfactory so far.,Uma,1,2024-03-21 22:00:00
6246,2510,ZL02510,3,Nice finish,Packaging was neat and the item matched the listing details.,Zara,1,2024-05-22 22:00:00
6247,2510,ZL02510,4,Solid everyday pick,Used it for two weeks and it holds up well for daily use.,Elena,1,2024-03-30 22:00:00
6248,2511,ZL02511,5,Worth the price,Colour is accurate and sizing feels true based on the chart.,Ivy,1,2024-07-19 17:00:00
6249,2511,ZL02511,5,Reliable so far,Good value compared with similar products I have tried.,Aisha,1,2024-07-24 17:00:00
6250,2511,ZL02511,3,Would buy again,Good value compared with similar products I have tried.,Quinn,0,2024-06-21 17:00:00
6251,2512,ZL02512,4,Reliable so far,Good value compared with similar products I have tried.,Kai,1,2024-09-07 12:00:00
6252,2512,ZL02512,4,Decent for the money,Colour is accurate and sizing feels true based on the chart.,Elena,1,2024-06-21 12:00:00
6253,2512,ZL02512,5,Solid everyday pick,Good value compared with similar products I have tried.,Zara,0,2024-07-27 12:00:00
6254,2513,ZL02513,5,Good build quality,Material quality is better than I expected at this price point.,Farid,1,2025-02-01 01:00:00
6255,2513,ZL02513,4,Good build quality,Instructions were clear and setup took only a few minutes.,Tom,0,2025-02-16 01:00:00
6256,2513,ZL02513,4,Exactly as described,Material quality is better than I expected at this price point.,Elena,1,2025-03-26 01:00:00
6257,2513,ZL02513,4,Reliable so far,I bought this as a gift and the recipient liked it immediately.,Aisha,0,2025-01-31 01:00:00
6258,2514,ZL02514,3,Arrived quickly,Colour is accurate and sizing feels true based on the chart.,Wei,1,2025-06-22 23:00:00
6259,2514,ZL02514,3,Worth the price,I bought this as a gift and the recipient liked it immediately.,Kai,1,2025-05-25 23:00:00
6260,2515,ZL02515,4,Nice finish,Material quality is better than I expected at this price point.,Farid,1,2024-05-06 03:00:00
6261,2516,ZL02516,5,Worth the price,Used it for two weeks and it holds up well for daily use.,Ben,1,2024-06-11 01:00:00
6262,2516,ZL02516,5,Love this,Works as advertised. Battery/performance is satisfactory so far.,Jonas,1,2024-06-17 01:00:00
6263,2517,ZL02517,4,Good build quality,Works as advertised. Battery/performance is satisfactory so far.,Priya,1,2024-12-06 22:00:00
6264,2517,ZL02517,4,Nice finish,Instructions were clear and setup took only a few minutes.,Chloe,1,2024-12-01 22:00:00
6265,2518,ZL02518,3,Exactly as described,Material quality is better than I expected at this price point.,Chloe,1,2024-08-22 20:00:00
6266,2518,ZL02518,4,Love this,I bought this as a gift and the recipient liked it immediately.,Nora,1,2024-06-24 20:00:00
6267,2518,ZL02518,3,Nice finish,Used it for two weeks and it holds up well for daily use.,Jonas,0,2024-06-22 20:00:00
6268,2519,ZL02519,5,Solid everyday pick,I bought this as a gift and the recipient liked it immediately.,Victor,1,2025-03-25 00:00:00
6269,2520,ZL02520,3,Solid everyday pick,Used it for two weeks and it holds up well for daily use.,Wei,0,2024-12-25 12:00:00
6270,2520,ZL02520,4,Not bad at all,Packaging was neat and the item matched the listing details.,Ben,1,2024-10-21 12:00:00
6271,2520,ZL02520,4,Happy with it,Packaging was neat and the item matched the listing details.,Farid,1,2024-11-29 12:00:00
6272,2520,ZL02520,5,Solid everyday pick,Instructions were clear and setup took only a few minutes.,Ben,1,2025-01-18 12:00:00
6273,2521,ZL02521,5,Not bad at all,Works as advertised. Battery/performance is satisfactory so far.,Grace,0,2024-11-22 00:00:00
6274,2521,ZL02521,3,Reliable so far,I bought this as a gift and the recipient liked it immediately.,Priya,1,2024-11-16 00:00:00
6275,2521,ZL02521,5,Better than expected,Works as advertised. Battery/performance is satisfactory so far.,Quinn,1,2024-09-22 00:00:00
6276,2521,ZL02521,3,Useful addition,Colour is accurate and sizing feels true based on the chart.,Chloe,1,2024-12-15 00:00:00
6277,2522,ZL02522,5,Arrived quickly,"Would appreciate more colour options, but this shade works for me.",Quinn,0,2024-08-07 02:00:00
6278,2522,ZL02522,5,Would buy again,Used it for two weeks and it holds up well for daily use.,Victor,1,2024-07-07 02:00:00
6279,2522,ZL02522,5,Nice finish,Works as advertised. Battery/performance is satisfactory so far.,Quinn,1,2024-07-18 02:00:00
6280,2522,ZL02522,2,Not bad at all,I bought this as a gift and the recipient liked it immediately.,Grace,0,2024-10-09 02:00:00
6281,2523,ZL02523,3,Solid everyday pick,Colour is accurate and sizing feels true based on the chart.,Danial,1,2025-05-21 09:00:00
6282,2523,ZL02523,5,Arrived quickly,Material quality is better than I expected at this price point.,Ravi,0,2025-06-25 09:00:00
6283,2523,ZL02523,5,Good build quality,Colour is accurate and sizing feels true based on the chart.,Hassan,1,2025-07-19 09:00:00
6284,2523,ZL02523,3,Worth the price,Colour is accurate and sizing feels true based on the chart.,Aisha,0,2025-05-18 09:00:00
6285,2524,ZL02524,5,Useful addition,Instructions were clear and setup took only a few minutes.,Tom,1,2025-06-14 09:00:00
6286,2525,ZL02525,2,Useful addition,Good value compared with similar products I have tried.,Jonas,1,2024-09-11 21:00:00
6287,2525,ZL02525,5,Love this,Colour is accurate and sizing feels true based on the chart.,Priya,1,2024-12-12 21:00:00
6288,2526,ZL02526,2,Good build quality,Used it for two weeks and it holds up well for daily use.,Aisha,1,2024-05-07 15:00:00
6289,2526,ZL02526,2,Would buy again,Good value compared with similar products I have tried.,Danial,1,2024-04-17 15:00:00
6290,2526,ZL02526,5,Would buy again,Material quality is better than I expected at this price point.,Zara,1,2024-05-10 15:00:00
6291,2527,ZL02527,5,Nice finish,Material quality is better than I expected at this price point.,Omar,0,2024-04-07 19:00:00
6292,2528,ZL02528,4,Decent for the money,"Would appreciate more colour options, but this shade works for me.",Victor,1,2024-08-16 07:00:00
6293,2529,ZL02529,4,Exactly as described,"Would appreciate more colour options, but this shade works for me.",Kai,0,2024-03-08 18:00:00
6294,2530,ZL02530,3,Happy with it,Packaging was neat and the item matched the listing details.,Aisha,1,2025-04-16 10:00:00
6295,2531,ZL02531,2,Worth the price,Works as advertised. Battery/performance is satisfactory so far.,Lina,1,2024-05-29 20:00:00
6296,2532,ZL02532,3,Exactly as described,Packaging was neat and the item matched the listing details.,Hassan,0,2025-05-29 22:00:00
6297,2532,ZL02532,4,Good build quality,Used it for two weeks and it holds up well for daily use.,Uma,1,2025-06-01 22:00:00
6298,2532,ZL02532,5,Good build quality,Material quality is better than I expected at this price point.,Farid,1,2025-07-16 22:00:00
6299,2532,ZL02532,4,Happy with it,Good value compared with similar products I have tried.,Zara,0,2025-04-27 22:00:00
6300,2533,ZL02533,3,Useful addition,"Would appreciate more colour options, but this shade works for me.",Uma,1,2024-11-26 10:00:00
6301,2533,ZL02533,3,Arrived quickly,Colour is accurate and sizing feels true based on the chart.,Uma,1,2025-01-25 10:00:00
6302,2533,ZL02533,3,Arrived quickly,Colour is accurate and sizing feels true based on the chart.,Lina,1,2025-01-08 10:00:00
6303,2534,ZL02534,3,Worth the price,Used it for two weeks and it holds up well for daily use.,Lina,0,2025-03-01 11:00:00
6304,2534,ZL02534,5,Worth the price,Material quality is better than I expected at this price point.,Marcus,1,2025-03-28 11:00:00
6305,2534,ZL02534,5,Not bad at all,"Would appreciate more colour options, but this shade works for me.",Hassan,1,2025-03-31 11:00:00
6306,2535,ZL02535,3,Arrived quickly,Instructions were clear and setup took only a few minutes.,Ivy,1,2024-02-14 02:00:00
6307,2535,ZL02535,5,Decent for the money,"Would appreciate more colour options, but this shade works for me.",Ben,1,2024-03-23 02:00:00
6308,2535,ZL02535,5,Good build quality,Colour is accurate and sizing feels true based on the chart.,Chloe,0,2024-04-10 02:00:00
6309,2535,ZL02535,3,Nice finish,I bought this as a gift and the recipient liked it immediately.,Lina,1,2024-04-18 02:00:00
6310,2536,ZL02536,4,Decent for the money,Feels durable. A couple of small scuffs from shipping but fine overall.,Ravi,1,2025-04-04 18:00:00
6311,2536,ZL02536,2,Exactly as described,Good value compared with similar products I have tried.,Priya,1,2025-04-03 18:00:00
6312,2536,ZL02536,3,Nice finish,Instructions were clear and setup took only a few minutes.,Ivy,1,2025-04-25 18:00:00
6313,2537,ZL02537,2,Would buy again,Feels durable. A couple of small scuffs from shipping but fine overall.,Siti,0,2025-03-05 01:00:00
6314,2537,ZL02537,4,Good build quality,Good value compared with similar products I have tried.,Wei,0,2025-04-30 01:00:00
6315,2537,ZL02537,2,Useful addition,Instructions were clear and setup took only a few minutes.,Kai,1,2025-02-27 01:00:00
6316,2537,ZL02537,5,Happy with it,Instructions were clear and setup took only a few minutes.,Yasmin,1,2025-03-24 01:00:00
6317,2538,ZL02538,2,Love this,Colour is accurate and sizing feels true based on the chart.,Farid,1,2025-03-19 17:00:00
6318,2538,ZL02538,4,Arrived quickly,Colour is accurate and sizing feels true based on the chart.,Tom,0,2025-04-13 17:00:00
6319,2538,ZL02538,4,Good build quality,Instructions were clear and setup took only a few minutes.,Elena,1,2025-06-28 17:00:00
6320,2539,ZL02539,4,Nice finish,"Would appreciate more colour options, but this shade works for me.",Chloe,1,2024-11-07 12:00:00
6321,2539,ZL02539,4,Worth the price,I bought this as a gift and the recipient liked it immediately.,Hassan,1,2025-01-30 12:00:00
6322,2539,ZL02539,3,Nice finish,I bought this as a gift and the recipient liked it immediately.,Elena,1,2024-12-10 12:00:00
6323,2539,ZL02539,3,Love this,I bought this as a gift and the recipient liked it immediately.,Aisha,1,2024-11-09 12:00:00
6324,2540,ZL02540,4,Worth the price,"Would appreciate more colour options, but this shade works for me.",Uma,1,2024-12-05 12:00:00
6325,2540,ZL02540,3,Love this,Works as advertised. Battery/performance is satisfactory so far.,Victor,1,2024-09-18 12:00:00
6326,2540,ZL02540,3,Reliable so far,I bought this as a gift and the recipient liked it immediately.,Lina,0,2024-09-08 12:00:00
6327,2540,ZL02540,5,Not bad at all,Packaging was neat and the item matched the listing details.,Kai,1,2024-09-07 12:00:00
6328,2541,ZL02541,5,Nice finish,Used it for two weeks and it holds up well for daily use.,Tom,0,2024-10-09 04:00:00
6329,2541,ZL02541,5,Love this,Material quality is better than I expected at this price point.,Chloe,1,2024-11-17 04:00:00
6330,2542,ZL02542,5,Decent for the money,Packaging was neat and the item matched the listing details.,Danial,0,2024-04-25 02:00:00
6331,2542,ZL02542,2,Exactly as described,Packaging was neat and the item matched the listing details.,Yasmin,0,2024-02-29 02:00:00
6332,2542,ZL02542,4,Good build quality,Good value compared with similar products I have tried.,Quinn,1,2024-05-01 02:00:00
6333,2542,ZL02542,4,Not bad at all,Instructions were clear and setup took only a few minutes.,Danial,1,2024-05-23 02:00:00
6334,2543,ZL02543,3,Solid everyday pick,Works as advertised. Battery/performance is satisfactory so far.,Elena,1,2025-03-31 08:00:00
6335,2543,ZL02543,3,Nice finish,"Would appreciate more colour options, but this shade works for me.",Marcus,1,2025-03-11 08:00:00
6336,2544,ZL02544,3,Not bad at all,Used it for two weeks and it holds up well for daily use.,Farid,1,2025-03-05 10:00:00
6337,2544,ZL02544,5,Worth the price,"Would appreciate more colour options, but this shade works for me.",Quinn,0,2024-11-27 10:00:00
6338,2545,ZL02545,4,Would buy again,Feels durable. A couple of small scuffs from shipping but fine overall.,Yasmin,1,2025-04-16 08:00:00
6339,2545,ZL02545,5,Decent for the money,Used it for two weeks and it holds up well for daily use.,Ben,1,2025-04-26 08:00:00
6340,2545,ZL02545,4,Reliable so far,Feels durable. A couple of small scuffs from shipping but fine overall.,Yasmin,1,2025-07-28 08:00:00
6341,2546,ZL02546,5,Arrived quickly,Instructions were clear and setup took only a few minutes.,Nora,1,2024-05-21 08:00:00
6342,2546,ZL02546,5,Decent for the money,Material quality is better than I expected at this price point.,Victor,1,2024-04-08 08:00:00
6343,2546,ZL02546,3,Love this,Instructions were clear and setup took only a few minutes.,Ben,1,2024-07-14 08:00:00
6344,2546,ZL02546,4,Better than expected,I bought this as a gift and the recipient liked it immediately.,Grace,1,2024-07-08 08:00:00
6345,2547,ZL02547,4,Solid everyday pick,Feels durable. A couple of small scuffs from shipping but fine overall.,Ivy,1,2024-03-04 07:00:00
6346,2547,ZL02547,5,Arrived quickly,Works as advertised. Battery/performance is satisfactory so far.,Kai,1,2024-04-30 07:00:00
6347,2547,ZL02547,3,Solid everyday pick,"Would appreciate more colour options, but this shade works for me.",Wei,0,2024-05-02 07:00:00
6348,2548,ZL02548,5,Better than expected,Works as advertised. Battery/performance is satisfactory so far.,Danial,1,2025-01-02 07:00:00
6349,2548,ZL02548,3,Not bad at all,Instructions were clear and setup took only a few minutes.,Ben,1,2025-01-28 07:00:00
6350,2548,ZL02548,4,Worth the price,Used it for two weeks and it holds up well for daily use.,Ravi,1,2024-12-21 07:00:00
6351,2549,ZL02549,4,Arrived quickly,Packaging was neat and the item matched the listing details.,Omar,1,2024-11-27 12:00:00
6352,2549,ZL02549,4,Useful addition,Material quality is better than I expected at this price point.,Yasmin,1,2024-11-02 12:00:00
6353,2550,ZL02550,5,Would buy again,"Would appreciate more colour options, but this shade works for me.",Hassan,0,2024-08-21 19:00:00
6354,2550,ZL02550,3,Arrived quickly,Colour is accurate and sizing feels true based on the chart.,Chloe,1,2024-10-07 19:00:00
6355,2550,ZL02550,2,Worth the price,Instructions were clear and setup took only a few minutes.,Elena,1,2024-09-11 19:00:00
6356,2550,ZL02550,2,Better than expected,Packaging was neat and the item matched the listing details.,Tom,1,2024-08-19 19:00:00
6357,2551,ZL02551,5,Exactly as described,"Would appreciate more colour options, but this shade works for me.",Wei,1,2024-04-18 06:00:00
6358,2551,ZL02551,4,Nice finish,Colour is accurate and sizing feels true based on the chart.,Elena,1,2024-04-22 06:00:00
6359,2551,ZL02551,3,Decent for the money,Used it for two weeks and it holds up well for daily use.,Ivy,1,2024-01-29 06:00:00
6360,2552,ZL02552,4,Better than expected,Works as advertised. Battery/performance is satisfactory so far.,Chloe,1,2024-05-19 10:00:00
6361,2552,ZL02552,4,Solid everyday pick,"Would appreciate more colour options, but this shade works for me.",Farid,1,2024-07-06 10:00:00
6362,2552,ZL02552,5,Nice finish,I bought this as a gift and the recipient liked it immediately.,Farid,1,2024-05-13 10:00:00
6363,2552,ZL02552,4,Nice finish,Material quality is better than I expected at this price point.,Grace,0,2024-06-25 10:00:00
6364,2553,ZL02553,4,Solid everyday pick,I bought this as a gift and the recipient liked it immediately.,Victor,0,2025-06-15 12:00:00
6365,2553,ZL02553,3,Useful addition,Packaging was neat and the item matched the listing details.,Victor,1,2025-06-12 12:00:00
6366,2553,ZL02553,3,Happy with it,"Would appreciate more colour options, but this shade works for me.",Elena,1,2025-06-10 12:00:00
6367,2554,ZL02554,5,Good build quality,"Would appreciate more colour options, but this shade works for me.",Victor,1,2024-09-28 18:00:00
6368,2554,ZL02554,5,Exactly as described,Good value compared with similar products I have tried.,Zara,0,2024-08-18 18:00:00
6369,2554,ZL02554,5,Would buy again,"Would appreciate more colour options, but this shade works for me.",Yasmin,1,2024-10-10 18:00:00
6370,2554,ZL02554,2,Not bad at all,I bought this as a gift and the recipient liked it immediately.,Grace,1,2024-09-08 18:00:00
6371,2555,ZL02555,3,Better than expected,"Would appreciate more colour options, but this shade works for me.",Hassan,1,2024-07-30 18:00:00
6372,2556,ZL02556,4,Exactly as described,Packaging was neat and the item matched the listing details.,Siti,0,2024-06-21 10:00:00
6373,2556,ZL02556,5,Good build quality,Good value compared with similar products I have tried.,Wei,1,2024-05-28 10:00:00
6374,2557,ZL02557,5,Worth the price,"Would appreciate more colour options, but this shade works for me.",Danial,1,2025-02-18 11:00:00
6375,2557,ZL02557,4,Nice finish,"Would appreciate more colour options, but this shade works for me.",Siti,1,2025-03-25 11:00:00
6376,2557,ZL02557,3,Not bad at all,Colour is accurate and sizing feels true based on the chart.,Marcus,1,2025-01-05 11:00:00
6377,2557,ZL02557,5,Arrived quickly,Good value compared with similar products I have tried.,Jonas,1,2025-02-22 11:00:00
6378,2558,ZL02558,5,Decent for the money,Works as advertised. Battery/performance is satisfactory so far.,Ivy,1,2024-09-21 00:00:00
6379,2559,ZL02559,4,Better than expected,Material quality is better than I expected at this price point.,Hassan,0,2025-04-07 23:00:00
6380,2559,ZL02559,2,Decent for the money,I bought this as a gift and the recipient liked it immediately.,Ivy,0,2025-01-12 23:00:00
6381,2560,ZL02560,2,Exactly as described,Works as advertised. Battery/performance is satisfactory so far.,Danial,1,2024-05-10 22:00:00
6382,2560,ZL02560,4,Would buy again,Instructions were clear and setup took only a few minutes.,Omar,1,2024-05-08 22:00:00
6383,2560,ZL02560,2,Solid everyday pick,Works as advertised. Battery/performance is satisfactory so far.,Aisha,1,2024-05-11 22:00:00
6384,2561,ZL02561,4,Would buy again,Feels durable. A couple of small scuffs from shipping but fine overall.,Ivy,1,2025-05-03 11:00:00
6385,2561,ZL02561,3,Solid everyday pick,"Would appreciate more colour options, but this shade works for me.",Grace,1,2025-05-03 11:00:00
6386,2561,ZL02561,5,Good build quality,Packaging was neat and the item matched the listing details.,Uma,1,2025-06-24 11:00:00
6387,2561,ZL02561,3,Good build quality,Used it for two weeks and it holds up well for daily use.,Omar,1,2025-05-03 11:00:00
6388,2562,ZL02562,3,Worth the price,Feels durable. A couple of small scuffs from shipping but fine overall.,Farid,1,2025-07-12 18:00:00
6389,2563,ZL02563,3,Better than expected,Packaging was neat and the item matched the listing details.,Chloe,1,2024-06-02 00:00:00
6390,2563,ZL02563,3,Arrived quickly,Packaging was neat and the item matched the listing details.,Quinn,1,2024-06-14 00:00:00
6391,2564,ZL02564,4,Love this,Material quality is better than I expected at this price point.,Ravi,1,2025-03-17 14:00:00
6392,2564,ZL02564,5,Arrived quickly,I bought this as a gift and the recipient liked it immediately.,Tom,1,2025-01-27 14:00:00
6393,2564,ZL02564,5,Decent for the money,"Would appreciate more colour options, but this shade works for me.",Wei,1,2025-02-22 14:00:00
6394,2565,ZL02565,5,Not bad at all,Used it for two weeks and it holds up well for daily use.,Ivy,1,2024-10-06 08:00:00
6395,2565,ZL02565,5,Good build quality,Works as advertised. Battery/performance is satisfactory so far.,Siti,0,2024-10-01 08:00:00
6396,2566,ZL02566,4,Solid everyday pick,Used it for two weeks and it holds up well for daily use.,Hassan,0,2024-11-20 14:00:00
6397,2566,ZL02566,3,Useful addition,Packaging was neat and the item matched the listing details.,Ben,1,2024-11-03 14:00:00
6398,2566,ZL02566,5,Not bad at all,"Would appreciate more colour options, but this shade works for me.",Victor,0,2024-11-09 14:00:00
6399,2566,ZL02566,4,Decent for the money,"Would appreciate more colour options, but this shade works for me.",Wei,1,2025-02-08 14:00:00
6400,2567,ZL02567,2,Worth the price,Works as advertised. Battery/performance is satisfactory so far.,Quinn,1,2024-08-09 21:00:00
6401,2568,ZL02568,4,Reliable so far,Good value compared with similar products I have tried.,Omar,1,2025-07-09 15:00:00
6402,2568,ZL02568,2,Arrived quickly,"Would appreciate more colour options, but this shade works for me.",Marcus,0,2025-04-20 15:00:00
6403,2569,ZL02569,4,Would buy again,Colour is accurate and sizing feels true based on the chart.,Wei,1,2024-08-11 15:00:00
6404,2569,ZL02569,4,Reliable so far,"Would appreciate more colour options, but this shade works for me.",Siti,0,2024-06-21 15:00:00
6405,2569,ZL02569,3,Happy with it,Packaging was neat and the item matched the listing details.,Zara,1,2024-06-06 15:00:00
6406,2570,ZL02570,3,Love this,Colour is accurate and sizing feels true based on the chart.,Marcus,1,2024-11-14 03:00:00
6407,2571,ZL02571,5,Exactly as described,"Would appreciate more colour options, but this shade works for me.",Yasmin,0,2025-02-24 09:00:00
6408,2572,ZL02572,4,Not bad at all,Good value compared with similar products I have tried.,Farid,1,2024-05-10 17:00:00
6409,2572,ZL02572,2,Better than expected,Used it for two weeks and it holds up well for daily use.,Marcus,1,2024-08-18 17:00:00
6410,2573,ZL02573,5,Decent for the money,Instructions were clear and setup took only a few minutes.,Chloe,1,2025-02-04 19:00:00
6411,2573,ZL02573,4,Happy with it,Feels durable. A couple of small scuffs from shipping but fine overall.,Hassan,1,2025-04-20 19:00:00
6412,2574,ZL02574,5,Reliable so far,Packaging was neat and the item matched the listing details.,Aisha,0,2024-12-20 16:00:00
6413,2575,ZL02575,5,Exactly as described,Used it for two weeks and it holds up well for daily use.,Tom,1,2025-03-03 06:00:00
6414,2575,ZL02575,3,Decent for the money,Packaging was neat and the item matched the listing details.,Victor,1,2025-03-16 06:00:00
6415,2575,ZL02575,5,Good build quality,Colour is accurate and sizing feels true based on the chart.,Aisha,0,2025-02-18 06:00:00
6416,2575,ZL02575,3,Worth the price,Packaging was neat and the item matched the listing details.,Siti,1,2025-03-03 06:00:00
6417,2576,ZL02576,4,Good build quality,Instructions were clear and setup took only a few minutes.,Uma,0,2025-06-17 02:00:00
6418,2576,ZL02576,3,Love this,Feels durable. A couple of small scuffs from shipping but fine overall.,Grace,0,2025-03-31 02:00:00
6419,2577,ZL02577,3,Good build quality,Colour is accurate and sizing feels true based on the chart.,Hassan,1,2024-12-07 03:00:00
6420,2578,ZL02578,5,Would buy again,Used it for two weeks and it holds up well for daily use.,Ben,1,2024-12-22 17:00:00
6421,2578,ZL02578,3,Happy with it,Used it for two weeks and it holds up well for daily use.,Grace,0,2024-10-26 17:00:00
6422,2578,ZL02578,4,Solid everyday pick,Colour is accurate and sizing feels true based on the chart.,Siti,1,2024-10-28 17:00:00
6423,2578,ZL02578,5,Worth the price,Material quality is better than I expected at this price point.,Victor,0,2025-01-03 17:00:00
6424,2579,ZL02579,3,Solid everyday pick,Works as advertised. Battery/performance is satisfactory so far.,Grace,1,2025-06-09 09:00:00
6425,2580,ZL02580,5,Solid everyday pick,Material quality is better than I expected at this price point.,Ben,1,2024-05-30 23:00:00
6426,2580,ZL02580,3,Decent for the money,I bought this as a gift and the recipient liked it immediately.,Quinn,1,2024-04-29 23:00:00
6427,2580,ZL02580,4,Not bad at all,"Would appreciate more colour options, but this shade works for me.",Ben,1,2024-07-16 23:00:00
6428,2581,ZL02581,3,Better than expected,Packaging was neat and the item matched the listing details.,Kai,1,2025-01-25 16:00:00
6429,2582,ZL02582,5,Arrived quickly,"Would appreciate more colour options, but this shade works for me.",Yasmin,1,2024-06-30 20:00:00
6430,2582,ZL02582,3,Not bad at all,Instructions were clear and setup took only a few minutes.,Aisha,0,2024-04-22 20:00:00
6431,2582,ZL02582,3,Love this,Good value compared with similar products I have tried.,Uma,0,2024-07-08 20:00:00
6432,2583,ZL02583,4,Love this,Colour is accurate and sizing feels true based on the chart.,Victor,0,2025-01-23 18:00:00
6433,2583,ZL02583,4,Would buy again,Instructions were clear and setup took only a few minutes.,Yasmin,0,2025-04-02 18:00:00
6434,2583,ZL02583,4,Not bad at all,Packaging was neat and the item matched the listing details.,Kai,1,2025-01-23 18:00:00
6435,2584,ZL02584,3,Worth the price,Material quality is better than I expected at this price point.,Zara,1,2024-09-12 11:00:00
6436,2584,ZL02584,3,Love this,Works as advertised. Battery/performance is satisfactory so far.,Elena,1,2024-12-25 11:00:00
6437,2585,ZL02585,4,Nice finish,Works as advertised. Battery/performance is satisfactory so far.,Danial,1,2024-08-25 19:00:00
6438,2585,ZL02585,4,Arrived quickly,Used it for two weeks and it holds up well for daily use.,Elena,1,2024-08-16 19:00:00
6439,2585,ZL02585,5,Decent for the money,Colour is accurate and sizing feels true based on the chart.,Zara,1,2024-11-05 19:00:00
6440,2586,ZL02586,4,Not bad at all,Used it for two weeks and it holds up well for daily use.,Chloe,1,2025-03-26 04:00:00
6441,2586,ZL02586,4,Solid everyday pick,Works as advertised. Battery/performance is satisfactory so far.,Zara,1,2025-04-17 04:00:00
6442,2586,ZL02586,5,Useful addition,Instructions were clear and setup took only a few minutes.,Tom,1,2025-03-19 04:00:00
6443,2586,ZL02586,5,Nice finish,Feels durable. A couple of small scuffs from shipping but fine overall.,Nora,1,2025-03-23 04:00:00
6444,2587,ZL02587,3,Exactly as described,Good value compared with similar products I have tried.,Quinn,1,2025-05-27 11:00:00
6445,2588,ZL02588,5,Good build quality,Works as advertised. Battery/performance is satisfactory so far.,Kai,1,2025-02-13 10:00:00
6446,2588,ZL02588,3,Exactly as described,Packaging was neat and the item matched the listing details.,Grace,1,2025-02-10 10:00:00
6447,2588,ZL02588,4,Arrived quickly,Packaging was neat and the item matched the listing details.,Elena,1,2025-05-04 10:00:00
6448,2589,ZL02589,3,Better than expected,Instructions were clear and setup took only a few minutes.,Tom,0,2025-07-23 23:00:00
6449,2589,ZL02589,4,Not bad at all,Used it for two weeks and it holds up well for daily use.,Hassan,1,2025-06-16 23:00:00
6450,2589,ZL02589,3,Not bad at all,Instructions were clear and setup took only a few minutes.,Siti,0,2025-05-03 23:00:00
6451,2589,ZL02589,5,Exactly as described,Packaging was neat and the item matched the listing details.,Chloe,1,2025-07-24 23:00:00
6452,2590,ZL02590,4,Arrived quickly,Feels durable. A couple of small scuffs from shipping but fine overall.,Victor,1,2025-04-26 04:00:00
6453,2590,ZL02590,3,Exactly as described,Packaging was neat and the item matched the listing details.,Quinn,1,2025-03-14 04:00:00
6454,2590,ZL02590,3,Worth the price,Packaging was neat and the item matched the listing details.,Siti,1,2025-03-13 04:00:00
6455,2591,ZL02591,5,Worth the price,Colour is accurate and sizing feels true based on the chart.,Omar,1,2024-06-22 20:00:00
6456,2591,ZL02591,2,Arrived quickly,"Would appreciate more colour options, but this shade works for me.",Siti,1,2024-06-22 20:00:00
6457,2591,ZL02591,5,Exactly as described,Colour is accurate and sizing feels true based on the chart.,Victor,1,2024-07-06 20:00:00
6458,2591,ZL02591,3,Useful addition,Good value compared with similar products I have tried.,Ivy,0,2024-05-09 20:00:00
6459,2592,ZL02592,2,Not bad at all,Works as advertised. Battery/performance is satisfactory so far.,Siti,1,2024-09-22 16:00:00
6460,2592,ZL02592,3,Happy with it,"Would appreciate more colour options, but this shade works for me.",Hassan,0,2024-10-06 16:00:00
6461,2592,ZL02592,3,Nice finish,Good value compared with similar products I have tried.,Jonas,1,2024-09-26 16:00:00
6462,2592,ZL02592,4,Would buy again,Works as advertised. Battery/performance is satisfactory so far.,Quinn,1,2024-09-28 16:00:00
6463,2593,ZL02593,4,Happy with it,"Would appreciate more colour options, but this shade works for me.",Danial,0,2025-06-28 22:00:00
6464,2593,ZL02593,4,Love this,Packaging was neat and the item matched the listing details.,Lina,1,2025-05-27 22:00:00
6465,2593,ZL02593,4,Not bad at all,Colour is accurate and sizing feels true based on the chart.,Siti,1,2025-06-03 22:00:00
6466,2594,ZL02594,5,Arrived quickly,Feels durable. A couple of small scuffs from shipping but fine overall.,Ben,1,2025-07-21 11:00:00
6467,2594,ZL02594,4,Solid everyday pick,Feels durable. A couple of small scuffs from shipping but fine overall.,Priya,0,2025-06-23 11:00:00
6468,2595,ZL02595,5,Good build quality,Colour is accurate and sizing feels true based on the chart.,Jonas,1,2024-06-25 18:00:00
6469,2595,ZL02595,5,Arrived quickly,Used it for two weeks and it holds up well for daily use.,Priya,1,2024-09-07 18:00:00
6470,2596,ZL02596,5,Better than expected,Colour is accurate and sizing feels true based on the chart.,Marcus,0,2024-09-19 15:00:00
6471,2596,ZL02596,3,Exactly as described,Instructions were clear and setup took only a few minutes.,Yasmin,1,2024-10-21 15:00:00
6472,2597,ZL02597,3,Would buy again,"Would appreciate more colour options, but this shade works for me.",Marcus,1,2024-10-09 06:00:00
6473,2597,ZL02597,3,Reliable so far,Good value compared with similar products I have tried.,Zara,1,2024-11-16 06:00:00
6474,2597,ZL02597,5,Love this,Material quality is better than I expected at this price point.,Marcus,0,2024-10-29 06:00:00
6475,2597,ZL02597,5,Would buy again,Material quality is better than I expected at this price point.,Aisha,1,2024-12-26 06:00:00
6476,2598,ZL02598,3,Love this,Good value compared with similar products I have tried.,Kai,1,2024-11-08 22:00:00
6477,2598,ZL02598,3,Would buy again,Good value compared with similar products I have tried.,Marcus,1,2024-12-26 22:00:00
6478,2598,ZL02598,5,Solid everyday pick,Good value compared with similar products I have tried.,Omar,1,2024-09-20 22:00:00
6479,2598,ZL02598,5,Exactly as described,Good value compared with similar products I have tried.,Victor,1,2024-11-17 22:00:00
6480,2599,ZL02599,4,Better than expected,Material quality is better than I expected at this price point.,Lina,0,2025-01-23 12:00:00
6481,2599,ZL02599,5,Exactly as described,Good value compared with similar products I have tried.,Ben,1,2025-02-10 12:00:00
6482,2599,ZL02599,3,Love this,Colour is accurate and sizing feels true based on the chart.,Ben,1,2025-01-27 12:00:00
6483,2599,ZL02599,5,Arrived quickly,Material quality is better than I expected at this price point.,Chloe,0,2024-12-31 12:00:00
6484,2600,ZL02600,3,Good build quality,"Would appreciate more colour options, but this shade works for me.",Kai,1,2024-06-30 15:00:00
6485,2600,ZL02600,4,Solid everyday pick,Packaging was neat and the item matched the listing details.,Victor,1,2024-08-01 15:00:00
6486,2601,ZL02601,5,Worth the price,Colour is accurate and sizing feels true based on the chart.,Ravi,0,2024-04-13 06:00:00
6487,2602,ZL02602,4,Love this,Packaging was neat and the item matched the listing details.,Farid,1,2024-04-23 08:00:00
6488,2602,ZL02602,2,Nice finish,Used it for two weeks and it holds up well for daily use.,Grace,1,2024-07-10 08:00:00
6489,2602,ZL02602,3,Love this,Material quality is better than I expected at this price point.,Kai,1,2024-05-10 08:00:00
6490,2602,ZL02602,5,Good build quality,Good value compared with similar products I have tried.,Elena,1,2024-06-29 08:00:00
6491,2603,ZL02603,5,Worth the price,Colour is accurate and sizing feels true based on the chart.,Zara,0,2025-05-05 18:00:00
6492,2603,ZL02603,4,Would buy again,Used it for two weeks and it holds up well for daily use.,Zara,0,2025-03-27 18:00:00
6493,2604,ZL02604,2,Solid everyday pick,I bought this as a gift and the recipient liked it immediately.,Omar,1,2025-01-23 00:00:00
6494,2604,ZL02604,3,Reliable so far,Used it for two weeks and it holds up well for daily use.,Zara,1,2025-01-15 00:00:00
6495,2604,ZL02604,4,Not bad at all,Instructions were clear and setup took only a few minutes.,Grace,0,2025-03-28 00:00:00
6496,2605,ZL02605,2,Would buy again,Used it for two weeks and it holds up well for daily use.,Kai,0,2024-02-07 03:00:00
6497,2605,ZL02605,3,Good build quality,Good value compared with similar products I have tried.,Zara,1,2024-03-08 03:00:00
6498,2605,ZL02605,2,Better than expected,Colour is accurate and sizing feels true based on the chart.,Hassan,1,2024-05-21 03:00:00
6499,2605,ZL02605,4,Reliable so far,Packaging was neat and the item matched the listing details.,Nora,1,2024-02-17 03:00:00
6500,2606,ZL02606,4,Would buy again,"Would appreciate more colour options, but this shade works for me.",Ravi,0,2025-06-18 10:00:00
6501,2606,ZL02606,4,Solid everyday pick,Good value compared with similar products I have tried.,Siti,0,2025-04-07 10:00:00
6502,2607,ZL02607,3,Arrived quickly,Colour is accurate and sizing feels true based on the chart.,Hassan,0,2025-02-25 01:00:00
6503,2607,ZL02607,2,Arrived quickly,Works as advertised. Battery/performance is satisfactory so far.,Hassan,0,2024-12-07 01:00:00
6504,2607,ZL02607,2,Love this,Used it for two weeks and it holds up well for daily use.,Siti,1,2024-11-26 01:00:00
6505,2608,ZL02608,5,Love this,Instructions were clear and setup took only a few minutes.,Siti,1,2024-03-20 23:00:00
6506,2608,ZL02608,3,Exactly as described,Feels durable. A couple of small scuffs from shipping but fine overall.,Lina,1,2024-05-31 23:00:00
6507,2608,ZL02608,3,Useful addition,Material quality is better than I expected at this price point.,Lina,1,2024-05-04 23:00:00
6508,2609,ZL02609,5,Arrived quickly,Packaging was neat and the item matched the listing details.,Uma,1,2024-01-25 01:00:00
6509,2609,ZL02609,5,Good build quality,"Would appreciate more colour options, but this shade works for me.",Farid,0,2024-03-06 01:00:00
6510,2609,ZL02609,3,Exactly as described,Instructions were clear and setup took only a few minutes.,Marcus,1,2024-01-28 01:00:00
6511,2610,ZL02610,4,Better than expected,Works as advertised. Battery/performance is satisfactory so far.,Grace,0,2025-02-10 00:00:00
6512,2611,ZL02611,5,Reliable so far,"Would appreciate more colour options, but this shade works for me.",Kai,1,2024-09-28 09:00:00
6513,2611,ZL02611,5,Solid everyday pick,Material quality is better than I expected at this price point.,Farid,0,2024-07-21 09:00:00
6514,2612,ZL02612,5,Worth the price,Colour is accurate and sizing feels true based on the chart.,Priya,0,2024-11-10 08:00:00
6515,2612,ZL02612,4,Worth the price,Used it for two weeks and it holds up well for daily use.,Ravi,1,2024-12-06 08:00:00
6516,2612,ZL02612,3,Worth the price,Instructions were clear and setup took only a few minutes.,Uma,0,2024-12-11 08:00:00
6517,2613,ZL02613,5,Nice finish,Colour is accurate and sizing feels true based on the chart.,Quinn,1,2025-08-07 12:00:00
6518,2613,ZL02613,4,Not bad at all,Good value compared with similar products I have tried.,Jonas,1,2025-06-09 12:00:00
6519,2614,ZL02614,5,Not bad at all,Colour is accurate and sizing feels true based on the chart.,Elena,0,2024-05-17 20:00:00
6520,2615,ZL02615,5,Better than expected,Material quality is better than I expected at this price point.,Marcus,0,2025-03-05 19:00:00
6521,2616,ZL02616,3,Worth the price,Packaging was neat and the item matched the listing details.,Hassan,1,2024-04-02 13:00:00
6522,2616,ZL02616,2,Solid everyday pick,Good value compared with similar products I have tried.,Omar,1,2024-05-03 13:00:00
6523,2616,ZL02616,2,Arrived quickly,Feels durable. A couple of small scuffs from shipping but fine overall.,Kai,1,2024-05-09 13:00:00
6524,2616,ZL02616,4,Worth the price,Works as advertised. Battery/performance is satisfactory so far.,Marcus,1,2024-04-09 13:00:00
6525,2617,ZL02617,5,Solid everyday pick,Instructions were clear and setup took only a few minutes.,Zara,1,2024-01-27 18:00:00
6526,2617,ZL02617,3,Exactly as described,Good value compared with similar products I have tried.,Aisha,1,2024-04-27 18:00:00
6527,2618,ZL02618,5,Arrived quickly,"Would appreciate more colour options, but this shade works for me.",Quinn,1,2024-09-23 21:00:00
6528,2618,ZL02618,5,Exactly as described,Material quality is better than I expected at this price point.,Uma,1,2024-11-04 21:00:00
6529,2618,ZL02618,2,Nice finish,Good value compared with similar products I have tried.,Zara,1,2024-08-25 21:00:00
6530,2619,ZL02619,5,Worth the price,Colour is accurate and sizing feels true based on the chart.,Ivy,1,2025-02-05 18:00:00
6531,2620,ZL02620,5,Worth the price,I bought this as a gift and the recipient liked it immediately.,Ben,1,2024-08-14 09:00:00
6532,2620,ZL02620,5,Better than expected,Colour is accurate and sizing feels true based on the chart.,Kai,1,2024-06-21 09:00:00
6533,2620,ZL02620,5,Decent for the money,Works as advertised. Battery/performance is satisfactory so far.,Victor,1,2024-08-20 09:00:00
6534,2621,ZL02621,2,Decent for the money,Used it for two weeks and it holds up well for daily use.,Marcus,1,2024-03-02 22:00:00
6535,2621,ZL02621,2,Exactly as described,Packaging was neat and the item matched the listing details.,Siti,1,2024-04-11 22:00:00
6536,2621,ZL02621,3,Nice finish,Feels durable. A couple of small scuffs from shipping but fine overall.,Ravi,1,2024-03-27 22:00:00
6537,2622,ZL02622,3,Love this,Packaging was neat and the item matched the listing details.,Lina,1,2024-06-27 20:00:00
6538,2622,ZL02622,5,Good build quality,Good value compared with similar products I have tried.,Uma,0,2024-09-03 20:00:00
6539,2623,ZL02623,4,Nice finish,Used it for two weeks and it holds up well for daily use.,Uma,0,2024-09-24 11:00:00
6540,2623,ZL02623,2,Not bad at all,Good value compared with similar products I have tried.,Kai,1,2024-07-12 11:00:00
6541,2623,ZL02623,3,Exactly as described,Packaging was neat and the item matched the listing details.,Zara,0,2024-09-13 11:00:00
6542,2623,ZL02623,3,Solid everyday pick,Works as advertised. Battery/performance is satisfactory so far.,Siti,0,2024-07-22 11:00:00
6543,2624,ZL02624,4,Worth the price,Packaging was neat and the item matched the listing details.,Yasmin,1,2024-10-06 16:00:00
6544,2625,ZL02625,5,Love this,Instructions were clear and setup took only a few minutes.,Chloe,1,2024-08-15 21:00:00
6545,2626,ZL02626,4,Reliable so far,Used it for two weeks and it holds up well for daily use.,Priya,1,2024-02-22 21:00:00
6546,2626,ZL02626,4,Solid everyday pick,Colour is accurate and sizing feels true based on the chart.,Victor,1,2024-03-30 21:00:00
6547,2626,ZL02626,4,Better than expected,Feels durable. A couple of small scuffs from shipping but fine overall.,Kai,0,2024-04-16 21:00:00
6548,2626,ZL02626,3,Better than expected,"Would appreciate more colour options, but this shade works for me.",Lina,1,2024-01-28 21:00:00
6549,2627,ZL02627,5,Worth the price,Works as advertised. Battery/performance is satisfactory so far.,Quinn,1,2024-12-18 16:00:00
6550,2627,ZL02627,5,Love this,I bought this as a gift and the recipient liked it immediately.,Zara,1,2024-12-18 16:00:00
6551,2627,ZL02627,4,Love this,Material quality is better than I expected at this price point.,Hassan,1,2025-03-17 16:00:00
6552,2628,ZL02628,4,Arrived quickly,Instructions were clear and setup took only a few minutes.,Zara,1,2025-08-11 20:00:00
6553,2628,ZL02628,2,Happy with it,Used it for two weeks and it holds up well for daily use.,Ivy,1,2025-08-08 20:00:00
6554,2629,ZL02629,5,Nice finish,Packaging was neat and the item matched the listing details.,Victor,1,2025-02-06 13:00:00
6555,2630,ZL02630,3,Would buy again,Used it for two weeks and it holds up well for daily use.,Lina,1,2024-10-04 16:00:00
6556,2630,ZL02630,2,Worth the price,Good value compared with similar products I have tried.,Siti,0,2024-12-20 16:00:00
6557,2630,ZL02630,4,Not bad at all,Material quality is better than I expected at this price point.,Farid,1,2024-11-25 16:00:00
6558,2631,ZL02631,2,Not bad at all,Instructions were clear and setup took only a few minutes.,Hassan,1,2024-08-21 17:00:00
6559,2631,ZL02631,2,Worth the price,Used it for two weeks and it holds up well for daily use.,Uma,1,2024-11-02 17:00:00
6560,2631,ZL02631,2,Exactly as described,Colour is accurate and sizing feels true based on the chart.,Elena,1,2024-11-06 17:00:00
6561,2631,ZL02631,4,Love this,Packaging was neat and the item matched the listing details.,Grace,1,2024-07-25 17:00:00
6562,2632,ZL02632,5,Exactly as described,Material quality is better than I expected at this price point.,Aisha,1,2025-04-01 02:00:00
6563,2632,ZL02632,3,Worth the price,Packaging was neat and the item matched the listing details.,Chloe,0,2025-03-28 02:00:00
6564,2632,ZL02632,4,Reliable so far,Used it for two weeks and it holds up well for daily use.,Danial,1,2025-01-26 02:00:00
6565,2632,ZL02632,3,Not bad at all,Works as advertised. Battery/performance is satisfactory so far.,Jonas,1,2025-01-14 02:00:00
6566,2633,ZL02633,4,Reliable so far,Instructions were clear and setup took only a few minutes.,Aisha,0,2025-07-26 13:00:00
6567,2633,ZL02633,5,Useful addition,Instructions were clear and setup took only a few minutes.,Victor,1,2025-08-09 13:00:00
6568,2634,ZL02634,4,Useful addition,Used it for two weeks and it holds up well for daily use.,Nora,1,2025-02-16 07:00:00
6569,2634,ZL02634,3,Arrived quickly,"Would appreciate more colour options, but this shade works for me.",Ravi,1,2024-12-10 07:00:00
6570,2635,ZL02635,5,Decent for the money,Good value compared with similar products I have tried.,Quinn,0,2025-07-01 07:00:00
6571,2635,ZL02635,4,Worth the price,Feels durable. A couple of small scuffs from shipping but fine overall.,Zara,0,2025-07-27 07:00:00
6572,2636,ZL02636,4,Good build quality,Colour is accurate and sizing feels true based on the chart.,Ravi,1,2024-11-26 13:00:00
6573,2637,ZL02637,4,Decent for the money,Material quality is better than I expected at this price point.,Marcus,1,2024-04-24 15:00:00
6574,2637,ZL02637,4,Better than expected,Good value compared with similar products I have tried.,Zara,0,2024-05-15 15:00:00
6575,2637,ZL02637,3,Not bad at all,Colour is accurate and sizing feels true based on the chart.,Wei,1,2024-04-06 15:00:00
6576,2638,ZL02638,3,Exactly as described,Instructions were clear and setup took only a few minutes.,Aisha,1,2024-03-13 14:00:00
6577,2639,ZL02639,5,Nice finish,I bought this as a gift and the recipient liked it immediately.,Ivy,1,2025-01-07 21:00:00
6578,2639,ZL02639,5,Good build quality,"Would appreciate more colour options, but this shade works for me.",Siti,1,2024-10-11 21:00:00
6579,2640,ZL02640,3,Nice finish,"Would appreciate more colour options, but this shade works for me.",Siti,1,2024-07-02 01:00:00
6580,2641,ZL02641,3,Would buy again,Works as advertised. Battery/performance is satisfactory so far.,Wei,1,2024-12-13 12:00:00
6581,2641,ZL02641,5,Love this,Feels durable. A couple of small scuffs from shipping but fine overall.,Yasmin,1,2025-02-15 12:00:00
6582,2642,ZL02642,3,Decent for the money,Instructions were clear and setup took only a few minutes.,Ben,1,2024-09-10 19:00:00
6583,2642,ZL02642,5,Decent for the money,Feels durable. A couple of small scuffs from shipping but fine overall.,Ravi,1,2024-10-04 19:00:00
6584,2642,ZL02642,5,Solid everyday pick,Material quality is better than I expected at this price point.,Ivy,1,2024-12-20 19:00:00
6585,2643,ZL02643,4,Better than expected,I bought this as a gift and the recipient liked it immediately.,Uma,1,2025-01-20 01:00:00
6586,2643,ZL02643,3,Decent for the money,Material quality is better than I expected at this price point.,Siti,1,2025-01-18 01:00:00
6587,2643,ZL02643,4,Nice finish,Colour is accurate and sizing feels true based on the chart.,Kai,1,2025-03-01 01:00:00
6588,2643,ZL02643,3,Exactly as described,Material quality is better than I expected at this price point.,Elena,1,2024-12-29 01:00:00
6589,2644,ZL02644,2,Exactly as described,Material quality is better than I expected at this price point.,Danial,0,2025-04-08 16:00:00
6590,2644,ZL02644,5,Exactly as described,Instructions were clear and setup took only a few minutes.,Siti,1,2025-06-02 16:00:00
6591,2644,ZL02644,2,Better than expected,Colour is accurate and sizing feels true based on the chart.,Victor,1,2025-03-27 16:00:00
6592,2644,ZL02644,4,Useful addition,Feels durable. A couple of small scuffs from shipping but fine overall.,Jonas,1,2025-03-18 16:00:00
6593,2645,ZL02645,5,Decent for the money,I bought this as a gift and the recipient liked it immediately.,Jonas,1,2025-01-02 09:00:00
6594,2646,ZL02646,4,Happy with it,"Would appreciate more colour options, but this shade works for me.",Danial,0,2025-02-21 21:00:00
6595,2647,ZL02647,3,Decent for the money,Works as advertised. Battery/performance is satisfactory so far.,Farid,1,2024-08-14 05:00:00
6596,2647,ZL02647,3,Exactly as described,"Would appreciate more colour options, but this shade works for me.",Elena,1,2024-06-19 05:00:00
6597,2648,ZL02648,2,Not bad at all,Used it for two weeks and it holds up well for daily use.,Wei,0,2025-05-03 12:00:00
6598,2648,ZL02648,5,Better than expected,"Would appreciate more colour options, but this shade works for me.",Omar,1,2025-07-02 12:00:00
6599,2648,ZL02648,2,Decent for the money,I bought this as a gift and the recipient liked it immediately.,Elena,1,2025-07-12 12:00:00
6600,2649,ZL02649,4,Worth the price,Packaging was neat and the item matched the listing details.,Zara,0,2024-11-08 15:00:00
6601,2649,ZL02649,5,Good build quality,Material quality is better than I expected at this price point.,Priya,0,2024-12-06 15:00:00
6602,2649,ZL02649,5,Would buy again,Good value compared with similar products I have tried.,Jonas,1,2024-11-29 15:00:00
6603,2649,ZL02649,3,Love this,Material quality is better than I expected at this price point.,Victor,1,2024-11-16 15:00:00
6604,2650,ZL02650,3,Exactly as described,I bought this as a gift and the recipient liked it immediately.,Zara,1,2025-04-15 02:00:00
6605,2651,ZL02651,5,Worth the price,Instructions were clear and setup took only a few minutes.,Nora,0,2025-05-22 05:00:00
6606,2651,ZL02651,2,Nice finish,Material quality is better than I expected at this price point.,Yasmin,1,2025-07-05 05:00:00
6607,2651,ZL02651,5,Solid everyday pick,Feels durable. A couple of small scuffs from shipping but fine overall.,Marcus,1,2025-06-06 05:00:00
6608,2652,ZL02652,4,Exactly as described,Feels durable. A couple of small scuffs from shipping but fine overall.,Wei,1,2025-02-08 14:00:00
6609,2652,ZL02652,4,Worth the price,I bought this as a gift and the recipient liked it immediately.,Uma,1,2025-01-20 14:00:00
6610,2652,ZL02652,5,Decent for the money,Used it for two weeks and it holds up well for daily use.,Uma,1,2025-01-10 14:00:00
6611,2653,ZL02653,3,Good build quality,"Would appreciate more colour options, but this shade works for me.",Zara,1,2024-03-29 06:00:00
6612,2654,ZL02654,4,Solid everyday pick,Works as advertised. Battery/performance is satisfactory so far.,Kai,1,2024-08-01 06:00:00
6613,2654,ZL02654,4,Nice finish,"Would appreciate more colour options, but this shade works for me.",Marcus,0,2024-07-11 06:00:00
6614,2654,ZL02654,4,Good build quality,Good value compared with similar products I have tried.,Hassan,1,2024-06-18 06:00:00
6615,2654,ZL02654,3,Love this,"Would appreciate more colour options, but this shade works for me.",Omar,0,2024-05-23 06:00:00
6616,2655,ZL02655,3,Would buy again,Material quality is better than I expected at this price point.,Wei,1,2025-07-01 17:00:00
6617,2655,ZL02655,5,Arrived quickly,Packaging was neat and the item matched the listing details.,Wei,0,2025-08-07 17:00:00
6618,2655,ZL02655,3,Happy with it,Used it for two weeks and it holds up well for daily use.,Aisha,1,2025-06-25 17:00:00
6619,2655,ZL02655,5,Arrived quickly,Good value compared with similar products I have tried.,Grace,0,2025-08-18 17:00:00
6620,2656,ZL02656,5,Exactly as described,Packaging was neat and the item matched the listing details.,Victor,0,2024-05-17 09:00:00
6621,2656,ZL02656,5,Arrived quickly,Used it for two weeks and it holds up well for daily use.,Kai,0,2024-03-24 09:00:00
6622,2656,ZL02656,3,Love this,Works as advertised. Battery/performance is satisfactory so far.,Omar,0,2024-03-22 09:00:00
6623,2657,ZL02657,4,Not bad at all,I bought this as a gift and the recipient liked it immediately.,Priya,1,2024-03-24 16:00:00
6624,2658,ZL02658,3,Exactly as described,Good value compared with similar products I have tried.,Lina,1,2025-05-22 18:00:00
6625,2658,ZL02658,3,Good build quality,Material quality is better than I expected at this price point.,Tom,1,2025-04-02 18:00:00
6626,2658,ZL02658,4,Exactly as described,Packaging was neat and the item matched the listing details.,Priya,1,2025-04-14 18:00:00
6627,2659,ZL02659,2,Good build quality,Used it for two weeks and it holds up well for daily use.,Kai,1,2024-12-27 22:00:00
6628,2659,ZL02659,4,Happy with it,Used it for two weeks and it holds up well for daily use.,Yasmin,1,2025-01-30 22:00:00
6629,2660,ZL02660,3,Useful addition,I bought this as a gift and the recipient liked it immediately.,Nora,1,2024-10-18 22:00:00
6630,2660,ZL02660,4,Decent for the money,Material quality is better than I expected at this price point.,Aisha,1,2024-08-16 22:00:00
6631,2660,ZL02660,4,Better than expected,Instructions were clear and setup took only a few minutes.,Ben,0,2024-07-20 22:00:00
6632,2661,ZL02661,3,Not bad at all,"Would appreciate more colour options, but this shade works for me.",Siti,0,2024-07-18 21:00:00
6633,2661,ZL02661,5,Love this,Material quality is better than I expected at this price point.,Elena,1,2024-09-02 21:00:00
6634,2661,ZL02661,4,Better than expected,"Would appreciate more colour options, but this shade works for me.",Danial,1,2024-06-01 21:00:00
6635,2662,ZL02662,5,Decent for the money,Colour is accurate and sizing feels true based on the chart.,Tom,1,2024-05-12 23:00:00
6636,2662,ZL02662,5,Happy with it,Feels durable. A couple of small scuffs from shipping but fine overall.,Ben,1,2024-08-10 23:00:00
6637,2662,ZL02662,3,Love this,Colour is accurate and sizing feels true based on the chart.,Yasmin,0,2024-07-08 23:00:00
6638,2662,ZL02662,5,Would buy again,Good value compared with similar products I have tried.,Danial,1,2024-06-07 23:00:00
6639,2663,ZL02663,3,Better than expected,Packaging was neat and the item matched the listing details.,Victor,0,2024-10-30 20:00:00
6640,2663,ZL02663,5,Decent for the money,Material quality is better than I expected at this price point.,Lina,1,2024-10-27 20:00:00
6641,2663,ZL02663,3,Would buy again,"Would appreciate more colour options, but this shade works for me.",Victor,1,2025-01-01 20:00:00
6642,2663,ZL02663,3,Nice finish,Instructions were clear and setup took only a few minutes.,Lina,1,2024-10-11 20:00:00
6643,2664,ZL02664,3,Happy with it,Instructions were clear and setup took only a few minutes.,Uma,1,2024-07-07 01:00:00
6644,2664,ZL02664,3,Happy with it,Colour is accurate and sizing feels true based on the chart.,Marcus,0,2024-07-28 01:00:00
6645,2664,ZL02664,5,Not bad at all,I bought this as a gift and the recipient liked it immediately.,Nora,1,2024-09-14 01:00:00
6646,2665,ZL02665,5,Would buy again,Packaging was neat and the item matched the listing details.,Tom,1,2024-02-17 03:00:00
6647,2665,ZL02665,5,Arrived quickly,Good value compared with similar products I have tried.,Chloe,1,2024-03-03 03:00:00
6648,2666,ZL02666,5,Love this,Feels durable. A couple of small scuffs from shipping but fine overall.,Elena,0,2025-05-30 00:00:00
6649,2666,ZL02666,4,Better than expected,I bought this as a gift and the recipient liked it immediately.,Siti,1,2025-04-18 00:00:00
6650,2667,ZL02667,5,Nice finish,Used it for two weeks and it holds up well for daily use.,Yasmin,1,2024-04-08 18:00:00
6651,2668,ZL02668,4,Exactly as described,Good value compared with similar products I have tried.,Quinn,1,2024-09-27 16:00:00
6652,2668,ZL02668,4,Good build quality,I bought this as a gift and the recipient liked it immediately.,Priya,1,2024-12-24 16:00:00
6653,2669,ZL02669,3,Exactly as described,Packaging was neat and the item matched the listing details.,Ravi,0,2025-03-13 05:00:00
6654,2669,ZL02669,5,Worth the price,Works as advertised. Battery/performance is satisfactory so far.,Ivy,1,2025-02-23 05:00:00
6655,2669,ZL02669,4,Better than expected,Material quality is better than I expected at this price point.,Hassan,1,2025-03-17 05:00:00
6656,2669,ZL02669,3,Not bad at all,Packaging was neat and the item matched the listing details.,Uma,1,2025-01-10 05:00:00
6657,2670,ZL02670,2,Nice finish,Feels durable. A couple of small scuffs from shipping but fine overall.,Hassan,1,2025-06-17 07:00:00
6658,2671,ZL02671,5,Exactly as described,Works as advertised. Battery/performance is satisfactory so far.,Elena,1,2024-09-23 14:00:00
6659,2671,ZL02671,5,Nice finish,Good value compared with similar products I have tried.,Priya,1,2024-10-03 14:00:00
6660,2671,ZL02671,5,Reliable so far,Material quality is better than I expected at this price point.,Hassan,1,2024-08-19 14:00:00
6661,2672,ZL02672,4,Solid everyday pick,Used it for two weeks and it holds up well for daily use.,Farid,0,2024-11-27 23:00:00
6662,2673,ZL02673,3,Exactly as described,Material quality is better than I expected at this price point.,Tom,1,2025-05-07 11:00:00
6663,2673,ZL02673,4,Would buy again,I bought this as a gift and the recipient liked it immediately.,Jonas,0,2025-02-17 11:00:00
6664,2674,ZL02674,5,Decent for the money,Works as advertised. Battery/performance is satisfactory so far.,Omar,1,2024-05-23 08:00:00
6665,2674,ZL02674,4,Better than expected,Feels durable. A couple of small scuffs from shipping but fine overall.,Marcus,1,2024-03-16 08:00:00
6666,2674,ZL02674,4,Arrived quickly,Feels durable. A couple of small scuffs from shipping but fine overall.,Ben,0,2024-04-07 08:00:00
6667,2674,ZL02674,3,Useful addition,I bought this as a gift and the recipient liked it immediately.,Ravi,1,2024-03-20 08:00:00
6668,2675,ZL02675,4,Not bad at all,Works as advertised. Battery/performance is satisfactory so far.,Ben,1,2024-10-27 15:00:00
6669,2675,ZL02675,2,Nice finish,Packaging was neat and the item matched the listing details.,Danial,1,2024-08-26 15:00:00
6670,2676,ZL02676,4,Arrived quickly,"Would appreciate more colour options, but this shade works for me.",Zara,1,2025-05-12 20:00:00
6671,2676,ZL02676,2,Solid everyday pick,Colour is accurate and sizing feels true based on the chart.,Ivy,1,2025-07-12 20:00:00
6672,2677,ZL02677,4,Nice finish,Instructions were clear and setup took only a few minutes.,Yasmin,1,2025-01-08 07:00:00
6673,2677,ZL02677,3,Decent for the money,Works as advertised. Battery/performance is satisfactory so far.,Aisha,1,2024-12-18 07:00:00
6674,2677,ZL02677,3,Happy with it,Colour is accurate and sizing feels true based on the chart.,Quinn,1,2024-11-16 07:00:00
6675,2678,ZL02678,4,Not bad at all,Packaging was neat and the item matched the listing details.,Ben,1,2025-03-26 20:00:00
6676,2679,ZL02679,3,Reliable so far,Material quality is better than I expected at this price point.,Kai,0,2024-09-25 12:00:00
6677,2679,ZL02679,3,Useful addition,Feels durable. A couple of small scuffs from shipping but fine overall.,Hassan,1,2024-11-06 12:00:00
6678,2680,ZL02680,5,Reliable so far,Material quality is better than I expected at this price point.,Siti,1,2024-12-04 21:00:00
6679,2680,ZL02680,3,Decent for the money,Works as advertised. Battery/performance is satisfactory so far.,Zara,1,2024-10-17 21:00:00
6680,2681,ZL02681,5,Arrived quickly,Used it for two weeks and it holds up well for daily use.,Jonas,1,2025-06-06 22:00:00
6681,2681,ZL02681,5,Not bad at all,Material quality is better than I expected at this price point.,Wei,0,2025-05-06 22:00:00
6682,2681,ZL02681,3,Decent for the money,Colour is accurate and sizing feels true based on the chart.,Hassan,1,2025-07-05 22:00:00
6683,2681,ZL02681,4,Better than expected,I bought this as a gift and the recipient liked it immediately.,Priya,1,2025-05-03 22:00:00
6684,2682,ZL02682,2,Worth the price,Packaging was neat and the item matched the listing details.,Grace,0,2024-04-24 04:00:00
6685,2682,ZL02682,5,Would buy again,Colour is accurate and sizing feels true based on the chart.,Jonas,0,2024-05-19 04:00:00
6686,2682,ZL02682,5,Worth the price,Works as advertised. Battery/performance is satisfactory so far.,Ben,1,2024-06-17 04:00:00
6687,2682,ZL02682,4,Love this,Used it for two weeks and it holds up well for daily use.,Marcus,1,2024-07-09 04:00:00
6688,2683,ZL02683,2,Reliable so far,Feels durable. A couple of small scuffs from shipping but fine overall.,Omar,1,2025-01-25 01:00:00
6689,2684,ZL02684,3,Happy with it,Works as advertised. Battery/performance is satisfactory so far.,Tom,1,2024-09-22 10:00:00
6690,2684,ZL02684,3,Solid everyday pick,Good value compared with similar products I have tried.,Uma,1,2024-09-22 10:00:00
6691,2684,ZL02684,4,Worth the price,Material quality is better than I expected at this price point.,Quinn,1,2024-10-22 10:00:00
6692,2685,ZL02685,5,Arrived quickly,Works as advertised. Battery/performance is satisfactory so far.,Elena,1,2024-09-16 01:00:00
6693,2685,ZL02685,4,Decent for the money,Used it for two weeks and it holds up well for daily use.,Lina,1,2024-06-11 01:00:00
6694,2685,ZL02685,5,Better than expected,Good value compared with similar products I have tried.,Hassan,1,2024-07-18 01:00:00
6695,2685,ZL02685,3,Would buy again,Colour is accurate and sizing feels true based on the chart.,Danial,1,2024-08-12 01:00:00
6696,2686,ZL02686,5,Better than expected,I bought this as a gift and the recipient liked it immediately.,Priya,0,2024-08-30 15:00:00
6697,2687,ZL02687,3,Decent for the money,"Would appreciate more colour options, but this shade works for me.",Wei,1,2024-11-01 03:00:00
6698,2688,ZL02688,5,Arrived quickly,"Would appreciate more colour options, but this shade works for me.",Uma,1,2024-07-24 22:00:00
6699,2688,ZL02688,3,Would buy again,I bought this as a gift and the recipient liked it immediately.,Farid,1,2024-07-03 22:00:00
6700,2689,ZL02689,2,Happy with it,Instructions were clear and setup took only a few minutes.,Victor,1,2025-01-19 18:00:00
6701,2689,ZL02689,4,Decent for the money,Feels durable. A couple of small scuffs from shipping but fine overall.,Quinn,1,2024-10-17 18:00:00
6702,2689,ZL02689,2,Solid everyday pick,Good value compared with similar products I have tried.,Hassan,0,2025-01-17 18:00:00
6703,2689,ZL02689,4,Useful addition,Used it for two weeks and it holds up well for daily use.,Siti,1,2025-01-18 18:00:00
6704,2690,ZL02690,3,Useful addition,I bought this as a gift and the recipient liked it immediately.,Quinn,1,2024-08-20 23:00:00
6705,2690,ZL02690,3,Decent for the money,Material quality is better than I expected at this price point.,Omar,1,2024-07-01 23:00:00
6706,2691,ZL02691,4,Better than expected,Colour is accurate and sizing feels true based on the chart.,Tom,1,2024-11-25 16:00:00
6707,2692,ZL02692,4,Reliable so far,Feels durable. A couple of small scuffs from shipping but fine overall.,Ben,1,2024-06-11 02:00:00
6708,2692,ZL02692,4,Worth the price,Material quality is better than I expected at this price point.,Lina,1,2024-07-24 02:00:00
6709,2692,ZL02692,3,Worth the price,Works as advertised. Battery/performance is satisfactory so far.,Siti,1,2024-05-23 02:00:00
6710,2692,ZL02692,5,Solid everyday pick,Material quality is better than I expected at this price point.,Yasmin,0,2024-07-20 02:00:00
6711,2693,ZL02693,4,Happy with it,Instructions were clear and setup took only a few minutes.,Omar,1,2025-03-05 02:00:00
6712,2693,ZL02693,3,Reliable so far,I bought this as a gift and the recipient liked it immediately.,Siti,1,2025-01-27 02:00:00
6713,2694,ZL02694,2,Useful addition,Used it for two weeks and it holds up well for daily use.,Ivy,0,2024-06-08 07:00:00
6714,2695,ZL02695,4,Nice finish,Feels durable. A couple of small scuffs from shipping but fine overall.,Ivy,0,2024-12-23 16:00:00
6715,2695,ZL02695,5,Reliable so far,Material quality is better than I expected at this price point.,Yasmin,1,2024-11-07 16:00:00
6716,2695,ZL02695,4,Arrived quickly,Colour is accurate and sizing feels true based on the chart.,Wei,0,2025-02-18 16:00:00
6717,2696,ZL02696,4,Better than expected,"Would appreciate more colour options, but this shade works for me.",Danial,0,2024-05-02 05:00:00
6718,2696,ZL02696,2,Love this,Colour is accurate and sizing feels true based on the chart.,Grace,1,2024-07-02 05:00:00
6719,2696,ZL02696,2,Worth the price,Good value compared with similar products I have tried.,Elena,1,2024-08-02 05:00:00
6720,2696,ZL02696,2,Exactly as described,"Would appreciate more colour options, but this shade works for me.",Victor,1,2024-07-24 05:00:00
6721,2697,ZL02697,5,Love this,Packaging was neat and the item matched the listing details.,Aisha,1,2024-03-05 17:00:00
6722,2697,ZL02697,4,Decent for the money,I bought this as a gift and the recipient liked it immediately.,Ravi,1,2024-03-22 17:00:00
6723,2698,ZL02698,3,Better than expected,Packaging was neat and the item matched the listing details.,Kai,0,2025-05-16 20:00:00
6724,2699,ZL02699,5,Useful addition,Material quality is better than I expected at this price point.,Priya,0,2024-07-08 00:00:00
6725,2699,ZL02699,4,Would buy again,Feels durable. A couple of small scuffs from shipping but fine overall.,Siti,1,2024-10-13 00:00:00
6726,2699,ZL02699,2,Nice finish,"Would appreciate more colour options, but this shade works for me.",Kai,1,2024-09-03 00:00:00
6727,2699,ZL02699,2,Good build quality,Good value compared with similar products I have tried.,Siti,0,2024-09-20 00:00:00
6728,2700,ZL02700,4,Nice finish,Instructions were clear and setup took only a few minutes.,Priya,0,2024-02-23 06:00:00
6729,2700,ZL02700,4,Solid everyday pick,Material quality is better than I expected at this price point.,Aisha,1,2024-05-08 06:00:00
6730,2700,ZL02700,4,Nice finish,Colour is accurate and sizing feels true based on the chart.,Elena,1,2024-03-28 06:00:00
6731,2701,ZL02701,3,Decent for the money,Instructions were clear and setup took only a few minutes.,Farid,1,2025-07-25 12:00:00
6732,2701,ZL02701,5,Better than expected,Colour is accurate and sizing feels true based on the chart.,Farid,1,2025-04-26 12:00:00
6733,2701,ZL02701,3,Nice finish,Instructions were clear and setup took only a few minutes.,Chloe,0,2025-05-26 12:00:00
6734,2701,ZL02701,4,Would buy again,Colour is accurate and sizing feels true based on the chart.,Hassan,1,2025-08-03 12:00:00
6735,2702,ZL02702,2,Decent for the money,Feels durable. A couple of small scuffs from shipping but fine overall.,Jonas,1,2025-06-16 09:00:00
6736,2702,ZL02702,2,Would buy again,Used it for two weeks and it holds up well for daily use.,Tom,1,2025-04-20 09:00:00
6737,2702,ZL02702,2,Would buy again,Instructions were clear and setup took only a few minutes.,Farid,1,2025-05-31 09:00:00
6738,2703,ZL02703,3,Happy with it,Packaging was neat and the item matched the listing details.,Omar,1,2025-06-12 02:00:00
6739,2703,ZL02703,3,Not bad at all,Packaging was neat and the item matched the listing details.,Siti,1,2025-08-19 02:00:00
6740,2704,ZL02704,5,Not bad at all,Material quality is better than I expected at this price point.,Ivy,1,2025-04-26 12:00:00
6741,2704,ZL02704,3,Solid everyday pick,"Would appreciate more colour options, but this shade works for me.",Aisha,1,2025-06-05 12:00:00
6742,2705,ZL02705,3,Would buy again,Colour is accurate and sizing feels true based on the chart.,Jonas,0,2025-02-22 13:00:00
6743,2705,ZL02705,3,Useful addition,Used it for two weeks and it holds up well for daily use.,Siti,0,2025-01-25 13:00:00
6744,2706,ZL02706,4,Decent for the money,"Would appreciate more colour options, but this shade works for me.",Ben,1,2024-07-05 17:00:00
6745,2706,ZL02706,4,Worth the price,Feels durable. A couple of small scuffs from shipping but fine overall.,Priya,0,2024-06-25 17:00:00
6746,2707,ZL02707,5,Love this,Feels durable. A couple of small scuffs from shipping but fine overall.,Hassan,1,2024-11-10 17:00:00
6747,2707,ZL02707,5,Nice finish,Packaging was neat and the item matched the listing details.,Victor,1,2024-12-13 17:00:00
6748,2708,ZL02708,3,Better than expected,Packaging was neat and the item matched the listing details.,Uma,1,2024-10-22 06:00:00
6749,2708,ZL02708,5,Exactly as described,Good value compared with similar products I have tried.,Aisha,0,2024-11-13 06:00:00
6750,2709,ZL02709,3,Worth the price,Good value compared with similar products I have tried.,Omar,1,2024-04-26 08:00:00
6751,2709,ZL02709,2,Happy with it,Colour is accurate and sizing feels true based on the chart.,Yasmin,1,2024-05-30 08:00:00
6752,2710,ZL02710,4,Not bad at all,"Would appreciate more colour options, but this shade works for me.",Zara,1,2024-04-26 16:00:00
6753,2711,ZL02711,5,Exactly as described,Material quality is better than I expected at this price point.,Danial,1,2024-12-16 21:00:00
6754,2711,ZL02711,3,Decent for the money,I bought this as a gift and the recipient liked it immediately.,Ben,1,2024-12-02 21:00:00
6755,2712,ZL02712,5,Useful addition,Packaging was neat and the item matched the listing details.,Quinn,1,2024-10-20 01:00:00
6756,2712,ZL02712,3,Worth the price,Used it for two weeks and it holds up well for daily use.,Wei,0,2024-09-25 01:00:00
6757,2713,ZL02713,5,Solid everyday pick,Instructions were clear and setup took only a few minutes.,Grace,1,2025-04-21 11:00:00
6758,2713,ZL02713,4,Happy with it,"Would appreciate more colour options, but this shade works for me.",Uma,0,2025-03-02 11:00:00
6759,2714,ZL02714,5,Worth the price,Colour is accurate and sizing feels true based on the chart.,Elena,1,2024-09-14 15:00:00
6760,2714,ZL02714,4,Nice finish,Feels durable. A couple of small scuffs from shipping but fine overall.,Farid,1,2024-08-22 15:00:00
6761,2714,ZL02714,3,Better than expected,Used it for two weeks and it holds up well for daily use.,Ravi,1,2024-08-14 15:00:00
6762,2715,ZL02715,3,Good build quality,Colour is accurate and sizing feels true based on the chart.,Danial,0,2024-06-17 05:00:00
6763,2715,ZL02715,3,Reliable so far,Good value compared with similar products I have tried.,Hassan,0,2024-07-14 05:00:00
6764,2715,ZL02715,5,Happy with it,Good value compared with similar products I have tried.,Jonas,0,2024-06-25 05:00:00
6765,2716,ZL02716,2,Solid everyday pick,Feels durable. A couple of small scuffs from shipping but fine overall.,Yasmin,1,2024-07-02 22:00:00
6766,2716,ZL02716,4,Better than expected,Used it for two weeks and it holds up well for daily use.,Ben,0,2024-06-02 22:00:00
6767,2717,ZL02717,4,Decent for the money,Colour is accurate and sizing feels true based on the chart.,Quinn,1,2024-04-15 19:00:00
6768,2717,ZL02717,4,Worth the price,I bought this as a gift and the recipient liked it immediately.,Ben,0,2024-07-29 19:00:00
6769,2717,ZL02717,5,Useful addition,"Would appreciate more colour options, but this shade works for me.",Kai,0,2024-06-07 19:00:00
6770,2717,ZL02717,4,Decent for the money,I bought this as a gift and the recipient liked it immediately.,Wei,1,2024-06-28 19:00:00
6771,2718,ZL02718,3,Decent for the money,Used it for two weeks and it holds up well for daily use.,Ben,1,2024-02-07 01:00:00
6772,2718,ZL02718,4,Not bad at all,Good value compared with similar products I have tried.,Ravi,1,2024-03-31 01:00:00
6773,2718,ZL02718,3,Happy with it,I bought this as a gift and the recipient liked it immediately.,Nora,1,2024-04-10 01:00:00
6774,2718,ZL02718,5,Happy with it,"Would appreciate more colour options, but this shade works for me.",Chloe,1,2024-01-14 01:00:00
6775,2719,ZL02719,3,Would buy again,I bought this as a gift and the recipient liked it immediately.,Kai,1,2025-04-26 05:00:00
6776,2719,ZL02719,4,Good build quality,Material quality is better than I expected at this price point.,Quinn,0,2025-02-09 05:00:00
6777,2720,ZL02720,5,Solid everyday pick,Instructions were clear and setup took only a few minutes.,Tom,1,2024-09-01 09:00:00
6778,2721,ZL02721,4,Nice finish,Material quality is better than I expected at this price point.,Wei,0,2024-08-01 23:00:00
6779,2722,ZL02722,3,Exactly as described,Used it for two weeks and it holds up well for daily use.,Lina,1,2024-07-15 22:00:00
6780,2722,ZL02722,3,Arrived quickly,Colour is accurate and sizing feels true based on the chart.,Danial,0,2024-06-09 22:00:00
6781,2722,ZL02722,5,Arrived quickly,Used it for two weeks and it holds up well for daily use.,Ben,1,2024-08-07 22:00:00
6782,2722,ZL02722,3,Useful addition,Works as advertised. Battery/performance is satisfactory so far.,Aisha,1,2024-05-22 22:00:00
6783,2723,ZL02723,4,Worth the price,Packaging was neat and the item matched the listing details.,Aisha,1,2025-01-22 14:00:00
6784,2723,ZL02723,3,Useful addition,Good value compared with similar products I have tried.,Victor,1,2024-12-26 14:00:00
6785,2723,ZL02723,4,Reliable so far,Works as advertised. Battery/performance is satisfactory so far.,Ben,0,2024-11-13 14:00:00
6786,2724,ZL02724,3,Love this,Material quality is better than I expected at this price point.,Ben,1,2024-09-12 04:00:00
6787,2724,ZL02724,4,Good build quality,I bought this as a gift and the recipient liked it immediately.,Lina,1,2024-11-04 04:00:00
6788,2725,ZL02725,3,Reliable so far,Good value compared with similar products I have tried.,Tom,1,2024-05-30 07:00:00
6789,2726,ZL02726,3,Nice finish,Colour is accurate and sizing feels true based on the chart.,Ben,1,2025-01-18 20:00:00
6790,2726,ZL02726,4,Arrived quickly,Works as advertised. Battery/performance is satisfactory so far.,Ivy,1,2024-11-17 20:00:00
6791,2726,ZL02726,4,Worth the price,Packaging was neat and the item matched the listing details.,Elena,1,2024-12-05 20:00:00
6792,2727,ZL02727,5,Worth the price,I bought this as a gift and the recipient liked it immediately.,Ravi,1,2025-04-24 09:00:00
6793,2728,ZL02728,4,Decent for the money,Material quality is better than I expected at this price point.,Kai,0,2024-07-05 07:00:00
6794,2728,ZL02728,4,Worth the price,Material quality is better than I expected at this price point.,Tom,1,2024-04-16 07:00:00
6795,2728,ZL02728,3,Worth the price,Good value compared with similar products I have tried.,Zara,1,2024-05-23 07:00:00
6796,2728,ZL02728,3,Useful addition,I bought this as a gift and the recipient liked it immediately.,Omar,0,2024-04-23 07:00:00
6797,2729,ZL02729,3,Decent for the money,Good value compared with similar products I have tried.,Marcus,1,2025-03-26 12:00:00
6798,2729,ZL02729,4,Arrived quickly,Instructions were clear and setup took only a few minutes.,Aisha,0,2025-04-05 12:00:00
6799,2729,ZL02729,3,Solid everyday pick,Material quality is better than I expected at this price point.,Farid,1,2025-04-28 12:00:00
6800,2729,ZL02729,4,Reliable so far,Used it for two weeks and it holds up well for daily use.,Kai,1,2025-03-15 12:00:00
6801,2730,ZL02730,3,Decent for the money,Instructions were clear and setup took only a few minutes.,Siti,1,2025-06-29 13:00:00
6802,2730,ZL02730,5,Happy with it,Used it for two weeks and it holds up well for daily use.,Lina,0,2025-07-05 13:00:00
6803,2730,ZL02730,5,Exactly as described,Good value compared with similar products I have tried.,Victor,1,2025-05-22 13:00:00
6804,2730,ZL02730,5,Love this,Colour is accurate and sizing feels true based on the chart.,Uma,0,2025-04-16 13:00:00
6805,2731,ZL02731,3,Good build quality,"Would appreciate more colour options, but this shade works for me.",Grace,1,2024-11-28 04:00:00
6806,2731,ZL02731,2,Solid everyday pick,"Would appreciate more colour options, but this shade works for me.",Quinn,0,2024-11-11 04:00:00
6807,2732,ZL02732,5,Happy with it,Colour is accurate and sizing feels true based on the chart.,Danial,1,2025-01-26 14:00:00
6808,2732,ZL02732,3,Would buy again,Works as advertised. Battery/performance is satisfactory so far.,Kai,0,2025-03-20 14:00:00
6809,2732,ZL02732,4,Decent for the money,Packaging was neat and the item matched the listing details.,Danial,1,2025-04-05 14:00:00
6810,2732,ZL02732,3,Nice finish,Colour is accurate and sizing feels true based on the chart.,Marcus,0,2025-05-14 14:00:00
6811,2733,ZL02733,5,Worth the price,Works as advertised. Battery/performance is satisfactory so far.,Ben,1,2025-04-05 04:00:00
6812,2733,ZL02733,3,Better than expected,Used it for two weeks and it holds up well for daily use.,Uma,1,2025-06-20 04:00:00
6813,2734,ZL02734,4,Would buy again,"Would appreciate more colour options, but this shade works for me.",Lina,0,2024-08-12 10:00:00
6814,2735,ZL02735,4,Nice finish,Material quality is better than I expected at this price point.,Lina,0,2025-01-16 01:00:00
6815,2736,ZL02736,4,Exactly as described,Used it for two weeks and it holds up well for daily use.,Tom,1,2025-04-01 04:00:00
6816,2736,ZL02736,4,Nice finish,Packaging was neat and the item matched the listing details.,Kai,1,2025-05-21 04:00:00
6817,2736,ZL02736,4,Solid everyday pick,Colour is accurate and sizing feels true based on the chart.,Yasmin,1,2025-03-04 04:00:00
6818,2737,ZL02737,3,Not bad at all,"Would appreciate more colour options, but this shade works for me.",Wei,1,2024-04-13 04:00:00
6819,2737,ZL02737,5,Not bad at all,I bought this as a gift and the recipient liked it immediately.,Elena,0,2024-02-09 04:00:00
6820,2737,ZL02737,4,Arrived quickly,Feels durable. A couple of small scuffs from shipping but fine overall.,Marcus,1,2024-02-09 04:00:00
6821,2737,ZL02737,4,Good build quality,Works as advertised. Battery/performance is satisfactory so far.,Grace,1,2024-04-11 04:00:00
6822,2738,ZL02738,5,Love this,Packaging was neat and the item matched the listing details.,Marcus,0,2024-06-09 16:00:00
6823,2738,ZL02738,4,Happy with it,Instructions were clear and setup took only a few minutes.,Elena,1,2024-04-05 16:00:00
6824,2739,ZL02739,5,Love this,Feels durable. A couple of small scuffs from shipping but fine overall.,Marcus,1,2024-09-13 12:00:00
6825,2739,ZL02739,5,Not bad at all,Good value compared with similar products I have tried.,Uma,1,2024-08-09 12:00:00
6826,2739,ZL02739,5,Good build quality,Colour is accurate and sizing feels true based on the chart.,Quinn,1,2024-06-19 12:00:00
6827,2739,ZL02739,3,Arrived quickly,Material quality is better than I expected at this price point.,Priya,1,2024-07-18 12:00:00
6828,2740,ZL02740,4,Love this,Instructions were clear and setup took only a few minutes.,Yasmin,1,2024-09-30 15:00:00
6829,2741,ZL02741,5,Not bad at all,Used it for two weeks and it holds up well for daily use.,Victor,1,2024-07-04 04:00:00
6830,2741,ZL02741,5,Decent for the money,Works as advertised. Battery/performance is satisfactory so far.,Danial,1,2024-04-22 04:00:00
6831,2741,ZL02741,5,Reliable so far,Used it for two weeks and it holds up well for daily use.,Ben,1,2024-05-24 04:00:00
6832,2742,ZL02742,3,Decent for the money,Works as advertised. Battery/performance is satisfactory so far.,Lina,1,2024-12-31 16:00:00
6833,2743,ZL02743,3,Better than expected,Colour is accurate and sizing feels true based on the chart.,Victor,1,2024-10-24 13:00:00
6834,2743,ZL02743,4,Decent for the money,Works as advertised. Battery/performance is satisfactory so far.,Uma,0,2024-10-24 13:00:00
6835,2743,ZL02743,4,Arrived quickly,Good value compared with similar products I have tried.,Yasmin,1,2024-08-11 13:00:00
6836,2744,ZL02744,3,Useful addition,Good value compared with similar products I have tried.,Elena,1,2024-12-11 04:00:00
6837,2745,ZL02745,3,Useful addition,Works as advertised. Battery/performance is satisfactory so far.,Ravi,1,2024-11-14 09:00:00
6838,2745,ZL02745,4,Useful addition,"Would appreciate more colour options, but this shade works for me.",Omar,0,2024-10-04 09:00:00
6839,2746,ZL02746,4,Good build quality,"Would appreciate more colour options, but this shade works for me.",Hassan,1,2024-09-23 10:00:00
6840,2746,ZL02746,5,Nice finish,Good value compared with similar products I have tried.,Ivy,1,2024-10-06 10:00:00
6841,2746,ZL02746,3,Solid everyday pick,Colour is accurate and sizing feels true based on the chart.,Kai,0,2024-11-05 10:00:00
6842,2746,ZL02746,4,Worth the price,I bought this as a gift and the recipient liked it immediately.,Omar,1,2024-08-26 10:00:00
6843,2747,ZL02747,5,Useful addition,Material quality is better than I expected at this price point.,Quinn,1,2025-05-14 18:00:00
6844,2747,ZL02747,5,Worth the price,"Would appreciate more colour options, but this shade works for me.",Ravi,1,2025-07-27 18:00:00
6845,2747,ZL02747,5,Decent for the money,Good value compared with similar products I have tried.,Ivy,1,2025-05-07 18:00:00
6846,2747,ZL02747,3,Arrived quickly,I bought this as a gift and the recipient liked it immediately.,Lina,0,2025-08-23 18:00:00
6847,2748,ZL02748,4,Good build quality,Instructions were clear and setup took only a few minutes.,Victor,1,2024-12-03 21:00:00
6848,2749,ZL02749,5,Would buy again,Works as advertised. Battery/performance is satisfactory so far.,Zara,1,2024-02-29 12:00:00
6849,2750,ZL02750,4,Worth the price,Packaging was neat and the item matched the listing details.,Kai,1,2024-07-16 16:00:00
6850,2750,ZL02750,3,Worth the price,Packaging was neat and the item matched the listing details.,Uma,1,2024-09-17 16:00:00
6851,2750,ZL02750,5,Happy with it,Packaging was neat and the item matched the listing details.,Ravi,0,2024-09-16 16:00:00
6852,2751,ZL02751,4,Better than expected,Instructions were clear and setup took only a few minutes.,Victor,1,2024-11-10 02:00:00
6853,2752,ZL02752,5,Arrived quickly,Instructions were clear and setup took only a few minutes.,Aisha,1,2024-09-21 20:00:00
6854,2752,ZL02752,5,Solid everyday pick,Feels durable. A couple of small scuffs from shipping but fine overall.,Omar,1,2024-10-12 20:00:00
6855,2753,ZL02753,5,Worth the price,I bought this as a gift and the recipient liked it immediately.,Priya,1,2025-05-31 16:00:00
6856,2753,ZL02753,5,Good build quality,Good value compared with similar products I have tried.,Zara,1,2025-06-01 16:00:00
6857,2753,ZL02753,3,Better than expected,Feels durable. A couple of small scuffs from shipping but fine overall.,Jonas,1,2025-06-14 16:00:00
6858,2754,ZL02754,4,Good build quality,Feels durable. A couple of small scuffs from shipping but fine overall.,Siti,0,2025-07-08 01:00:00
6859,2754,ZL02754,4,Decent for the money,Instructions were clear and setup took only a few minutes.,Farid,1,2025-06-23 01:00:00
6860,2754,ZL02754,4,Nice finish,"Would appreciate more colour options, but this shade works for me.",Chloe,0,2025-09-04 01:00:00
6861,2754,ZL02754,3,Arrived quickly,Feels durable. A couple of small scuffs from shipping but fine overall.,Ravi,1,2025-07-17 01:00:00
6862,2755,ZL02755,4,Would buy again,Feels durable. A couple of small scuffs from shipping but fine overall.,Jonas,0,2025-04-15 21:00:00
6863,2756,ZL02756,5,Better than expected,Packaging was neat and the item matched the listing details.,Omar,1,2024-09-07 04:00:00
6864,2756,ZL02756,5,Would buy again,Good value compared with similar products I have tried.,Uma,1,2024-10-08 04:00:00
6865,2756,ZL02756,5,Happy with it,Instructions were clear and setup took only a few minutes.,Elena,0,2024-10-27 04:00:00
6866,2756,ZL02756,3,Arrived quickly,Packaging was neat and the item matched the listing details.,Aisha,1,2024-11-03 04:00:00
6867,2757,ZL02757,2,Nice finish,Colour is accurate and sizing feels true based on the chart.,Hassan,0,2025-04-05 14:00:00
6868,2758,ZL02758,3,Useful addition,I bought this as a gift and the recipient liked it immediately.,Chloe,1,2024-05-24 17:00:00
6869,2759,ZL02759,4,Solid everyday pick,Works as advertised. Battery/performance is satisfactory so far.,Siti,1,2025-05-27 05:00:00
6870,2759,ZL02759,4,Exactly as described,Packaging was neat and the item matched the listing details.,Quinn,1,2025-06-26 05:00:00
6871,2759,ZL02759,4,Reliable so far,Good value compared with similar products I have tried.,Ivy,0,2025-06-02 05:00:00
6872,2759,ZL02759,4,Better than expected,Packaging was neat and the item matched the listing details.,Kai,0,2025-05-24 05:00:00
6873,2760,ZL02760,3,Exactly as described,"Would appreciate more colour options, but this shade works for me.",Ravi,1,2024-10-10 08:00:00
6874,2760,ZL02760,4,Would buy again,Feels durable. A couple of small scuffs from shipping but fine overall.,Zara,1,2024-12-21 08:00:00
6875,2760,ZL02760,4,Decent for the money,Feels durable. A couple of small scuffs from shipping but fine overall.,Lina,0,2024-11-22 08:00:00
6876,2761,ZL02761,3,Worth the price,Works as advertised. Battery/performance is satisfactory so far.,Ben,1,2025-01-17 19:00:00
6877,2761,ZL02761,3,Useful addition,Material quality is better than I expected at this price point.,Wei,0,2024-12-06 19:00:00
6878,2762,ZL02762,5,Happy with it,Material quality is better than I expected at this price point.,Yasmin,1,2024-03-03 22:00:00
6879,2762,ZL02762,4,Happy with it,Works as advertised. Battery/performance is satisfactory so far.,Zara,0,2024-04-01 22:00:00
6880,2763,ZL02763,4,Not bad at all,Good value compared with similar products I have tried.,Priya,1,2024-08-21 17:00:00
6881,2764,ZL02764,4,Arrived quickly,Works as advertised. Battery/performance is satisfactory so far.,Nora,1,2024-08-03 06:00:00
6882,2764,ZL02764,4,Reliable so far,Feels durable. A couple of small scuffs from shipping but fine overall.,Ivy,1,2024-09-11 06:00:00
6883,2764,ZL02764,3,Useful addition,I bought this as a gift and the recipient liked it immediately.,Victor,1,2024-08-22 06:00:00
6884,2764,ZL02764,3,Useful addition,Colour is accurate and sizing feels true based on the chart.,Ivy,1,2024-08-17 06:00:00
6885,2765,ZL02765,4,Good build quality,Colour is accurate and sizing feels true based on the chart.,Siti,1,2025-06-01 04:00:00
6886,2765,ZL02765,4,Decent for the money,Colour is accurate and sizing feels true based on the chart.,Victor,1,2025-07-04 04:00:00
6887,2765,ZL02765,3,Solid everyday pick,Instructions were clear and setup took only a few minutes.,Jonas,1,2025-08-01 04:00:00
6888,2766,ZL02766,4,Exactly as described,Works as advertised. Battery/performance is satisfactory so far.,Chloe,1,2024-04-23 10:00:00
6889,2766,ZL02766,4,Would buy again,Works as advertised. Battery/performance is satisfactory so far.,Ben,1,2024-02-06 10:00:00
6890,2766,ZL02766,4,Good build quality,Colour is accurate and sizing feels true based on the chart.,Kai,1,2024-03-02 10:00:00
6891,2766,ZL02766,5,Solid everyday pick,Good value compared with similar products I have tried.,Grace,1,2024-03-13 10:00:00
6892,2767,ZL02767,5,Decent for the money,Feels durable. A couple of small scuffs from shipping but fine overall.,Ivy,1,2024-04-28 15:00:00
6893,2768,ZL02768,4,Solid everyday pick,Good value compared with similar products I have tried.,Quinn,1,2024-03-27 08:00:00
6894,2768,ZL02768,4,Decent for the money,Colour is accurate and sizing feels true based on the chart.,Grace,1,2024-06-05 08:00:00
6895,2768,ZL02768,5,Would buy again,Used it for two weeks and it holds up well for daily use.,Yasmin,1,2024-03-26 08:00:00
6896,2768,ZL02768,5,Solid everyday pick,Colour is accurate and sizing feels true based on the chart.,Tom,0,2024-02-17 08:00:00
6897,2769,ZL02769,4,Decent for the money,Feels durable. A couple of small scuffs from shipping but fine overall.,Ivy,1,2024-05-18 16:00:00
6898,2769,ZL02769,4,Exactly as described,I bought this as a gift and the recipient liked it immediately.,Ivy,1,2024-05-21 16:00:00
6899,2770,ZL02770,3,Arrived quickly,Material quality is better than I expected at this price point.,Victor,1,2024-08-21 04:00:00
6900,2771,ZL02771,4,Would buy again,"Would appreciate more colour options, but this shade works for me.",Marcus,1,2025-02-26 08:00:00
6901,2771,ZL02771,4,Exactly as described,Material quality is better than I expected at this price point.,Danial,1,2025-04-26 08:00:00
6902,2772,ZL02772,4,Happy with it,Good value compared with similar products I have tried.,Elena,1,2024-12-29 19:00:00
6903,2772,ZL02772,3,Good build quality,Feels durable. A couple of small scuffs from shipping but fine overall.,Lina,1,2024-10-22 19:00:00
6904,2772,ZL02772,5,Would buy again,Packaging was neat and the item matched the listing details.,Hassan,1,2024-12-16 19:00:00
6905,2773,ZL02773,5,Nice finish,Colour is accurate and sizing feels true based on the chart.,Lina,1,2024-05-06 21:00:00
6906,2773,ZL02773,5,Not bad at all,Material quality is better than I expected at this price point.,Uma,1,2024-06-24 21:00:00
6907,2773,ZL02773,4,Better than expected,Packaging was neat and the item matched the listing details.,Jonas,1,2024-08-08 21:00:00
6908,2773,ZL02773,4,Good build quality,Packaging was neat and the item matched the listing details.,Nora,1,2024-06-07 21:00:00
6909,2774,ZL02774,4,Nice finish,Colour is accurate and sizing feels true based on the chart.,Siti,1,2024-08-31 04:00:00
6910,2774,ZL02774,4,Decent for the money,Feels durable. A couple of small scuffs from shipping but fine overall.,Nora,1,2024-11-23 04:00:00
6911,2775,ZL02775,2,Not bad at all,"Would appreciate more colour options, but this shade works for me.",Elena,0,2024-07-14 05:00:00
6912,2775,ZL02775,4,Arrived quickly,Good value compared with similar products I have tried.,Chloe,0,2024-08-09 05:00:00
6913,2775,ZL02775,3,Worth the price,I bought this as a gift and the recipient liked it immediately.,Elena,1,2024-07-29 05:00:00
6914,2775,ZL02775,3,Not bad at all,Colour is accurate and sizing feels true based on the chart.,Victor,1,2024-08-13 05:00:00
6915,2776,ZL02776,5,Solid everyday pick,Used it for two weeks and it holds up well for daily use.,Chloe,0,2024-03-29 21:00:00
6916,2777,ZL02777,3,Not bad at all,Feels durable. A couple of small scuffs from shipping but fine overall.,Hassan,0,2024-09-11 08:00:00
6917,2778,ZL02778,5,Solid everyday pick,Used it for two weeks and it holds up well for daily use.,Ben,1,2025-07-29 15:00:00
6918,2778,ZL02778,4,Solid everyday pick,Packaging was neat and the item matched the listing details.,Danial,1,2025-07-20 15:00:00
6919,2778,ZL02778,4,Better than expected,Good value compared with similar products I have tried.,Kai,1,2025-07-04 15:00:00
6920,2778,ZL02778,4,Worth the price,I bought this as a gift and the recipient liked it immediately.,Chloe,1,2025-06-03 15:00:00
6921,2779,ZL02779,5,Better than expected,Used it for two weeks and it holds up well for daily use.,Jonas,1,2025-06-27 16:00:00
6922,2780,ZL02780,4,Better than expected,Colour is accurate and sizing feels true based on the chart.,Chloe,1,2024-06-24 09:00:00
6923,2781,ZL02781,5,Not bad at all,I bought this as a gift and the recipient liked it immediately.,Lina,1,2025-03-15 20:00:00
6924,2782,ZL02782,5,Good build quality,Used it for two weeks and it holds up well for daily use.,Ivy,1,2025-04-11 01:00:00
6925,2782,ZL02782,4,Would buy again,Good value compared with similar products I have tried.,Lina,0,2025-04-21 01:00:00
6926,2782,ZL02782,5,Would buy again,Feels durable. A couple of small scuffs from shipping but fine overall.,Wei,1,2025-05-28 01:00:00
6927,2783,ZL02783,3,Better than expected,Material quality is better than I expected at this price point.,Tom,0,2024-12-17 22:00:00
6928,2784,ZL02784,4,Arrived quickly,Used it for two weeks and it holds up well for daily use.,Uma,1,2024-01-04 03:00:00
6929,2784,ZL02784,5,Arrived quickly,I bought this as a gift and the recipient liked it immediately.,Siti,0,2024-01-08 03:00:00
6930,2784,ZL02784,5,Exactly as described,I bought this as a gift and the recipient liked it immediately.,Nora,1,2024-01-28 03:00:00
6931,2785,ZL02785,4,Exactly as described,Instructions were clear and setup took only a few minutes.,Priya,1,2025-05-08 11:00:00
6932,2785,ZL02785,3,Would buy again,Material quality is better than I expected at this price point.,Priya,1,2025-06-13 11:00:00
6933,2786,ZL02786,5,Would buy again,Packaging was neat and the item matched the listing details.,Ivy,1,2025-06-29 04:00:00
6934,2786,ZL02786,3,Good build quality,Good value compared with similar products I have tried.,Ben,0,2025-08-31 04:00:00
6935,2786,ZL02786,3,Useful addition,Good value compared with similar products I have tried.,Omar,1,2025-05-26 04:00:00
6936,2786,ZL02786,4,Nice finish,Instructions were clear and setup took only a few minutes.,Elena,1,2025-07-11 04:00:00
6937,2787,ZL02787,4,Would buy again,Material quality is better than I expected at this price point.,Hassan,1,2025-07-17 02:00:00
6938,2787,ZL02787,2,Useful addition,Material quality is better than I expected at this price point.,Zara,0,2025-06-10 02:00:00
6939,2787,ZL02787,3,Arrived quickly,Feels durable. A couple of small scuffs from shipping but fine overall.,Zara,1,2025-05-24 02:00:00
6940,2788,ZL02788,4,Happy with it,Instructions were clear and setup took only a few minutes.,Danial,1,2025-07-14 08:00:00
6941,2788,ZL02788,2,Happy with it,Instructions were clear and setup took only a few minutes.,Zara,1,2025-07-21 08:00:00
6942,2788,ZL02788,4,Happy with it,I bought this as a gift and the recipient liked it immediately.,Aisha,1,2025-07-05 08:00:00
6943,2789,ZL02789,3,Solid everyday pick,I bought this as a gift and the recipient liked it immediately.,Zara,1,2024-09-22 05:00:00
6944,2789,ZL02789,3,Not bad at all,Instructions were clear and setup took only a few minutes.,Siti,1,2024-07-27 05:00:00
6945,2790,ZL02790,3,Useful addition,Packaging was neat and the item matched the listing details.,Lina,1,2025-04-04 12:00:00
6946,2790,ZL02790,2,Love this,Packaging was neat and the item matched the listing details.,Ben,0,2025-04-30 12:00:00
6947,2790,ZL02790,2,Solid everyday pick,I bought this as a gift and the recipient liked it immediately.,Grace,1,2025-04-05 12:00:00
6948,2791,ZL02791,5,Solid everyday pick,Colour is accurate and sizing feels true based on the chart.,Kai,1,2024-04-27 15:00:00
6949,2791,ZL02791,4,Useful addition,Packaging was neat and the item matched the listing details.,Tom,0,2024-05-09 15:00:00
6950,2791,ZL02791,5,Happy with it,Used it for two weeks and it holds up well for daily use.,Victor,1,2024-04-14 15:00:00
6951,2792,ZL02792,3,Good build quality,Packaging was neat and the item matched the listing details.,Wei,1,2024-02-28 17:00:00
6952,2792,ZL02792,4,Arrived quickly,"Would appreciate more colour options, but this shade works for me.",Hassan,0,2024-03-12 17:00:00
6953,2793,ZL02793,4,Love this,Material quality is better than I expected at this price point.,Elena,1,2024-09-01 23:00:00
6954,2793,ZL02793,5,Reliable so far,Instructions were clear and setup took only a few minutes.,Marcus,1,2024-09-30 23:00:00
6955,2793,ZL02793,5,Love this,Packaging was neat and the item matched the listing details.,Tom,1,2024-10-24 23:00:00
6956,2794,ZL02794,5,Nice finish,Good value compared with similar products I have tried.,Hassan,1,2025-04-30 20:00:00
6957,2795,ZL02795,3,Better than expected,Feels durable. A couple of small scuffs from shipping but fine overall.,Uma,1,2025-02-27 20:00:00
6958,2796,ZL02796,5,Happy with it,Instructions were clear and setup took only a few minutes.,Farid,1,2024-05-05 01:00:00
6959,2797,ZL02797,2,Worth the price,Instructions were clear and setup took only a few minutes.,Ravi,1,2024-02-12 09:00:00
6960,2797,ZL02797,5,Solid everyday pick,Used it for two weeks and it holds up well for daily use.,Quinn,1,2024-02-05 09:00:00
6961,2798,ZL02798,3,Solid everyday pick,Instructions were clear and setup took only a few minutes.,Priya,1,2024-07-24 06:00:00
6962,2798,ZL02798,5,Reliable so far,Colour is accurate and sizing feels true based on the chart.,Tom,1,2024-06-15 06:00:00
6963,2798,ZL02798,3,Useful addition,Works as advertised. Battery/performance is satisfactory so far.,Ravi,1,2024-09-08 06:00:00
6964,2799,ZL02799,5,Solid everyday pick,Packaging was neat and the item matched the listing details.,Aisha,1,2025-05-14 16:00:00
6965,2799,ZL02799,2,Not bad at all,Packaging was neat and the item matched the listing details.,Uma,1,2025-05-14 16:00:00
6966,2800,ZL02800,4,Arrived quickly,Instructions were clear and setup took only a few minutes.,Grace,1,2025-01-22 19:00:00
6967,2800,ZL02800,2,Would buy again,Used it for two weeks and it holds up well for daily use.,Elena,1,2024-12-23 19:00:00
6968,2801,ZL02801,3,Good build quality,Instructions were clear and setup took only a few minutes.,Chloe,1,2024-12-26 09:00:00
6969,2801,ZL02801,5,Decent for the money,Feels durable. A couple of small scuffs from shipping but fine overall.,Yasmin,1,2024-12-04 09:00:00
6970,2801,ZL02801,3,Solid everyday pick,"Would appreciate more colour options, but this shade works for me.",Nora,0,2025-02-17 09:00:00
6971,2801,ZL02801,3,Love this,"Would appreciate more colour options, but this shade works for me.",Quinn,1,2024-12-28 09:00:00
6972,2802,ZL02802,3,Love this,Packaging was neat and the item matched the listing details.,Zara,1,2024-06-13 02:00:00
6973,2802,ZL02802,3,Exactly as described,Works as advertised. Battery/performance is satisfactory so far.,Priya,1,2024-05-11 02:00:00
6974,2802,ZL02802,3,Reliable so far,Feels durable. A couple of small scuffs from shipping but fine overall.,Nora,1,2024-04-02 02:00:00
6975,2803,ZL02803,4,Arrived quickly,Instructions were clear and setup took only a few minutes.,Elena,1,2025-06-03 08:00:00
6976,2804,ZL02804,4,Arrived quickly,Instructions were clear and setup took only a few minutes.,Quinn,1,2024-11-24 09:00:00
6977,2804,ZL02804,3,Arrived quickly,Used it for two weeks and it holds up well for daily use.,Jonas,1,2024-09-10 09:00:00
6978,2804,ZL02804,5,Decent for the money,Instructions were clear and setup took only a few minutes.,Omar,1,2024-10-09 09:00:00
6979,2805,ZL02805,3,Worth the price,Feels durable. A couple of small scuffs from shipping but fine overall.,Quinn,1,2025-03-27 01:00:00
6980,2805,ZL02805,4,Would buy again,Material quality is better than I expected at this price point.,Ivy,1,2025-04-20 01:00:00
6981,2805,ZL02805,5,Not bad at all,Works as advertised. Battery/performance is satisfactory so far.,Quinn,0,2025-03-25 01:00:00
6982,2806,ZL02806,5,Good build quality,Material quality is better than I expected at this price point.,Chloe,0,2024-04-02 01:00:00
6983,2806,ZL02806,5,Reliable so far,Feels durable. A couple of small scuffs from shipping but fine overall.,Tom,1,2024-05-31 01:00:00
6984,2806,ZL02806,5,Better than expected,"Would appreciate more colour options, but this shade works for me.",Grace,1,2024-07-10 01:00:00
6985,2807,ZL02807,5,Love this,Feels durable. A couple of small scuffs from shipping but fine overall.,Yasmin,1,2024-04-16 10:00:00
6986,2807,ZL02807,3,Love this,Colour is accurate and sizing feels true based on the chart.,Marcus,0,2024-02-22 10:00:00
6987,2808,ZL02808,5,Love this,"Would appreciate more colour options, but this shade works for me.",Ivy,1,2024-08-08 16:00:00
6988,2808,ZL02808,3,Useful addition,I bought this as a gift and the recipient liked it immediately.,Farid,0,2024-08-26 16:00:00
6989,2809,ZL02809,3,Arrived quickly,Packaging was neat and the item matched the listing details.,Farid,1,2024-08-16 07:00:00
6990,2810,ZL02810,3,Better than expected,Used it for two weeks and it holds up well for daily use.,Aisha,1,2025-02-13 18:00:00
6991,2811,ZL02811,5,Would buy again,Used it for two weeks and it holds up well for daily use.,Ivy,1,2024-09-12 12:00:00
6992,2811,ZL02811,5,Reliable so far,Colour is accurate and sizing feels true based on the chart.,Elena,1,2024-06-21 12:00:00
6993,2812,ZL02812,5,Solid everyday pick,Feels durable. A couple of small scuffs from shipping but fine overall.,Priya,1,2024-06-25 13:00:00
6994,2812,ZL02812,3,Solid everyday pick,Colour is accurate and sizing feels true based on the chart.,Wei,1,2024-09-15 13:00:00
6995,2813,ZL02813,4,Love this,Instructions were clear and setup took only a few minutes.,Chloe,1,2025-01-09 13:00:00
6996,2813,ZL02813,4,Exactly as described,Colour is accurate and sizing feels true based on the chart.,Lina,1,2025-01-09 13:00:00
6997,2813,ZL02813,4,Useful addition,I bought this as a gift and the recipient liked it immediately.,Chloe,1,2025-03-26 13:00:00
6998,2813,ZL02813,5,Exactly as described,Material quality is better than I expected at this price point.,Lina,1,2025-03-24 13:00:00
6999,2814,ZL02814,2,Useful addition,Material quality is better than I expected at this price point.,Marcus,1,2024-06-10 11:00:00
7000,2815,ZL02815,4,Exactly as described,Good value compared with similar products I have tried.,Omar,1,2024-07-15 21:00:00
7001,2816,ZL02816,4,Solid everyday pick,I bought this as a gift and the recipient liked it immediately.,Aisha,1,2024-10-10 09:00:00
7002,2816,ZL02816,4,Solid everyday pick,Works as advertised. Battery/performance is satisfactory so far.,Wei,1,2024-09-23 09:00:00
7003,2816,ZL02816,5,Would buy again,I bought this as a gift and the recipient liked it immediately.,Ravi,0,2024-07-19 09:00:00
7004,2816,ZL02816,3,Solid everyday pick,Material quality is better than I expected at this price point.,Quinn,1,2024-08-24 09:00:00
7005,2817,ZL02817,4,Worth the price,"Would appreciate more colour options, but this shade works for me.",Omar,1,2024-11-07 05:00:00
7006,2818,ZL02818,3,Solid everyday pick,Used it for two weeks and it holds up well for daily use.,Chloe,0,2025-01-02 04:00:00
7007,2818,ZL02818,4,Would buy again,Colour is accurate and sizing feels true based on the chart.,Marcus,1,2025-01-12 04:00:00
7008,2818,ZL02818,3,Reliable so far,Colour is accurate and sizing feels true based on the chart.,Tom,1,2025-03-11 04:00:00
7009,2819,ZL02819,4,Good build quality,Material quality is better than I expected at this price point.,Uma,1,2024-11-24 17:00:00
7010,2819,ZL02819,3,Not bad at all,Used it for two weeks and it holds up well for daily use.,Omar,0,2025-01-06 17:00:00
7011,2819,ZL02819,4,Good build quality,Instructions were clear and setup took only a few minutes.,Lina,0,2024-11-20 17:00:00
7012,2819,ZL02819,4,Good build quality,"Would appreciate more colour options, but this shade works for me.",Jonas,1,2024-09-22 17:00:00
7013,2820,ZL02820,5,Better than expected,Used it for two weeks and it holds up well for daily use.,Farid,1,2024-05-03 07:00:00
7014,2820,ZL02820,4,Worth the price,Material quality is better than I expected at this price point.,Elena,0,2024-02-13 07:00:00
7015,2820,ZL02820,4,Arrived quickly,Packaging was neat and the item matched the listing details.,Aisha,0,2024-02-19 07:00:00
7016,2821,ZL02821,4,Nice finish,Material quality is better than I expected at this price point.,Omar,1,2025-02-03 22:00:00
7017,2821,ZL02821,4,Would buy again,Good value compared with similar products I have tried.,Quinn,1,2024-12-29 22:00:00
7018,2821,ZL02821,4,Reliable so far,Used it for two weeks and it holds up well for daily use.,Yasmin,0,2025-04-06 22:00:00
7019,2822,ZL02822,3,Arrived quickly,Used it for two weeks and it holds up well for daily use.,Nora,1,2024-07-27 19:00:00
7020,2822,ZL02822,4,Happy with it,Colour is accurate and sizing feels true based on the chart.,Nora,0,2024-09-08 19:00:00
7021,2822,ZL02822,2,Better than expected,Packaging was neat and the item matched the listing details.,Jonas,1,2024-08-25 19:00:00
7022,2823,ZL02823,2,Worth the price,Colour is accurate and sizing feels true based on the chart.,Quinn,1,2024-11-25 05:00:00
7023,2823,ZL02823,4,Arrived quickly,"Would appreciate more colour options, but this shade works for me.",Grace,1,2025-01-29 05:00:00
7024,2824,ZL02824,4,Worth the price,Works as advertised. Battery/performance is satisfactory so far.,Tom,1,2025-08-03 14:00:00
7025,2824,ZL02824,4,Not bad at all,Packaging was neat and the item matched the listing details.,Quinn,0,2025-08-16 14:00:00
7026,2824,ZL02824,5,Happy with it,"Would appreciate more colour options, but this shade works for me.",Ben,1,2025-08-21 14:00:00
7027,2824,ZL02824,4,Decent for the money,Material quality is better than I expected at this price point.,Ravi,1,2025-04-29 14:00:00
7028,2825,ZL02825,4,Arrived quickly,Used it for two weeks and it holds up well for daily use.,Jonas,1,2024-06-24 12:00:00
7029,2825,ZL02825,5,Reliable so far,"Would appreciate more colour options, but this shade works for me.",Hassan,0,2024-07-23 12:00:00
7030,2825,ZL02825,5,Good build quality,"Would appreciate more colour options, but this shade works for me.",Nora,1,2024-05-28 12:00:00
7031,2825,ZL02825,5,Happy with it,Used it for two weeks and it holds up well for daily use.,Ben,0,2024-08-06 12:00:00
7032,2826,ZL02826,4,Good build quality,"Would appreciate more colour options, but this shade works for me.",Tom,0,2025-06-12 19:00:00
7033,2826,ZL02826,5,Better than expected,"Would appreciate more colour options, but this shade works for me.",Victor,1,2025-04-13 19:00:00
7034,2826,ZL02826,4,Useful addition,Instructions were clear and setup took only a few minutes.,Uma,1,2025-03-15 19:00:00
7035,2827,ZL02827,5,Nice finish,Instructions were clear and setup took only a few minutes.,Aisha,0,2024-05-04 18:00:00
7036,2827,ZL02827,5,Worth the price,Good value compared with similar products I have tried.,Quinn,1,2024-03-11 18:00:00
7037,2828,ZL02828,2,Would buy again,Instructions were clear and setup took only a few minutes.,Kai,0,2024-08-17 04:00:00
7038,2828,ZL02828,4,Useful addition,"Would appreciate more colour options, but this shade works for me.",Zara,1,2024-08-11 04:00:00
7039,2828,ZL02828,4,Solid everyday pick,Works as advertised. Battery/performance is satisfactory so far.,Grace,1,2024-08-22 04:00:00
7040,2829,ZL02829,5,Reliable so far,Colour is accurate and sizing feels true based on the chart.,Nora,1,2024-09-11 18:00:00
7041,2829,ZL02829,4,Happy with it,Works as advertised. Battery/performance is satisfactory so far.,Farid,0,2024-07-24 18:00:00
7042,2830,ZL02830,3,Arrived quickly,"Would appreciate more colour options, but this shade works for me.",Zara,0,2024-09-19 21:00:00
7043,2830,ZL02830,2,Nice finish,"Would appreciate more colour options, but this shade works for me.",Priya,1,2024-10-03 21:00:00
7044,2830,ZL02830,5,Not bad at all,Material quality is better than I expected at this price point.,Elena,1,2024-06-29 21:00:00
7045,2830,ZL02830,5,Better than expected,Good value compared with similar products I have tried.,Omar,0,2024-07-08 21:00:00
7046,2831,ZL02831,5,Exactly as described,I bought this as a gift and the recipient liked it immediately.,Kai,1,2025-01-29 20:00:00
7047,2831,ZL02831,3,Arrived quickly,Colour is accurate and sizing feels true based on the chart.,Yasmin,0,2024-12-20 20:00:00
7048,2832,ZL02832,3,Happy with it,Colour is accurate and sizing feels true based on the chart.,Victor,1,2025-01-12 00:00:00
7049,2832,ZL02832,5,Nice finish,I bought this as a gift and the recipient liked it immediately.,Omar,0,2025-03-10 00:00:00
7050,2833,ZL02833,4,Exactly as described,I bought this as a gift and the recipient liked it immediately.,Danial,1,2024-05-19 05:00:00
7051,2834,ZL02834,3,Would buy again,Colour is accurate and sizing feels true based on the chart.,Chloe,1,2024-07-27 08:00:00
7052,2834,ZL02834,3,Happy with it,Good value compared with similar products I have tried.,Priya,1,2024-09-24 08:00:00
7053,2834,ZL02834,5,Happy with it,Material quality is better than I expected at this price point.,Marcus,1,2024-08-18 08:00:00
7054,2834,ZL02834,4,Solid everyday pick,I bought this as a gift and the recipient liked it immediately.,Marcus,1,2024-10-16 08:00:00
7055,2835,ZL02835,3,Love this,I bought this as a gift and the recipient liked it immediately.,Jonas,1,2024-07-25 19:00:00
7056,2835,ZL02835,3,Decent for the money,Colour is accurate and sizing feels true based on the chart.,Ravi,1,2024-11-07 19:00:00
7057,2835,ZL02835,3,Worth the price,Feels durable. A couple of small scuffs from shipping but fine overall.,Jonas,1,2024-08-06 19:00:00
7058,2835,ZL02835,5,Happy with it,Colour is accurate and sizing feels true based on the chart.,Lina,1,2024-07-27 19:00:00
7059,2836,ZL02836,4,Not bad at all,Instructions were clear and setup took only a few minutes.,Chloe,1,2024-10-30 12:00:00
7060,2836,ZL02836,3,Not bad at all,I bought this as a gift and the recipient liked it immediately.,Hassan,1,2024-11-18 12:00:00
7061,2836,ZL02836,2,Nice finish,Instructions were clear and setup took only a few minutes.,Aisha,1,2024-09-19 12:00:00
7062,2837,ZL02837,2,Reliable so far,Material quality is better than I expected at this price point.,Chloe,1,2024-07-03 21:00:00
7063,2837,ZL02837,4,Love this,Works as advertised. Battery/performance is satisfactory so far.,Elena,1,2024-06-17 21:00:00
7064,2837,ZL02837,5,Decent for the money,Good value compared with similar products I have tried.,Ravi,1,2024-06-27 21:00:00
7065,2837,ZL02837,5,Not bad at all,Instructions were clear and setup took only a few minutes.,Grace,1,2024-07-23 21:00:00
7066,2838,ZL02838,2,Decent for the money,Packaging was neat and the item matched the listing details.,Siti,1,2025-03-29 23:00:00
7067,2838,ZL02838,2,Reliable so far,Works as advertised. Battery/performance is satisfactory so far.,Priya,0,2025-07-07 23:00:00
7068,2838,ZL02838,3,Love this,Colour is accurate and sizing feels true based on the chart.,Yasmin,1,2025-04-24 23:00:00
7069,2839,ZL02839,4,Good build quality,"Would appreciate more colour options, but this shade works for me.",Marcus,1,2024-10-27 08:00:00
7070,2839,ZL02839,2,Would buy again,Feels durable. A couple of small scuffs from shipping but fine overall.,Chloe,1,2024-10-27 08:00:00
7071,2839,ZL02839,4,Useful addition,Colour is accurate and sizing feels true based on the chart.,Aisha,1,2024-08-16 08:00:00
7072,2839,ZL02839,3,Reliable so far,Feels durable. A couple of small scuffs from shipping but fine overall.,Jonas,1,2024-09-04 08:00:00
7073,2840,ZL02840,3,Love this,Works as advertised. Battery/performance is satisfactory so far.,Elena,1,2024-10-02 18:00:00
7074,2841,ZL02841,4,Worth the price,Colour is accurate and sizing feels true based on the chart.,Grace,1,2025-03-05 03:00:00
7075,2842,ZL02842,4,Exactly as described,Material quality is better than I expected at this price point.,Victor,0,2025-03-25 19:00:00
7076,2842,ZL02842,5,Reliable so far,"Would appreciate more colour options, but this shade works for me.",Nora,1,2025-06-28 19:00:00
7077,2842,ZL02842,3,Happy with it,Packaging was neat and the item matched the listing details.,Nora,1,2025-05-18 19:00:00
7078,2842,ZL02842,4,Arrived quickly,Packaging was neat and the item matched the listing details.,Ivy,0,2025-07-08 19:00:00
7079,2843,ZL02843,5,Exactly as described,Instructions were clear and setup took only a few minutes.,Omar,1,2025-02-23 13:00:00
7080,2843,ZL02843,4,Would buy again,Good value compared with similar products I have tried.,Chloe,1,2025-03-02 13:00:00
7081,2843,ZL02843,4,Exactly as described,Instructions were clear and setup took only a few minutes.,Siti,1,2025-06-08 13:00:00
7082,2843,ZL02843,4,Arrived quickly,Packaging was neat and the item matched the listing details.,Nora,1,2025-02-20 13:00:00
7083,2844,ZL02844,3,Would buy again,Feels durable. A couple of small scuffs from shipping but fine overall.,Victor,0,2024-06-12 03:00:00
7084,2844,ZL02844,4,Reliable so far,Material quality is better than I expected at this price point.,Grace,1,2024-04-22 03:00:00
7085,2844,ZL02844,5,Good build quality,Colour is accurate and sizing feels true based on the chart.,Lina,1,2024-06-13 03:00:00
7086,2845,ZL02845,4,Would buy again,Good value compared with similar products I have tried.,Aisha,1,2024-07-24 05:00:00
7087,2845,ZL02845,5,Good build quality,Feels durable. A couple of small scuffs from shipping but fine overall.,Chloe,1,2024-05-19 05:00:00
7088,2845,ZL02845,5,Happy with it,Used it for two weeks and it holds up well for daily use.,Aisha,0,2024-07-12 05:00:00
7089,2846,ZL02846,3,Decent for the money,I bought this as a gift and the recipient liked it immediately.,Danial,1,2025-01-12 13:00:00
7090,2846,ZL02846,4,Would buy again,Good value compared with similar products I have tried.,Elena,1,2024-12-30 13:00:00
7091,2847,ZL02847,5,Love this,Works as advertised. Battery/performance is satisfactory so far.,Zara,1,2024-09-16 19:00:00
7092,2847,ZL02847,3,Would buy again,Works as advertised. Battery/performance is satisfactory so far.,Kai,1,2024-10-19 19:00:00
7093,2847,ZL02847,4,Happy with it,Used it for two weeks and it holds up well for daily use.,Ravi,1,2024-11-11 19:00:00
7094,2848,ZL02848,3,Useful addition,Feels durable. A couple of small scuffs from shipping but fine overall.,Uma,0,2024-12-06 14:00:00
7095,2848,ZL02848,3,Good build quality,Feels durable. A couple of small scuffs from shipping but fine overall.,Tom,1,2024-12-07 14:00:00
7096,2849,ZL02849,3,Nice finish,Used it for two weeks and it holds up well for daily use.,Aisha,1,2025-07-09 05:00:00
7097,2850,ZL02850,5,Not bad at all,"Would appreciate more colour options, but this shade works for me.",Priya,0,2024-05-24 14:00:00
7098,2851,ZL02851,4,Love this,Good value compared with similar products I have tried.,Uma,1,2025-08-10 12:00:00
7099,2851,ZL02851,3,Good build quality,Feels durable. A couple of small scuffs from shipping but fine overall.,Priya,1,2025-06-18 12:00:00
7100,2851,ZL02851,3,Exactly as described,"Would appreciate more colour options, but this shade works for me.",Victor,0,2025-06-22 12:00:00
7101,2851,ZL02851,2,Solid everyday pick,Colour is accurate and sizing feels true based on the chart.,Aisha,0,2025-08-07 12:00:00
7102,2852,ZL02852,3,Reliable so far,Instructions were clear and setup took only a few minutes.,Hassan,1,2025-04-20 02:00:00
7103,2852,ZL02852,5,Love this,"Would appreciate more colour options, but this shade works for me.",Ivy,1,2025-06-15 02:00:00
7104,2853,ZL02853,3,Happy with it,Colour is accurate and sizing feels true based on the chart.,Ivy,1,2025-07-20 16:00:00
7105,2853,ZL02853,4,Solid everyday pick,Used it for two weeks and it holds up well for daily use.,Omar,1,2025-08-08 16:00:00
7106,2853,ZL02853,2,Would buy again,"Would appreciate more colour options, but this shade works for me.",Ivy,1,2025-07-08 16:00:00
7107,2853,ZL02853,2,Nice finish,"Would appreciate more colour options, but this shade works for me.",Lina,1,2025-05-30 16:00:00
7108,2854,ZL02854,3,Reliable so far,I bought this as a gift and the recipient liked it immediately.,Danial,1,2025-04-02 09:00:00
7109,2854,ZL02854,3,Decent for the money,Works as advertised. Battery/performance is satisfactory so far.,Elena,0,2025-03-20 09:00:00
7110,2854,ZL02854,5,Nice finish,Good value compared with similar products I have tried.,Ivy,1,2025-04-01 09:00:00
7111,2854,ZL02854,4,Worth the price,Colour is accurate and sizing feels true based on the chart.,Wei,1,2025-05-22 09:00:00
7112,2855,ZL02855,3,Arrived quickly,I bought this as a gift and the recipient liked it immediately.,Ben,1,2024-10-02 06:00:00
7113,2855,ZL02855,5,Happy with it,Material quality is better than I expected at this price point.,Marcus,1,2024-11-28 06:00:00
7114,2855,ZL02855,3,Nice finish,Colour is accurate and sizing feels true based on the chart.,Quinn,1,2024-08-11 06:00:00
7115,2855,ZL02855,4,Not bad at all,Colour is accurate and sizing feels true based on the chart.,Uma,1,2024-09-01 06:00:00
7116,2856,ZL02856,5,Exactly as described,Material quality is better than I expected at this price point.,Marcus,0,2025-04-04 23:00:00
7117,2856,ZL02856,3,Would buy again,Colour is accurate and sizing feels true based on the chart.,Lina,0,2025-05-27 23:00:00
7118,2857,ZL02857,3,Love this,Material quality is better than I expected at this price point.,Nora,1,2024-04-22 14:00:00
7119,2858,ZL02858,5,Worth the price,Instructions were clear and setup took only a few minutes.,Zara,1,2025-06-09 04:00:00
7120,2858,ZL02858,3,Reliable so far,Instructions were clear and setup took only a few minutes.,Grace,1,2025-03-21 04:00:00
7121,2858,ZL02858,5,Exactly as described,Material quality is better than I expected at this price point.,Aisha,1,2025-05-31 04:00:00
7122,2858,ZL02858,5,Solid everyday pick,Colour is accurate and sizing feels true based on the chart.,Uma,1,2025-04-13 04:00:00
7123,2859,ZL02859,4,Not bad at all,Good value compared with similar products I have tried.,Yasmin,1,2024-01-24 04:00:00
7124,2859,ZL02859,3,Decent for the money,Packaging was neat and the item matched the listing details.,Hassan,0,2024-04-09 04:00:00
7125,2859,ZL02859,3,Better than expected,I bought this as a gift and the recipient liked it immediately.,Zara,0,2024-03-22 04:00:00
7126,2860,ZL02860,5,Good build quality,I bought this as a gift and the recipient liked it immediately.,Jonas,1,2025-05-12 23:00:00
7127,2860,ZL02860,5,Worth the price,"Would appreciate more colour options, but this shade works for me.",Ivy,0,2025-07-27 23:00:00
7128,2861,ZL02861,4,Nice finish,Packaging was neat and the item matched the listing details.,Ben,1,2024-05-12 06:00:00
7129,2861,ZL02861,3,Reliable so far,Packaging was neat and the item matched the listing details.,Priya,1,2024-05-11 06:00:00
7130,2862,ZL02862,2,Worth the price,Material quality is better than I expected at this price point.,Chloe,1,2024-11-07 07:00:00
7131,2862,ZL02862,2,Happy with it,Used it for two weeks and it holds up well for daily use.,Wei,1,2025-01-17 07:00:00
7132,2863,ZL02863,5,Worth the price,Works as advertised. Battery/performance is satisfactory so far.,Danial,1,2024-11-15 08:00:00
7133,2863,ZL02863,4,Nice finish,Material quality is better than I expected at this price point.,Grace,0,2024-09-13 08:00:00
7134,2864,ZL02864,4,Arrived quickly,Good value compared with similar products I have tried.,Wei,1,2024-07-16 05:00:00
7135,2864,ZL02864,5,Not bad at all,Good value compared with similar products I have tried.,Hassan,1,2024-05-14 05:00:00
7136,2864,ZL02864,3,Decent for the money,Works as advertised. Battery/performance is satisfactory so far.,Farid,1,2024-05-21 05:00:00
7137,2865,ZL02865,3,Not bad at all,Works as advertised. Battery/performance is satisfactory so far.,Priya,1,2024-05-12 00:00:00
7138,2865,ZL02865,3,Love this,I bought this as a gift and the recipient liked it immediately.,Danial,1,2024-03-04 00:00:00
7139,2866,ZL02866,4,Decent for the money,Instructions were clear and setup took only a few minutes.,Ravi,1,2024-08-14 22:00:00
7140,2866,ZL02866,4,Solid everyday pick,Instructions were clear and setup took only a few minutes.,Kai,1,2024-10-15 22:00:00
7141,2867,ZL02867,2,Happy with it,Good value compared with similar products I have tried.,Ravi,1,2024-07-06 19:00:00
7142,2868,ZL02868,4,Decent for the money,Feels durable. A couple of small scuffs from shipping but fine overall.,Aisha,1,2025-04-03 10:00:00
7143,2868,ZL02868,3,Useful addition,Instructions were clear and setup took only a few minutes.,Victor,1,2025-05-16 10:00:00
7144,2868,ZL02868,4,Happy with it,Instructions were clear and setup took only a few minutes.,Uma,1,2025-04-04 10:00:00
7145,2868,ZL02868,5,Decent for the money,Instructions were clear and setup took only a few minutes.,Nora,0,2025-04-20 10:00:00
7146,2869,ZL02869,3,Not bad at all,Instructions were clear and setup took only a few minutes.,Quinn,0,2024-05-03 04:00:00
7147,2869,ZL02869,5,Decent for the money,Feels durable. A couple of small scuffs from shipping but fine overall.,Ravi,0,2024-08-14 04:00:00
7148,2869,ZL02869,3,Arrived quickly,Packaging was neat and the item matched the listing details.,Yasmin,1,2024-05-07 04:00:00
7149,2869,ZL02869,5,Arrived quickly,Packaging was neat and the item matched the listing details.,Grace,1,2024-08-05 04:00:00
7150,2870,ZL02870,2,Good build quality,Colour is accurate and sizing feels true based on the chart.,Farid,1,2025-01-24 10:00:00
7151,2870,ZL02870,2,Better than expected,Feels durable. A couple of small scuffs from shipping but fine overall.,Elena,1,2025-01-06 10:00:00
7152,2870,ZL02870,5,Exactly as described,Feels durable. A couple of small scuffs from shipping but fine overall.,Kai,0,2024-12-12 10:00:00
7153,2871,ZL02871,5,Useful addition,Packaging was neat and the item matched the listing details.,Siti,1,2024-12-08 02:00:00
7154,2871,ZL02871,2,Better than expected,I bought this as a gift and the recipient liked it immediately.,Danial,1,2024-10-23 02:00:00
7155,2871,ZL02871,2,Worth the price,I bought this as a gift and the recipient liked it immediately.,Omar,1,2024-10-09 02:00:00
7156,2871,ZL02871,5,Love this,Used it for two weeks and it holds up well for daily use.,Wei,1,2024-10-06 02:00:00
7157,2872,ZL02872,3,Solid everyday pick,Instructions were clear and setup took only a few minutes.,Nora,1,2024-10-11 12:00:00
7158,2873,ZL02873,3,Love this,Feels durable. A couple of small scuffs from shipping but fine overall.,Hassan,1,2024-04-08 01:00:00
7159,2873,ZL02873,4,Would buy again,I bought this as a gift and the recipient liked it immediately.,Grace,1,2024-03-01 01:00:00
7160,2873,ZL02873,4,Solid everyday pick,Good value compared with similar products I have tried.,Jonas,1,2024-06-09 01:00:00
7161,2873,ZL02873,4,Decent for the money,"Would appreciate more colour options, but this shade works for me.",Uma,1,2024-05-22 01:00:00
7162,2874,ZL02874,3,Love this,Colour is accurate and sizing feels true based on the chart.,Wei,1,2025-07-02 12:00:00
7163,2874,ZL02874,4,Reliable so far,"Would appreciate more colour options, but this shade works for me.",Ben,1,2025-05-19 12:00:00
7164,2875,ZL02875,4,Not bad at all,Instructions were clear and setup took only a few minutes.,Quinn,1,2025-06-08 09:00:00
7165,2875,ZL02875,5,Happy with it,Used it for two weeks and it holds up well for daily use.,Zara,1,2025-08-16 09:00:00
7166,2875,ZL02875,3,Exactly as described,Good value compared with similar products I have tried.,Priya,1,2025-06-20 09:00:00
7167,2876,ZL02876,3,Not bad at all,Works as advertised. Battery/performance is satisfactory so far.,Ben,1,2025-06-04 06:00:00
7168,2876,ZL02876,3,Nice finish,Good value compared with similar products I have tried.,Ravi,1,2025-05-09 06:00:00
7169,2876,ZL02876,3,Reliable so far,"Would appreciate more colour options, but this shade works for me.",Yasmin,0,2025-06-02 06:00:00
7170,2876,ZL02876,2,Arrived quickly,I bought this as a gift and the recipient liked it immediately.,Marcus,1,2025-08-08 06:00:00
7171,2877,ZL02877,3,Happy with it,Colour is accurate and sizing feels true based on the chart.,Nora,0,2025-05-31 04:00:00
7172,2877,ZL02877,5,Good build quality,Works as advertised. Battery/performance is satisfactory so far.,Chloe,1,2025-09-06 04:00:00
7173,2877,ZL02877,3,Love this,"Would appreciate more colour options, but this shade works for me.",Farid,1,2025-07-20 04:00:00
7174,2877,ZL02877,5,Happy with it,Colour is accurate and sizing feels true based on the chart.,Lina,1,2025-05-29 04:00:00
7175,2878,ZL02878,4,Would buy again,Instructions were clear and setup took only a few minutes.,Farid,1,2025-06-13 00:00:00
7176,2878,ZL02878,5,Reliable so far,I bought this as a gift and the recipient liked it immediately.,Victor,1,2025-06-12 00:00:00
7177,2878,ZL02878,4,Decent for the money,Good value compared with similar products I have tried.,Wei,1,2025-03-28 00:00:00
7178,2878,ZL02878,4,Not bad at all,Good value compared with similar products I have tried.,Omar,1,2025-04-07 00:00:00
7179,2879,ZL02879,3,Worth the price,Instructions were clear and setup took only a few minutes.,Hassan,1,2024-12-04 06:00:00
7180,2880,ZL02880,2,Better than expected,I bought this as a gift and the recipient liked it immediately.,Farid,1,2025-03-16 17:00:00
7181,2880,ZL02880,3,Reliable so far,"Would appreciate more colour options, but this shade works for me.",Nora,0,2025-02-14 17:00:00
7182,2880,ZL02880,5,Decent for the money,Good value compared with similar products I have tried.,Marcus,1,2025-05-05 17:00:00
7183,2881,ZL02881,3,Good build quality,"Would appreciate more colour options, but this shade works for me.",Ben,1,2025-06-27 17:00:00
7184,2881,ZL02881,4,Happy with it,Good value compared with similar products I have tried.,Farid,1,2025-07-18 17:00:00
7185,2881,ZL02881,4,Solid everyday pick,Instructions were clear and setup took only a few minutes.,Farid,1,2025-08-07 17:00:00
7186,2881,ZL02881,5,Decent for the money,Material quality is better than I expected at this price point.,Priya,1,2025-06-07 17:00:00
7187,2882,ZL02882,3,Reliable so far,"Would appreciate more colour options, but this shade works for me.",Tom,0,2024-05-20 20:00:00
7188,2882,ZL02882,4,Would buy again,Colour is accurate and sizing feels true based on the chart.,Lina,1,2024-06-24 20:00:00
7189,2882,ZL02882,4,Love this,Feels durable. A couple of small scuffs from shipping but fine overall.,Ben,1,2024-06-13 20:00:00
7190,2883,ZL02883,4,Solid everyday pick,Colour is accurate and sizing feels true based on the chart.,Elena,1,2024-06-28 18:00:00
7191,2884,ZL02884,3,Better than expected,"Would appreciate more colour options, but this shade works for me.",Siti,0,2024-08-15 01:00:00
7192,2884,ZL02884,5,Solid everyday pick,Feels durable. A couple of small scuffs from shipping but fine overall.,Priya,0,2024-08-08 01:00:00
7193,2884,ZL02884,5,Solid everyday pick,Good value compared with similar products I have tried.,Yasmin,1,2024-10-19 01:00:00
7194,2884,ZL02884,4,Good build quality,Instructions were clear and setup took only a few minutes.,Quinn,1,2024-11-05 01:00:00
7195,2885,ZL02885,5,Decent for the money,Good value compared with similar products I have tried.,Jonas,1,2024-11-09 23:00:00
7196,2885,ZL02885,5,Worth the price,Good value compared with similar products I have tried.,Yasmin,1,2024-11-17 23:00:00
7197,2885,ZL02885,5,Reliable so far,Instructions were clear and setup took only a few minutes.,Siti,1,2024-10-13 23:00:00
7198,2886,ZL02886,3,Happy with it,Colour is accurate and sizing feels true based on the chart.,Ivy,1,2025-02-28 20:00:00
7199,2887,ZL02887,3,Better than expected,Good value compared with similar products I have tried.,Uma,1,2025-04-20 19:00:00
7200,2887,ZL02887,4,Reliable so far,"Would appreciate more colour options, but this shade works for me.",Wei,0,2025-04-15 19:00:00
7201,2887,ZL02887,3,Solid everyday pick,Good value compared with similar products I have tried.,Grace,1,2025-03-04 19:00:00
7202,2887,ZL02887,5,Exactly as described,Material quality is better than I expected at this price point.,Hassan,1,2025-03-18 19:00:00
7203,2888,ZL02888,4,Worth the price,Colour is accurate and sizing feels true based on the chart.,Lina,1,2024-09-15 22:00:00
7204,2888,ZL02888,5,Better than expected,I bought this as a gift and the recipient liked it immediately.,Hassan,1,2024-07-16 22:00:00
7205,2889,ZL02889,5,Decent for the money,Works as advertised. Battery/performance is satisfactory so far.,Uma,0,2025-07-09 04:00:00
7206,2889,ZL02889,4,Solid everyday pick,Used it for two weeks and it holds up well for daily use.,Ravi,1,2025-06-30 04:00:00
7207,2890,ZL02890,2,Reliable so far,Material quality is better than I expected at this price point.,Omar,0,2024-08-07 20:00:00
7208,2891,ZL02891,5,Good build quality,Instructions were clear and setup took only a few minutes.,Lina,1,2024-07-07 11:00:00
7209,2891,ZL02891,5,Solid everyday pick,Good value compared with similar products I have tried.,Tom,1,2024-08-25 11:00:00
7210,2891,ZL02891,5,Useful addition,Used it for two weeks and it holds up well for daily use.,Kai,1,2024-09-29 11:00:00
7211,2891,ZL02891,4,Decent for the money,Instructions were clear and setup took only a few minutes.,Uma,0,2024-06-03 11:00:00
7212,2892,ZL02892,5,Decent for the money,Packaging was neat and the item matched the listing details.,Ivy,1,2024-04-05 00:00:00
7213,2892,ZL02892,4,Solid everyday pick,Works as advertised. Battery/performance is satisfactory so far.,Jonas,0,2024-03-30 00:00:00
7214,2892,ZL02892,3,Worth the price,Feels durable. A couple of small scuffs from shipping but fine overall.,Quinn,1,2024-03-16 00:00:00
7215,2892,ZL02892,5,Solid everyday pick,Material quality is better than I expected at this price point.,Aisha,1,2024-02-14 00:00:00
7216,2893,ZL02893,4,Decent for the money,Feels durable. A couple of small scuffs from shipping but fine overall.,Danial,1,2025-02-28 11:00:00
7217,2893,ZL02893,4,Useful addition,"Would appreciate more colour options, but this shade works for me.",Siti,0,2025-01-07 11:00:00
7218,2893,ZL02893,3,Exactly as described,Good value compared with similar products I have tried.,Elena,1,2025-04-17 11:00:00
7219,2894,ZL02894,4,Would buy again,Good value compared with similar products I have tried.,Chloe,1,2025-02-20 14:00:00
7220,2894,ZL02894,5,Worth the price,Instructions were clear and setup took only a few minutes.,Victor,0,2025-03-29 14:00:00
7221,2894,ZL02894,3,Better than expected,"Would appreciate more colour options, but this shade works for me.",Danial,1,2025-04-06 14:00:00
7222,2895,ZL02895,2,Exactly as described,Material quality is better than I expected at this price point.,Uma,1,2025-05-11 00:00:00
7223,2895,ZL02895,3,Happy with it,Instructions were clear and setup took only a few minutes.,Ben,1,2025-02-18 00:00:00
7224,2896,ZL02896,4,Not bad at all,"Would appreciate more colour options, but this shade works for me.",Jonas,1,2024-08-04 22:00:00
7225,2896,ZL02896,4,Good build quality,Used it for two weeks and it holds up well for daily use.,Aisha,1,2024-06-26 22:00:00
7226,2896,ZL02896,4,Nice finish,Packaging was neat and the item matched the listing details.,Siti,1,2024-08-13 22:00:00
7227,2897,ZL02897,3,Nice finish,Works as advertised. Battery/performance is satisfactory so far.,Victor,0,2024-09-27 17:00:00
7228,2897,ZL02897,5,Worth the price,Feels durable. A couple of small scuffs from shipping but fine overall.,Hassan,1,2024-07-15 17:00:00
7229,2898,ZL02898,5,Exactly as described,I bought this as a gift and the recipient liked it immediately.,Grace,1,2024-10-04 05:00:00
7230,2899,ZL02899,3,Nice finish,Colour is accurate and sizing feels true based on the chart.,Ivy,1,2024-12-10 11:00:00
7231,2899,ZL02899,5,Useful addition,Good value compared with similar products I have tried.,Nora,1,2024-11-04 11:00:00
7232,2900,ZL02900,5,Arrived quickly,Works as advertised. Battery/performance is satisfactory so far.,Danial,1,2025-03-21 19:00:00
7233,2901,ZL02901,3,Worth the price,Material quality is better than I expected at this price point.,Uma,1,2024-05-02 17:00:00
7234,2902,ZL02902,3,Love this,Material quality is better than I expected at this price point.,Zara,1,2025-07-08 01:00:00
7235,2903,ZL02903,5,Nice finish,Packaging was neat and the item matched the listing details.,Priya,1,2025-03-28 03:00:00
7236,2904,ZL02904,5,Arrived quickly,Used it for two weeks and it holds up well for daily use.,Omar,1,2025-03-03 21:00:00
7237,2905,ZL02905,3,Good build quality,Good value compared with similar products I have tried.,Ravi,1,2024-05-13 18:00:00
7238,2906,ZL02906,2,Good build quality,Feels durable. A couple of small scuffs from shipping but fine overall.,Danial,1,2025-06-09 01:00:00
7239,2906,ZL02906,4,Exactly as described,Instructions were clear and setup took only a few minutes.,Ravi,1,2025-04-03 01:00:00
7240,2906,ZL02906,2,Decent for the money,Packaging was neat and the item matched the listing details.,Nora,1,2025-05-05 01:00:00
7241,2907,ZL02907,4,Arrived quickly,Instructions were clear and setup took only a few minutes.,Siti,1,2024-09-28 07:00:00
7242,2907,ZL02907,5,Love this,I bought this as a gift and the recipient liked it immediately.,Danial,1,2024-09-29 07:00:00
7243,2907,ZL02907,4,Good build quality,Works as advertised. Battery/performance is satisfactory so far.,Aisha,1,2024-11-08 07:00:00
7244,2908,ZL02908,3,Nice finish,Packaging was neat and the item matched the listing details.,Elena,1,2024-06-22 12:00:00
7245,2908,ZL02908,5,Reliable so far,Used it for two weeks and it holds up well for daily use.,Yasmin,1,2024-09-09 12:00:00
7246,2909,ZL02909,3,Reliable so far,Material quality is better than I expected at this price point.,Farid,0,2025-05-31 20:00:00
7247,2909,ZL02909,4,Love this,Used it for two weeks and it holds up well for daily use.,Nora,1,2025-04-17 20:00:00
7248,2910,ZL02910,5,Exactly as described,Used it for two weeks and it holds up well for daily use.,Wei,0,2024-10-12 10:00:00
7249,2910,ZL02910,5,Happy with it,Packaging was neat and the item matched the listing details.,Aisha,1,2024-12-06 10:00:00
7250,2910,ZL02910,5,Better than expected,Used it for two weeks and it holds up well for daily use.,Ivy,1,2024-09-06 10:00:00
7251,2911,ZL02911,3,Worth the price,"Would appreciate more colour options, but this shade works for me.",Ben,1,2024-10-19 09:00:00
7252,2911,ZL02911,3,Reliable so far,Feels durable. A couple of small scuffs from shipping but fine overall.,Uma,1,2024-10-28 09:00:00
7253,2912,ZL02912,4,Not bad at all,I bought this as a gift and the recipient liked it immediately.,Ravi,1,2024-10-20 19:00:00
7254,2912,ZL02912,2,Would buy again,Instructions were clear and setup took only a few minutes.,Jonas,0,2024-10-09 19:00:00
7255,2913,ZL02913,3,Reliable so far,Good value compared with similar products I have tried.,Wei,0,2024-10-17 21:00:00
7256,2913,ZL02913,5,Happy with it,Feels durable. A couple of small scuffs from shipping but fine overall.,Victor,0,2025-01-28 21:00:00
7257,2913,ZL02913,2,Nice finish,I bought this as a gift and the recipient liked it immediately.,Elena,1,2024-11-30 21:00:00
7258,2913,ZL02913,3,Reliable so far,Instructions were clear and setup took only a few minutes.,Yasmin,1,2025-01-12 21:00:00
7259,2914,ZL02914,3,Love this,I bought this as a gift and the recipient liked it immediately.,Kai,0,2024-07-18 02:00:00
7260,2914,ZL02914,3,Useful addition,Feels durable. A couple of small scuffs from shipping but fine overall.,Aisha,1,2024-10-17 02:00:00
7261,2914,ZL02914,3,Nice finish,Packaging was neat and the item matched the listing details.,Quinn,1,2024-07-18 02:00:00
7262,2915,ZL02915,3,Would buy again,"Would appreciate more colour options, but this shade works for me.",Priya,1,2024-07-26 01:00:00
7263,2916,ZL02916,4,Happy with it,Works as advertised. Battery/performance is satisfactory so far.,Zara,0,2024-03-01 21:00:00
7264,2916,ZL02916,4,Arrived quickly,Colour is accurate and sizing feels true based on the chart.,Siti,1,2024-02-18 21:00:00
7265,2916,ZL02916,4,Useful addition,Good value compared with similar products I have tried.,Omar,1,2024-05-26 21:00:00
7266,2917,ZL02917,5,Nice finish,Feels durable. A couple of small scuffs from shipping but fine overall.,Priya,1,2024-11-25 06:00:00
7267,2917,ZL02917,3,Not bad at all,Material quality is better than I expected at this price point.,Aisha,0,2024-12-28 06:00:00
7268,2918,ZL02918,3,Would buy again,Instructions were clear and setup took only a few minutes.,Grace,1,2024-07-12 15:00:00
7269,2918,ZL02918,4,Exactly as described,Used it for two weeks and it holds up well for daily use.,Kai,0,2024-05-23 15:00:00
7270,2918,ZL02918,3,Worth the price,I bought this as a gift and the recipient liked it immediately.,Nora,1,2024-06-06 15:00:00
7271,2918,ZL02918,4,Happy with it,I bought this as a gift and the recipient liked it immediately.,Elena,1,2024-06-02 15:00:00
7272,2919,ZL02919,4,Arrived quickly,"Would appreciate more colour options, but this shade works for me.",Farid,1,2024-09-27 16:00:00
7273,2919,ZL02919,5,Useful addition,Used it for two weeks and it holds up well for daily use.,Danial,1,2024-11-16 16:00:00
7274,2919,ZL02919,3,Good build quality,Material quality is better than I expected at this price point.,Siti,1,2024-09-30 16:00:00
7275,2920,ZL02920,4,Good build quality,I bought this as a gift and the recipient liked it immediately.,Zara,1,2025-04-30 19:00:00
7276,2920,ZL02920,5,Not bad at all,Used it for two weeks and it holds up well for daily use.,Elena,1,2025-04-22 19:00:00
7277,2920,ZL02920,4,Better than expected,Works as advertised. Battery/performance is satisfactory so far.,Grace,1,2025-01-26 19:00:00
7278,2921,ZL02921,2,Better than expected,Used it for two weeks and it holds up well for daily use.,Ravi,1,2024-08-16 15:00:00
7279,2921,ZL02921,3,Worth the price,Good value compared with similar products I have tried.,Yasmin,1,2024-10-10 15:00:00
7280,2921,ZL02921,5,Better than expected,Feels durable. A couple of small scuffs from shipping but fine overall.,Hassan,1,2024-10-14 15:00:00
7281,2921,ZL02921,3,Would buy again,Feels durable. A couple of small scuffs from shipping but fine overall.,Omar,1,2024-08-25 15:00:00
7282,2922,ZL02922,3,Not bad at all,Packaging was neat and the item matched the listing details.,Nora,1,2024-03-06 06:00:00
7283,2923,ZL02923,5,Arrived quickly,Instructions were clear and setup took only a few minutes.,Uma,1,2025-01-30 07:00:00
7284,2924,ZL02924,4,Worth the price,Packaging was neat and the item matched the listing details.,Jonas,1,2024-02-07 18:00:00
7285,2925,ZL02925,3,Useful addition,Instructions were clear and setup took only a few minutes.,Tom,1,2025-05-09 16:00:00
7286,2925,ZL02925,2,Exactly as described,Packaging was neat and the item matched the listing details.,Ravi,1,2025-08-13 16:00:00
7287,2926,ZL02926,3,Good build quality,Instructions were clear and setup took only a few minutes.,Grace,1,2024-07-10 17:00:00
7288,2926,ZL02926,4,Happy with it,Instructions were clear and setup took only a few minutes.,Omar,1,2024-06-19 17:00:00
7289,2927,ZL02927,5,Good build quality,Packaging was neat and the item matched the listing details.,Farid,0,2024-03-08 15:00:00
7290,2927,ZL02927,5,Not bad at all,Colour is accurate and sizing feels true based on the chart.,Aisha,1,2024-03-26 15:00:00
7291,2927,ZL02927,2,Happy with it,"Would appreciate more colour options, but this shade works for me.",Marcus,1,2024-04-15 15:00:00
7292,2928,ZL02928,3,Reliable so far,"Would appreciate more colour options, but this shade works for me.",Ben,0,2024-04-12 01:00:00
7293,2928,ZL02928,2,Exactly as described,Used it for two weeks and it holds up well for daily use.,Aisha,1,2024-06-20 01:00:00
7294,2928,ZL02928,5,Good build quality,Works as advertised. Battery/performance is satisfactory so far.,Danial,1,2024-07-23 01:00:00
7295,2929,ZL02929,4,Useful addition,Works as advertised. Battery/performance is satisfactory so far.,Tom,1,2024-11-01 00:00:00
7296,2930,ZL02930,5,Would buy again,Good value compared with similar products I have tried.,Victor,1,2024-04-21 09:00:00
7297,2930,ZL02930,3,Not bad at all,Works as advertised. Battery/performance is satisfactory so far.,Siti,1,2024-02-27 09:00:00
7298,2931,ZL02931,4,Worth the price,Good value compared with similar products I have tried.,Quinn,1,2025-02-01 17:00:00
7299,2931,ZL02931,5,Not bad at all,"Would appreciate more colour options, but this shade works for me.",Quinn,1,2024-11-26 17:00:00
7300,2931,ZL02931,5,Decent for the money,Good value compared with similar products I have tried.,Grace,0,2025-02-13 17:00:00
7301,2932,ZL02932,3,Exactly as described,"Would appreciate more colour options, but this shade works for me.",Aisha,0,2024-03-24 05:00:00
7302,2932,ZL02932,4,Love this,Packaging was neat and the item matched the listing details.,Ravi,1,2024-05-08 05:00:00
7303,2932,ZL02932,5,Happy with it,Feels durable. A couple of small scuffs from shipping but fine overall.,Siti,1,2024-05-03 05:00:00
7304,2933,ZL02933,5,Would buy again,"Would appreciate more colour options, but this shade works for me.",Ivy,0,2025-05-13 23:00:00
7305,2934,ZL02934,5,Reliable so far,Instructions were clear and setup took only a few minutes.,Yasmin,1,2024-07-02 14:00:00
7306,2934,ZL02934,5,Better than expected,Works as advertised. Battery/performance is satisfactory so far.,Chloe,1,2024-07-04 14:00:00
7307,2935,ZL02935,5,Nice finish,Works as advertised. Battery/performance is satisfactory so far.,Jonas,1,2024-11-12 23:00:00
7308,2935,ZL02935,4,Solid everyday pick,Packaging was neat and the item matched the listing details.,Omar,0,2024-11-06 23:00:00
7309,2935,ZL02935,2,Reliable so far,Instructions were clear and setup took only a few minutes.,Aisha,1,2025-01-09 23:00:00
7310,2936,ZL02936,5,Decent for the money,I bought this as a gift and the recipient liked it immediately.,Aisha,1,2024-12-20 02:00:00
7311,2937,ZL02937,3,Would buy again,Good value compared with similar products I have tried.,Ben,1,2025-01-28 23:00:00
7312,2937,ZL02937,5,Exactly as described,Feels durable. A couple of small scuffs from shipping but fine overall.,Ivy,1,2024-12-14 23:00:00
7313,2937,ZL02937,5,Solid everyday pick,"Would appreciate more colour options, but this shade works for me.",Jonas,0,2024-12-16 23:00:00
7314,2938,ZL02938,5,Exactly as described,Colour is accurate and sizing feels true based on the chart.,Yasmin,1,2024-03-09 09:00:00
7315,2938,ZL02938,4,Nice finish,Feels durable. A couple of small scuffs from shipping but fine overall.,Victor,1,2024-05-06 09:00:00
7316,2938,ZL02938,3,Not bad at all,Packaging was neat and the item matched the listing details.,Kai,1,2024-05-09 09:00:00
7317,2938,ZL02938,4,Good build quality,Used it for two weeks and it holds up well for daily use.,Nora,1,2024-05-04 09:00:00
7318,2939,ZL02939,4,Love this,"Would appreciate more colour options, but this shade works for me.",Grace,0,2025-08-05 13:00:00
7319,2939,ZL02939,5,Exactly as described,"Would appreciate more colour options, but this shade works for me.",Tom,1,2025-07-25 13:00:00
7320,2939,ZL02939,3,Better than expected,Material quality is better than I expected at this price point.,Ivy,1,2025-05-10 13:00:00
7321,2939,ZL02939,5,Better than expected,Material quality is better than I expected at this price point.,Farid,0,2025-06-23 13:00:00
7322,2940,ZL02940,4,Not bad at all,Works as advertised. Battery/performance is satisfactory so far.,Ben,1,2024-03-06 09:00:00
7323,2940,ZL02940,4,Reliable so far,Packaging was neat and the item matched the listing details.,Yasmin,1,2024-05-17 09:00:00
7324,2940,ZL02940,4,Useful addition,Works as advertised. Battery/performance is satisfactory so far.,Hassan,1,2024-03-20 09:00:00
7325,2940,ZL02940,3,Decent for the money,Colour is accurate and sizing feels true based on the chart.,Ben,1,2024-03-01 09:00:00
7326,2941,ZL02941,3,Solid everyday pick,Packaging was neat and the item matched the listing details.,Ben,1,2024-03-31 15:00:00
7327,2941,ZL02941,5,Love this,Packaging was neat and the item matched the listing details.,Yasmin,1,2024-06-15 15:00:00
7328,2941,ZL02941,3,Better than expected,Packaging was neat and the item matched the listing details.,Uma,1,2024-06-11 15:00:00
7329,2941,ZL02941,5,Useful addition,Instructions were clear and setup took only a few minutes.,Farid,1,2024-03-19 15:00:00
7330,2942,ZL02942,3,Exactly as described,"Would appreciate more colour options, but this shade works for me.",Tom,0,2024-12-28 04:00:00
7331,2942,ZL02942,5,Would buy again,Works as advertised. Battery/performance is satisfactory so far.,Grace,1,2025-01-11 04:00:00
7332,2943,ZL02943,4,Better than expected,Works as advertised. Battery/performance is satisfactory so far.,Yasmin,0,2024-08-25 19:00:00
7333,2943,ZL02943,2,Reliable so far,I bought this as a gift and the recipient liked it immediately.,Nora,0,2024-08-18 19:00:00
7334,2943,ZL02943,5,Worth the price,"Would appreciate more colour options, but this shade works for me.",Jonas,0,2024-06-28 19:00:00
7335,2943,ZL02943,4,Worth the price,Colour is accurate and sizing feels true based on the chart.,Siti,0,2024-09-23 19:00:00
7336,2944,ZL02944,3,Happy with it,Good value compared with similar products I have tried.,Siti,1,2025-01-03 01:00:00
7337,2944,ZL02944,3,Nice finish,Works as advertised. Battery/performance is satisfactory so far.,Yasmin,1,2024-11-07 01:00:00
7338,2944,ZL02944,5,Love this,Good value compared with similar products I have tried.,Nora,1,2024-09-21 01:00:00
7339,2944,ZL02944,5,Arrived quickly,Feels durable. A couple of small scuffs from shipping but fine overall.,Danial,0,2024-09-27 01:00:00
7340,2945,ZL02945,4,Decent for the money,Feels durable. A couple of small scuffs from shipping but fine overall.,Grace,1,2025-01-28 16:00:00
7341,2946,ZL02946,4,Love this,"Would appreciate more colour options, but this shade works for me.",Marcus,1,2024-08-18 13:00:00
7342,2946,ZL02946,5,Reliable so far,Colour is accurate and sizing feels true based on the chart.,Nora,0,2024-09-22 13:00:00
7343,2946,ZL02946,3,Arrived quickly,Instructions were clear and setup took only a few minutes.,Aisha,0,2024-08-30 13:00:00
7344,2947,ZL02947,3,Good build quality,Works as advertised. Battery/performance is satisfactory so far.,Tom,1,2024-04-20 08:00:00
7345,2947,ZL02947,4,Decent for the money,Good value compared with similar products I have tried.,Aisha,1,2024-03-18 08:00:00
7346,2948,ZL02948,5,Solid everyday pick,Feels durable. A couple of small scuffs from shipping but fine overall.,Quinn,0,2025-02-16 06:00:00
7347,2948,ZL02948,4,Arrived quickly,Instructions were clear and setup took only a few minutes.,Quinn,1,2025-02-09 06:00:00
7348,2948,ZL02948,4,Solid everyday pick,Colour is accurate and sizing feels true based on the chart.,Yasmin,1,2025-02-18 06:00:00
7349,2948,ZL02948,3,Happy with it,Feels durable. A couple of small scuffs from shipping but fine overall.,Priya,1,2025-02-18 06:00:00
7350,2949,ZL02949,5,Not bad at all,Packaging was neat and the item matched the listing details.,Victor,1,2025-01-10 20:00:00
7351,2949,ZL02949,3,Happy with it,Packaging was neat and the item matched the listing details.,Tom,1,2025-03-10 20:00:00
7352,2949,ZL02949,3,Not bad at all,"Would appreciate more colour options, but this shade works for me.",Wei,0,2025-01-11 20:00:00
7353,2949,ZL02949,3,Exactly as described,"Would appreciate more colour options, but this shade works for me.",Tom,0,2025-04-07 20:00:00
7354,2950,ZL02950,5,Useful addition,Good value compared with similar products I have tried.,Nora,1,2024-04-02 14:00:00
7355,2950,ZL02950,4,Worth the price,Used it for two weeks and it holds up well for daily use.,Tom,1,2024-06-18 14:00:00
7356,2951,ZL02951,3,Good build quality,Instructions were clear and setup took only a few minutes.,Yasmin,1,2024-09-21 23:00:00
7357,2951,ZL02951,5,Would buy again,Good value compared with similar products I have tried.,Kai,1,2024-11-28 23:00:00
7358,2951,ZL02951,4,Love this,Feels durable. A couple of small scuffs from shipping but fine overall.,Priya,1,2024-09-24 23:00:00
7359,2951,ZL02951,3,Solid everyday pick,"Would appreciate more colour options, but this shade works for me.",Tom,1,2024-09-10 23:00:00
7360,2952,ZL02952,3,Happy with it,Used it for two weeks and it holds up well for daily use.,Omar,0,2024-12-07 01:00:00
7361,2952,ZL02952,2,Happy with it,I bought this as a gift and the recipient liked it immediately.,Danial,1,2025-02-17 01:00:00
7362,2953,ZL02953,4,Not bad at all,Good value compared with similar products I have tried.,Nora,1,2024-04-03 12:00:00
7363,2953,ZL02953,3,Worth the price,I bought this as a gift and the recipient liked it immediately.,Wei,0,2024-04-21 12:00:00
7364,2953,ZL02953,5,Useful addition,Colour is accurate and sizing feels true based on the chart.,Farid,1,2024-05-21 12:00:00
7365,2954,ZL02954,3,Nice finish,Used it for two weeks and it holds up well for daily use.,Ravi,1,2024-05-11 08:00:00
7366,2955,ZL02955,5,Arrived quickly,Feels durable. A couple of small scuffs from shipping but fine overall.,Quinn,0,2025-07-25 19:00:00
7367,2955,ZL02955,3,Solid everyday pick,Instructions were clear and setup took only a few minutes.,Victor,1,2025-05-27 19:00:00
7368,2955,ZL02955,4,Nice finish,I bought this as a gift and the recipient liked it immediately.,Ivy,1,2025-05-10 19:00:00
7369,2955,ZL02955,4,Solid everyday pick,Colour is accurate and sizing feels true based on the chart.,Tom,0,2025-07-24 19:00:00
7370,2956,ZL02956,5,Worth the price,"Would appreciate more colour options, but this shade works for me.",Victor,1,2025-03-31 00:00:00
7371,2956,ZL02956,3,Better than expected,Good value compared with similar products I have tried.,Danial,0,2025-04-30 00:00:00
7372,2956,ZL02956,4,Decent for the money,"Would appreciate more colour options, but this shade works for me.",Aisha,1,2025-06-23 00:00:00
7373,2957,ZL02957,3,Exactly as described,Colour is accurate and sizing feels true based on the chart.,Hassan,1,2024-08-20 23:00:00
7374,2958,ZL02958,3,Happy with it,Colour is accurate and sizing feels true based on the chart.,Tom,0,2025-03-07 17:00:00
7375,2958,ZL02958,3,Not bad at all,I bought this as a gift and the recipient liked it immediately.,Farid,1,2025-03-27 17:00:00
7376,2958,ZL02958,3,Solid everyday pick,"Would appreciate more colour options, but this shade works for me.",Priya,1,2025-05-27 17:00:00
7377,2958,ZL02958,3,Exactly as described,Good value compared with similar products I have tried.,Kai,1,2025-05-06 17:00:00
7378,2959,ZL02959,2,Arrived quickly,"Would appreciate more colour options, but this shade works for me.",Priya,1,2024-07-07 00:00:00
7379,2959,ZL02959,5,Love this,Feels durable. A couple of small scuffs from shipping but fine overall.,Priya,1,2024-06-14 00:00:00
7380,2960,ZL02960,4,Worth the price,"Would appreciate more colour options, but this shade works for me.",Yasmin,1,2024-10-03 07:00:00
7381,2961,ZL02961,3,Would buy again,Feels durable. A couple of small scuffs from shipping but fine overall.,Aisha,0,2025-04-17 04:00:00
7382,2961,ZL02961,5,Exactly as described,I bought this as a gift and the recipient liked it immediately.,Nora,1,2025-05-19 04:00:00
7383,2961,ZL02961,5,Happy with it,Colour is accurate and sizing feels true based on the chart.,Quinn,1,2025-04-01 04:00:00
7384,2961,ZL02961,3,Exactly as described,Works as advertised. Battery/performance is satisfactory so far.,Lina,1,2025-06-26 04:00:00
7385,2962,ZL02962,4,Decent for the money,Used it for two weeks and it holds up well for daily use.,Wei,1,2024-03-11 01:00:00
7386,2963,ZL02963,4,Decent for the money,"Would appreciate more colour options, but this shade works for me.",Lina,0,2024-10-16 02:00:00
7387,2964,ZL02964,3,Exactly as described,Instructions were clear and setup took only a few minutes.,Wei,1,2025-06-10 13:00:00
7388,2964,ZL02964,5,Exactly as described,Packaging was neat and the item matched the listing details.,Zara,1,2025-05-28 13:00:00
7389,2965,ZL02965,5,Worth the price,Material quality is better than I expected at this price point.,Kai,1,2024-10-10 02:00:00
7390,2965,ZL02965,3,Exactly as described,I bought this as a gift and the recipient liked it immediately.,Lina,0,2024-09-04 02:00:00
7391,2965,ZL02965,3,Nice finish,Material quality is better than I expected at this price point.,Nora,1,2024-09-10 02:00:00
7392,2966,ZL02966,5,Decent for the money,Used it for two weeks and it holds up well for daily use.,Zara,1,2024-05-12 16:00:00
7393,2966,ZL02966,2,Nice finish,Works as advertised. Battery/performance is satisfactory so far.,Ben,1,2024-06-10 16:00:00
7394,2966,ZL02966,3,Not bad at all,Material quality is better than I expected at this price point.,Ravi,0,2024-07-18 16:00:00
7395,2967,ZL02967,3,Decent for the money,Feels durable. A couple of small scuffs from shipping but fine overall.,Quinn,1,2025-01-17 16:00:00
7396,2967,ZL02967,3,Good build quality,Feels durable. A couple of small scuffs from shipping but fine overall.,Marcus,1,2025-03-09 16:00:00
7397,2967,ZL02967,3,Exactly as described,Works as advertised. Battery/performance is satisfactory so far.,Hassan,1,2025-02-21 16:00:00
7398,2968,ZL02968,4,Happy with it,"Would appreciate more colour options, but this shade works for me.",Siti,1,2024-11-10 19:00:00
7399,2968,ZL02968,4,Worth the price,Material quality is better than I expected at this price point.,Wei,1,2024-11-14 19:00:00
7400,2968,ZL02968,5,Better than expected,Works as advertised. Battery/performance is satisfactory so far.,Danial,1,2024-11-18 19:00:00
7401,2968,ZL02968,5,Worth the price,Material quality is better than I expected at this price point.,Uma,1,2024-11-12 19:00:00
7402,2969,ZL02969,2,Better than expected,I bought this as a gift and the recipient liked it immediately.,Kai,1,2025-02-19 05:00:00
7403,2969,ZL02969,2,Happy with it,I bought this as a gift and the recipient liked it immediately.,Jonas,1,2024-12-08 05:00:00
7404,2969,ZL02969,4,Love this,Instructions were clear and setup took only a few minutes.,Grace,1,2025-01-04 05:00:00
7405,2970,ZL02970,4,Exactly as described,Good value compared with similar products I have tried.,Marcus,1,2025-06-25 06:00:00
7406,2970,ZL02970,4,Arrived quickly,Feels durable. A couple of small scuffs from shipping but fine overall.,Kai,1,2025-06-17 06:00:00
7407,2971,ZL02971,4,Better than expected,Works as advertised. Battery/performance is satisfactory so far.,Quinn,1,2024-09-03 18:00:00
7408,2971,ZL02971,3,Better than expected,Good value compared with similar products I have tried.,Wei,1,2024-06-09 18:00:00
7409,2972,ZL02972,4,Worth the price,Used it for two weeks and it holds up well for daily use.,Elena,1,2024-12-10 06:00:00
7410,2972,ZL02972,5,Would buy again,Packaging was neat and the item matched the listing details.,Jonas,1,2024-11-30 06:00:00
7411,2973,ZL02973,5,Good build quality,Instructions were clear and setup took only a few minutes.,Farid,1,2025-08-01 05:00:00
7412,2973,ZL02973,4,Useful addition,Colour is accurate and sizing feels true based on the chart.,Hassan,1,2025-05-31 05:00:00
7413,2973,ZL02973,5,Reliable so far,Works as advertised. Battery/performance is satisfactory so far.,Omar,1,2025-07-25 05:00:00
7414,2973,ZL02973,5,Solid everyday pick,I bought this as a gift and the recipient liked it immediately.,Jonas,1,2025-08-14 05:00:00
7415,2974,ZL02974,4,Arrived quickly,Works as advertised. Battery/performance is satisfactory so far.,Ben,1,2024-08-23 14:00:00
7416,2974,ZL02974,3,Nice finish,Used it for two weeks and it holds up well for daily use.,Aisha,1,2024-09-09 14:00:00
7417,2974,ZL02974,5,Not bad at all,Material quality is better than I expected at this price point.,Nora,1,2024-07-10 14:00:00
7418,2974,ZL02974,3,Would buy again,Good value compared with similar products I have tried.,Farid,1,2024-09-12 14:00:00
7419,2975,ZL02975,3,Exactly as described,Feels durable. A couple of small scuffs from shipping but fine overall.,Tom,0,2025-03-21 17:00:00
7420,2976,ZL02976,3,Worth the price,Good value compared with similar products I have tried.,Kai,1,2024-12-30 06:00:00
7421,2976,ZL02976,5,Love this,Good value compared with similar products I have tried.,Uma,1,2024-12-13 06:00:00
7422,2976,ZL02976,5,Exactly as described,Feels durable. A couple of small scuffs from shipping but fine overall.,Omar,1,2024-11-30 06:00:00
7423,2976,ZL02976,5,Would buy again,Packaging was neat and the item matched the listing details.,Farid,1,2025-01-18 06:00:00
7424,2977,ZL02977,5,Love this,"Would appreciate more colour options, but this shade works for me.",Aisha,0,2025-06-09 01:00:00
7425,2977,ZL02977,4,Exactly as described,I bought this as a gift and the recipient liked it immediately.,Aisha,0,2025-07-28 01:00:00
7426,2978,ZL02978,5,Not bad at all,Feels durable. A couple of small scuffs from shipping but fine overall.,Tom,1,2025-04-06 11:00:00
7427,2979,ZL02979,5,Happy with it,Material quality is better than I expected at this price point.,Kai,1,2025-04-29 19:00:00
7428,2980,ZL02980,4,Happy with it,Good value compared with similar products I have tried.,Uma,1,2024-01-30 05:00:00
7429,2980,ZL02980,4,Solid everyday pick,Colour is accurate and sizing feels true based on the chart.,Omar,1,2024-04-25 05:00:00
7430,2981,ZL02981,4,Nice finish,Packaging was neat and the item matched the listing details.,Ben,1,2024-06-26 22:00:00
7431,2981,ZL02981,4,Arrived quickly,Good value compared with similar products I have tried.,Yasmin,1,2024-08-05 22:00:00
7432,2982,ZL02982,3,Exactly as described,Instructions were clear and setup took only a few minutes.,Hassan,1,2024-05-30 22:00:00
7433,2982,ZL02982,5,Nice finish,Packaging was neat and the item matched the listing details.,Zara,1,2024-06-17 22:00:00
7434,2983,ZL02983,5,Love this,I bought this as a gift and the recipient liked it immediately.,Quinn,1,2024-12-31 20:00:00
7435,2984,ZL02984,5,Decent for the money,Used it for two weeks and it holds up well for daily use.,Quinn,0,2024-11-26 10:00:00
7436,2984,ZL02984,3,Reliable so far,Good value compared with similar products I have tried.,Tom,1,2025-01-24 10:00:00
7437,2985,ZL02985,3,Good build quality,"Would appreciate more colour options, but this shade works for me.",Marcus,1,2024-03-17 14:00:00
7438,2985,ZL02985,3,Would buy again,Feels durable. A couple of small scuffs from shipping but fine overall.,Zara,1,2024-05-17 14:00:00
7439,2985,ZL02985,5,Love this,I bought this as a gift and the recipient liked it immediately.,Hassan,0,2024-04-29 14:00:00
7440,2986,ZL02986,4,Nice finish,I bought this as a gift and the recipient liked it immediately.,Priya,1,2024-07-10 13:00:00
7441,2986,ZL02986,4,Would buy again,Material quality is better than I expected at this price point.,Chloe,1,2024-04-16 13:00:00
7442,2987,ZL02987,5,Love this,Used it for two weeks and it holds up well for daily use.,Nora,1,2025-05-31 06:00:00
7443,2988,ZL02988,5,Worth the price,Works as advertised. Battery/performance is satisfactory so far.,Kai,1,2025-03-05 03:00:00
7444,2988,ZL02988,3,Happy with it,Good value compared with similar products I have tried.,Yasmin,0,2024-12-02 03:00:00
7445,2988,ZL02988,3,Arrived quickly,"Would appreciate more colour options, but this shade works for me.",Tom,1,2024-12-12 03:00:00
7446,2989,ZL02989,2,Nice finish,Colour is accurate and sizing feels true based on the chart.,Yasmin,1,2024-10-10 15:00:00
7447,2989,ZL02989,3,Not bad at all,Works as advertised. Battery/performance is satisfactory so far.,Yasmin,1,2024-11-14 15:00:00
7448,2989,ZL02989,4,Solid everyday pick,Works as advertised. Battery/performance is satisfactory so far.,Kai,0,2024-11-30 15:00:00
7449,2990,ZL02990,2,Arrived quickly,Colour is accurate and sizing feels true based on the chart.,Ravi,1,2024-09-02 13:00:00
7450,2991,ZL02991,3,Love this,"Would appreciate more colour options, but this shade works for me.",Elena,1,2024-07-18 13:00:00
7451,2992,ZL02992,3,Useful addition,Packaging was neat and the item matched the listing details.,Chloe,1,2025-02-13 10:00:00
7452,2992,ZL02992,5,Useful addition,Packaging was neat and the item matched the listing details.,Yasmin,0,2024-12-03 10:00:00
7453,2992,ZL02992,4,Better than expected,Good value compared with similar products I have tried.,Ben,1,2024-11-02 10:00:00
7454,2992,ZL02992,5,Good build quality,I bought this as a gift and the recipient liked it immediately.,Elena,1,2024-10-21 10:00:00
7455,2993,ZL02993,3,Useful addition,"Would appreciate more colour options, but this shade works for me.",Siti,1,2025-02-27 23:00:00
7456,2993,ZL02993,4,Reliable so far,Used it for two weeks and it holds up well for daily use.,Lina,0,2025-01-27 23:00:00
7457,2994,ZL02994,2,Arrived quickly,Works as advertised. Battery/performance is satisfactory so far.,Hassan,1,2025-04-13 01:00:00
7458,2995,ZL02995,2,Arrived quickly,Colour is accurate and sizing feels true based on the chart.,Uma,1,2025-02-16 04:00:00
7459,2996,ZL02996,2,Love this,Works as advertised. Battery/performance is satisfactory so far.,Ravi,0,2024-07-23 22:00:00
7460,2997,ZL02997,4,Nice finish,Colour is accurate and sizing feels true based on the chart.,Yasmin,1,2025-03-30 03:00:00
7461,2997,ZL02997,2,Better than expected,Used it for two weeks and it holds up well for daily use.,Grace,0,2025-05-24 03:00:00
7462,2997,ZL02997,3,Good build quality,Packaging was neat and the item matched the listing details.,Uma,1,2025-05-22 03:00:00
7463,2997,ZL02997,5,Would buy again,Used it for two weeks and it holds up well for daily use.,Farid,1,2025-07-15 03:00:00
7464,2998,ZL02998,5,Useful addition,Works as advertised. Battery/performance is satisfactory so far.,Hassan,1,2025-07-30 14:00:00
7465,2999,ZL02999,5,Reliable so far,Instructions were clear and setup took only a few minutes.,Wei,1,2025-06-23 04:00:00
7466,2999,ZL02999,5,Solid everyday pick,Material quality is better than I expected at this price point.,Chloe,0,2025-06-05 04:00:00
7467,2999,ZL02999,5,Better than expected,I bought this as a gift and the recipient liked it immediately.,Uma,1,2025-06-14 04:00:00
7468,3000,ZL03000,4,Good build quality,Used it for two weeks and it holds up well for daily use.,Quinn,0,2024-04-17 14:00:00
7469,3000,ZL03000,5,Love this,Instructions were clear and setup took only a few minutes.,Kai,1,2024-04-25 14:00:00
7470,3000,ZL03000,5,Good build quality,Material quality is better than I expected at this price point.,Siti,1,2024-05-09 14:00:00
