source_id,name,category,subcategories,store,price,compare_price,image_url,product_url
4,PUMA Essential Tape Leggings,Women,,umarstore,105.17,136.72,https://f.nooncdn.com/p/pzsku/Z502932A6C77B0C9B9589Z/45/_/1773474829/1b2978c4-74a9-442e-a267-568ccefd77c4.jpg,https://namshiglobalstore.com/product-detail?id=4&demo=0
5,FYOR Sunset Tropics Skirt Set,Women,,umarstore,88.78,115.41,https://f.nooncdn.com/p/pzsku/Z0F0038C02DEB5D9BE069Z/45/_/1775030925/405e245f-2707-45ef-b5ca-61e433fcdb7d.jpg?format=webp&amp;width=800,https://namshiglobalstore.com/product-detail?id=5&demo=0
6,Pleated A-Line Midi Skirt,Women,,umarstore,36.44,47.37,https://f.nooncdn.com/p/pzsku/Z82F88055EBBF2249A53FZ/45/1755515268/6f19fb1b-9ba2-48c9-b2a3-42c9aa1f782b.jpg?format=webp&amp;width=800,https://namshiglobalstore.com/product-detail?id=6&demo=0
7,Flora Bella,Accessories,Bags,umarstore,78.52,102.08,https://f.nooncdn.com/p/pzsku/ZE1C0805409E9679EEECFZ/45/_/1778138091/2d68286c-4a6c-4e71-b285-ba24ece93ac0.jpg?format=webp&amp;width=800,https://namshiglobalstore.com/product-detail?id=7&demo=0
8,HIGH STAR,Women,,umarstore,93.34,121.34,https://f.nooncdn.com/p/pzsku/Z37FA9550A460D0AD688AZ/45/_/1776901651/6a4b365d-c298-4895-b314-e57583727670.jpg?format=webp&amp;width=800,https://namshiglobalstore.com/product-detail?id=8&demo=0
9,Nike,Accessories,Bags,umarstore,69.74,90.66,https://f.nooncdn.com/p/pzsku/Z275D40154BEDFA2706B2Z/45/1763789825/352c6bc6-18f3-421b-a8a3-b93691d495e8.jpg?format=webp&amp;width=800,https://namshiglobalstore.com/product-detail?id=9&demo=0
10,NIKE,Women,,umarstore,138.76,180.39,https://f.nooncdn.com/p/pzsku/Z38068260BA08759F6B46Z/45/1764752082/eaf36bae-e5a6-473e-a3dd-741914a3eeb7.jpg?format=webp&amp;width=800,https://namshiglobalstore.com/product-detail?id=10&demo=0
11,BIRKENSTOCK,Women,,umarstore,99.4,129.22,https://f.nooncdn.com/p/pzsku/ZEF66CA48FA6AFDD4393DZ/45/_/1771573579/08c31bbf-2383-4f5a-84db-4e072391fff2.jpg?format=webp&amp;width=800,https://namshiglobalstore.com/product-detail?id=11&demo=0
12,BIRKENSTOCK,Women,,umarstore,96.18,125.03,https://f.nooncdn.com/p/pzsku/ZEDF606C9711ADBD03B56Z/45/_/1782197806/cbfef362-a622-436b-af27-34734686ba42.jpg?format=webp&amp;width=800,https://namshiglobalstore.com/product-detail?id=12&demo=0
13,Nike Initiator,Women,,umarstore,128.54,167.1,https://f.nooncdn.com/p/pzsku/Z429CF31007A011DAE28BZ/45/_/1776094507/5b0eff03-7905-4a66-b2eb-51bca49be1a2.jpg?format=webp&amp;width=800,https://namshiglobalstore.com/product-detail?id=13&demo=0
14,Nike,Women,,umarstore,143.58,186.65,https://f.nooncdn.com/p/pzsku/Z3F5F0DB573FE045518C2Z/45/1766841370/7014109d-7091-48f5-9264-8003e9eb0138.jpg?format=webp&amp;width=800,https://namshiglobalstore.com/product-detail?id=14&demo=0
15,Medium Brasilia Backpack 9.5 (24L),UNISEX,"Bags, NIKE",umarstore,108.32,140.82,https://f.nooncdn.com/p/pzsku/ZF1DA957F363A26C9A8C4Z/45/1766828402/af16786b-31d8-430f-8320-78532a2ac6a0.jpg?format=webp&amp;width=800,https://namshiglobalstore.com/product-detail?id=15&demo=0
16,Soleira,Women,,umarstore,102.13,132.77,https://f.nooncdn.com/p/pzsku/ZBA1F9A6C7AB54F06D5E3Z/45/_/1780749700/c7761075-e733-46ae-8ad6-9216f64d6cee.jpg?format=webp&amp;width=800,https://namshiglobalstore.com/product-detail?id=16&demo=0
17,PUMA,Women,,umarstore,52.87,68.73,https://f.nooncdn.com/p/pzsku/Z271AFB874E51BBD46567Z/45/_/1780056516/bbdc9a43-9118-4fc9-9f2e-11a124bd8430.jpg?format=webp&amp;width=800,https://namshiglobalstore.com/product-detail?id=17&demo=0
18,PARAJOHN Bubalio 30L School Backpack,UNISEX,"Bags, Backpacks",umarstore,117.43,152.66,https://f.nooncdn.com/p/pzsku/Z945D0574FC930178AD7BZ/45/1756709463/6c2f6102-b8ce-4560-9970-ce76f412488f.jpg?format=webp&amp;width=800,https://namshiglobalstore.com/product-detail?id=18&demo=0
59,Styli Styli Men Nav,Men,"Men, Clothing, Clothing Polo Shirts",umarstore,61.86,80.42,https://f.nooncdn.com/p/pzsku/ZC5C79812F48E902494EDZ/45/_/1773138155/47c09e20-8442-4050-a5e1-e7d64d73342b.jpg?format=webp&width=800,https://namshiglobalstore.com/product-detail?id=59&demo=0
60,H&M Slim Fit Textur,Men,"Men, Clothing, Clothing Shirts",umarstore,123.67,160.77,https://f.nooncdn.com/p/94f3230a9d5a502db9f588e0f60dab43|pzsku/Z308F4DE04FEB9B5FFF2DZ/45/1771129156/15635ed0-49e3-42f0-b9e7-873822da2dc3.jpg?format=webp&width=800,https://namshiglobalstore.com/product-detail?id=60&demo=0
458,Kelly Cadenas pendan,Kelly,Women,umarstore,3888.0,5054.4,"https://assets.hermes.com/is/image/hermesproduct/121333B%2000_front_wm_2?size=3000,3000&extend=0,0,0,0&align=0,0&$product_item_grid_g$&wid=800&hei=800",https://namshiglobalstore.com/product-detail?id=458&demo=0
459,"Kelly bracelet, smal",Kelly,Women,umarstore,6566.4,8536.32,"https://assets.hermes.com/is/image/hermesproduct/115454B%2000_front_wm_1?size=3000,3000&extend=0,0,0,0&align=0,0&$product_item_grid_g$&wid=800&hei=800",https://namshiglobalstore.com/product-detail?id=459&demo=0
460,"Kelly Cadenas ring,",Kelly,Women,umarstore,6220.8,8087.04,"https://assets.hermes.com/is/image/hermesproduct/221615B%2000_front_wm_2?size=3000,3000&extend=0,0,0,0&align=0,0&$product_item_grid_g$&wid=800&hei=800",https://namshiglobalstore.com/product-detail?id=460&demo=0
461,"Kelly watch, Mini mo",Rings,Women,umarstore,31478.59,40922.17,https://assets.hermes.com/is/image/hermesproduct/kelly-watch-mini-model-16mm--056854WW00-front-wm-1-0-0-320-320_g.jpg,https://namshiglobalstore.com/product-detail?id=461&demo=0
462,S1000 Plus Wireless,Computer Mouse,Computers & Accessories,umarstore,3.49,4.54,https://f.nooncdn.com/p/pzsku/Z5C38035C9BC57ED61218Z/45/_/1780306253/6994afa7-6ffb-42a7-a1a7-641b8812cd6e.jpg?width=1200,https://namshiglobalstore.com/product-detail?id=462&demo=0
463,Kelly ring,Kelly,Women,umarstore,9849.6,12804.48,"https://assets.hermes.com/is/image/hermesproduct/224602B%2000_front_wm_2?size=3000,3000&extend=0,0,0,0&align=0,0&$product_item_grid_g$&wid=800&hei=800",https://namshiglobalstore.com/product-detail?id=463&demo=0
464,Chaine d'ancre Danae,Chaînes d’ancre,Women,umarstore,49190.4,63947.52,"https://assets.hermes.com/is/image/hermesproduct/123433B%2000_worn_1?size=3000,3000&extend=0,0,0,0&align=0,0&$product_item_grid_g$&wid=400&hei=400",https://namshiglobalstore.com/product-detail?id=464&demo=0
465,Kelly Gavroche neckl,Kelly,Women,umarstore,22348.8,29053.44,"https://assets.hermes.com/is/image/hermesproduct/222205B%2000_worn_1?size=3000,3000&extend=0,0,0,0&align=0,0&$product_item_grid_g$&wid=800&hei=800",https://namshiglobalstore.com/product-detail?id=465&demo=0
466,DL1368040 STERLING S,Bracelets,"Women, Clothing",Elite Essentials,129.64,168.53,https://diesel.com/on/demandware.static/-/Sites-diesel-master-catalog/default/dw3276562a/images/large/DL1368_00DJW_01_F.jpg,https://namshiglobalstore.com/product-detail?id=466&demo=0
467,Adidas BLACK Gear Me,Women,"Bags, Women",Elite Essentials,58.9,76.57,https://f.nooncdn.com/p/pzsku/Z5718D65B7F9EF7244FDBZ/45/1763211490/57163b3c-515d-4406-b91c-40ad53662c20.jpg?format=webp&width=800,https://namshiglobalstore.com/product-detail?id=467&demo=0
468,Styli Active,Men,,Elite Essentials,117.58,152.85,https://f.nooncdn.com/p/pzsku/Z413908227A95AAB9B78DZ/45/_/1772020033/cb5ee3e4-02b2-4bb2-9c12-145a7f36cbb3.jpg?format=webp&amp;width=800,https://namshiglobalstore.com/product-detail?id=468&demo=0
469,Kelly Clochette earr,Kelly,Women,Elite Essentials,6681.6,8686.08,"https://assets.hermes.com/is/image/hermesproduct/221513B%2000_front_wm_2?size=3000,3000&extend=0,0,0,0&align=0,0&$product_item_grid_g$&wid=800&hei=800",https://namshiglobalstore.com/product-detail?id=469&demo=0
470,Take Two,Men,,Elite Essentials,162.86,211.72,https://f.nooncdn.com/p/pzsku/Z7794717952DD84C925EDZ/45/_/1782898645/a1b7f05c-7367-4e9c-bbd3-aa4660022fd0.jpg?format=webp&amp;width=800,https://namshiglobalstore.com/product-detail?id=470&demo=0
471,"Kelly bracelet, smal",Kelly,Women,umarstore,6566.4,8536.32,"https://assets.hermes.com/is/image/hermesproduct/214453B%2000_front_wm_1?size=3000,3000&extend=0,0,0,0&align=0,0&$product_item_grid_g$&wid=800&hei=800",https://namshiglobalstore.com/product-detail?id=471&demo=0
472,Kelly Clochette earr,Kelly,Women,umarstore,6681.6,8686.08,"https://assets.hermes.com/is/image/hermesproduct/221513B%2000_front_wm_2?size=3000,3000&extend=0,0,0,0&align=0,0&$product_item_grid_g$&wid=800&hei=800",https://namshiglobalstore.com/product-detail?id=472&demo=0
473,Kelly Gavroche dangl,Kelly,Women,umarstore,5990.4,7787.52,"https://assets.hermes.com/is/image/hermesproduct/225522B%2000_front_wm_2?size=3000,3000&extend=0,0,0,0&align=0,0&$product_item_grid_g$&wid=800&hei=800",https://namshiglobalstore.com/product-detail?id=473&demo=0
474,NIKE,Women,,Elite Essentials,138.76,180.39,https://f.nooncdn.com/p/pzsku/Z38068260BA08759F6B46Z/45/1764752082/eaf36bae-e5a6-473e-a3dd-741914a3eeb7.jpg?format=webp&amp;width=800,https://namshiglobalstore.com/product-detail?id=474&demo=0
475,Nike Initiator,Women,,Elite Essentials,128.54,167.1,https://f.nooncdn.com/p/pzsku/Z429CF31007A011DAE28BZ/45/_/1776094507/5b0eff03-7905-4a66-b2eb-51bca49be1a2.jpg?format=webp&amp;width=800,https://namshiglobalstore.com/product-detail?id=475&demo=0
476,Nike,Women,,Elite Essentials,143.58,186.65,https://f.nooncdn.com/p/pzsku/Z3F5F0DB573FE045518C2Z/45/1766841370/7014109d-7091-48f5-9264-8003e9eb0138.jpg?format=webp&amp;width=800,https://namshiglobalstore.com/product-detail?id=476&demo=0
477,Flora Bella,Accessories,Bags,Elite Essentials,78.52,102.08,https://f.nooncdn.com/p/pzsku/ZE1C0805409E9679EEECFZ/45/_/1778138091/2d68286c-4a6c-4e71-b285-ba24ece93ac0.jpg?format=webp&amp;width=800,https://namshiglobalstore.com/product-detail?id=477&demo=0
478,Styli,Men,,Elite Essentials,126.84,164.89,https://f.nooncdn.com/p/pzsku/Z78732C8154838C04257EZ/45/_/1779904744/09e95ad3-7dda-4118-b16e-f0ba7abd8e45.jpg?format=webp&amp;width=800,https://namshiglobalstore.com/product-detail?id=478&demo=0
479,Medium Brasilia Backpack 9.5 (24L),UNISEX,"Bags, NIKE",Elite Essentials,108.32,140.82,https://f.nooncdn.com/p/pzsku/ZF1DA957F363A26C9A8C4Z/45/1766828402/af16786b-31d8-430f-8320-78532a2ac6a0.jpg?format=webp&amp;width=800,https://namshiglobalstore.com/product-detail?id=479&demo=0
480,CALVIN KLEIN,Men,Bags,Elite Essentials,149.04,193.75,https://f.nooncdn.com/p/pzsku/ZFD07C03413D2DFD6A131Z/45/_/1782815961/42d3219f-7c05-465e-adef-50d0b5470aa3.jpg?format=webp&amp;width=800,https://namshiglobalstore.com/product-detail?id=480&demo=0
481,FYOR,Women,Bags,Elite Essentials,145.57,189.24,https://f.nooncdn.com/p/pzsku/Z27CA3592D204E51796C3Z/45/_/1783069438/f6efbad0-b918-4dca-9c6a-c83d31077b08.jpg?format=webp&amp;width=800,https://namshiglobalstore.com/product-detail?id=481&demo=0
482,Mango Man 100% cotton slim-fit striped shirt for Men | Best Price UAE,Men,"Men, Clothing, Clothing Shirts",Elite Essentials,158.74,206.36,https://f.nooncdn.com/p/pzsku/Z9DB0B98CACA5998EC0A1Z/45/_/1774982363/184609cd-cac5-4090-9065-42f789829de2.jpg?format=webp&width=800,https://namshiglobalstore.com/product-detail?id=482&demo=0
483,VALENTINO BY MARIO V,Women,"Bags, Women",Elite Essentials,140.64,182.83,https://f.nooncdn.com/p/pzsku/Z25590365DF46281337CFZ/45/_/1777110258/532bdf48-a20a-4e62-8385-f63fe281b705.jpg?format=webp&width=800,https://namshiglobalstore.com/product-detail?id=483&demo=0
484,CALVIN KLEIN Logo B,Women,"Women, Clothing",Elite Essentials,64.0,83.2,https://f.nooncdn.com/p/pzsku/ZE5B2B0F759CB52509BA0Z/45/_/1777277974/2f8bf103-ad8d-4501-9f99-3691b3e18118.jpg?format=webp&width=800,https://namshiglobalstore.com/product-detail?id=484&demo=0
485,CALVIN KLEIN SHORELI,Women,"Women, Clothing",Elite Essentials,87.04,113.15,https://f.nooncdn.com/p/pzsku/Z9C6A2E93D45F720818E6Z/45/_/1779121463/e5001bb9-c66e-4b5a-b386-b937a2c3f0ba.jpg?format=webp&width=800,https://namshiglobalstore.com/product-detail?id=485&demo=0
486,Calvin Klein Jeans,Women,Women,Elite Essentials,151.07,196.39,https://f.nooncdn.com/p/pzsku/ZFC5A3949744EF735421FZ/45/_/1776064923/29f309ac-d14e-47cd-826b-b0f94fc14901.jpg?format=webp&width=800,https://namshiglobalstore.com/product-detail?id=486&demo=0
487,Calvin Klein Jeans,Women,"Women, Clothing",Elite Essentials,131.51,170.96,https://f.nooncdn.com/p/pzsku/ZC6F719EDDED873856658Z/45/_/1773138569/d8db82dd-1826-4959-a5ce-e6cc09318978.jpg?format=webp&width=800,https://namshiglobalstore.com/product-detail?id=487&demo=0
488,Adidas BLACAR/BLACAR,Men,Men,Elite Essentials,113.32,147.32,https://f.nooncdn.com/p/pzsku/Z76020231D0CF059BF0BBZ/45/1748422431/bcf18f2e-f9e5-4fad-af92-f3dbbcbd0f50.jpg?format=webp&width=800,https://namshiglobalstore.com/product-detail?id=488&demo=0
489,اشتري فيرزاتشي ساعة,Men,Men,Elite Essentials,145.01,188.51,https://f.nooncdn.com/p/pzsku/ZB7337873CDC93B669F53Z/45/1762170799/726fa5d5-c2a9-49ed-a2e5-a2b265330083.jpg?format=webp&width=800,https://namshiglobalstore.com/product-detail?id=489&demo=0
490,DIESEL Logo Elegant,Men,Men,Elite Essentials,120.68,156.88,https://f.nooncdn.com/p/pzsku/ZC229E24F723D1118262CZ/45/1758614650/e16c7943-faf5-449a-835c-93c5416081c2.jpg?format=webp&width=800,https://namshiglobalstore.com/product-detail?id=490&demo=0
491,CALVIN KLEIN BLACK S,Men,Men,Elite Essentials,105.06,136.58,https://f.nooncdn.com/p/pzsku/ZF17BB20D99A5D55E5328Z/45/_/1780550194/0564c73c-f18b-491f-9d1b-22f472553576.jpg?format=webp&width=800,https://namshiglobalstore.com/product-detail?id=491&demo=0
492,GLAMOROUS BLUE Heele,Women,Women,Elite Essentials,80.42,104.55,https://f.nooncdn.com/p/pzsku/Z3B07D497AEEA1C6B9EEDZ/45/_/1782256911/487d9ce7-d867-466d-8ba7-9a8b5871bcbb.jpg?format=webp&width=800,https://namshiglobalstore.com/product-detail?id=492&demo=0
493,TOMMY JEANS Dark Nig,Women,"Bags, Women",Elite Essentials,127.57,165.84,https://f.nooncdn.com/p/pzsku/Z561C2066D70952F06705Z/45/_/1782820712/801db5aa-57ba-4824-bd28-170af8eead60.jpg?format=webp&width=800,https://namshiglobalstore.com/product-detail?id=493&demo=0
494,THE NORTH FACE Black,Women,"Bags, Women",Elite Essentials,99.29,129.08,https://f.nooncdn.com/p/pzsku/Z0A09F4F5EDA581D00B3DZ/45/1761829992/9320cb98-df19-4ccb-a2a0-d3a5a4400ecc.jpg?format=webp&width=800,https://namshiglobalstore.com/product-detail?id=494&demo=0
495,THE NORTH FACE Black,Men,"Bags, Men",Elite Essentials,141.62,184.11,https://f.nooncdn.com/p/pzsku/Z24406579569A2F107619Z/45/1761895254/783dfd55-fa23-4d33-b9f0-8af381ea3794.jpg?format=webp&width=800,https://namshiglobalstore.com/product-detail?id=495&demo=0
496,Celeste BROWN Women,Women,Women,Elite Essentials,68.69,89.3,https://f.nooncdn.com/p/pzsku/ZBBDC292AD112260E5746Z/45/_/1780386245/819f185a-0811-4e6a-876d-cf8399ecbefb.jpg?format=webp&width=800,https://namshiglobalstore.com/product-detail?id=496&demo=0
497,Ella Limited Edition,Women,Women,Elite Essentials,118.46,154.0,https://f.nooncdn.com/p/pzsku/ZD3DB36F8FF665553824DZ/45/_/1776169311/d5ae5761-3eb3-4b9c-ac5f-8c1064fae62c.jpg?format=webp&width=800,https://namshiglobalstore.com/product-detail?id=497&demo=0
498,Celeste BROWN Women,Women,Women,Elite Essentials,112.34,146.04,https://f.nooncdn.com/p/pzsku/Z8D7D4AC50BF9930E9575Z/45/_/1783293298/87d85e9d-1890-4a8b-9cfb-84ed1d169c91.jpg?format=webp&width=800,https://namshiglobalstore.com/product-detail?id=498&demo=0
499,FOSSIL Carlie Leath,Women,Women,Elite Essentials,124.56,161.93,https://f.nooncdn.com/p/pzsku/ZE5B5F3BA2B3B827BE491Z/45/1753248237/cac5f9b4-0be6-4754-89d1-3d766b2704ed.jpg?format=webp&width=800,https://namshiglobalstore.com/product-detail?id=499&demo=0
501,PINACOLADA Women's,Women,"Women, Clothing",Michael’s fashion store,23.14,30.08,https://f.nooncdn.com/p/e10e5ee55fa652a2bf3d29a442dc8fd9|pzsku/Z4EA866563D9415755521Z/45/1770895877/5f4908b3-fe8b-40c5-acfc-0382830c1d07.jpg?format=webp&width=800,https://namshiglobalstore.com/product-detail?id=501&demo=0
502,New Balance MOONBEAM,Women,Women,Michael’s fashion store,23.26,30.24,https://f.nooncdn.com/p/pzsku/Z7CCF318E15F4384F6319Z/45/_/1776169433/310288a1-e440-4a13-a686-1b186279411c.jpg?format=webp&width=800,https://namshiglobalstore.com/product-detail?id=502&demo=0
503,Ionic Gold Plated St,Women's Earrings Stud,Women,Michael’s fashion store,28.14,36.58,https://f.nooncdn.com/p/pzsku/ZA669C8BB868F63A76BB4Z/45/1746747187/0894fe04-de4d-40ee-99d4-685465e30f6b.jpg?width=1200,https://namshiglobalstore.com/product-detail?id=503&demo=0
504,Ashlyn Logo Detail C,"Women's Wallets, Card Cases & Money Organizers",Women,Michael’s fashion store,28.14,36.58,https://f.nooncdn.com/p/pzsku/Z6FEFC0526145C21C5BBCZ/45/1761162346/bea73721-4ca0-414f-9544-9030ca29a425.jpg?width=1200,https://namshiglobalstore.com/product-detail?id=504&demo=0
505,Nike TEAM CRIMSON/WH,Women,Women,Michael’s fashion store,28.78,37.41,https://f.nooncdn.com/p/pzsku/Z83B95AD00AE8778B64E2Z/45/_/1776094510/f337703d-8c1f-4fc8-a336-a25b3fbca5e7.jpg?format=webp&width=800,https://namshiglobalstore.com/product-detail?id=505&demo=0
506,New Balance WHITE (1,Women,Women,Michael’s fashion store,29.71,38.62,https://f.nooncdn.com/p/pzsku/ZA0D2BF7F74C3355AF1B5Z/45/_/1781856127/6ab41e5a-d6da-4c84-89c9-1f44da0dc8e1.jpg?format=webp&width=800,https://namshiglobalstore.com/product-detail?id=506&demo=0
507,Eros EDP For Women 1,Fragrance,Fragrance,Michael’s fashion store,30.22,39.29,https://f.nooncdn.com/p/pzsku/Z33ED31E97275A99D2ED7Z/45/_/1779710508/101be804-8efd-43c3-a170-c604e7c381ef.jpg?width=1200,https://namshiglobalstore.com/product-detail?id=507&demo=0
508,Nike PHANTOM/PHANTOM,kids,"Kids Boys, Kids Shoes Boys",Michael’s fashion store,34.81,45.25,https://f.nooncdn.com/p/pzsku/Z9AA74FFD8F7A9B59EC03Z/45/_/1780065158/4090fd80-a79a-440d-884b-c6e5ed89b3e5.jpg?format=webp&width=800,https://namshiglobalstore.com/product-detail?id=508&demo=0
509,Ergonomic gaming cha,Video Game Chairs,Furniture,Michael’s fashion store,37.18,48.33,https://f.nooncdn.com/p/pzsku/ZF9163F59DFB2B2B9295AZ/45/1764128212/779d02ac-a473-4e27-8791-27a3bfe851c1.jpg?width=1200,https://namshiglobalstore.com/product-detail?id=509&demo=0
510,Medium Brasilia Backpack 9.5 (24L),UNISEX,"Bags, NIKE",Michael’s fashion store,37.54,48.8,https://f.nooncdn.com/p/pzsku/ZF1DA957F363A26C9A8C4Z/45/1766828402/af16786b-31d8-430f-8320-78532a2ac6a0.jpg?format=webp&amp;width=800,https://namshiglobalstore.com/product-detail?id=510&demo=0
511,ELLA Off Shoulder T,Women,"Women, Clothing",Michael’s fashion store,38.52,50.08,https://f.nooncdn.com/p/pzsku/Z5E23EAF15C5821DA4EA4Z/45/1755260533/a1cace7b-c108-4527-81af-4c1958ee7301.jpg?format=webp&width=800,https://namshiglobalstore.com/product-detail?id=511&demo=0
512,COACH 2-Hand Cadie,Women,Women,Michael’s fashion store,39.01,50.71,https://f.nooncdn.com/p/pzsku/Z65CC8AC887A805D0EEF6Z/45/_/1698978351/6ff7971d-d7a1-4432-bf30-a48837fcbe49.jpg?format=webp&width=800,https://namshiglobalstore.com/product-detail?id=512&demo=0
513,CHASE Abir 2.0 Dres,Women,"Women, Clothing",Michael’s fashion store,39.88,51.84,https://f.nooncdn.com/p/pzsku/Z275E41FFC56E59DF1A42Z/45/1760184701/7a50e650-8ab1-405a-a0e6-7aabfb3e5eec.jpg?format=webp&width=800,https://namshiglobalstore.com/product-detail?id=513&demo=0
514,Hermès Ex-Libris pen,Equestrian,Women,Elite Essentials,4809.6,6252.48,"https://assets.hermes.com/is/image/hermesproduct/222311B%2000_worn_1?size=3000,3000&extend=0,0,0,0&align=0,0&$product_item_grid_g$&wid=400&hei=400",https://namshiglobalstore.com/product-detail?id=514&demo=0
515,"Mix and H necklace,",Equestrian,Women,Elite Essentials,10195.2,13253.76,"https://assets.hermes.com/is/image/hermesproduct/124209B%2000_front_wm_2?size=3000,3000&extend=0,0,0,0&align=0,0&$product_item_grid_g$&wid=400&hei=400",https://namshiglobalstore.com/product-detail?id=515&demo=0
516,"Cape Cod watch, Smal",Timepieces,Women,Elite Essentials,3326.4,4324.32,"https://assets.hermes.com/is/image/hermesproduct/403521WW00_front_1?size=3000,3000&extend=300,300,300,300&align=0,0&$product_item_grid_g$&wid=400&hei=400",https://namshiglobalstore.com/product-detail?id=516&demo=0
527,Just Nature mint gre,Women,"Women, Clothing",Michael’s fashion store,52.0,67.6,https://f.nooncdn.com/p/pzsku/Z1188224B04101408812DZ/45/1764886695/d5195cb6-9997-4792-a787-4ff9aaa0ed23.jpg?format=webp&width=800,https://namshiglobalstore.com/product-detail?id=527&demo=0
528,PUMA,Women,,Michael’s fashion store,52.87,68.73,https://f.nooncdn.com/p/pzsku/Z271AFB874E51BBD46567Z/45/_/1780056516/bbdc9a43-9118-4fc9-9f2e-11a124bd8430.jpg?format=webp&amp;width=800,https://namshiglobalstore.com/product-detail?id=528&demo=0
529,Sunfere Tiana Cap S,Women,"Women, Clothing",Michael’s fashion store,57.5,74.75,https://f.nooncdn.com/p/pzsku/ZCC51D3C4B9BFA5E8E7E6Z/45/_/1783666883/645e98bc-89c3-4be0-82c2-c6a509bfe2c1.jpg?format=webp&width=800,https://namshiglobalstore.com/product-detail?id=529&demo=0
530,Sunfere Every Love,Women,"Women, Clothing",Michael’s fashion store,59.15,76.9,https://f.nooncdn.com/p/pzsku/ZF394A21D1303A473B276Z/45/_/1783667108/17fe3518-4ee1-43fc-9ad3-dc01383cf07d.jpg?format=webp&width=800,https://namshiglobalstore.com/product-detail?id=530&demo=0
531,LACOSTE L12Sw Analo,Men,Women,Michael’s fashion store,63.6,82.68,https://f.nooncdn.com/p/pzsku/Z854577B1F4A54BFB91B5Z/45/_/1783494241/1f9a68da-7c01-4f3a-a490-1f29bc994008.jpg?format=webp&width=800,https://namshiglobalstore.com/product-detail?id=531&demo=0
532,TOMMY HILFIGER,Men,Bags,Michael’s fashion store,83.83,108.98,https://f.nooncdn.com/p/pzsku/ZF48CF756BFD33173B479Z/45/_/1733390983/d7afcb5d-9af9-46bc-a4dc-6cbae880da87.jpg?format=webp&amp;width=800,https://namshiglobalstore.com/product-detail?id=532&demo=0
533,TOMMY HILFIGER,Men,Bags,Michael’s fashion store,83.83,108.98,https://f.nooncdn.com/p/pzsku/ZF48CF756BFD33173B479Z/45/_/1733390983/d7afcb5d-9af9-46bc-a4dc-6cbae880da87.jpg?format=webp&amp;width=800,https://namshiglobalstore.com/product-detail?id=533&demo=0
534,PARAJOHN Bubalio 30L School Backpack,UNISEX,"Bags, Backpacks",Michael’s fashion store,93.25,121.23,https://f.nooncdn.com/p/pzsku/Z945D0574FC930178AD7BZ/45/1756709463/6c2f6102-b8ce-4560-9970-ce76f412488f.jpg?format=webp&amp;width=800,https://namshiglobalstore.com/product-detail?id=534&demo=0
535,New Balance 740 cas,Women,Women,Michael’s fashion store,94.13,122.37,https://f.nooncdn.com/p/pzsku/Z4A9E4335F29DC7B32F54Z/45/_/1776864917/e05e51ac-aae2-4334-84c8-6a33f2ac395f.jpg?format=webp&width=800,https://namshiglobalstore.com/product-detail?id=535&demo=0
536,New Balance Black 53,Women,Women,Michael’s fashion store,95.44,124.07,https://f.nooncdn.com/p/pzsku/Z0BE44566A09E127A86D9Z/45/1767432470/e1f1ef0b-9095-4f0e-94fe-1bdd6349adbb.jpg?format=webp&width=800,https://namshiglobalstore.com/product-detail?id=536&demo=0
537,Bella Barnett Palez,Women,"Women, Clothing",Michael’s fashion store,98.15,127.6,https://f.nooncdn.com/p/pzsku/Z309E05A78A8D6B1C5740Z/45/1761098743/abe58794-0f6e-46b9-94c7-3b6e259cb536.jpg?format=webp&width=800,https://namshiglobalstore.com/product-detail?id=537&demo=0
538,Soleira,Women,,Michael’s fashion store,102.13,132.77,https://f.nooncdn.com/p/pzsku/ZBA1F9A6C7AB54F06D5E3Z/45/_/1780749700/c7761075-e733-46ae-8ad6-9216f64d6cee.jpg?format=webp&amp;width=800,https://namshiglobalstore.com/product-detail?id=538&demo=0
539,Nike ANTHRACITE/BLUE,kids,"Kids Boys, Kids Shoes Boys",Michael’s fashion store,106.46,138.4,https://f.nooncdn.com/p/pzsku/Z2BB8E23852869A5E3952Z/45/_/1776169459/be33154b-89f6-4c5b-9498-2ebaffddd078.jpg?format=webp&width=800,https://namshiglobalstore.com/product-detail?id=539&demo=0
540,Nike Initiator,Women,,Michael’s fashion store,128.54,167.1,https://f.nooncdn.com/p/pzsku/Z429CF31007A011DAE28BZ/45/_/1776094507/5b0eff03-7905-4a66-b2eb-51bca49be1a2.jpg?format=webp&amp;width=800,https://namshiglobalstore.com/product-detail?id=540&demo=0
541,VALENTINO BY MARIO V,Women,"Bags, Women",Michael’s fashion store,140.64,182.83,https://f.nooncdn.com/p/pzsku/Z25590365DF46281337CFZ/45/_/1777110258/532bdf48-a20a-4e62-8385-f63fe281b705.jpg?format=webp&width=800,https://namshiglobalstore.com/product-detail?id=541&demo=0
542,Jordan BROWN KELP/KH,Women,Women,Michael’s fashion store,142.49,185.24,https://f.nooncdn.com/p/pzsku/Z8321CED80F8806173EB3Z/45/_/1776094416/93ae1b01-7ca5-4dac-9685-e6d6b41fb75b.jpg?format=webp&width=800,https://namshiglobalstore.com/product-detail?id=542&demo=0
543,Threadz by Ajooni P,Women,"Women, Clothing",Michael’s fashion store,145.42,189.05,https://f.nooncdn.com/p/pzsku/Z5A4C11B7028D8982F39FZ/45/_/1778237990/2a84bc8f-6f39-45cb-8831-a1bb2e20805e.jpg?format=webp&width=800,https://namshiglobalstore.com/product-detail?id=543&demo=0
544,CALVIN KLEIN Monogr,Women,"Bags, Women",Michael’s fashion store,75.01,97.51,https://f.nooncdn.com/p/pzsku/ZC2B37791B3856AF28F5FZ/45/1754897540/3e019b78-6607-4d47-a2b4-a2ae22df769f.jpg?format=webp&width=800,https://namshiglobalstore.com/product-detail?id=544&demo=0
545,SURALLOW RX 580 Gra,Graphics Cards,Computers & Accessories,The Fashion Vault,69.98,90.97,https://f.nooncdn.com/p/pzsku/ZE026852C6DF766923967Z/45/_/1780304472/e907da6b-ebc0-4cef-9020-3673083a3a78.jpg?width=1200,https://namshiglobalstore.com/product-detail?id=545&demo=0
546,TUF Gaming RTX 5070,Graphics Cards,Computers & Accessories,The Fashion Vault,447.74,582.06,https://f.nooncdn.com/p/pzsku/ZC83C39295FD660A2F30EZ/45/_/1779791639/67def573-e782-413d-a70e-c6059f30fc14.jpg?width=1200,https://namshiglobalstore.com/product-detail?id=546&demo=0
547,Nova Gaming PC - Int,Tower PCs,Computers & Accessories,The Fashion Vault,839.66,1091.56,https://f.nooncdn.com/p/pzsku/Z8A579A8F0735263E907CZ/45/1767896782/0b5d0280-a46c-4d0f-ab70-23df8570a788.jpg?width=1200,https://namshiglobalstore.com/product-detail?id=547&demo=0
548,Dark Nova Gaming PC,Tower PCs,Computers & Accessories,The Fashion Vault,558.31,725.8,https://f.nooncdn.com/p/pzsku/Z9D1C5E3C024412118849Z/45/1767448303/1056684b-05ee-4d8e-8037-8b61d8c4d92a.jpg?width=1200,https://namshiglobalstore.com/product-detail?id=548&demo=0
549,HiFly Gaming PC - In,Tower PCs,Computers & Accessories,The Fashion Vault,1111.97,1445.56,https://f.nooncdn.com/p/pzsku/Z8750F57DD91D7326C9EEZ/45/1767960716/ea926bfb-926b-4b53-bb6e-bb917eb52002.jpg?width=1200,https://namshiglobalstore.com/product-detail?id=549&demo=0
550,32 Inch Curved Gamin,Monitors,Computers & Accessories,The Fashion Vault,547.93,712.31,https://f.nooncdn.com/p/pzsku/Z03275D060BE64E1BC4A2Z/45/_/1772091255/9e41a1fb-062c-4e0d-8b4a-0553f3b91344.jpg?width=1200,https://namshiglobalstore.com/product-detail?id=550&demo=0
551,27 Odyssey G5 QHD 20,Monitors,Computers & Accessories,The Fashion Vault,380.41,494.53,https://f.nooncdn.com/p/pzsku/ZD2E715A90C7CB76540BEZ/45/_/1779189814/cb9dea99-4d13-4b2e-863e-5fc9a2efe705.jpg?width=1200,https://namshiglobalstore.com/product-detail?id=551&demo=0
552,Men Stainless Steel,Men's Wrist Watches,Men,The Fashion Vault,44.78,58.21,https://f.nooncdn.com/p/pzsku/Z55914D5E92846A6E53AAZ/45/_/1779709599/cee7f296-6053-4c6f-a122-8095737a8743.jpg?width=1200,https://namshiglobalstore.com/product-detail?id=552&demo=0
553,Men Stainless Steel,Men's Wrist Watches,Men,The Fashion Vault,43.55,56.62,https://f.nooncdn.com/p/pzsku/Z918B97FE4A211E876927Z/45/_/1779703710/dfc31741-f1ba-4c93-a820-f8ec086d0680.jpg?width=1200,https://namshiglobalstore.com/product-detail?id=553&demo=0
554,Pleated A-Line Midi Skirt,Women,,Michael’s fashion store,36.44,47.37,https://f.nooncdn.com/p/pzsku/Z82F88055EBBF2249A53FZ/45/1755515268/6f19fb1b-9ba2-48c9-b2a3-42c9aa1f782b.jpg?format=webp&amp;width=800,https://namshiglobalstore.com/product-detail?id=554&demo=0
555,Flora Bella,Accessories,Bags,Michael’s fashion store,78.52,102.08,https://f.nooncdn.com/p/pzsku/ZE1C0805409E9679EEECFZ/45/_/1778138091/2d68286c-4a6c-4e71-b285-ba24ece93ac0.jpg?format=webp&amp;width=800,https://namshiglobalstore.com/product-detail?id=555&demo=0
556,Hermès Ex-Libris ear,Equestrian,Women,Michael’s fashion store,1123.2,1460.16,"https://assets.hermes.com/is/image/hermesproduct/120544B%2000_worn_1?size=3000,3000&extend=0,0,0,0&align=0,0&$product_item_grid_g$&wid=400&hei=400",https://namshiglobalstore.com/product-detail?id=556&demo=0
557,Point Sellier left s,Earrings,Women,Michael’s fashion store,385.92,501.7,"https://assets.hermes.com/is/image/hermesproduct/126528B%2000_front_wm_1?size=3000,3000&extend=0,0,0,0&align=0,0&$product_item_grid_g$&wid=400&hei=400",https://namshiglobalstore.com/product-detail?id=557&demo=0
558,Collier de chien rin,Equestrian,Women,Michael’s fashion store,1440.0,1872.0,"https://assets.hermes.com/is/image/hermesproduct/108118B%2000_worn_3?size=3000,3000&extend=0,0,0,0&align=0,0&$product_item_grid_g$&wid=400&hei=400",https://namshiglobalstore.com/product-detail?id=558&demo=0
559,Fil Rond wedding ban,Precious moments,Women,Michael’s fashion store,892.8,1160.64,"https://assets.hermes.com/is/image/hermesproduct/119800B%2000_front_1?size=3000,3000&extend=300,300,300,300&align=0,0&$product_item_grid_g$&wid=800&hei=800",https://namshiglobalstore.com/product-detail?id=559&demo=0
560,Ariane wedding band,Precious moments,Women,Michael’s fashion store,950.4,1235.52,"https://assets.hermes.com/is/image/hermesproduct/119834B%2000_front_wm_1?size=3000,3000&extend=0,0,0,0&align=0,0&$product_item_grid_g$&wid=800&hei=800",https://namshiglobalstore.com/product-detail?id=560&demo=0
561,Ariane wedding band,Precious moments,Women,Michael’s fashion store,864.0,1123.2,"https://assets.hermes.com/is/image/hermesproduct/123618B%2000_front_wm_2?size=3000,3000&extend=0,0,0,0&align=0,0&$product_item_grid_g$&wid=800&hei=800",https://namshiglobalstore.com/product-detail?id=561&demo=0
562,Ever Herakles weddin,Precious moments,Women,Michael’s fashion store,1368.0,1778.4,"https://assets.hermes.com/is/image/hermesproduct/119853B%2000_worn_1?size=3000,3000&extend=0,0,0,0&align=0,0&$product_item_grid_g$&wid=800&hei=800",https://namshiglobalstore.com/product-detail?id=562&demo=0
563,DIESEL Logo Elegant,Men,Men,Elite Haven,120.68,156.88,https://f.nooncdn.com/p/pzsku/ZC229E24F723D1118262CZ/45/1758614650/e16c7943-faf5-449a-835c-93c5416081c2.jpg?format=webp&width=800,https://namshiglobalstore.com/product-detail?id=563&demo=0
564,Kelly ring,Kelly,Women,Elite Haven,3945.6,5129.28,"https://assets.hermes.com/is/image/hermesproduct/224604B%2000_front_wm_2?size=3000,3000&extend=0,0,0,0&align=0,0&$product_item_grid_g$&wid=800&hei=800",https://namshiglobalstore.com/product-detail?id=564&demo=0
565,Kelly Cadenas pendan,Kelly,Women,Elite Haven,3888.0,5054.4,"https://assets.hermes.com/is/image/hermesproduct/121333B%2000_front_wm_2?size=3000,3000&extend=0,0,0,0&align=0,0&$product_item_grid_g$&wid=800&hei=800",https://namshiglobalstore.com/product-detail?id=565&demo=0
566,Kelly Chaine bracele,Kelly,Women,Elite Haven,4694.4,6102.72,"https://assets.hermes.com/is/image/hermesproduct/218470B%2000_front_wm_2?size=3000,3000&extend=0,0,0,0&align=0,0&$product_item_grid_g$&wid=800&hei=800",https://namshiglobalstore.com/product-detail?id=566&demo=0
567,Kelly Clochette brac,Kelly,Women,Elite Haven,2577.6,3350.88,"https://assets.hermes.com/is/image/hermesproduct/220467B%2000_front_wm_2?size=3000,3000&extend=0,0,0,0&align=0,0&$product_item_grid_g$&wid=800&hei=800",https://namshiglobalstore.com/product-detail?id=567&demo=0
568,Chaine d'ancre Verso,Chaînes d’ancre,Women,Elite Haven,6681.6,8686.08,"https://assets.hermes.com/is/image/hermesproduct/125516B%2000_front_wm_2?size=3000,3000&extend=0,0,0,0&align=0,0&$product_item_grid_g$&wid=400&hei=400",https://namshiglobalstore.com/product-detail?id=568&demo=0
569,Chaine d'ancre Danae,Chaînes d’ancre,Women,Elite Haven,2721.6,3538.08,"https://assets.hermes.com/is/image/hermesproduct/222621B%2000_worn_1?size=3000,3000&extend=0,0,0,0&align=0,0&$product_item_grid_g$&wid=400&hei=400",https://namshiglobalstore.com/product-detail?id=569&demo=0
570,"Farandole earrings,",Chaînes d’ancre,Women,Elite Haven,1051.2,1366.56,"https://assets.hermes.com/is/image/hermesproduct/113503B%2000_worn_1?size=3000,3000&extend=0,0,0,0&align=0,0&$product_item_grid_g$&wid=400&hei=400",https://namshiglobalstore.com/product-detail?id=570&demo=0
571,"Farandole pendant, s",Chaînes d’ancre,Women,Elite Haven,1627.2,2115.36,"https://assets.hermes.com/is/image/hermesproduct/108615B%2000_worn_1?size=3000,3000&extend=0,0,0,0&align=0,0&$product_item_grid_g$&wid=400&hei=400",https://namshiglobalstore.com/product-detail?id=571&demo=0
572,Chaine d'ancre Encha,Chaînes d’ancre,Women,Elite Haven,512.64,666.43,"https://assets.hermes.com/is/image/hermesproduct/109506B%2000_worn_1?size=3000,3000&extend=0,0,0,0&align=0,0&$product_item_grid_g$&wid=400&hei=400",https://namshiglobalstore.com/product-detail?id=572&demo=0
573,"H d'ancre ring, smal",Chaînes d’ancre,Women,Elite Haven,2304.0,2995.2,"https://assets.hermes.com/is/image/hermesproduct/116601B%2000_worn_1?size=3000,3000&extend=0,0,0,0&align=0,0&$product_item_grid_g$&wid=400&hei=400",https://namshiglobalstore.com/product-detail?id=573&demo=0
574,Hermès Clou d'H brac,Equestrian,Women,Elite Haven,1483.2,1928.16,"https://assets.hermes.com/is/image/hermesproduct/223401B%2000_worn_1?size=3000,3000&extend=0,0,0,0&align=0,0&$product_item_grid_g$&wid=400&hei=400",https://namshiglobalstore.com/product-detail?id=574&demo=0
575,Hermès Clou d'H ring,Equestrian,Women,Elite Haven,1137.6,1478.88,"https://assets.hermes.com/is/image/hermesproduct/123646B%2000_worn_1?size=3000,3000&extend=0,0,0,0&align=0,0&$product_item_grid_g$&wid=400&hei=400",https://namshiglobalstore.com/product-detail?id=575&demo=0
576,"Clou de forge ring,",Equestrian,Women,Elite Haven,676.8,879.84,"https://assets.hermes.com/is/image/hermesproduct/122610B%2000_front_wm_2?size=3000,3000&extend=0,0,0,0&align=0,0&$product_item_grid_g$&wid=400&hei=400",https://namshiglobalstore.com/product-detail?id=576&demo=0
577,Hermès Ex-Libris ear,Equestrian,Women,Elite Haven,1123.2,1460.16,"https://assets.hermes.com/is/image/hermesproduct/120544B%2000_worn_1?size=3000,3000&extend=0,0,0,0&align=0,0&$product_item_grid_g$&wid=400&hei=400",https://namshiglobalstore.com/product-detail?id=577&demo=0
578,Hermès Clou d'H pend,Equestrian,Women,Elite Haven,1972.8,2564.64,"https://assets.hermes.com/is/image/hermesproduct/223201B%2000_worn_1?size=3000,3000&extend=0,0,0,0&align=0,0&$product_item_grid_g$&wid=400&hei=400",https://namshiglobalstore.com/product-detail?id=578&demo=0
579,Hermès Clou d'H ring,Equestrian,Women,Elite Haven,1123.2,1460.16,"https://assets.hermes.com/is/image/hermesproduct/223601B%2000_worn_1?size=3000,3000&extend=0,0,0,0&align=0,0&$product_item_grid_g$&wid=400&hei=400",https://namshiglobalstore.com/product-detail?id=579&demo=0
580,Hermès Ex-Libris bra,Equestrian,Women,Elite Haven,2347.2,3051.36,"https://assets.hermes.com/is/image/hermesproduct/120441B%2000_worn_1?size=3000,3000&extend=0,0,0,0&align=0,0&$product_item_grid_g$&wid=400&hei=400",https://namshiglobalstore.com/product-detail?id=580&demo=0
581,Collier de chien rin,Equestrian,Women,Elite Haven,1440.0,1872.0,"https://assets.hermes.com/is/image/hermesproduct/108118B%2000_worn_3?size=3000,3000&extend=0,0,0,0&align=0,0&$product_item_grid_g$&wid=400&hei=400",https://namshiglobalstore.com/product-detail?id=581&demo=0
582,Hermès Ex-Libris ear,Equestrian,Women,Elite Haven,3283.2,4268.16,"https://assets.hermes.com/is/image/hermesproduct/222524B%2000_worn_1?size=3000,3000&extend=0,0,0,0&align=0,0&$product_item_grid_g$&wid=400&hei=400",https://namshiglobalstore.com/product-detail?id=582&demo=0
583,Ever Kelly wedding b,Precious moments,Women,Elite Haven,1123.2,1460.16,"https://assets.hermes.com/is/image/hermesproduct/119862B%2000_worn_1?size=3000,3000&extend=0,0,0,0&align=0,0&$product_item_grid_g$&wid=800&hei=800",https://namshiglobalstore.com/product-detail?id=583&demo=0
584,Ariane wedding band,Precious moments,Women,Elite Haven,950.4,1235.52,"https://assets.hermes.com/is/image/hermesproduct/119834B%2000_front_wm_1?size=3000,3000&extend=0,0,0,0&align=0,0&$product_item_grid_g$&wid=800&hei=800",https://namshiglobalstore.com/product-detail?id=584&demo=0
585,Ever Herakles weddin,Precious moments,Women,Elite Haven,1080.0,1404.0,"https://assets.hermes.com/is/image/hermesproduct/119854B%2000_front_wm_1?size=3000,3000&extend=0,0,0,0&align=0,0&$product_item_grid_g$&wid=800&hei=800",https://namshiglobalstore.com/product-detail?id=585&demo=0
586,Ever Herakles weddin,Precious moments,Women,Elite Haven,1368.0,1778.4,"https://assets.hermes.com/is/image/hermesproduct/119853B%2000_worn_1?size=3000,3000&extend=0,0,0,0&align=0,0&$product_item_grid_g$&wid=800&hei=800",https://namshiglobalstore.com/product-detail?id=586&demo=0
587,"Kelly ring, small mo",Kelly,Women,Elite Haven,2044.8,2658.24,"https://assets.hermes.com/is/image/hermesproduct/109041B%2000_worn_1?size=3000,3000&extend=0,0,0,0&align=0,0&$product_item_grid_g$&wid=800&hei=800",https://namshiglobalstore.com/product-detail?id=587&demo=0
588,BIRKENSTOCK,Women,,Elite Essentials,96.18,125.03,https://f.nooncdn.com/p/pzsku/ZEDF606C9711ADBD03B56Z/45/_/1782197806/cbfef362-a622-436b-af27-34734686ba42.jpg?format=webp&amp;width=800,https://namshiglobalstore.com/product-detail?id=588&demo=0
589,Celeste,Women,Bags,Elite Essentials,101.05,131.37,https://f.nooncdn.com/p/pzsku/ZC86C75D1C78DAAECE4B8Z/45/_/1781799772/ac030013-92f3-4e47-a6b8-980848da6891.jpg?format=webp&amp;width=800,https://namshiglobalstore.com/product-detail?id=589&demo=0
590,Kelly Chaine bracele,Kelly,Women,The Fashion Vault,7430.4,9659.52,"https://assets.hermes.com/is/image/hermesproduct/221411B%2000_front_wm_1?size=3000,3000&extend=0,0,0,0&align=0,0&$product_item_grid_g$&wid=800&hei=800",https://namshiglobalstore.com/product-detail?id=590&demo=0
591,"Farandole pendant, s",Chaînes d’ancre,Women,The Fashion Vault,1627.2,2115.36,"https://assets.hermes.com/is/image/hermesproduct/108615B%2000_worn_1?size=3000,3000&extend=0,0,0,0&align=0,0&$product_item_grid_g$&wid=400&hei=400",https://namshiglobalstore.com/product-detail?id=591&demo=0
592,Hermès Clou d'H pend,Equestrian,Women,The Fashion Vault,1972.8,2564.64,"https://assets.hermes.com/is/image/hermesproduct/223201B%2000_worn_1?size=3000,3000&extend=0,0,0,0&align=0,0&$product_item_grid_g$&wid=400&hei=400",https://namshiglobalstore.com/product-detail?id=592&demo=0
593,Adidas CBLACK/CBLACK,Men,Men,Michael’s fashion store,15.73,20.45,https://f.nooncdn.com/p/pzsku/ZC86C0D609F5497B5B404Z/45/_/1776169177/65779f18-b347-4683-a574-ee068f25511d.jpg?format=webp&width=800,https://namshiglobalstore.com/product-detail?id=593&demo=0
594,Pack of 2 Canon Pixm,Ink Cartridges,Computers & Accessories,Michael’s fashion store,19.15,24.9,https://f.nooncdn.com/p/pzsku/Z873EBD05F5ABF595A6B7Z/45/_/1779790794/c25e59ff-cba6-4151-9a98-f1ef334a3544.jpg?width=1200,https://namshiglobalstore.com/product-detail?id=594&demo=0
595,Nike CAVE STONE/BLAC,kids,"Kids Girls, Kids Shoes Girls",Michael’s fashion store,21.01,27.31,https://f.nooncdn.com/p/pzsku/Z01D312A99C1933D328E3Z/45/_/1780065107/23c61494-eb1d-4879-87f4-1812150aa353.jpg?format=webp&width=800,https://namshiglobalstore.com/product-detail?id=595&demo=0
596,Calvin Klein Jeans S,Women,"Women, Clothing",Michael’s fashion store,19.46,25.3,https://f.nooncdn.com/p/pzsku/Z33AD9A2613169A76BB73Z/45/_/1772100932/e4b6400c-1c0b-4c28-8e7b-1c7fc356acb7.jpg?format=webp&width=800,https://namshiglobalstore.com/product-detail?id=596&demo=0
597,Flora Bella,Accessories,Bags,Michael’s fashion store,20.26,26.34,https://f.nooncdn.com/p/pzsku/ZE1C0805409E9679EEECFZ/45/_/1778138091/2d68286c-4a6c-4e71-b285-ba24ece93ac0.jpg?format=webp&amp;width=800,https://namshiglobalstore.com/product-detail?id=597&demo=0
598,Small Crinkle Zip Ar,Women's Wallets,Women,Michael’s fashion store,21.94,28.52,https://f.nooncdn.com/p/pzsku/ZD9D38FE1660E719C444DZ/45/_/1773042248/8a612a7b-b13c-4f56-8980-7e7268972b8f.jpg?width=1200,https://namshiglobalstore.com/product-detail?id=598&demo=0
599,FYOR,Women,Bags,Michael’s fashion store,25.26,32.84,https://f.nooncdn.com/p/pzsku/Z27CA3592D204E51796C3Z/45/_/1783069438/f6efbad0-b918-4dca-9c6a-c83d31077b08.jpg?format=webp&amp;width=800,https://namshiglobalstore.com/product-detail?id=599&demo=0
600,FYOR Sunset Tropics Skirt Set,Women,,Michael’s fashion store,26.09,33.92,https://f.nooncdn.com/p/pzsku/Z0F0038C02DEB5D9BE069Z/45/_/1775030925/405e245f-2707-45ef-b5ca-61e433fcdb7d.jpg?format=webp&amp;width=800,https://namshiglobalstore.com/product-detail?id=600&demo=0
601,Bright Crystal EDT 9,Fragrance,Fragrance,Michael’s fashion store,26.84,34.89,https://f.nooncdn.com/p/pzsku/ZD7D7FBBA028E9D707067Z/45/_/1779704185/674388fe-974c-4149-ac9d-e422e9d324a6.jpg?width=1200,https://namshiglobalstore.com/product-detail?id=601&demo=0
602,DKNY,Women,Bags,Michael’s fashion store,28.07,36.49,https://f.nooncdn.com/p/pzsku/Z05DF208825A2AA35D5D6Z/45/_/1773924222/61c1687b-8f78-4b8a-9e85-4c1cdb8deb27.jpg?format=webp&amp;width=800,https://namshiglobalstore.com/product-detail?id=602&demo=0
603,American Eagle,Men,,Michael’s fashion store,75.89,98.66,https://f.nooncdn.com/p/pzsku/Z9A0E3720050EBE82E3B9Z/45/_/1773314019/2e70d3ef-c258-40c2-8e13-00a6a6977868.jpg?format=webp&amp;width=800,https://namshiglobalstore.com/product-detail?id=603&demo=0
604,FRWD,Men,,Michael’s fashion store,80.82,105.07,https://f.nooncdn.com/p/5652d09f55e95b83bbecc408468757f2%7Cpzsku/Z78C02F89E9D3F14506DBZ/45/1771064183/15f84331-be33-4d73-a7d6-9aac55bd1031.jpg?format=webp&amp;width=800,https://namshiglobalstore.com/product-detail?id=604&demo=0
605,Celeste,Women,Bags,Michael’s fashion store,101.05,131.37,https://f.nooncdn.com/p/pzsku/ZC86C75D1C78DAAECE4B8Z/45/_/1781799772/ac030013-92f3-4e47-a6b8-980848da6891.jpg?format=webp&amp;width=800,https://namshiglobalstore.com/product-detail?id=605&demo=0
606,DUCHINI Men Laptop Compartment Backpack,Men,Bags,Michael’s fashion store,74.22,96.49,https://f.nooncdn.com/p/pzsku/Z5DCB74432E3B4D0289A4Z/45/_/1781799712/52dd6ad4-514d-4b81-ab08-b2edf64ffd30.jpg?format=webp&amp;width=800,https://namshiglobalstore.com/product-detail?id=606&demo=0
607,Calvin Klein Jeans,Women,Women,Michael’s fashion store,54.83,71.28,https://f.nooncdn.com/p/pzsku/Z14B66470EE4DFAC76D7AZ/45/_/1776064902/396581a8-ad6c-490f-a4c7-ebb2ee7527ba.jpg?format=webp&width=800,https://namshiglobalstore.com/product-detail?id=607&demo=0
608,CALVIN KLEIN SHORELI,Women,"Women, Clothing",Michael’s fashion store,87.04,113.15,https://f.nooncdn.com/p/pzsku/Z9C6A2E93D45F720818E6Z/45/_/1779121463/e5001bb9-c66e-4b5a-b386-b937a2c3f0ba.jpg?format=webp&width=800,https://namshiglobalstore.com/product-detail?id=608&demo=0
609,CALVIN KLEIN Cotton,Women,"Women, Clothing",Michael’s fashion store,118.5,154.05,https://f.nooncdn.com/p/pzsku/ZDEDA24C61D4DA65DAD94Z/45/_/1779121377/6701ed05-6c7a-45d7-81fe-339476aabb31.jpg?format=webp&width=800,https://namshiglobalstore.com/product-detail?id=609&demo=0
610,Ever Kelly wedding b,Precious moments,Women,Michael’s fashion store,1123.2,1460.16,"https://assets.hermes.com/is/image/hermesproduct/119862B%2000_worn_1?size=3000,3000&extend=0,0,0,0&align=0,0&$product_item_grid_g$&wid=800&hei=800",https://namshiglobalstore.com/product-detail?id=610&demo=0
611,"Farandole earrings,",Earrings,Women,Michael’s fashion store,345.6,449.28,"https://assets.hermes.com/is/image/hermesproduct/113502B%2000_front_wm_2?size=3000,3000&extend=0,0,0,0&align=0,0&$product_item_grid_g$&wid=400&hei=400",https://namshiglobalstore.com/product-detail?id=611&demo=0
612,Amulettes Hermès Ex-,Necklaces and pendants,Women,Michael’s fashion store,385.92,501.7,"https://assets.hermes.com/is/image/hermesproduct/104143B%2000_front_wm_2?size=3000,3000&extend=0,0,0,0&align=0,0&$product_item_grid_g$&wid=400&hei=400",https://namshiglobalstore.com/product-detail?id=612&demo=0
613,DX1624040 JEWELLERY,Necklaces,"Women, Clothing",Michael’s fashion store,60.77,79.0,https://diesel.com/on/demandware.static/-/Sites-diesel-master-catalog/default/dwd86e76fc/images/large/DX1624_00DJW_01_F.jpg,https://namshiglobalstore.com/product-detail?id=613&demo=0
614,DX1670710 JEWELLERY,Necklaces,"Women, Clothing",Michael’s fashion store,73.68,95.78,https://diesel.com/on/demandware.static/-/Sites-diesel-master-catalog/default/dwc7b7f539/images/large/DX1670_00DJW_01_F.jpg,https://namshiglobalstore.com/product-detail?id=614&demo=0
615,DX1469,Bracelets,"Women, Clothing",Michael’s fashion store,79.07,102.79,https://diesel.com/on/demandware.static/-/Sites-diesel-master-catalog/default/dw111f769b/images/large/DX1469_00DJW_01_F.jpg,https://namshiglobalstore.com/product-detail?id=615&demo=0
616,DZ5606 WATCH,Watches,"Women, Clothing",Michael’s fashion store,76.76,99.79,https://diesel.com/on/demandware.static/-/Sites-diesel-master-catalog/default/dw1b7bb6f8/images/large/DZ5606_00QQQ_01_F.jpg,https://namshiglobalstore.com/product-detail?id=616&demo=0
617,DZ2236 WATCH,Timeframes,"Women, Clothing",Michael’s fashion store,101.08,131.4,https://diesel.com/on/demandware.static/-/Sites-diesel-master-catalog/default/dw90d88219/images/large/DZ2236_00QQQ_01_F.jpg,https://namshiglobalstore.com/product-detail?id=617&demo=0
618,DX1707040 JEWELLERY,Bracelets,"Women, Clothing",Michael’s fashion store,127.02,165.13,https://diesel.com/on/demandware.static/-/Sites-diesel-master-catalog/default/dw871580fd/images/large/DX1707_00DJW_01_F.jpg,https://namshiglobalstore.com/product-detail?id=618&demo=0
619,DZ4683,Timeframes,"Women, Clothing",Michael’s fashion store,222.04,288.65,https://diesel.com/on/demandware.static/-/Sites-diesel-master-catalog/default/dwfe854bce/images/large/DZ4683_00QQQ_01_F.jpg,https://namshiglobalstore.com/product-detail?id=619&demo=0
620,22 Karat 916 Purity,Men's Jewellery,Men,Michael’s fashion store,314.93,409.41,https://f.nooncdn.com/p/pzsku/Z5F176E6BF62FCBF77F6DZ/45/_/1773218943/71c59e5d-aebb-4649-bc57-5eee87fcd48e.jpg?width=1200,https://namshiglobalstore.com/product-detail?id=620&demo=0
621,CALVIN KLEIN Grey He,Women,"Women, Clothing",Michael’s fashion store,91.96,119.55,https://f.nooncdn.com/p/pzsku/Z56514F94A0C9EB485BFDZ/45/_/1780483992/c04af3c3-b073-4412-be41-0950205891f7.jpg?format=webp&width=800,https://namshiglobalstore.com/product-detail?id=621&demo=0
622,CALVIN KLEIN Ice Wat,Women,"Women, Clothing",Michael’s fashion store,112.14,145.78,https://f.nooncdn.com/p/pzsku/Z51D6CCCB1D7F3D414B64Z/45/_/1780484009/fc4d0112-2932-452a-9eb1-47a1a996ea62.jpg?format=webp&width=800,https://namshiglobalstore.com/product-detail?id=622&demo=0
623,CALVIN KLEIN Thong,Women,"Women, Clothing",Michael’s fashion store,136.61,177.59,https://f.nooncdn.com/p/pzsku/Z68236BD6DE81F2F3E538Z/45/1752062304/73bd598e-bc66-4150-82f2-fe86f9203f1a.jpg?format=webp&width=800,https://namshiglobalstore.com/product-detail?id=623&demo=0
624,Adage ring,Chaînes d’ancre,Women,Elite Essentials,12844.8,16698.24,"https://assets.hermes.com/is/image/hermesproduct/225625B%2000_front_wm_2?size=3000,3000&extend=0,0,0,0&align=0,0&$product_item_grid_g$&wid=400&hei=400",https://namshiglobalstore.com/product-detail?id=624&demo=0
625,Chaine d'ancre Danae,Chaînes d’ancre,Women,Elite Essentials,4176.0,5428.8,"https://assets.hermes.com/is/image/hermesproduct/222620B%2000_worn_1?size=3000,3000&extend=0,0,0,0&align=0,0&$product_item_grid_g$&wid=400&hei=400",https://namshiglobalstore.com/product-detail?id=625&demo=0
626,Men Water Resistant,Men's Wrist Watches,Men,Elite Essentials,45.89,59.66,https://f.nooncdn.com/p/pzsku/Z144C62C8267302BA15F3Z/45/_/1779704240/f9b639c9-e475-4556-86ba-5fa9e91f8ef6.jpg?width=1200,https://namshiglobalstore.com/product-detail?id=626&demo=0
627,DZ5615 WATCH,Watches,"Women, Clothing",Elite Essentials,82.79,107.63,https://diesel.com/on/demandware.static/-/Sites-diesel-master-catalog/default/dw4ae3f188/images/large/DZ5615_00QQQ_01_F.jpg,https://namshiglobalstore.com/product-detail?id=627&demo=0
628,DZ4704 WATCH,Timeframes,"Women, Clothing",Elite Essentials,244.93,318.41,https://diesel.com/on/demandware.static/-/Sites-diesel-master-catalog/default/dw64088aef/images/large/DZ4704_00QQQ_01_F.jpg,https://namshiglobalstore.com/product-detail?id=628&demo=0
629,DZ7484,Timeframes,"Women, Clothing",Elite Essentials,290.34,377.44,https://diesel.com/on/demandware.static/-/Sites-diesel-master-catalog/default/dw09ebb90b/images/large/DZ7484_00QQQ_01_F.jpg,https://namshiglobalstore.com/product-detail?id=629&demo=0
630,Prime RTX 5070 12GB,Graphics Cards,Computers & Accessories,Elite Essentials,528.77,687.4,https://f.nooncdn.com/p/pzsku/Z8F0964FED3B19B1E4317Z/45/_/1779790701/38d41ded-e25d-49e1-9a24-dc2713ff8bd0.jpg?width=1200,https://namshiglobalstore.com/product-detail?id=630&demo=0
631,Battle Gaming PC - I,Tower PCs,Computers & Accessories,Elite Essentials,760.49,988.64,https://f.nooncdn.com/p/pzsku/ZFAC3E13C3EDFBF4EFF83Z/45/1767896029/84ad744b-8f59-4d11-9904-a6aa104f4a02.jpg?width=1200,https://namshiglobalstore.com/product-detail?id=631&demo=0
632,34 inch MI Curved Ga,Monitors,Computers & Accessories,Elite Essentials,138.1,179.53,https://f.nooncdn.com/p/pzsku/Z3162984BA545987A5105Z/45/_/1780467223/cdcf7c78-9211-4891-a82f-937a5854c80c.jpg?width=1200,https://namshiglobalstore.com/product-detail?id=632&demo=0
633,"Kelly bracelet, smal",Kelly,Women,Prestige World,10540.8,13703.04,"https://assets.hermes.com/is/image/hermesproduct/224400B%2000_front_wm_1?size=3000,3000&extend=0,0,0,0&align=0,0&$product_item_grid_g$&wid=800&hei=800",https://namshiglobalstore.com/product-detail?id=633&demo=0
634,Adage ring,Gold Jewelry,Women,Prestige World,12096.0,15724.8,"https://assets.hermes.com/is/image/hermesproduct/222614B%2000_worn_1?size=3000,3000&extend=0,0,0,0&align=0,0&$product_item_grid_g$&wid=400&hei=400",https://namshiglobalstore.com/product-detail?id=634&demo=0
635,Alchimie Hermes ring,Kelly,Women,Prestige World,8985.6,11681.28,"https://assets.hermes.com/is/image/hermesproduct/110012B%2000_wornsquare_1?size=3000,3000&extend=0,0,0,0&align=0,0&$product_item_grid_g$&wid=800&hei=800",https://namshiglobalstore.com/product-detail?id=635&demo=0
636,"Vertige pendant, sma",Gold Jewelry,Women,Prestige World,5443.2,7076.16,"https://assets.hermes.com/is/image/hermesproduct/225301B%2000_front_wm_2?size=3000,3000&extend=0,0,0,0&align=0,0&$product_item_grid_g$&wid=400&hei=400",https://namshiglobalstore.com/product-detail?id=636&demo=0
637,"Farandole earrings,",Earrings,Women,Prestige World,345.6,449.28,"https://assets.hermes.com/is/image/hermesproduct/113502B%2000_front_wm_2?size=3000,3000&extend=0,0,0,0&align=0,0&$product_item_grid_g$&wid=400&hei=400",https://namshiglobalstore.com/product-detail?id=637&demo=0
638,Vertige ring,Gold Jewelry,Women,Prestige World,3024.0,3931.2,"https://assets.hermes.com/is/image/hermesproduct/225615B%2000_front_wm_2?size=3000,3000&extend=0,0,0,0&align=0,0&$product_item_grid_g$&wid=400&hei=400",https://namshiglobalstore.com/product-detail?id=638&demo=0
639,Men Stainless Steel,Men's Wrist Watches,Men,Prestige World,44.78,58.21,https://f.nooncdn.com/p/pzsku/Z55914D5E92846A6E53AAZ/45/_/1779709599/cee7f296-6053-4c6f-a122-8095737a8743.jpg?width=1200,https://namshiglobalstore.com/product-detail?id=639&demo=0
640,Planètes & Météores,Precious moments,Women,Prestige World,20736.0,26956.8,"https://assets.hermes.com/is/image/hermesproduct/223612B%2000_front_wm_1?size=3000,3000&extend=0,0,0,0&align=0,0&$product_item_grid_g$&wid=800&hei=800",https://namshiglobalstore.com/product-detail?id=640&demo=0
641,"Farandole earrings,",Earrings,Women,Prestige World,466.56,606.53,"https://assets.hermes.com/is/image/hermesproduct/108618B%2000_worn_1?size=3000,3000&extend=0,0,0,0&align=0,0&$product_item_grid_g$&wid=400&hei=400",https://namshiglobalstore.com/product-detail?id=641&demo=0
642,PUMA,Women,,Prestige World,52.87,68.73,https://f.nooncdn.com/p/pzsku/Z271AFB874E51BBD46567Z/45/_/1780056516/bbdc9a43-9118-4fc9-9f2e-11a124bd8430.jpg?format=webp&amp;width=800,https://namshiglobalstore.com/product-detail?id=642&demo=0
643,BIRKENSTOCK,Women,,Prestige World,96.18,125.03,https://f.nooncdn.com/p/pzsku/ZEDF606C9711ADBD03B56Z/45/_/1782197806/cbfef362-a622-436b-af27-34734686ba42.jpg?format=webp&amp;width=800,https://namshiglobalstore.com/product-detail?id=643&demo=0
644,Nitro V Gaming Lapto,Notebook Laptops,Computers & Accessories,Prestige World,2059.34,2677.14,https://f.nooncdn.com/p/pzsku/Z23D95A3548128DE8F49AZ/45/_/1779791082/a64d3dab-21e7-441a-8082-a0871157d6f6.jpg?width=1200,https://namshiglobalstore.com/product-detail?id=644&demo=0
645,STELLA MCCARTNEY Wom,Party Dresses,Women,Prestige World,1777.6,2310.88,https://f.nooncdn.com/p/pzsku/Z67764ED702B562F352F4Z/45/1767626948/aa3cec1a-455e-4841-a573-b3ed8af86540.jpg?width=800,https://namshiglobalstore.com/product-detail?id=645&demo=0
646,Lululemon Women Stan,Women's Track Jacket,Women,Prestige World,66.88,86.94,https://f.nooncdn.com/p/pzsku/Z58E6ECB44DA3396AA3FDZ/45/_/1775581589/71d974ba-8964-4d55-92dd-9c9aa5524757.jpg?width=1200,https://namshiglobalstore.com/product-detail?id=646&demo=0
647,Embroidered Fit & Fl,Mini Dresses,Women,Prestige World,293.62,381.71,https://f.nooncdn.com/p/pzsku/Z4D1A14B31529E609E33AZ/45/_/1776151769/3920a15c-cfde-46c5-9087-fe3c69e33b4e.jpg?width=1200,https://namshiglobalstore.com/product-detail?id=647&demo=0
648,Tom Ford Winona Cat,Women's Sunglasses,Women,Prestige World,361.43,469.86,https://f.nooncdn.com/p/pzsku/Z5A8DDA5A3DABA4192826Z/45/_/1777284144/be8aba2e-1e81-4773-ae71-8f5143356d85.jpg?width=1200,https://namshiglobalstore.com/product-detail?id=648&demo=0
649,Nappa Leather Flats,Flat Sandals,Women,Prestige World,73.09,95.02,https://f.nooncdn.com/p/5652d09f55e95b83bbecc408468757f2|pzsku/Z82E2324307545F45BAB7Z/45/1769496883/4c30a91c-4083-4acc-acc9-0dfe25d08094.jpg?width=1200,https://namshiglobalstore.com/product-detail?id=649&demo=0
650,Strathberry Mosaic B,Bags,Women,Prestige World,836.7,1087.71,https://f.nooncdn.com/p/pzsku/Z0B3E487BE06B2DEC05ECZ/45/_/1777646519/8815e108-ded8-4631-b0a7-a989319336cb.jpg?width=800,https://namshiglobalstore.com/product-detail?id=650&demo=0
651,Mega Deal 📣 PINKO Lo,Bags,Women,Prestige World,347.75,452.08,https://f.nooncdn.com/p/pzsku/ZDF9D73B0C9D5D21B6658Z/45/_/1782728365/aa4757b1-2558-4b9d-a520-c8c2450237bc.jpg?width=800,https://namshiglobalstore.com/product-detail?id=651&demo=0
652,Strathberry East Wes,Bags,Women,Prestige World,786.94,1023.02,https://f.nooncdn.com/p/pzsku/Z65B4C0FD814A41D04A15Z/45/_/1777646503/57c6e7f7-e35e-4f11-a7b9-b7099d6c78ba.jpg?width=800,https://namshiglobalstore.com/product-detail?id=652&demo=0
653,Frye Melissa Zip Sat,Women's Handbags,Women,Prestige World,569.82,740.77,https://f.nooncdn.com/p/pzsku/ZB1359A3BE66F0B3DABF0Z/45/1762417277/4cf45e68-9601-48c4-a560-7aceb8faa3ce.jpg?width=800,https://namshiglobalstore.com/product-detail?id=653&demo=0
654,Michael Kors Laila M,Women's Handbags,Women,Prestige World,376.98,490.07,https://f.nooncdn.com/p/pzsku/ZD34C73B14DD18A5C80F4Z/45/_/1772176857/d8beea26-335a-4009-96c0-68604e4b33db.jpg?width=800,https://namshiglobalstore.com/product-detail?id=654&demo=0
655,Hermès Videpoches ba,Women's bags and clutches,Women,Prestige World,3168.0,4118.4,"https://assets.hermes.com/is/image/hermesproduct/088914CK37_front_wm_1?size=3000,3000&extend=0,0,0,0&align=0,0&$product_item_grid_g$&wid=400&hei=400",https://namshiglobalstore.com/product-detail?id=655&demo=0
656,Hermès Videpoches ba,Women's bags and clutches,Women,Prestige World,3168.0,4118.4,"https://assets.hermes.com/is/image/hermesproduct/088914CKP0_front_wm_1?size=3000,3000&extend=0,0,0,0&align=0,0&$product_item_grid_g$&wid=400&hei=400",https://namshiglobalstore.com/product-detail?id=656&demo=0
657,Hermès In-the-Loop 1,Women's bags and clutches,Women,Prestige World,3168.0,4118.4,"https://assets.hermes.com/is/image/hermesproduct/084274CCBW_front_wm_1?size=3000,3000&extend=0,0,0,0&align=0,0&$product_item_grid_g$&wid=400&hei=400",https://namshiglobalstore.com/product-detail?id=657&demo=0
658,"Lipari 70 sandal, Bl",Sandals,Women,Prestige World,662.4,861.12,"https://assets.hermes.com/is/image/hermesproduct/252141Z%2002_front_wm_1?size=3000,3000&extend=0,0,0,0&align=0,0&$product_item_grid_g$&wid=800&hei=800",https://namshiglobalstore.com/product-detail?id=658&demo=0
659,Deal Dolce & Gabbana,Women's Dresses,Women,Prestige World,613.99,798.19,https://f.nooncdn.com/p/pzsku/Z3D593EC8D1D7C011CD15Z/45/1767929434/23722c7a-6102-4f6b-850b-319217a44f94.jpg?width=800,https://namshiglobalstore.com/product-detail?id=659&demo=0
660,"""Ferronnerie Remix""",Knitwear and twillaines,Women,Prestige World,2289.6,2976.48,"https://assets.hermes.com/is/image/hermesproduct/6E2833DU2B_worn_1?size=3000,3000&extend=0,0,0,0&align=0,0&$product_item_grid_g$&wid=400&hei=400",https://namshiglobalstore.com/product-detail?id=660&demo=0
661,Short-sleeve sweater,Knitwear and twillaines,Women,Prestige World,907.2,1179.36,"https://assets.hermes.com/is/image/hermesproduct/6E2652D1MV_worn_1?size=3000,3000&extend=0,0,0,0&align=0,0&$product_item_grid_g$&wid=400&hei=400",https://namshiglobalstore.com/product-detail?id=661&demo=0
662,"""Ferronnerie Remix""",Pants and shorts,Women,Prestige World,777.6,1010.88,"https://assets.hermes.com/is/image/hermesproduct/6E4417DG2B_worn_1?size=3000,3000&extend=0,0,0,0&align=0,0&$product_item_grid_g$&wid=400&hei=400",https://namshiglobalstore.com/product-detail?id=662&demo=0
663,PINKO Logo Detail Fl,Bags,Women,Elite Essentials,513.22,667.19,https://f.nooncdn.com/p/pzsku/ZC5403EF9035C8C23BFE0Z/45/_/1782727616/9cfbde64-5251-475f-8109-302263324ee2.jpg?width=800,https://namshiglobalstore.com/product-detail?id=663&demo=0
664,"""Aux Champs en Fleur",Pants and shorts,Women,Prestige World,2462.4,3201.12,"https://assets.hermes.com/is/image/hermesproduct/6E0444DP02_worn_1?size=3000,3000&extend=0,0,0,0&align=0,0&$product_item_grid_g$&wid=400&hei=400",https://namshiglobalstore.com/product-detail?id=664&demo=0
665,"Leather jacket, Beig",Coats and jackets,Women,Prestige World,6163.2,8012.16,"https://assets.hermes.com/is/image/hermesproduct/6H1135D7LK_worn_8?size=3000,3000&extend=0,0,0,0&align=0,0&$product_item_grid_g$&wid=400&hei=400",https://namshiglobalstore.com/product-detail?id=665&demo=0
666,"Wrap miniskirt, Whit",Dresses and skirts,Women,Prestige World,1065.6,1385.28,"https://assets.hermes.com/is/image/hermesproduct/6H0355DQA3_worn_1?size=3000,3000&extend=0,0,0,0&align=0,0&$product_item_grid_g$&wid=800&hei=800",https://namshiglobalstore.com/product-detail?id=666&demo=0
667,"""Aux Champs en Fleur",Dresses and skirts,Women,Prestige World,4003.2,5204.16,"https://assets.hermes.com/is/image/hermesproduct/6E2827DEA5_worn_1?size=3000,3000&extend=0,0,0,0&align=0,0&$product_item_grid_g$&wid=900&hei=900",https://namshiglobalstore.com/product-detail?id=667&demo=0
668,No.5 EDP 100ml,Eau de Parfum,Fragrance,Prestige World,237.8,309.14,https://f.nooncdn.com/p/pzsku/Z8B0C85D33D403A79281BZ/45/_/1778748307/e0a06c55-8324-4dc6-aec7-a6c45c8f7f12.jpg?width=1200,https://namshiglobalstore.com/product-detail?id=668&demo=0
669,Neroli Portofino Eau,Eau de Parfum,Fragrance,Prestige World,341.83,444.38,https://f.nooncdn.com/p/pzsku/Z7E391330F7635CFD95FAZ/45/_/1779094580/3dbeea9e-d366-4370-8679-24aa085ff355.jpg?width=1200,https://namshiglobalstore.com/product-detail?id=669&demo=0
670,OGIO Pace Pro Duffel,OGIO Pace,"Bags, Women, Clothing",Elite Essentials,374.18,486.43,https://f.nooncdn.com/p/pzsku/ZC9824CEC0ABF6A35766AZ/45/_/1781796133/b06170da-0e59-4876-92a2-3315b4121698.jpg?width=800,https://namshiglobalstore.com/product-detail?id=670&demo=0
671,Mega Deal 📣 PINKO Lo,Bags,Women,Elite Essentials,347.75,452.08,https://f.nooncdn.com/p/pzsku/ZDF9D73B0C9D5D21B6658Z/45/_/1782728365/aa4757b1-2558-4b9d-a520-c8c2450237bc.jpg?width=800,https://namshiglobalstore.com/product-detail?id=671&demo=0
672,Frederic Malle Portr,Dresses,"Women, Clothing",Elite Essentials,429.55,558.42,https://f.nooncdn.com/p/v1586503874/N36646157A_1.jpg?width=800,https://namshiglobalstore.com/product-detail?id=672&demo=0
673,Loungefly How the Gr,Women's Handbags,Women,Elite Essentials,344.32,447.62,https://f.nooncdn.com/p/pzsku/Z2AE7DACB137E7A3FF5C1Z/45/_/1778246878/e2621267-2d53-48f8-80e9-16d21ca2816b.jpg?width=800,https://namshiglobalstore.com/product-detail?id=673&demo=0
674,"Chypre sandal, Blue",Sandals,Women,Elite Essentials,648.0,842.4,"https://assets.hermes.com/is/image/hermesproduct/222297Z%20BR_front_wm_1?size=3000,3000&extend=0,0,0,0&align=0,0&$product_item_grid_g$&wid=800&hei=800",https://namshiglobalstore.com/product-detail?id=674&demo=0
675,12Kg Front Load Wash,Washing Machine,"Home Improvement, Washing Machines",Michael’s fashion store,776.98,1010.07,https://f.nooncdn.com/p/pzsku/ZF24622281B7A77A0EC41Z/45/_/1782820587/d4b4db01-4751-4495-bf6f-04d27995d350.jpg?width=800,https://namshiglobalstore.com/product-detail?id=675&demo=0
676,HITACHI Top Load Ful,HITACHI,"Home Improvement, Washing Machines",Michael’s fashion store,685.22,890.79,https://f.nooncdn.com/p/pzsku/ZFBFE5132CACD9AE86BDEZ/45/_/1778748182/8a83aee2-8bb0-4e62-8624-527926bbaa66.jpg?width=800,https://namshiglobalstore.com/product-detail?id=676&demo=0
677,"Seoul S, Small Backp",OGIO Pace,"Bags, Women, Clothing",Michael’s fashion store,358.32,465.82,https://f.nooncdn.com/p/pzsku/Z8473A768B75DC2AE5AAAZ/45/_/1783094576/fc744fd9-71b7-45d2-8978-13c88ac90ffb.jpg?width=800,https://namshiglobalstore.com/product-detail?id=677&demo=0
678,LeSportsac Hobo Bag,LeSportsac Hobo,,Michael’s fashion store,398.14,517.58,https://f.nooncdn.com/p/pzsku/Z38263D7745D9DDEE7C06Z/45/_/1778246919/9f9ed48c-3d54-48ed-86e6-86eed8b5527e.jpg?width=800,https://namshiglobalstore.com/product-detail?id=678&demo=0
679,PINKO Large Puff Max,Bags,Women,Michael’s fashion store,668.74,869.36,https://f.nooncdn.com/p/pzsku/Z6606B86B23BB4B17691FZ/45/_/1782727508/6f2fe95c-5223-4388-abce-236e810f260d.jpg?width=800,https://namshiglobalstore.com/product-detail?id=679&demo=0
680,Tumi Service Crossbo,Bags,Women,Michael’s fashion store,782.27,1016.95,https://f.nooncdn.com/p/pzsku/ZABBD778BF84C36540DF5Z/45/_/1772455793/c0ca0e34-c41c-4162-9991-4a103a2181a1.jpg?width=800,https://namshiglobalstore.com/product-detail?id=680&demo=0
681,Deal SONASHI 9.5kg F,SONASHI,"Home Improvement, Washing Machines",Michael’s fashion store,366.72,476.74,https://f.nooncdn.com/p/pzsku/Z9A34BFA8C20C3CF20019Z/45/_/1779345564/63446f67-e58c-4d21-8137-b8adb7cc8e6e.jpg?width=800,https://namshiglobalstore.com/product-detail?id=681&demo=0
682,Hedgren Rush RFID Cr,Hedgren Rush,,Michael’s fashion store,399.06,518.78,https://f.nooncdn.com/p/pzsku/Z8F4286811653A0CBB6F3Z/45/_/1778246994/b7f91eac-4aee-4c5c-b782-8d5152d43eeb.jpg?width=800,https://namshiglobalstore.com/product-detail?id=682&demo=0
683,Thule Crossover 2 Du,Bags,"Bags, Women",Michael’s fashion store,75.89,98.66,https://f.nooncdn.com/p/pzsku/ZCC309E03F2E9608BBF96Z/45/1767952309/7c8cafaa-9201-423f-8dda-5778bc3f8fa2.jpg?width=800,https://namshiglobalstore.com/product-detail?id=683&demo=0
684,Strathberry Stylist,Bags,Women,Michael’s fashion store,422.08,548.7,https://f.nooncdn.com/p/pzsku/Z5F219A19E531BBF5F542Z/45/_/1777646500/85fac5ec-c33d-416f-b3d5-eb0c070f1c43.jpg?width=800,https://namshiglobalstore.com/product-detail?id=684&demo=0
685,Brooks England Brook,Bags,Women,Michael’s fashion store,550.54,715.7,https://f.nooncdn.com/p/pzsku/Z43435173CDAA30D5D3C0Z/45/1748536768/4893966e-941f-459b-967f-b4299ac635f0.jpg?width=800,https://namshiglobalstore.com/product-detail?id=685&demo=0
686,Strathberry Kite Cha,Bags,Women,Michael’s fashion store,422.08,548.7,https://f.nooncdn.com/p/pzsku/Z47E5AE2FC41FE1BA68C9Z/45/_/1777646489/2884b19c-13d6-4c36-b2cd-b268a5921bb6.jpg?width=800,https://namshiglobalstore.com/product-detail?id=686&demo=0
687,Mega Deal 📣 PINKO Lo,Bags,Women,Michael’s fashion store,399.37,519.18,https://f.nooncdn.com/p/pzsku/Z5FCA072365F085C7EB46Z/45/_/1782727329/d2506555-2a36-45b0-bd9b-3d8c846b33ec.jpg?width=800,https://namshiglobalstore.com/product-detail?id=687&demo=0
688,Mega Deal 📣 PINKO Mi,Bags,Women,Michael’s fashion store,375.42,488.05,https://f.nooncdn.com/p/pzsku/Z1B64D6A2F0A0F1A358C1Z/45/_/1782727306/7506bb60-dd70-4a18-9362-8a7eaf775931.jpg?width=800,https://namshiglobalstore.com/product-detail?id=688&demo=0
689,Mega Deal 📣 PINKO Lo,Bags,Women,Michael’s fashion store,347.75,452.08,https://f.nooncdn.com/p/pzsku/ZDF9D73B0C9D5D21B6658Z/45/_/1782728365/aa4757b1-2558-4b9d-a520-c8c2450237bc.jpg?width=800,https://namshiglobalstore.com/product-detail?id=689&demo=0
690,Mega Deal 📣 PINKO Sm,Bags,Women,Michael’s fashion store,394.4,512.72,https://f.nooncdn.com/p/pzsku/Z6FE0B54E55A530C205D0Z/45/_/1782727335/2affa01f-f0c9-4568-87d6-0966764af1d2.jpg?width=800,https://namshiglobalstore.com/product-detail?id=690&demo=0
691,Mega Deal 📣 PINKO Sm,Bags,Women,Michael’s fashion store,394.4,512.72,https://f.nooncdn.com/p/pzsku/Z75EC1DF3F52B82ECF9F0Z/45/_/1782727340/2f65e729-2377-434e-9f85-8b2525c2db1b.jpg?width=800,https://namshiglobalstore.com/product-detail?id=691&demo=0
692,PINKO Mini Puff Maxi,Bags,Women,Michael’s fashion store,387.24,503.41,https://f.nooncdn.com/p/pzsku/ZD265BE7B302400EC193EZ/45/_/1782727657/2afd6637-614e-4bba-ad29-70050196f5e2.jpg?width=800,https://namshiglobalstore.com/product-detail?id=692&demo=0
693,Tumi Monroe Men's Wa,Bags,Women,Michael’s fashion store,551.16,716.51,https://f.nooncdn.com/p/pzsku/Z6F334AB2BA2726E0FA47Z/45/_/1779360316/dc7f01be-be6e-4eba-8b44-6da8d247ba15.jpg?width=800,https://namshiglobalstore.com/product-detail?id=693&demo=0
694,Samsonite Biz2Go 15.,Bags,Women,Michael’s fashion store,67.07,87.19,https://f.nooncdn.com/p/pzsku/Z9D3B13102798AA105EC6Z/45/_/1774695279/67af1ca0-cb87-4ba4-9292-e55a9b176466.jpg?width=800,https://namshiglobalstore.com/product-detail?id=694&demo=0
695,PINKO Small pocket L,Bags,Women,Michael’s fashion store,365.47,475.11,https://f.nooncdn.com/p/pzsku/Z28C87830907A1862EA9FZ/45/_/1782727314/86bca26d-4a14-4f91-a1b4-2856195ba829.jpg?width=800,https://namshiglobalstore.com/product-detail?id=695&demo=0
696,PINKO Logo Detail Fl,Dresses,"Women, Clothing",Michael’s fashion store,413.69,537.8,https://f.nooncdn.com/p/pzsku/Z527CC215F17618AA5AA3Z/45/_/1782727498/d6040f5d-acfa-4ad8-b593-bb8456074024.jpg?width=800,https://namshiglobalstore.com/product-detail?id=696&demo=0
697,PINKO Small Puff Max,Bags,Women,Michael’s fashion store,486.78,632.81,https://f.nooncdn.com/p/pzsku/Z37744B67EA59E4740B8FZ/45/_/1782727478/5ce288db-943e-46f3-b9cf-2e2761c61e5f.jpg?width=800,https://namshiglobalstore.com/product-detail?id=697&demo=0
698,TOMMY HILFIGER Woven,Bags,Women,Michael’s fashion store,346.19,450.05,https://f.nooncdn.com/p/pzsku/ZBB6B2A36158678F5A171Z/45/_/1778501330/1bcb63bb-21d5-46a5-8bc3-16d1a38cb351.jpg?width=800,https://namshiglobalstore.com/product-detail?id=698&demo=0
699,Strathberry Mini Tot,Bags,Women,Michael’s fashion store,566.4,736.32,https://f.nooncdn.com/p/pzsku/ZB5D81CB957EEB6E588C9Z/45/_/1777646532/dafbfb41-abd9-4a6b-b756-9b3d2e206944.jpg?width=800,https://namshiglobalstore.com/product-detail?id=699&demo=0
700,Strathberry East Wes,Bags,Women,Michael’s fashion store,786.94,1023.02,https://f.nooncdn.com/p/pzsku/Z65B4C0FD814A41D04A15Z/45/_/1777646503/57c6e7f7-e35e-4f11-a7b9-b7099d6c78ba.jpg?width=800,https://namshiglobalstore.com/product-detail?id=700&demo=0
701,Frederic Malle Portr,Dresses,"Women, Clothing",Michael’s fashion store,429.55,558.42,https://f.nooncdn.com/p/v1586503874/N36646157A_1.jpg?width=800,https://namshiglobalstore.com/product-detail?id=701&demo=0
702,kate spade new york,Women's Handbags,Women,Michael’s fashion store,569.52,740.38,https://f.nooncdn.com/p/pzsku/Z250C78C2F0EA6E1B1AB8Z/45/1767784628/904214f6-d4ad-40a4-8df5-30bf93d0a08b.jpg?width=800,https://namshiglobalstore.com/product-detail?id=702&demo=0
703,Eight & Bob Egypt,Dresses,"Women, Clothing",Michael’s fashion store,467.81,608.15,https://f.nooncdn.com/p/pzsku/Z8CBD67A6217D761E16DDZ/45/1766824865/9918bd35-8c07-4dec-b520-3d1b316bd4fa.jpg?width=800,https://namshiglobalstore.com/product-detail?id=703&demo=0
704,Loungefly How the Gr,Women's Handbags,Women,Michael’s fashion store,344.32,447.62,https://f.nooncdn.com/p/pzsku/Z2AE7DACB137E7A3FF5C1Z/45/_/1778246878/e2621267-2d53-48f8-80e9-16d21ca2816b.jpg?width=800,https://namshiglobalstore.com/product-detail?id=704&demo=0
705,Retro Canvas Crossbo,Women's Handbags,Women,Michael’s fashion store,443.86,577.02,https://f.nooncdn.com/p/pzsku/Z8113B562A1F5F4B2B0E5Z/45/_/1778680720/982f95eb-0059-4aa3-a9b9-6bf298914b09.jpg?width=800,https://namshiglobalstore.com/product-detail?id=705&demo=0
706,Lug Rumble Satchel B,Women's Handbags,Women,Michael’s fashion store,480.55,624.72,https://f.nooncdn.com/p/pzsku/ZBAE79097650B931C8D4CZ/45/_/1778246905/853a371d-c5f5-4337-a7e8-d1f93a02dbda.jpg?width=800,https://namshiglobalstore.com/product-detail?id=706&demo=0
707,Frye womens Frye Sho,Women's Handbags,Women,Michael’s fashion store,717.88,933.24,https://f.nooncdn.com/p/pzsku/Z402784F4A575D8F15123Z/45/1767784033/b374378d-2a1b-4dee-97a7-c0f63bd881ee.jpg?width=800,https://namshiglobalstore.com/product-detail?id=707&demo=0
708,Grain De Beaute Loge,Bags,Women,Michael’s fashion store,419.9,545.87,https://f.nooncdn.com/p/v1574882625/N31779667A_1.jpg?width=800,https://namshiglobalstore.com/product-detail?id=708&demo=0
709,CALVIN KLEIN Logo Le,Women's Handbags,Women,Michael’s fashion store,343.08,446.0,https://f.nooncdn.com/p/pzsku/ZC91FD20ACAE3DBCE1B06Z/45/_/1778062542/9e5c798a-4ad9-48a3-afcb-ab42fd25a7d3.jpg?width=800,https://namshiglobalstore.com/product-detail?id=709&demo=0
710,Michael Kors Laila M,Women's Handbags,Women,Michael’s fashion store,376.98,490.07,https://f.nooncdn.com/p/pzsku/ZD34C73B14DD18A5C80F4Z/45/_/1772176857/d8beea26-335a-4009-96c0-68604e4b33db.jpg?width=800,https://namshiglobalstore.com/product-detail?id=710&demo=0
711,Hermès Videpoches ba,Women's bags and clutches,Women,Prestige World,3168.0,4118.4,"https://assets.hermes.com/is/image/hermesproduct/088914CK18_front_wm_1?size=3000,3000&extend=0,0,0,0&align=0,0&$product_item_grid_g$&wid=400&hei=400",https://namshiglobalstore.com/product-detail?id=711&demo=0
712,"Nuba 50 sandal, Blac",Sandals,Women,Prestige World,964.8,1254.24,"https://assets.hermes.com/is/image/hermesproduct/262220Z%2002_front_wm_1?size=3000,3000&extend=0,0,0,0&align=0,0&$product_item_grid_g$&wid=400&hei=400",https://namshiglobalstore.com/product-detail?id=712&demo=0
713,"Mythic 105 sandal, B",Sandals,Women,Prestige World,1627.2,2115.36,"https://assets.hermes.com/is/image/hermesproduct/261190Z%2002_front_wm_1?size=3000,3000&extend=0,0,0,0&align=0,0&$product_item_grid_g$&wid=400&hei=400",https://namshiglobalstore.com/product-detail?id=713&demo=0
714,"Nina sandal, Black",Sandals,Women,Prestige World,878.4,1141.92,"https://assets.hermes.com/is/image/hermesproduct/262123Z%2002_front_wm_1?size=3000,3000&extend=0,0,0,0&align=0,0&$product_item_grid_g$&wid=400&hei=400",https://namshiglobalstore.com/product-detail?id=714&demo=0
715,"Naxos sandal, Beige/",Sandals,Women,Michael’s fashion store,820.8,1067.04,"https://assets.hermes.com/is/image/hermesproduct/262008Z%20C9_front_wm_1?size=3000,3000&extend=0,0,0,0&align=0,0&$product_item_grid_g$&wid=400&hei=400",https://namshiglobalstore.com/product-detail?id=715&demo=0
716,"Noa 95 sandal, Beige",Sandals,Women,Michael’s fashion store,921.6,1198.08,"https://assets.hermes.com/is/image/hermesproduct/262099Z%2020_front_wm_1?size=3000,3000&extend=0,0,0,0&align=0,0&$product_item_grid_g$&wid=400&hei=400",https://namshiglobalstore.com/product-detail?id=716&demo=0
717,"Noria sandal, Red",Sandals,Women,Michael’s fashion store,662.4,861.12,"https://assets.hermes.com/is/image/hermesproduct/262092Z%20L1_front_wm_1?size=3000,3000&extend=0,0,0,0&align=0,0&$product_item_grid_g$&wid=400&hei=400",https://namshiglobalstore.com/product-detail?id=717&demo=0
718,"Naos sandal, Black",Sandals,Women,Michael’s fashion store,820.8,1067.04,"https://assets.hermes.com/is/image/hermesproduct/262131Z%2002_front_wm_1?size=3000,3000&extend=0,0,0,0&align=0,0&$product_item_grid_g$&wid=400&hei=400",https://namshiglobalstore.com/product-detail?id=718&demo=0
719,"Lipari 70 sandal, Bl",Sandals,Women,Michael’s fashion store,662.4,861.12,"https://assets.hermes.com/is/image/hermesproduct/252141Z%2002_front_wm_1?size=3000,3000&extend=0,0,0,0&align=0,0&$product_item_grid_g$&wid=800&hei=800",https://namshiglobalstore.com/product-detail?id=719&demo=0
720,"Lagune sandal, White",Sandals,Women,Michael’s fashion store,604.8,786.24,"https://assets.hermes.com/is/image/hermesproduct/252138Z%2090_front_wm_1?size=3000,3000&extend=0,0,0,0&align=0,0&$product_item_grid_g$&wid=400&hei=400",https://namshiglobalstore.com/product-detail?id=720&demo=0
721,VENTIUP Women Long S,Women's Dresses,Women,Michael’s fashion store,621.77,808.3,https://f.nooncdn.com/p/pzsku/ZE83602F0457F6E7B0D05Z/45/_/1676977048/3ad3da9c-aa70-4f2d-971b-4c9f7ff6d233.jpg?width=800,https://namshiglobalstore.com/product-detail?id=721&demo=0
722,Deal GIVENCHY Women,Party Dresses,Women,Michael’s fashion store,920.68,1196.88,https://f.nooncdn.com/p/pzsku/ZD8B87EE43746343B9869Z/45/1767799902/2bb12b27-01db-478e-a2c3-ade972febbff.jpg?width=800,https://namshiglobalstore.com/product-detail?id=722&demo=0
723,"""L'Enseigne du Selli",Knitwear and twillaines,Women,Michael’s fashion store,1555.2,2021.76,"https://assets.hermes.com/is/image/hermesproduct/6H2737D6A3_worn_1?size=3000,3000&extend=0,0,0,0&align=0,0&$product_item_grid_g$&wid=800&hei=800",https://namshiglobalstore.com/product-detail?id=723&demo=0
724,Samsung 11Kg Front l,Samsung,"Home Improvement, Washing Machines",LuxeNest Luxury,300.0,390.0,https://f.nooncdn.com/p/pzsku/Z4FA9FCC07E6F8EE697F7Z/45/_/1772091266/841cdf16-a8e6-4783-b510-51544004fd78.jpg?width=800,https://namshiglobalstore.com/product-detail?id=724&demo=0
725,12Kg Front Load Wash,Washing Machine,"Home Improvement, Washing Machines",LuxeNest Luxury,776.98,1010.07,https://f.nooncdn.com/p/pzsku/ZF24622281B7A77A0EC41Z/45/_/1782820587/d4b4db01-4751-4495-bf6f-04d27995d350.jpg?width=800,https://namshiglobalstore.com/product-detail?id=725&demo=0
726,Hedgren Rush RFID Cr,Hedgren Rush,,LuxeNest Luxury,399.06,518.78,https://f.nooncdn.com/p/pzsku/Z8F4286811653A0CBB6F3Z/45/_/1778246994/b7f91eac-4aee-4c5c-b782-8d5152d43eeb.jpg?width=800,https://namshiglobalstore.com/product-detail?id=726&demo=0
727,LeSportsac Hobo Bag,LeSportsac Hobo,,LuxeNest Luxury,398.14,517.58,https://f.nooncdn.com/p/pzsku/Z38263D7745D9DDEE7C06Z/45/_/1778246919/9f9ed48c-3d54-48ed-86e6-86eed8b5527e.jpg?width=800,https://namshiglobalstore.com/product-detail?id=727&demo=0
728,THULE Chasm Duffel b,Bags,"Bags, Women",LuxeNest Luxury,444.79,578.23,https://f.nooncdn.com/p/pzsku/Z9A3BA8A1CE28248FE308Z/45/1764336758/57fc1a3c-1a44-4453-ab2c-762a14ca187a.jpg?width=800,https://namshiglobalstore.com/product-detail?id=728&demo=0
729,"Seoul S, Small Backp",OGIO Pace,"Bags, Women, Clothing",LuxeNest Luxury,358.32,465.82,https://f.nooncdn.com/p/pzsku/Z8473A768B75DC2AE5AAAZ/45/_/1783094576/fc744fd9-71b7-45d2-8978-13c88ac90ffb.jpg?width=800,https://namshiglobalstore.com/product-detail?id=729&demo=0
730,Strathberry Mosaic B,Bags,Women,LuxeNest Luxury,836.7,1087.71,https://f.nooncdn.com/p/pzsku/Z0B3E487BE06B2DEC05ECZ/45/_/1777646519/8815e108-ded8-4631-b0a7-a989319336cb.jpg?width=800,https://namshiglobalstore.com/product-detail?id=730&demo=0
731,Tumi Alpha Bravo Ser,Dresses,"Women, Clothing",LuxeNest Luxury,844.79,1098.23,https://f.nooncdn.com/p/pzsku/ZA33618F68DCE2FBCDEDDZ/45/_/1779426177/8ec8849a-fff0-475b-b119-95ab94db291a.jpg?width=800,https://namshiglobalstore.com/product-detail?id=731&demo=0
732,PINKO Logo Detail Fl,Bags,Women,LuxeNest Luxury,513.22,667.19,https://f.nooncdn.com/p/pzsku/ZC5403EF9035C8C23BFE0Z/45/_/1782727616/9cfbde64-5251-475f-8109-302263324ee2.jpg?width=800,https://namshiglobalstore.com/product-detail?id=732&demo=0
733,PINKO Large Puff Max,Bags,Women,LuxeNest Luxury,668.74,869.36,https://f.nooncdn.com/p/pzsku/Z6606B86B23BB4B17691FZ/45/_/1782727508/6f2fe95c-5223-4388-abce-236e810f260d.jpg?width=800,https://namshiglobalstore.com/product-detail?id=733&demo=0
734,Strathberry Kite Cha,Bags,Women,LuxeNest Luxury,422.08,548.7,https://f.nooncdn.com/p/pzsku/Z47E5AE2FC41FE1BA68C9Z/45/_/1777646489/2884b19c-13d6-4c36-b2cd-b268a5921bb6.jpg?width=800,https://namshiglobalstore.com/product-detail?id=734&demo=0
735,Bellroy Venture Trav,Bags,Women,LuxeNest Luxury,416.17,541.02,https://f.nooncdn.com/p/pzsku/Z6E0FAE070E142B14F5FBZ/45/_/1772602921/ec4a3f51-2ac5-45d8-83f2-b34dfa00b7bd.jpg?width=800,https://namshiglobalstore.com/product-detail?id=735&demo=0
736,Tumi Men's Black Lig,Bags,Women,LuxeNest Luxury,472.16,613.81,https://f.nooncdn.com/p/pzsku/Z4BBC32EE380074693DC8Z/45/_/1779433401/565b7579-b9e5-467f-8c48-fd9625197bfa.jpg?width=800,https://namshiglobalstore.com/product-detail?id=736&demo=0
737,Strathberry Stylist,Bags,Women,LuxeNest Luxury,422.08,548.7,https://f.nooncdn.com/p/pzsku/Z5F219A19E531BBF5F542Z/45/_/1777646500/85fac5ec-c33d-416f-b3d5-eb0c070f1c43.jpg?width=800,https://namshiglobalstore.com/product-detail?id=737&demo=0
738,Amouage Honour 43 Ex,Dresses,"Women, Clothing",LuxeNest Luxury,13405.82,17427.57,https://f.nooncdn.com/p/4ce61678f06d4a1a94beb41cacfa2c7f|pzsku/ZE7381D4E43DBCC27F57DZ/45/1770378259/96b5d8d2-07a1-49c9-8778-221aa52d1701.jpg?width=800,https://namshiglobalstore.com/product-detail?id=738&demo=0
739,Amouage Purpose 50 E,Dresses,"Women, Clothing",LuxeNest Luxury,15583.1,20258.03,https://f.nooncdn.com/p/pzsku/ZAD86DCBEC1F059B2AAA7Z/45/1758095336/b275d4fd-2f14-441e-9180-20135da8babc.jpg?width=800,https://namshiglobalstore.com/product-detail?id=739&demo=0
740,Frederic Malle Portr,Dresses,"Women, Clothing",LuxeNest Luxury,429.55,558.42,https://f.nooncdn.com/p/v1586503874/N36646157A_1.jpg?width=800,https://namshiglobalstore.com/product-detail?id=740&demo=0
741,Eight & Bob Egypt,Dresses,"Women, Clothing",LuxeNest Luxury,467.81,608.15,https://f.nooncdn.com/p/pzsku/Z8CBD67A6217D761E16DDZ/45/1766824865/9918bd35-8c07-4dec-b520-3d1b316bd4fa.jpg?width=800,https://namshiglobalstore.com/product-detail?id=741&demo=0
742,Anna by Anuschka Han,Women's Handbags,Women,LuxeNest Luxury,442.3,574.99,https://f.nooncdn.com/p/pzsku/ZA12A0A9C111D64BA1D8BZ/45/1767628508/d5a4f152-7166-4714-a07d-c08b4f02323c.jpg?width=800,https://namshiglobalstore.com/product-detail?id=742&demo=0
743,kate spade new york,Women's Handbags,Women,LuxeNest Luxury,569.52,740.38,https://f.nooncdn.com/p/pzsku/Z250C78C2F0EA6E1B1AB8Z/45/1767784628/904214f6-d4ad-40a4-8df5-30bf93d0a08b.jpg?width=800,https://namshiglobalstore.com/product-detail?id=743&demo=0
744,Frye Nora Knotted Ho,Women's Handbags,Women,LuxeNest Luxury,396.26,515.14,https://f.nooncdn.com/p/pzsku/Z925D3229A4469BCDF819Z/45/1762417993/552c7830-e3ae-4dfb-a909-8a030007da2a.jpg?width=800,https://namshiglobalstore.com/product-detail?id=744&demo=0
745,BRAHMIN Melbourne Hi,Dresses,"Women, Clothing",LuxeNest Luxury,464.69,604.1,https://f.nooncdn.com/p/pzsku/ZD4B32FAB1E52E720B358Z/45/1767626990/4e892653-f993-4a9e-bd99-c44ae0ba4603.jpg?width=800,https://namshiglobalstore.com/product-detail?id=745&demo=0
746,PUMA,Women,,LuxeNest Luxury,52.87,68.73,https://f.nooncdn.com/p/pzsku/Z271AFB874E51BBD46567Z/45/_/1780056516/bbdc9a43-9118-4fc9-9f2e-11a124bd8430.jpg?format=webp&amp;width=800,https://namshiglobalstore.com/product-detail?id=746&demo=0
747,NIKE,Women,,LuxeNest Luxury,138.76,180.39,https://f.nooncdn.com/p/pzsku/Z38068260BA08759F6B46Z/45/1764752082/eaf36bae-e5a6-473e-a3dd-741914a3eeb7.jpg?format=webp&amp;width=800,https://namshiglobalstore.com/product-detail?id=747&demo=0
748,BIRKENSTOCK,Women,,LuxeNest Luxury,99.4,129.22,https://f.nooncdn.com/p/pzsku/ZEF66CA48FA6AFDD4393DZ/45/_/1771573579/08c31bbf-2383-4f5a-84db-4e072391fff2.jpg?format=webp&amp;width=800,https://namshiglobalstore.com/product-detail?id=748&demo=0
749,Nike Initiator,Women,,LuxeNest Luxury,128.54,167.1,https://f.nooncdn.com/p/pzsku/Z429CF31007A011DAE28BZ/45/_/1776094507/5b0eff03-7905-4a66-b2eb-51bca49be1a2.jpg?format=webp&amp;width=800,https://namshiglobalstore.com/product-detail?id=749&demo=0
750,HIGH STAR,Women,,LuxeNest Luxury,93.34,121.34,https://f.nooncdn.com/p/pzsku/Z37FA9550A460D0AD688AZ/45/_/1776901651/6a4b365d-c298-4895-b314-e57583727670.jpg?format=webp&amp;width=800,https://namshiglobalstore.com/product-detail?id=750&demo=0
751,Sunfere Alisha Slee,Women,"Women, Clothing",LuxeNest Luxury,24.23,31.5,https://f.nooncdn.com/p/pzsku/Z6C8F1342B9A7C08042F5Z/45/_/1783666971/ebad504e-0d0d-4774-ade9-6546dee68ddb.jpg?format=webp&width=800,https://namshiglobalstore.com/product-detail?id=751&demo=0
752,H&M Regular Fit Cot,Men,"Men, Clothing, Clothing Polo Shirts",LuxeNest Luxury,109.64,142.53,https://f.nooncdn.com/p/pzsku/Z233A7C817626BBB22B8DZ/45/_/1777261139/1bdafaf3-70a8-4520-804b-2b2be4e7a9a0.jpg?format=webp&width=800,https://namshiglobalstore.com/product-detail?id=752&demo=0
753,Mango Man 100% cotton slim-fit striped shirt for Men | Best Price UAE,Men,"Men, Clothing, Clothing Shirts",LuxeNest Luxury,158.74,206.36,https://f.nooncdn.com/p/pzsku/Z9DB0B98CACA5998EC0A1Z/45/_/1774982363/184609cd-cac5-4090-9065-42f789829de2.jpg?format=webp&width=800,https://namshiglobalstore.com/product-detail?id=753&demo=0
754,LACOSTE,Women,Watches,LuxeNest Luxury,37.92,49.3,https://f.nooncdn.com/p/pzsku/Z854577B1F4A54BFB91B5Z/45/_/1783494241/1f9a68da-7c01-4f3a-a490-1f29bc994008.jpg?format=webp&amp;width=800,https://namshiglobalstore.com/product-detail?id=754&demo=0
755,PUMA,Men,,LuxeNest Luxury,62.22,80.89,https://f.nooncdn.com/p/pzsku/Z78205CA5FC49304F22EAZ/45/_/1773474728/14df7afa-6dd0-45a0-a517-95a003d42aa6.jpg?format=webp&amp;width=800,https://namshiglobalstore.com/product-detail?id=755&demo=0
756,CALVIN KLEIN SHORELI,Women,"Women, Clothing",LuxeNest Luxury,87.04,113.15,https://f.nooncdn.com/p/pzsku/Z9C6A2E93D45F720818E6Z/45/_/1779121463/e5001bb9-c66e-4b5a-b386-b937a2c3f0ba.jpg?format=webp&width=800,https://namshiglobalstore.com/product-detail?id=756&demo=0
757,CALVIN KLEIN Thong,Women,"Women, Clothing",LuxeNest Luxury,136.61,177.59,https://f.nooncdn.com/p/pzsku/Z68236BD6DE81F2F3E538Z/45/1752062304/73bd598e-bc66-4150-82f2-fe86f9203f1a.jpg?format=webp&width=800,https://namshiglobalstore.com/product-detail?id=757&demo=0
758,Calvin Klein Jeans,Women,Women,LuxeNest Luxury,151.07,196.39,https://f.nooncdn.com/p/pzsku/ZFC5A3949744EF735421FZ/45/_/1776064923/29f309ac-d14e-47cd-826b-b0f94fc14901.jpg?format=webp&width=800,https://namshiglobalstore.com/product-detail?id=758&demo=0
759,CALVIN KLEIN Tight,Women,"Women, Clothing",LuxeNest Luxury,46.12,59.96,https://f.nooncdn.com/p/pzsku/Z9BC09EA21147F94B0A41Z/45/_/1739272471/4bb154b7-29ef-4684-a592-2f4c15476a1c.jpg?format=webp&width=800,https://namshiglobalstore.com/product-detail?id=759&demo=0
760,Calvin Klein Jeans B,Women,Women,LuxeNest Luxury,110.95,144.24,https://f.nooncdn.com/p/pzsku/Z49468918903480420648Z/45/_/1776064891/04396f70-0fcc-4897-b81c-fe65e4f2a21c.jpg?format=webp&width=800,https://namshiglobalstore.com/product-detail?id=760&demo=0
761,Adidas BLACAR/BLACAR,Men,Men,LuxeNest Luxury,113.32,147.32,https://f.nooncdn.com/p/pzsku/Z76020231D0CF059BF0BBZ/45/1748422431/bcf18f2e-f9e5-4fad-af92-f3dbbcbd0f50.jpg?format=webp&width=800,https://namshiglobalstore.com/product-detail?id=761&demo=0
762,Tumi Monroe Men's Wa,Bags,Women,HarrisonMalik Luxury Store,551.16,716.51,https://f.nooncdn.com/p/pzsku/Z6F334AB2BA2726E0FA47Z/45/_/1779360316/dc7f01be-be6e-4eba-8b44-6da8d247ba15.jpg?width=800,https://namshiglobalstore.com/product-detail?id=762&demo=0
763,12Kg Front Load Wash,Washing Machine,"Home Improvement, Washing Machines",HarrisonMalik Luxury Store,776.98,1010.07,https://f.nooncdn.com/p/pzsku/ZF24622281B7A77A0EC41Z/45/_/1782820587/d4b4db01-4751-4495-bf6f-04d27995d350.jpg?width=800,https://namshiglobalstore.com/product-detail?id=763&demo=0
764,"Seoul S, Small Backp",OGIO Pace,"Bags, Women, Clothing",HarrisonMalik Luxury Store,358.32,465.82,https://f.nooncdn.com/p/pzsku/Z8473A768B75DC2AE5AAAZ/45/_/1783094576/fc744fd9-71b7-45d2-8978-13c88ac90ffb.jpg?width=800,https://namshiglobalstore.com/product-detail?id=764&demo=0
765,12Kg Front Load Wash,Washing Machine,"Home Improvement, Washing Machines",The Lux Hub,776.98,1010.07,https://f.nooncdn.com/p/pzsku/ZF24622281B7A77A0EC41Z/45/_/1782820587/d4b4db01-4751-4495-bf6f-04d27995d350.jpg?width=800,https://namshiglobalstore.com/product-detail?id=765&demo=0
766,HITACHI Top Load Ful,HITACHI,"Home Improvement, Washing Machines",The Lux Hub,685.22,890.79,https://f.nooncdn.com/p/pzsku/ZFBFE5132CACD9AE86BDEZ/45/_/1778748182/8a83aee2-8bb0-4e62-8624-527926bbaa66.jpg?width=800,https://namshiglobalstore.com/product-detail?id=766&demo=0
767,Deal SONASHI 9.5kg F,SONASHI,"Home Improvement, Washing Machines",The Lux Hub,366.72,476.74,https://f.nooncdn.com/p/pzsku/Z9A34BFA8C20C3CF20019Z/45/_/1779345564/63446f67-e58c-4d21-8137-b8adb7cc8e6e.jpg?width=800,https://namshiglobalstore.com/product-detail?id=767&demo=0
768,Hedgren Rush RFID Cr,Hedgren Rush,,The Lux Hub,399.06,518.78,https://f.nooncdn.com/p/pzsku/Z8F4286811653A0CBB6F3Z/45/_/1778246994/b7f91eac-4aee-4c5c-b782-8d5152d43eeb.jpg?width=800,https://namshiglobalstore.com/product-detail?id=768&demo=0
769,OGIO Pace Pro Duffel,OGIO Pace,"Bags, Women, Clothing",The Lux Hub,374.18,486.43,https://f.nooncdn.com/p/pzsku/ZC9824CEC0ABF6A35766AZ/45/_/1781796133/b06170da-0e59-4876-92a2-3315b4121698.jpg?width=800,https://namshiglobalstore.com/product-detail?id=769&demo=0
770,Tumi Alpha Bravo Ser,Dresses,"Women, Clothing",The Lux Hub,844.79,1098.23,https://f.nooncdn.com/p/pzsku/ZA33618F68DCE2FBCDEDDZ/45/_/1779426177/8ec8849a-fff0-475b-b119-95ab94db291a.jpg?width=800,https://namshiglobalstore.com/product-detail?id=770&demo=0
771,Strathberry Stylist,Bags,Women,The Lux Hub,422.08,548.7,https://f.nooncdn.com/p/pzsku/Z5F219A19E531BBF5F542Z/45/_/1777646500/85fac5ec-c33d-416f-b3d5-eb0c070f1c43.jpg?width=800,https://namshiglobalstore.com/product-detail?id=771&demo=0
772,PINKO Logo Detail Fl,Bags,Women,The Lux Hub,513.22,667.19,https://f.nooncdn.com/p/pzsku/ZC5403EF9035C8C23BFE0Z/45/_/1782727616/9cfbde64-5251-475f-8109-302263324ee2.jpg?width=800,https://namshiglobalstore.com/product-detail?id=772&demo=0
773,PINKO Large Puff Max,Bags,Women,The Lux Hub,668.74,869.36,https://f.nooncdn.com/p/pzsku/Z6606B86B23BB4B17691FZ/45/_/1782727508/6f2fe95c-5223-4388-abce-236e810f260d.jpg?width=800,https://namshiglobalstore.com/product-detail?id=773&demo=0
774,Bellroy Venture Trav,Bags,Women,The Lux Hub,416.17,541.02,https://f.nooncdn.com/p/pzsku/Z6E0FAE070E142B14F5FBZ/45/_/1772602921/ec4a3f51-2ac5-45d8-83f2-b34dfa00b7bd.jpg?width=800,https://namshiglobalstore.com/product-detail?id=774&demo=0
775,THULE Chasm Duffel b,Bags,"Bags, Women",The Lux Hub,444.79,578.23,https://f.nooncdn.com/p/pzsku/Z9A3BA8A1CE28248FE308Z/45/1764336758/57fc1a3c-1a44-4453-ab2c-762a14ca187a.jpg?width=800,https://namshiglobalstore.com/product-detail?id=775&demo=0
776,Brooks England Brook,Bags,Women,The Lux Hub,550.54,715.7,https://f.nooncdn.com/p/pzsku/Z43435173CDAA30D5D3C0Z/45/1748536768/4893966e-941f-459b-967f-b4299ac635f0.jpg?width=800,https://namshiglobalstore.com/product-detail?id=776&demo=0
777,Strathberry Kite Cha,Bags,Women,The Lux Hub,422.08,548.7,https://f.nooncdn.com/p/pzsku/Z47E5AE2FC41FE1BA68C9Z/45/_/1777646489/2884b19c-13d6-4c36-b2cd-b268a5921bb6.jpg?width=800,https://namshiglobalstore.com/product-detail?id=777&demo=0
778,Tumi Monroe Men's Wa,Bags,Women,The Lux Hub,551.16,716.51,https://f.nooncdn.com/p/pzsku/Z6F334AB2BA2726E0FA47Z/45/_/1779360316/dc7f01be-be6e-4eba-8b44-6da8d247ba15.jpg?width=800,https://namshiglobalstore.com/product-detail?id=778&demo=0
779,PINKO Small Puff Max,Bags,Women,The Lux Hub,486.78,632.81,https://f.nooncdn.com/p/pzsku/Z37744B67EA59E4740B8FZ/45/_/1782727478/5ce288db-943e-46f3-b9cf-2e2761c61e5f.jpg?width=800,https://namshiglobalstore.com/product-detail?id=779&demo=0
780,PINKO Logo Detail Fl,Dresses,"Women, Clothing",The Lux Hub,413.69,537.8,https://f.nooncdn.com/p/pzsku/Z527CC215F17618AA5AA3Z/45/_/1782727498/d6040f5d-acfa-4ad8-b593-bb8456074024.jpg?width=800,https://namshiglobalstore.com/product-detail?id=780&demo=0
781,Amouage Purpose 50 E,Dresses,"Women, Clothing",The Lux Hub,15583.1,20258.03,https://f.nooncdn.com/p/pzsku/ZAD86DCBEC1F059B2AAA7Z/45/1758095336/b275d4fd-2f14-441e-9180-20135da8babc.jpg?width=800,https://namshiglobalstore.com/product-detail?id=781&demo=0
782,Amouage Honour 43 Ex,Dresses,"Women, Clothing",The Lux Hub,13405.82,17427.57,https://f.nooncdn.com/p/4ce61678f06d4a1a94beb41cacfa2c7f|pzsku/ZE7381D4E43DBCC27F57DZ/45/1770378259/96b5d8d2-07a1-49c9-8778-221aa52d1701.jpg?width=800,https://namshiglobalstore.com/product-detail?id=782&demo=0
783,Anna by Anuschka Wom,Women's Handbags,Women,The Lux Hub,414.3,538.59,https://f.nooncdn.com/p/pzsku/Z1909C3792E1EEC1C5BC7Z/45/1767783921/33162b0e-fc88-4bac-adeb-b314cd467b1c.jpg?width=800,https://namshiglobalstore.com/product-detail?id=783&demo=0
784,Lug Rumble Satchel B,Women's Handbags,Women,The Lux Hub,480.55,624.72,https://f.nooncdn.com/p/pzsku/ZBAE79097650B931C8D4CZ/45/_/1778246905/853a371d-c5f5-4337-a7e8-d1f93a02dbda.jpg?width=800,https://namshiglobalstore.com/product-detail?id=784&demo=0
785,Hermès Videpoches ba,Women's bags and clutches,Women,The Lux Hub,2448.0,3182.4,"https://assets.hermes.com/is/image/hermesproduct/084283CKAC_front_wm_1?size=3000,3000&extend=0,0,0,0&align=0,0&$product_item_grid_g$&wid=400&hei=400",https://namshiglobalstore.com/product-detail?id=785&demo=0
786,Grain De Beaute Tria,Women's Handbags,Women,The Lux Hub,426.12,553.96,https://f.nooncdn.com/p/pzsku/Z676000F0271390E6F76CZ/45/_/1782956032/71523304-516d-45f6-88a0-31882ab0b13d.jpg?width=800,https://namshiglobalstore.com/product-detail?id=786&demo=0
787,Hermès Videpoches ba,Women's bags and clutches,Women,The Lux Hub,3168.0,4118.4,"https://assets.hermes.com/is/image/hermesproduct/088914CK37_front_wm_1?size=3000,3000&extend=0,0,0,0&align=0,0&$product_item_grid_g$&wid=400&hei=400",https://namshiglobalstore.com/product-detail?id=787&demo=0
788,Grain De Beaute Bast,Women's Handbags,Women,The Lux Hub,419.9,545.87,https://f.nooncdn.com/p/v1574882641/N31779674A_1.jpg?width=800,https://namshiglobalstore.com/product-detail?id=788&demo=0
789,Hush Puppies Fashion,Women's Handbags,Women,The Lux Hub,433.9,564.07,https://f.nooncdn.com/p/pzsku/ZE6B8526FCC11567AA5C2Z/45/1768184008/0bcdf24a-845c-4f03-986e-a8723a603689.jpg?width=800,https://namshiglobalstore.com/product-detail?id=789&demo=0
790,Hermès Videpoches ba,Women's bags and clutches,Women,The Lux Hub,3168.0,4118.4,"https://assets.hermes.com/is/image/hermesproduct/088914CK18_front_wm_1?size=3000,3000&extend=0,0,0,0&align=0,0&$product_item_grid_g$&wid=400&hei=400",https://namshiglobalstore.com/product-detail?id=790&demo=0
791,"Oran sandal, Blue",Sandals,Women,The Lux Hub,518.4,673.92,"https://assets.hermes.com/is/image/hermesproduct/221208Z%20BR_front_wm_1?size=3000,3000&extend=0,0,0,0&align=0,0&$product_item_grid_g$&wid=400&hei=400",https://namshiglobalstore.com/product-detail?id=791&demo=0
792,Loquat Women's Off S,Women's Dresses,Women,The Lux Hub,478.69,622.3,https://f.nooncdn.com/p/pzsku/Z6413BDCCBC4EB2070FE8Z/45/1755153363/6d2fb9c1-04ee-44f7-aca0-ec85107d368f.jpg?width=800,https://namshiglobalstore.com/product-detail?id=792&demo=0
793,TOMMY HILFIGER Relax,Women's Dresses,Women,The Lux Hub,268.12,348.56,https://f.nooncdn.com/p/pzsku/ZC2B491C4CFE657DF6742Z/45/1759299470/900c73cd-0b70-49cb-bc98-86acab5fa6d3.jpg?width=800,https://namshiglobalstore.com/product-detail?id=793&demo=0
794,MARYISA High Neck Se,Women's Dresses,Women,The Lux Hub,364.22,473.49,https://f.nooncdn.com/p/pzsku/Z6BCA9AA1C8F01D12D422Z/45/_/1778765538/d111d335-99ed-4eeb-a270-4471e11c6670.jpg?width=800,https://namshiglobalstore.com/product-detail?id=794&demo=0
795,Frock and Frill Prin,Women's Dresses,Women,The Lux Hub,354.9,461.37,https://f.nooncdn.com/p/pzsku/ZE3299D45840EAE93BE91Z/45/_/1778764068/caafbda4-e776-4979-bcf1-3d52bf50a4dd.jpg?width=800,https://namshiglobalstore.com/product-detail?id=795&demo=0
796,Deal GIVENCHY Women,Party Dresses,Women,The Lux Hub,823.63,1070.72,https://f.nooncdn.com/p/pzsku/Z59AA575D7472CE827940Z/45/1767800380/4f26117b-3f04-4e5b-ac00-e58488338269.jpg?width=800,https://namshiglobalstore.com/product-detail?id=796&demo=0
797,NIVA FASHION HOUSE S,Party Dresses,Women,The Lux Hub,590.98,768.27,https://f.nooncdn.com/p/pzsku/Z49DF9CDD53B9D8AFE9FCZ/45/_/1681722163/ac424255-8beb-459d-b4cb-a7dd8a0f08eb.jpg?width=800,https://namshiglobalstore.com/product-detail?id=797&demo=0
798,Cashmere short skirt,Knitwear and twillaines,Women,The Lux Hub,1152.0,1497.6,"https://assets.hermes.com/is/image/hermesproduct/6H2324D1A3_worn_1?size=3000,3000&extend=0,0,0,0&align=0,0&$product_item_grid_g$&wid=400&hei=400",https://namshiglobalstore.com/product-detail?id=798&demo=0
799,"""Ex-Libris"" short-sl",Knitwear and twillaines,Women,The Lux Hub,979.2,1272.96,"https://assets.hermes.com/is/image/hermesproduct/6E2645D4JU_worn_1?size=3000,3000&extend=0,0,0,0&align=0,0&$product_item_grid_g$&wid=400&hei=400",https://namshiglobalstore.com/product-detail?id=799&demo=0
800,"""Ferronnerie"" long-s",Knitwear and twillaines,Women,The Lux Hub,1468.8,1909.44,"https://assets.hermes.com/is/image/hermesproduct/6E2675DCMV_worn_1?size=3000,3000&extend=0,0,0,0&align=0,0&$product_item_grid_g$&wid=800&hei=800",https://namshiglobalstore.com/product-detail?id=800&demo=0
801,"""Medor"" long-sleeve",Knitwear and twillaines,Women,The Lux Hub,1310.4,1703.52,"https://assets.hermes.com/is/image/hermesproduct/6E2733DN3V_worn_1?size=3000,3000&extend=0,0,0,0&align=0,0&$product_item_grid_g$&wid=400&hei=400",https://namshiglobalstore.com/product-detail?id=801&demo=0
802,"""Ex-Libris"" long-sle",Knitwear and twillaines,Women,The Lux Hub,1468.8,1909.44,"https://assets.hermes.com/is/image/hermesproduct/6E2678D4JU_worn_1?size=3000,3000&extend=0,0,0,0&align=0,0&$product_item_grid_g$&wid=400&hei=400",https://namshiglobalstore.com/product-detail?id=802&demo=0
803,"""Cahier du Colporteu",Knitwear and twillaines,Women,The Lux Hub,2289.6,2976.48,"https://assets.hermes.com/is/image/hermesproduct/6H2853DMKL_worn_1?size=3000,3000&extend=0,0,0,0&align=0,0&$product_item_grid_g$&wid=400&hei=400",https://namshiglobalstore.com/product-detail?id=803&demo=0
804,"""En diagonale"" swim",Beachwear,"Women, Men",The Lux Hub,495.36,643.97,"https://assets.hermes.com/is/image/hermesproduct/658120H101_worn_1?size=3000,3000&extend=0,0,0,0&align=0,0&$product_item_grid_g$&wid=800&hei=800",https://namshiglobalstore.com/product-detail?id=804&demo=0
805,Xbox Series X 1TB Co,Consoles,Video Games,The Lux Hub,818.04,1063.45,https://f.nooncdn.com/p/pzsku/Z629E1EFFA689ECBF7B84Z/45/_/1779704071/1bdb4247-e0e9-4458-925a-1884886c8d4c.jpg?width=1200,https://namshiglobalstore.com/product-detail?id=805&demo=0
806,Xbox Series S 512 GB,Consoles,Video Games,The Lux Hub,497.58,646.85,https://f.nooncdn.com/p/pzsku/ZC1C6BDF0A83F3EA3B6AFZ/45/_/1779703885/4f81f361-6c1f-4190-9437-259c43093f8d.jpg?width=1200,https://namshiglobalstore.com/product-detail?id=806&demo=0
807,Xbox Series S 512 Gb,Consoles,Video Games,The Lux Hub,590.98,768.27,https://f.nooncdn.com/p/pzsku/ZCB67916C4BE0A5236AEFZ/45/_/1779704227/5dde99d7-a4e9-4ab9-b76c-3db1914cc1b0.jpg?width=1200,https://namshiglobalstore.com/product-detail?id=807&demo=0
808,Xbox Series X Consol,Consoles,Video Games,The Lux Hub,839.96,1091.95,https://f.nooncdn.com/p/pzsku/ZA5620749AB59BE6D0A38Z/45/_/1779704242/ca22cf07-a3bd-4140-91c2-59952c44fdc9.jpg?width=1200,https://namshiglobalstore.com/product-detail?id=808&demo=0
809,Xbox Series X 1TB Co,Consoles,Video Games,The Lux Hub,926.9,1204.97,https://f.nooncdn.com/p/pzsku/Z8433B7612C78761C24E9Z/45/_/1779704765/cf204ec2-2e06-498a-8d8e-cb6afc47d5a5.jpg?width=1200,https://namshiglobalstore.com/product-detail?id=809&demo=0
810,Xbox Series X 1TB Co,Consoles,Video Games,The Lux Hub,898.6,1168.18,https://f.nooncdn.com/p/pzsku/ZE2E87E52FD40711184B1Z/45/_/1779706167/3f793c40-d482-420d-9018-f7a01ebc2657.jpg?width=1200,https://namshiglobalstore.com/product-detail?id=810&demo=0
811,Logitech G29 Driving,Video Game Accessories,Video Games,The Lux Hub,260.96,339.25,https://f.nooncdn.com/p/pzsku/Z63CC8A8816F4C0563378Z/45/_/1779704414/23b09dfb-1b04-44e0-9854-3dddee7441be.jpg?width=1200,https://namshiglobalstore.com/product-detail?id=811&demo=0
812,1TB Xbox Series X Co,Consoles,Video Games,The Lux Hub,932.81,1212.65,https://f.nooncdn.com/p/pzsku/Z8681F541AC4B79FE20ACZ/45/_/1779704629/b8e4107b-ad25-491d-a273-fa868cbd61ba.jpg?width=1200,https://namshiglobalstore.com/product-detail?id=812&demo=0
813,Xbox Series S 512 GB,Consoles,Video Games,The Lux Hub,584.76,760.19,https://f.nooncdn.com/p/pzsku/ZB4F6F0EFD0269E8310C9Z/45/_/1779708174/59222ff6-d4a3-4b07-9d20-7f698caba68a.jpg?width=1200,https://namshiglobalstore.com/product-detail?id=813&demo=0
814,PlayStation 5 Slim C,Consoles,Video Games,The Lux Hub,777.28,1010.46,https://f.nooncdn.com/p/pzsku/ZF7DE576DBE2537AA0515Z/45/_/1780466928/a9cfeb73-57eb-40ce-b222-7c94a20e9de1.jpg?width=1200,https://namshiglobalstore.com/product-detail?id=814&demo=0
815,PlayStation 5 Slim C,Consoles,Video Games,The Lux Hub,795.94,1034.72,https://f.nooncdn.com/p/pzsku/Z367303A55EB14BC45458Z/45/_/1780466756/bd207504-989e-4cfc-be68-9b1a78acd9fd.jpg?width=1200,https://namshiglobalstore.com/product-detail?id=815&demo=0
816,PlayStation 5 Consol,Consoles,Video Games,The Lux Hub,652.87,848.73,https://f.nooncdn.com/p/pzsku/Z9E4DE0E418A2F12A9CECZ/45/_/1780466862/a8af53f1-7342-4401-b3eb-39b002687f61.jpg?width=1200,https://namshiglobalstore.com/product-detail?id=816&demo=0
817,Television 55-Inch S,Televisions,Television & Video,The Lux Hub,839.5,1091.35,https://f.nooncdn.com/p/pzsku/Z5EB2E37CA5D4F1A41C97Z/45/_/1779344690/60b748c0-1d6f-4f97-8eb9-873a149d4b52.jpg?width=1200,https://namshiglobalstore.com/product-detail?id=817&demo=0
818,Television 75 Inch S,Televisions,Television & Video,The Lux Hub,1051.32,1366.72,https://f.nooncdn.com/p/pzsku/ZCA95CB05040ACD5040FFZ/45/_/1779345402/60a64edd-0ec9-415f-9983-c71e231c2b2b.jpg?width=1200,https://namshiglobalstore.com/product-detail?id=818&demo=0
819,85 Inch Crystal UHD,Televisions,Television & Video,The Lux Hub,1082.56,1407.33,https://f.nooncdn.com/p/pzsku/Z211B681386A77AF421B1Z/45/_/1772180687/c4b95f96-5611-4f0d-bff7-0cbec8feb6bb.jpg?width=1200,https://namshiglobalstore.com/product-detail?id=819&demo=0
820,Hisense 75 inch QLED,Televisions,Television & Video,The Lux Hub,839.5,1091.35,https://f.nooncdn.com/p/pzsku/Z055D0344D514616ACB96Z/45/_/1779344446/66a5bda0-05f6-47d1-970f-64afcfb68ded.jpg?width=1200,https://namshiglobalstore.com/product-detail?id=820&demo=0
821,85-Inch 4K UHD A6Q S,Televisions,Television & Video,The Lux Hub,1057.22,1374.39,https://f.nooncdn.com/p/pzsku/Z771B017E2809F671AFF5Z/45/_/1779344800/0c2e502d-9804-4b38-8714-7570ea95a2b0.jpg?width=1200,https://namshiglobalstore.com/product-detail?id=821&demo=0
822,"85 Inch UHD TV, 4K U",Televisions,Television & Video,The Lux Hub,1089.94,1416.92,https://f.nooncdn.com/p/pzsku/ZFF0F5337E4DB0994DDB0Z/45/_/1772180648/c1352755-2fd7-498c-9ba7-3758fa95d1e4.jpg?width=1200,https://namshiglobalstore.com/product-detail?id=822&demo=0
823,55 inch Smart TV UHD,Televisions,Television & Video,The Lux Hub,341.52,443.98,https://f.nooncdn.com/p/pzsku/Z3F1A7A93E31CBC8208A1Z/45/_/1779345623/52974889-872f-4d35-8256-72e167053366.jpg?width=1200,https://namshiglobalstore.com/product-detail?id=823&demo=0
824,LACOSTE,Women,Watches,The Lux Hub,80.77,105.0,https://f.nooncdn.com/p/pzsku/Z854577B1F4A54BFB91B5Z/45/_/1783494241/1f9a68da-7c01-4f3a-a490-1f29bc994008.jpg?format=webp&amp;width=800,https://namshiglobalstore.com/product-detail?id=824&demo=0
825,Kelly Gourmette brac,Kelly,Women,The Lux Hub,11750.4,15275.52,"https://assets.hermes.com/is/image/hermesproduct/221410B%2000_front_wm_1?size=3000,3000&extend=0,0,0,0&align=0,0&$product_item_grid_g$&wid=800&hei=800",https://namshiglobalstore.com/product-detail?id=825&demo=0
826,Kelly ring,Kelly,Women,The Lux Hub,9849.6,12804.48,"https://assets.hermes.com/is/image/hermesproduct/224602B%2000_front_wm_2?size=3000,3000&extend=0,0,0,0&align=0,0&$product_item_grid_g$&wid=800&hei=800",https://namshiglobalstore.com/product-detail?id=826&demo=0
827,Kelly Chaine bracele,Kelly,Women,The Lux Hub,2188.8,2845.44,"https://assets.hermes.com/is/image/hermesproduct/123429B%2000_worn_1?size=3000,3000&extend=0,0,0,0&align=0,0&$product_item_grid_g$&wid=800&hei=800",https://namshiglobalstore.com/product-detail?id=827&demo=0
828,Kelly ring,Kelly,Women,The Lux Hub,4262.4,5541.12,"https://assets.hermes.com/is/image/hermesproduct/224605B%2000_front_wm_2?size=3000,3000&extend=0,0,0,0&align=0,0&$product_item_grid_g$&wid=800&hei=800",https://namshiglobalstore.com/product-detail?id=828&demo=0
829,"Clou de forge ring,",Equestrian,Women,The Lux Hub,676.8,879.84,"https://assets.hermes.com/is/image/hermesproduct/122610B%2000_front_wm_2?size=3000,3000&extend=0,0,0,0&align=0,0&$product_item_grid_g$&wid=400&hei=400",https://namshiglobalstore.com/product-detail?id=829&demo=0
830,"Etriviere ring, smal",Equestrian,Women,The Lux Hub,5299.2,6888.96,"https://assets.hermes.com/is/image/hermesproduct/124608B%2000_front_wm_2?size=3000,3000&extend=0,0,0,0&align=0,0&$product_item_grid_g$&wid=400&hei=400",https://namshiglobalstore.com/product-detail?id=830&demo=0
831,Men Stainless Steel,Men's Wrist Watches,Men,The Lux Hub,44.78,58.21,https://f.nooncdn.com/p/pzsku/Z55914D5E92846A6E53AAZ/45/_/1779709599/cee7f296-6053-4c6f-a122-8095737a8743.jpg?width=1200,https://namshiglobalstore.com/product-detail?id=831&demo=0
832,DIESEL Logo Elegant,Men,Men,HarrisonMalik Luxury Store,120.68,156.88,https://f.nooncdn.com/p/pzsku/ZC229E24F723D1118262CZ/45/1758614650/e16c7943-faf5-449a-835c-93c5416081c2.jpg?format=webp&width=800,https://namshiglobalstore.com/product-detail?id=832&demo=0
833,BOSS Rian Necklace,Men,Men,HarrisonMalik Luxury Store,153.82,199.97,https://f.nooncdn.com/p/pzsku/Z4516899031E4407E3F7CZ/45/_/1780648257/5cedb7dd-5c3a-41b9-828d-92be0834d5a9.jpg?format=webp&width=800,https://namshiglobalstore.com/product-detail?id=833&demo=0
834,GUESS Long Pendent,Men,Men,HarrisonMalik Luxury Store,145.69,189.4,https://f.nooncdn.com/p/pzsku/ZE9AD848E60FF3BCDB590Z/45/_/1779349860/542c2866-0572-47b0-ad41-22640ce7ac0f.jpg?format=webp&width=800,https://namshiglobalstore.com/product-detail?id=834&demo=0
835,CALVIN KLEIN Magfy,Men,Men,HarrisonMalik Luxury Store,124.09,161.32,https://f.nooncdn.com/p/pzsku/ZE3D7DF37978B7D8E8D57Z/45/_/1780648257/211ea6c3-7a41-40f0-8005-c827f64fa286.jpg?format=webp&width=800,https://namshiglobalstore.com/product-detail?id=835&demo=0
836,Michael Kors Jetset,Women,Women,HarrisonMalik Luxury Store,148.21,192.67,https://f.nooncdn.com/p/pzsku/Z4AD5C01B5B81B861B3BBZ/45/_/1783084883/527e1844-3c50-4787-86d4-e72f8e882a3d.jpg?format=webp&width=800,https://namshiglobalstore.com/product-detail?id=836&demo=0
837,Michael Kors Multico,Women,Women,HarrisonMalik Luxury Store,146.09,189.92,https://f.nooncdn.com/p/pzsku/Z38702C4056FB1ECFBCF9Z/45/_/1782996147/338204ba-d905-4670-aa45-38a4c3f882aa.jpg?format=webp&width=800,https://namshiglobalstore.com/product-detail?id=837&demo=0
838,اشتري فيرزاتشي ساعة,Men,Men,HarrisonMalik Luxury Store,145.01,188.51,https://f.nooncdn.com/p/pzsku/ZB7337873CDC93B669F53Z/45/1762170799/726fa5d5-c2a9-49ed-a2e5-a2b265330083.jpg?format=webp&width=800,https://namshiglobalstore.com/product-detail?id=838&demo=0
839,OLIVIA BURTON Vegan,Women,Women,HarrisonMalik Luxury Store,110.39,143.51,https://f.nooncdn.com/p/pzsku/Z592253A4DF1F66099999Z/45/_/1783163477/558d156e-fddb-4233-95ca-b67fa47fa10d.jpg?format=webp&width=800,https://namshiglobalstore.com/product-detail?id=839&demo=0
840,FOSSIL Classic Ste,Women,Women,HarrisonMalik Luxury Store,78.55,102.12,https://f.nooncdn.com/p/pzsku/Z5ACDDD99366801BCF9C8Z/45/_/1783164785/3081cebf-7fdf-4a15-8673-7cced8e9b6ae.jpg?format=webp&width=800,https://namshiglobalstore.com/product-detail?id=840&demo=0
841,Threadz by Ajooni P,Women,"Women, Clothing",HarrisonMalik Luxury Store,145.42,189.05,https://f.nooncdn.com/p/pzsku/Z5A4C11B7028D8982F39FZ/45/_/1778237990/2a84bc8f-6f39-45cb-8831-a1bb2e20805e.jpg?format=webp&width=800,https://namshiglobalstore.com/product-detail?id=841&demo=0
842,HITACHI Top Load Ful,HITACHI,"Home Improvement, Washing Machines",HarrisonMalik Luxury Store,685.22,890.79,https://f.nooncdn.com/p/pzsku/ZFBFE5132CACD9AE86BDEZ/45/_/1778748182/8a83aee2-8bb0-4e62-8624-527926bbaa66.jpg?width=800,https://namshiglobalstore.com/product-detail?id=842&demo=0
843,Deal SONASHI 9.5kg F,SONASHI,"Home Improvement, Washing Machines",HarrisonMalik Luxury Store,366.72,476.74,https://f.nooncdn.com/p/pzsku/Z9A34BFA8C20C3CF20019Z/45/_/1779345564/63446f67-e58c-4d21-8137-b8adb7cc8e6e.jpg?width=800,https://namshiglobalstore.com/product-detail?id=843&demo=0
844,Hedgren Rush RFID Cr,Hedgren Rush,,HarrisonMalik Luxury Store,399.06,518.78,https://f.nooncdn.com/p/pzsku/Z8F4286811653A0CBB6F3Z/45/_/1778246994/b7f91eac-4aee-4c5c-b782-8d5152d43eeb.jpg?width=800,https://namshiglobalstore.com/product-detail?id=844&demo=0
845,LeSportsac Hobo Bag,LeSportsac Hobo,,HarrisonMalik Luxury Store,398.14,517.58,https://f.nooncdn.com/p/pzsku/Z38263D7745D9DDEE7C06Z/45/_/1778246919/9f9ed48c-3d54-48ed-86e6-86eed8b5527e.jpg?width=800,https://namshiglobalstore.com/product-detail?id=845&demo=0
846,THULE Chasm Duffel b,Bags,"Bags, Women",HarrisonMalik Luxury Store,444.79,578.23,https://f.nooncdn.com/p/pzsku/Z9A3BA8A1CE28248FE308Z/45/1764336758/57fc1a3c-1a44-4453-ab2c-762a14ca187a.jpg?width=800,https://namshiglobalstore.com/product-detail?id=846&demo=0
847,OGIO Pace Pro Duffel,OGIO Pace,"Bags, Women, Clothing",HarrisonMalik Luxury Store,374.18,486.43,https://f.nooncdn.com/p/pzsku/ZC9824CEC0ABF6A35766AZ/45/_/1781796133/b06170da-0e59-4876-92a2-3315b4121698.jpg?width=800,https://namshiglobalstore.com/product-detail?id=847&demo=0
848,THULE Chasm Duffel B,Bags,"Bags, Women",HarrisonMalik Luxury Store,545.88,709.64,https://f.nooncdn.com/p/pzsku/Z227D1E574A204C19D2FFZ/45/1764336757/d4b002e2-9419-47a9-877a-9ccea52dfcbd.jpg?width=800,https://namshiglobalstore.com/product-detail?id=848&demo=0
849,Strathberry Mosaic B,Bags,Women,HarrisonMalik Luxury Store,836.7,1087.71,https://f.nooncdn.com/p/pzsku/Z0B3E487BE06B2DEC05ECZ/45/_/1777646519/8815e108-ded8-4631-b0a7-a989319336cb.jpg?width=800,https://namshiglobalstore.com/product-detail?id=849&demo=0
850,Baggallini Modern Co,Bags,Women,Elite Essentials,372.0,483.6,https://f.nooncdn.com/p/pzsku/Z9BDB5B98A4F9901E31D8Z/45/1767628325/bb868b9a-6694-4202-89bf-3b7cb95c751a.jpg?width=800,https://namshiglobalstore.com/product-detail?id=850&demo=0
851,Samsung 11Kg Front l,Samsung,"Home Improvement, Washing Machines",The Lux Hub,300.0,390.0,https://f.nooncdn.com/p/pzsku/Z4FA9FCC07E6F8EE697F7Z/45/_/1772091266/841cdf16-a8e6-4783-b510-51544004fd78.jpg?width=800,https://namshiglobalstore.com/product-detail?id=851&demo=0
852,Michael Kors VANILLA,Women,"Bags, Women",Elite Haven,160.31,208.4,https://f.nooncdn.com/p/pzsku/ZC610AAACAAE8CC620BF7Z/45/_/1772176860/9848208c-fed1-490f-ae9a-72bc38043c70.jpg?format=webp&width=800,https://namshiglobalstore.com/product-detail?id=852&demo=0
853,Michael Kors Multico,Women,Women,Elite Haven,146.09,189.92,https://f.nooncdn.com/p/pzsku/Z38702C4056FB1ECFBCF9Z/45/_/1782996147/338204ba-d905-4670-aa45-38a4c3f882aa.jpg?format=webp&width=800,https://namshiglobalstore.com/product-detail?id=853&demo=0
854,H and M,Accessories,Bags,Elite Haven,135.95,176.74,https://f.nooncdn.com/p/pzsku/ZCD54F1666B2D20E14111Z/45/_/1778062699/731dfe46-c3fb-4632-8903-87036cb3b80d.jpg?format=webp&amp;width=800,https://namshiglobalstore.com/product-detail?id=854&demo=0
855,"Seoul S, Small Backp",OGIO Pace,"Bags, Women, Clothing",Elite Haven,358.32,465.82,https://f.nooncdn.com/p/pzsku/Z8473A768B75DC2AE5AAAZ/45/_/1783094576/fc744fd9-71b7-45d2-8978-13c88ac90ffb.jpg?width=800,https://namshiglobalstore.com/product-detail?id=855&demo=0
856,Kelly Clochette brac,Kelly,Women,Elite Haven,5673.6,7375.68,"https://assets.hermes.com/is/image/hermesproduct/221408B%2000_front_wm_2?size=3000,3000&extend=0,0,0,0&align=0,0&$product_item_grid_g$&wid=800&hei=800",https://namshiglobalstore.com/product-detail?id=856&demo=0
857,Kelly Gavroche dangl,Kelly,Women,Elite Haven,5990.4,7787.52,"https://assets.hermes.com/is/image/hermesproduct/225522B%2000_front_wm_2?size=3000,3000&extend=0,0,0,0&align=0,0&$product_item_grid_g$&wid=800&hei=800",https://namshiglobalstore.com/product-detail?id=857&demo=0
858,"Roulis mini bag, Blu",Women's bags and clutches,Women,Elite Haven,5817.6,7562.88,"https://assets.hermes.com/is/image/hermesproduct/070510CK7K_front_wm_1?size=3000,3000&extend=0,0,0,0&align=0,0&$product_item_grid_g$&wid=400&hei=400",https://namshiglobalstore.com/product-detail?id=858&demo=0
859,"Kelly bracelet, smal",Kelly,Women,Elite Haven,6105.6,7937.28,"https://assets.hermes.com/is/image/hermesproduct/109032B%2000_worn_1?size=3000,3000&extend=0,0,0,0&align=0,0&$product_item_grid_g$&wid=800&hei=800",https://namshiglobalstore.com/product-detail?id=859&demo=0
860,"Jypsiere mini bag, R",Women's bags and clutches,Women,Elite Haven,5500.8,7151.04,"https://assets.hermes.com/is/image/hermesproduct/083982CCBR_front_wm_1?size=3000,3000&extend=0,0,0,0&align=0,0&$product_item_grid_g$&wid=400&hei=400",https://namshiglobalstore.com/product-detail?id=860&demo=0
861,Ever Chaine d'ancre,Gold Jewelry,Women,Elite Haven,5558.4,7225.92,"https://assets.hermes.com/is/image/hermesproduct/118341B%2000_front_wm_2?size=3000,3000&extend=0,0,0,0&align=0,0&$product_item_grid_g$&wid=400&hei=400",https://namshiglobalstore.com/product-detail?id=861&demo=0
862,Finesse earrings,Chaînes d’ancre,Women,Elite Haven,5529.6,7188.48,"https://assets.hermes.com/is/image/hermesproduct/219512B%2000_front_wm_2?size=3000,3000&extend=0,0,0,0&align=0,0&$product_item_grid_g$&wid=400&hei=400",https://namshiglobalstore.com/product-detail?id=862&demo=0
863,"Vertige pendant, sma",Gold Jewelry,Women,Elite Haven,5443.2,7076.16,"https://assets.hermes.com/is/image/hermesproduct/225301B%2000_front_wm_2?size=3000,3000&extend=0,0,0,0&align=0,0&$product_item_grid_g$&wid=400&hei=400",https://namshiglobalstore.com/product-detail?id=863&demo=0
864,Kelly Gavroche earri,Kelly,Women,Elite Haven,5673.6,7375.68,"https://assets.hermes.com/is/image/hermesproduct/222513B%2000_worn_1?size=3000,3000&extend=0,0,0,0&align=0,0&$product_item_grid_g$&wid=800&hei=800",https://namshiglobalstore.com/product-detail?id=864&demo=0
865,Mix and H ring,Equestrian,Women,Elite Haven,4176.0,5428.8,"https://assets.hermes.com/is/image/hermesproduct/124611B%2000_front_wm_2?size=3000,3000&extend=0,0,0,0&align=0,0&$product_item_grid_g$&wid=400&hei=400",https://namshiglobalstore.com/product-detail?id=865&demo=0
866,Chaine d'ancre Danae,Chaînes d’ancre,Women,Elite Haven,4176.0,5428.8,"https://assets.hermes.com/is/image/hermesproduct/222620B%2000_worn_1?size=3000,3000&extend=0,0,0,0&align=0,0&$product_item_grid_g$&wid=400&hei=400",https://namshiglobalstore.com/product-detail?id=866&demo=0
867,Kelly ring,Kelly,Women,Elite Haven,4089.6,5316.48,"https://assets.hermes.com/is/image/hermesproduct/213606B%2000_front_wm_2?size=3000,3000&extend=0,0,0,0&align=0,0&$product_item_grid_g$&wid=800&hei=800",https://namshiglobalstore.com/product-detail?id=867&demo=0
868,Kelly Gavroche ring,Kelly,Women,Elite Haven,3715.2,4829.76,"https://assets.hermes.com/is/image/hermesproduct/222619B%2000_worn_1?size=3000,3000&extend=0,0,0,0&align=0,0&$product_item_grid_g$&wid=800&hei=800",https://namshiglobalstore.com/product-detail?id=868&demo=0
869,Hermès Clou d'H ring,Equestrian,Women,Elite Haven,3830.4,4979.52,"https://assets.hermes.com/is/image/hermesproduct/223603B%2000_worn_1?size=3000,3000&extend=0,0,0,0&align=0,0&$product_item_grid_g$&wid=400&hei=400",https://namshiglobalstore.com/product-detail?id=869&demo=0
870,"Cape Cod watch, Smal",Timepieces,Women,Elite Haven,3326.4,4324.32,"https://assets.hermes.com/is/image/hermesproduct/403521WW00_front_1?size=3000,3000&extend=300,300,300,300&align=0,0&$product_item_grid_g$&wid=400&hei=400",https://namshiglobalstore.com/product-detail?id=870&demo=0
871,"Hermès Cut watch, La",Rings,Women,Elite Haven,3293.44,4281.47,https://assets.hermes.com/is/image/hermesproduct/hermes-cut-watch-large-model-36mm--408240WW00-front-wm-1-0-0-320-320_g.jpg,https://namshiglobalstore.com/product-detail?id=871&demo=0
872,Farandole ring,Chaînes d’ancre,Women,Elite Haven,3340.8,4343.04,"https://assets.hermes.com/is/image/hermesproduct/221625B%2000_front_wm_2?size=3000,3000&extend=0,0,0,0&align=0,0&$product_item_grid_g$&wid=400&hei=400",https://namshiglobalstore.com/product-detail?id=872&demo=0
873,"Tablier Sellier bag,",Women's bags and clutches,Women,Elite Haven,3369.6,4380.48,"https://assets.hermes.com/is/image/hermesproduct/086583CKAC_front_wm_1?size=3000,3000&extend=0,0,0,0&align=0,0&$product_item_grid_g$&wid=400&hei=400",https://namshiglobalstore.com/product-detail?id=873&demo=0
874,Hermès In-the-Loop 1,Women's bags and clutches,Women,Elite Haven,3168.0,4118.4,"https://assets.hermes.com/is/image/hermesproduct/084274CCBW_front_wm_1?size=3000,3000&extend=0,0,0,0&align=0,0&$product_item_grid_g$&wid=400&hei=400",https://namshiglobalstore.com/product-detail?id=874&demo=0
875,Clou de forge bracel,Equestrian,Women,Elite Haven,3225.6,4193.28,"https://assets.hermes.com/is/image/hermesproduct/122411B%2000_front_wm_2?size=3000,3000&extend=0,0,0,0&align=0,0&$product_item_grid_g$&wid=400&hei=400",https://namshiglobalstore.com/product-detail?id=875&demo=0
876,"P'tit Arcon bag, Whi",Women's bags and clutches,Women,Elite Haven,3283.2,4268.16,"https://assets.hermes.com/is/image/hermesproduct/085871CKAO_front_wm_1?size=3000,3000&extend=0,0,0,0&align=0,0&$product_item_grid_g$&wid=400&hei=400",https://namshiglobalstore.com/product-detail?id=876&demo=0
877,Hermès Clou d'H pend,Equestrian,Women,Elite Haven,3110.4,4043.52,"https://assets.hermes.com/is/image/hermesproduct/223205B%2000_worn_1?size=3000,3000&extend=0,0,0,0&align=0,0&$product_item_grid_g$&wid=400&hei=400",https://namshiglobalstore.com/product-detail?id=877&demo=0
878,Ever Chaine d'ancre,Chaînes d’ancre,Women,Elite Haven,3110.4,4043.52,"https://assets.hermes.com/is/image/hermesproduct/118643B%2000_front_wm_1?size=3000,3000&extend=0,0,0,0&align=0,0&$product_item_grid_g$&wid=400&hei=400",https://namshiglobalstore.com/product-detail?id=878&demo=0
879,Vertige ring,Gold Jewelry,Women,Elite Haven,3024.0,3931.2,"https://assets.hermes.com/is/image/hermesproduct/225615B%2000_front_wm_2?size=3000,3000&extend=0,0,0,0&align=0,0&$product_item_grid_g$&wid=400&hei=400",https://namshiglobalstore.com/product-detail?id=879&demo=0
880,"Kelly watch, Mini mo",Timepieces,Women,Elite Haven,2880.0,3744.0,"https://assets.hermes.com/is/image/hermesproduct/062467WW00_front_wm_1?size=3000,3000&extend=0,0,0,0&align=0,0&$product_item_grid_g$&wid=400&hei=400",https://namshiglobalstore.com/product-detail?id=880&demo=0
881,Hermès Clou d'H brac,Equestrian,Women,Elite Haven,2793.6,3631.68,"https://assets.hermes.com/is/image/hermesproduct/223407B%2000_worn_1?size=3000,3000&extend=0,0,0,0&align=0,0&$product_item_grid_g$&wid=400&hei=400",https://namshiglobalstore.com/product-detail?id=881&demo=0
882,"Clou de forge ring,",Equestrian,Women,Elite Haven,2491.2,3238.56,"https://assets.hermes.com/is/image/hermesproduct/122615B%2000_front_wm_2?size=3000,3000&extend=0,0,0,0&align=0,0&$product_item_grid_g$&wid=400&hei=400",https://namshiglobalstore.com/product-detail?id=882&demo=0
883,Kelly Clochette ring,Kelly,Women,Elite Haven,2577.6,3350.88,"https://assets.hermes.com/is/image/hermesproduct/221616B%2000_front_wm_2?size=3000,3000&extend=0,0,0,0&align=0,0&$product_item_grid_g$&wid=800&hei=800",https://namshiglobalstore.com/product-detail?id=883&demo=0
884,"Heure H watch, Mediu",Timepieces,Women,Elite Haven,2520.0,3276.0,"https://assets.hermes.com/is/image/hermesproduct/404392WW00_front_wm_1?size=3000,3000&extend=0,0,0,0&align=0,0&$product_item_grid_g$&wid=400&hei=400",https://namshiglobalstore.com/product-detail?id=884&demo=0
885,Kelly Clochette ring,Kelly,Women,Elite Haven,2462.4,3201.12,"https://assets.hermes.com/is/image/hermesproduct/220651B%2000_front_wm_2?size=3000,3000&extend=0,0,0,0&align=0,0&$product_item_grid_g$&wid=800&hei=800",https://namshiglobalstore.com/product-detail?id=885&demo=0
886,"Heure H watch, Small",Timepieces,Women,Elite Haven,2448.0,3182.4,"https://assets.hermes.com/is/image/hermesproduct/404381WW00_front_wm_1?size=3000,3000&extend=0,0,0,0&align=0,0&$product_item_grid_g$&wid=400&hei=400",https://namshiglobalstore.com/product-detail?id=886&demo=0
887,Kelly Chaine bracele,Kelly,Women,Elite Haven,2188.8,2845.44,"https://assets.hermes.com/is/image/hermesproduct/123429B%2000_worn_1?size=3000,3000&extend=0,0,0,0&align=0,0&$product_item_grid_g$&wid=800&hei=800",https://namshiglobalstore.com/product-detail?id=887&demo=0
888,Ever Herakles weddin,Precious moments,Women,Elite Haven,2116.8,2751.84,"https://assets.hermes.com/is/image/hermesproduct/119852B%2000_worn_1?size=3000,3000&extend=0,0,0,0&align=0,0&$product_item_grid_g$&wid=800&hei=800",https://namshiglobalstore.com/product-detail?id=888&demo=0
889,Farandole long neckl,Necklaces and pendants,Women,Elite Haven,1771.2,2302.56,"https://assets.hermes.com/is/image/hermesproduct/104569B%2000_worn_1?size=3000,3000&extend=0,0,0,0&align=0,0&$product_item_grid_g$&wid=400&hei=400",https://namshiglobalstore.com/product-detail?id=889&demo=0
890,"Farandole bracelet,",Chaînes d’ancre,Women,Elite Haven,1526.4,1984.32,"https://assets.hermes.com/is/image/hermesproduct/119450B%2000_worn_1?size=3000,3000&extend=0,0,0,0&align=0,0&$product_item_grid_g$&wid=400&hei=400",https://namshiglobalstore.com/product-detail?id=890&demo=0
891,Ever Herakles weddin,Precious moments,Women,Elite Haven,1281.6,1666.08,"https://assets.hermes.com/is/image/hermesproduct/119850B%2000_front_wm_1?size=3000,3000&extend=0,0,0,0&align=0,0&$product_item_grid_g$&wid=800&hei=800",https://namshiglobalstore.com/product-detail?id=891&demo=0
892,Point Sellier neckla,Necklaces and pendants,Women,Elite Haven,1267.2,1647.36,"https://assets.hermes.com/is/image/hermesproduct/126226B%2000_front_wm_1?size=3000,3000&extend=0,0,0,0&align=0,0&$product_item_grid_g$&wid=400&hei=400",https://namshiglobalstore.com/product-detail?id=892&demo=0
893,Ever Herakles weddin,Precious moments,Women,Elite Haven,1008.0,1310.4,"https://assets.hermes.com/is/image/hermesproduct/119851B%2000_worn_1?size=3000,3000&extend=0,0,0,0&align=0,0&$product_item_grid_g$&wid=800&hei=800",https://namshiglobalstore.com/product-detail?id=893&demo=0
894,Farandole long neckl,Chaînes d’ancre,Women,Elite Haven,1195.2,1553.76,"https://assets.hermes.com/is/image/hermesproduct/104570B%2000_worn_1?size=3000,3000&extend=0,0,0,0&align=0,0&$product_item_grid_g$&wid=400&hei=400",https://namshiglobalstore.com/product-detail?id=894&demo=0
895,Point Sellier long p,Necklaces and pendants,Women,Elite Haven,1065.6,1385.28,"https://assets.hermes.com/is/image/hermesproduct/126313B%2000_front_wm_1?size=3000,3000&extend=0,0,0,0&align=0,0&$product_item_grid_g$&wid=400&hei=400",https://namshiglobalstore.com/product-detail?id=895&demo=0
896,Ever Herakles weddin,Rings,Women,Elite Haven,966.77,1256.8,https://assets.hermes.com/is/image/hermesproduct/ever-herakles-wedding-band--119851B%2000-worn-1-0-0-320-320_g.jpg,https://namshiglobalstore.com/product-detail?id=896&demo=0
897,Chaine d'ancre Multi,Rings,Women,Elite Haven,960.65,1248.85,https://assets.hermes.com/is/image/hermesproduct/chaine-d-ancre-multichaines-ring-very-large-model--124601B%2000-front-wm-2-0-0-320-320_g.jpg,https://namshiglobalstore.com/product-detail?id=897&demo=0
898,Fil Rond wedding ban,Precious moments,Women,Elite Haven,892.8,1160.64,"https://assets.hermes.com/is/image/hermesproduct/119800B%2000_front_1?size=3000,3000&extend=300,300,300,300&align=0,0&$product_item_grid_g$&wid=800&hei=800",https://namshiglobalstore.com/product-detail?id=898&demo=0
899,Ariane wedding band,Precious moments,Women,Elite Haven,864.0,1123.2,"https://assets.hermes.com/is/image/hermesproduct/123618B%2000_front_wm_2?size=3000,3000&extend=0,0,0,0&align=0,0&$product_item_grid_g$&wid=800&hei=800",https://namshiglobalstore.com/product-detail?id=899&demo=0
900,Ariane wedding band,Precious moments,Women,Elite Haven,864.0,1123.2,"https://assets.hermes.com/is/image/hermesproduct/119836B%2000_worn_1?size=3000,3000&extend=0,0,0,0&align=0,0&$product_item_grid_g$&wid=800&hei=800",https://namshiglobalstore.com/product-detail?id=900&demo=0
901,Chaine d'ancre Punk,Chaînes d’ancre,Women,Elite Haven,777.6,1010.88,"https://assets.hermes.com/is/image/hermesproduct/122400B%2000_front_wm_2?size=3000,3000&extend=0,0,0,0&align=0,0&$product_item_grid_g$&wid=400&hei=400",https://namshiglobalstore.com/product-detail?id=901&demo=0
902,"Point Sellier ring,",Rings,Women,Elite Haven,752.94,978.82,https://assets.hermes.com/is/image/hermesproduct/point-sellier-ring-very-large-model--126659B%2000-front-wm-1-0-0-320-320_g.jpg,https://namshiglobalstore.com/product-detail?id=902&demo=0
903,Point Sellier earrin,Earrings,Women,Elite Haven,590.4,767.52,"https://assets.hermes.com/is/image/hermesproduct/126526B%2000_front_wm_1?size=3000,3000&extend=0,0,0,0&align=0,0&$product_item_grid_g$&wid=400&hei=400",https://namshiglobalstore.com/product-detail?id=903&demo=0
904,Chaine d'ancre Encha,Rings,Women,Elite Haven,613.82,797.97,https://assets.hermes.com/is/image/hermesproduct/chaine-d-ancre-enchainee-ring-large-model--109506B%2000-worn-1-0-0-320-320_g.jpg,https://namshiglobalstore.com/product-detail?id=904&demo=0
905,"Clou de forge ring,",Rings,Women,Elite Haven,563.62,732.71,https://assets.hermes.com/is/image/hermesproduct/clou-de-forge-ring-small-model--122611B%2000-front-wm-2-0-0-320-320_g.jpg,https://namshiglobalstore.com/product-detail?id=905&demo=0
906,"Point Sellier ring,",Rings,Women,Elite Haven,531.01,690.31,https://assets.hermes.com/is/image/hermesproduct/point-sellier-ring-large-model--126658B%2000-front-wm-1-0-0-320-320_g.jpg,https://namshiglobalstore.com/product-detail?id=906&demo=0
907,Chaine d'ancre Alea,Rings,Women,Elite Haven,538.79,700.43,https://assets.hermes.com/is/image/hermesproduct/chaine-d-ancre-alea-ii-beaded-ring--126636B%2000-front-wm-1-0-0-320-320_g.jpg,https://namshiglobalstore.com/product-detail?id=907&demo=0
908,"Loop earrings, mediu",Earrings,Women,Elite Haven,478.08,621.5,"https://assets.hermes.com/is/image/hermesproduct/114504B%2000_front_wm_2?size=3000,3000&extend=0,0,0,0&align=0,0&$product_item_grid_g$&wid=400&hei=400",https://namshiglobalstore.com/product-detail?id=908&demo=0
909,"Farandole earrings,",Earrings,Women,Elite Haven,466.56,606.53,"https://assets.hermes.com/is/image/hermesproduct/108618B%2000_worn_1?size=3000,3000&extend=0,0,0,0&align=0,0&$product_item_grid_g$&wid=400&hei=400",https://namshiglobalstore.com/product-detail?id=909&demo=0
910,Chaine d'ancre Encha,Rings,Women,Elite Haven,420.72,546.94,https://assets.hermes.com/is/image/hermesproduct/chaine-d-ancre-enchainee-ring-small-model--109507B%2000-worn-1-0-0-320-320_g.jpg,https://namshiglobalstore.com/product-detail?id=910&demo=0
911,"Amazone Hermes ring,",Rings,Women,Elite Haven,394.63,513.02,https://assets.hermes.com/is/image/hermesproduct/amazone-hermes-ring-medium-model--119601B%2000-front-wm-2-0-0-320-320_g.jpg,https://namshiglobalstore.com/product-detail?id=911&demo=0
912,Chaine d'ancre penda,Necklaces and pendants,Women,Elite Haven,385.92,501.7,"https://assets.hermes.com/is/image/hermesproduct/104141B%2000_front_wm_1?size=3000,3000&extend=0,0,0,0&align=0,0&$product_item_grid_g$&wid=400&hei=400",https://namshiglobalstore.com/product-detail?id=912&demo=0
913,Amulettes Hermès Ex-,Necklaces and pendants,Women,Elite Haven,385.92,501.7,"https://assets.hermes.com/is/image/hermesproduct/104143B%2000_front_wm_2?size=3000,3000&extend=0,0,0,0&align=0,0&$product_item_grid_g$&wid=400&hei=400",https://namshiglobalstore.com/product-detail?id=913&demo=0
914,Point Sellier left s,Earrings,Women,Elite Haven,385.92,501.7,"https://assets.hermes.com/is/image/hermesproduct/126528B%2000_front_wm_1?size=3000,3000&extend=0,0,0,0&align=0,0&$product_item_grid_g$&wid=400&hei=400",https://namshiglobalstore.com/product-detail?id=914&demo=0
915,DZ4704 WATCH,Timeframes,"Women, Clothing",Elite Haven,244.93,318.41,https://diesel.com/on/demandware.static/-/Sites-diesel-master-catalog/default/dw64088aef/images/large/DZ4704_00QQQ_01_F.jpg,https://namshiglobalstore.com/product-detail?id=915&demo=0
916,DZ7487,Timeframes,"Women, Clothing",Elite Haven,249.43,324.26,https://diesel.com/on/demandware.static/-/Sites-diesel-master-catalog/default/dwa615e2c9/images/large/DZ7487_00QQQ_01_F.jpg,https://namshiglobalstore.com/product-detail?id=916&demo=0
917,DZ7484,Timeframes,"Women, Clothing",Elite Haven,290.34,377.44,https://diesel.com/on/demandware.static/-/Sites-diesel-master-catalog/default/dw09ebb90b/images/large/DZ7484_00QQQ_01_F.jpg,https://namshiglobalstore.com/product-detail?id=917&demo=0
918,"Farandole earrings,",Earrings,Women,Elite Haven,345.6,449.28,"https://assets.hermes.com/is/image/hermesproduct/113502B%2000_front_wm_2?size=3000,3000&extend=0,0,0,0&align=0,0&$product_item_grid_g$&wid=400&hei=400",https://namshiglobalstore.com/product-detail?id=918&demo=0
919,DZ2234 WATCH,Timeframes,"Women, Clothing",Elite Haven,225.48,293.12,https://diesel.com/on/demandware.static/-/Sites-diesel-master-catalog/default/dwf2e2d115/images/large/DZ2234_00QQQ_01_F.jpg,https://namshiglobalstore.com/product-detail?id=919&demo=0
920,DL1369040 STERLING S,Necklaces,"Women, Clothing",Elite Haven,232.15,301.8,https://diesel.com/on/demandware.static/-/Sites-diesel-master-catalog/default/dw9db3c208/images/large/DL1369_00DJW_01_F.jpg,https://namshiglobalstore.com/product-detail?id=920&demo=0
921,DZ4709 WATCH,Timeframes,"Women, Clothing",Elite Haven,190.45,247.59,https://diesel.com/on/demandware.static/-/Sites-diesel-master-catalog/default/dw909be63d/images/large/DZ4709_00QQQ_01_F.jpg,https://namshiglobalstore.com/product-detail?id=921&demo=0
922,DZ2185,Timeframes,"Women, Clothing",Elite Haven,182.16,236.81,https://diesel.com/on/demandware.static/-/Sites-diesel-master-catalog/default/dwe8a23efe/images/large/DZ2185_00QQQ_01_F.jpg,https://namshiglobalstore.com/product-detail?id=922&demo=0
923,DZ4705 WATCH,Timeframes,"Women, Clothing",Elite Haven,183.47,238.51,https://diesel.com/on/demandware.static/-/Sites-diesel-master-catalog/default/dw33b41b54/images/large/DZ4705_00QQQ_01_F.jpg,https://namshiglobalstore.com/product-detail?id=923&demo=0
924,DZ4682,Timeframes,"Women, Clothing",Elite Haven,186.79,242.83,https://diesel.com/on/demandware.static/-/Sites-diesel-master-catalog/default/dwbdd71169/images/large/DZ4682_00QQQ_01_F.jpg,https://namshiglobalstore.com/product-detail?id=924&demo=0
925,DZ5629 WATCH,Watches,"Women, Clothing",Elite Haven,160.73,208.95,https://diesel.com/on/demandware.static/-/Sites-diesel-master-catalog/default/dw493bc05d/images/large/DZ5629_00QQQ_01_F.jpg,https://namshiglobalstore.com/product-detail?id=925&demo=0
926,DZ4702 WATCH,Timeframes,"Women, Clothing",Elite Haven,168.22,218.69,https://diesel.com/on/demandware.static/-/Sites-diesel-master-catalog/default/dwc240a474/images/large/DZ4702_00QQQ_01_F.jpg,https://namshiglobalstore.com/product-detail?id=926&demo=0
927,22 Karat 916 Purity,Men's Jewellery,Men,Elite Haven,201.24,261.61,https://f.nooncdn.com/p/pzsku/Z37869FC690BD7CBCA918Z/45/_/1771916405/57c7e6c4-3c66-4d68-a84d-02c5209e0eb3.jpg?width=1200,https://namshiglobalstore.com/product-detail?id=927&demo=0
928,DX1709040 JEWELLERY,Bracelets,"Women, Clothing",Elite Haven,202.2,262.86,https://diesel.com/on/demandware.static/-/Sites-diesel-master-catalog/default/dw2cf18c77/images/large/DX1709_00DJW_01_F.jpg,https://namshiglobalstore.com/product-detail?id=928&demo=0
929,DZ5631 WATCH,Timeframes,"Women, Clothing",Elite Haven,217.34,282.54,https://diesel.com/on/demandware.static/-/Sites-diesel-master-catalog/default/dw580a2bd9/images/large/DZ5631_00QQQ_01_F.jpg,https://namshiglobalstore.com/product-detail?id=929&demo=0
930,DZ4683,Timeframes,"Women, Clothing",Elite Haven,222.04,288.65,https://diesel.com/on/demandware.static/-/Sites-diesel-master-catalog/default/dwfe854bce/images/large/DZ4683_00QQQ_01_F.jpg,https://namshiglobalstore.com/product-detail?id=930&demo=0
931,DZ4681,Timeframes,"Women, Clothing",Elite Haven,223.24,290.21,https://diesel.com/on/demandware.static/-/Sites-diesel-master-catalog/default/dwef19002f/images/large/DZ4681_00QQQ_01_F.jpg,https://namshiglobalstore.com/product-detail?id=931&demo=0
932,DZ2235 WATCH,Timeframes,"Women, Clothing",Elite Haven,156.89,203.96,https://diesel.com/on/demandware.static/-/Sites-diesel-master-catalog/default/dw77b8df0b/images/large/DZ2235_00QQQ_01_F.jpg,https://namshiglobalstore.com/product-detail?id=932&demo=0
933,DX1582040 JEWEL,Necklaces,"Women, Clothing",Elite Haven,151.09,196.42,https://diesel.com/on/demandware.static/-/Sites-diesel-master-catalog/default/dw09391276/images/large/DX1582_00DJW_01_F.jpg,https://namshiglobalstore.com/product-detail?id=933&demo=0
934,Michael Kors Jetset,Women,Women,Elite Haven,148.21,192.67,https://f.nooncdn.com/p/pzsku/Z4AD5C01B5B81B861B3BBZ/45/_/1783084883/527e1844-3c50-4787-86d4-e72f8e882a3d.jpg?format=webp&width=800,https://namshiglobalstore.com/product-detail?id=934&demo=0
935,DZ2222,Watches,"Women, Clothing",Elite Haven,147.26,191.44,https://diesel.com/on/demandware.static/-/Sites-diesel-master-catalog/default/dw1d6b9964/images/large/DZ2222_00QQQ_01_F.jpg,https://namshiglobalstore.com/product-detail?id=935&demo=0
936,DZ5627 WATCH,Watches,"Women, Clothing",Elite Haven,151.4,196.82,https://diesel.com/on/demandware.static/-/Sites-diesel-master-catalog/default/dw00b0c468/images/large/DZ5627_00QQQ_01_F.jpg,https://namshiglobalstore.com/product-detail?id=936&demo=0
937,DZ4706 WATCH,Timeframes,"Women, Clothing",Elite Haven,152.28,197.96,https://diesel.com/on/demandware.static/-/Sites-diesel-master-catalog/default/dw624db66e/images/large/DZ4706_00QQQ_01_F.jpg,https://namshiglobalstore.com/product-detail?id=937&demo=0
938,BOSS Rian Necklace,Men,Men,Elite Haven,153.82,199.97,https://f.nooncdn.com/p/pzsku/Z4516899031E4407E3F7CZ/45/_/1780648257/5cedb7dd-5c3a-41b9-828d-92be0834d5a9.jpg?format=webp&width=800,https://namshiglobalstore.com/product-detail?id=938&demo=0
939,DZ4712 WATCH,Timeframes,"Women, Clothing",Elite Haven,137.63,178.92,https://diesel.com/on/demandware.static/-/Sites-diesel-master-catalog/default/dwc16d2804/images/large/DZ4712_00QQQ_01_F.jpg,https://namshiglobalstore.com/product-detail?id=939&demo=0
940,DZ4707 WATCH,Timeframes,"Women, Clothing",Elite Haven,135.24,175.81,https://diesel.com/on/demandware.static/-/Sites-diesel-master-catalog/default/dwef81e3c0/images/large/DZ4707_00QQQ_01_F.jpg,https://namshiglobalstore.com/product-detail?id=940&demo=0
941,DX1707040 JEWELLERY,Bracelets,"Women, Clothing",Elite Haven,127.02,165.13,https://diesel.com/on/demandware.static/-/Sites-diesel-master-catalog/default/dw871580fd/images/large/DX1707_00DJW_01_F.jpg,https://namshiglobalstore.com/product-detail?id=941&demo=0
942,CALVIN KLEIN Magfy,Men,Men,Elite Haven,124.09,161.32,https://f.nooncdn.com/p/pzsku/ZE3D7DF37978B7D8E8D57Z/45/_/1780648257/211ea6c3-7a41-40f0-8005-c827f64fa286.jpg?format=webp&width=800,https://namshiglobalstore.com/product-detail?id=942&demo=0
943,DZ2223,Watches,"Women, Clothing",Elite Haven,121.75,158.28,https://diesel.com/on/demandware.static/-/Sites-diesel-master-catalog/default/dwf4d41570/images/large/DZ2223_00QQQ_01_F.jpg,https://namshiglobalstore.com/product-detail?id=943&demo=0
944,DX167840 JEWELLERY,Bracelets,"Women, Clothing",Elite Haven,120.73,156.95,https://diesel.com/on/demandware.static/-/Sites-diesel-master-catalog/default/dw340433ae/images/large/DX1678_00DJW_01_F.jpg,https://namshiglobalstore.com/product-detail?id=944&demo=0
945,FOSSIL Carlie Leath,Women,Women,Elite Haven,124.56,161.93,https://f.nooncdn.com/p/pzsku/ZE5B5F3BA2B3B827BE491Z/45/1753248237/cac5f9b4-0be6-4754-89d1-3d766b2704ed.jpg?format=webp&width=800,https://namshiglobalstore.com/product-detail?id=945&demo=0
946,DZ5611 WATCH,Watches,"Women, Clothing",Elite Haven,122.83,159.68,https://diesel.com/on/demandware.static/-/Sites-diesel-master-catalog/default/dw75bdfdb2/images/large/DZ5611_00QQQ_01_F.jpg,https://namshiglobalstore.com/product-detail?id=946&demo=0
947,TOMMY HILFIGER Patt,Men,Men,Elite Haven,117.17,152.32,https://f.nooncdn.com/p/pzsku/Z72E1735D80164204F86FZ/45/_/1781006133/227c4b94-2847-451f-b71b-d10274cf4bfa.jpg?format=webp&width=800,https://namshiglobalstore.com/product-detail?id=947&demo=0
948,DZ5609 WATCH,Watches,"Women, Clothing",Elite Haven,116.46,151.4,https://diesel.com/on/demandware.static/-/Sites-diesel-master-catalog/default/dw8ba2d6d3/images/large/DZ5609_00QQQ_01_F.jpg,https://namshiglobalstore.com/product-detail?id=948&demo=0
949,"Kelly watch, Mini mo",Rings,Women,Elite Haven,31478.59,40922.17,https://assets.hermes.com/is/image/hermesproduct/kelly-watch-mini-model-16mm--056854WW00-front-wm-1-0-0-320-320_g.jpg,https://namshiglobalstore.com/product-detail?id=949&demo=0
950,"Kelly bracelet, smal",Kelly,Women,Elite Haven,31334.4,40734.72,"https://assets.hermes.com/is/image/hermesproduct/109500B%2000_front_wm_2?size=3000,3000&extend=0,0,0,0&align=0,0&$product_item_grid_g$&wid=800&hei=800",https://namshiglobalstore.com/product-detail?id=950&demo=0
951,Arceau Le Temps Voya,Timepieces,Women,Elite Haven,21384.0,27799.2,"https://assets.hermes.com/is/image/hermesproduct/057197WW00_front_wm_1?size=3000,3000&extend=0,0,0,0&align=0,0&$product_item_grid_g$&wid=400&hei=400",https://namshiglobalstore.com/product-detail?id=951&demo=0
952,Slim d'Hermès GMT wa,Men,Women,Elite Haven,16992.0,22089.6,"https://assets.hermes.com/is/image/hermesproduct/407949WW00_front_wm_1?size=3000,3000&extend=0,0,0,0&align=0,0&$product_item_grid_g$&wid=400&hei=400",https://namshiglobalstore.com/product-detail?id=952&demo=0
953,Reseau Lumiere ring,Precious moments,Women,Elite Haven,14860.8,19319.04,"https://assets.hermes.com/is/image/hermesproduct/124617B%2000_front_wm_2?size=3000,3000&extend=0,0,0,0&align=0,0&$product_item_grid_g$&wid=800&hei=800",https://namshiglobalstore.com/product-detail?id=953&demo=0
954,BRAHMIN Melbourne Hi,Dresses,"Women, Clothing",Elite Essentials,464.69,604.1,https://f.nooncdn.com/p/pzsku/ZD4B32FAB1E52E720B358Z/45/1767626990/4e892653-f993-4a9e-bd99-c44ae0ba4603.jpg?width=800,https://namshiglobalstore.com/product-detail?id=954&demo=0
955,Nintendo Switch 2 Co,Consoles,Video Games,Elite Essentials,625.19,812.75,https://f.nooncdn.com/p/pzsku/ZAF91898EE1014E638BD3Z/45/_/1779344714/973aa93a-e129-45f9-8445-888227ba4d44.jpg?width=1200,https://namshiglobalstore.com/product-detail?id=955&demo=0
956,PlayStation 4 Pro 1T,Consoles,Video Games,Elite Essentials,282.73,367.55,https://f.nooncdn.com/p/pzsku/ZC86AD286FD9DC58A01EBZ/45/_/1780466336/afbc0dcd-dbed-493a-a05b-c884a16757c9.jpg?width=1200,https://namshiglobalstore.com/product-detail?id=956&demo=0
957,Crystal Noir Parfum,Eau de Parfum,Fragrance,Elite Essentials,85.27,110.85,https://f.nooncdn.com/p/pzsku/ZE5302A9D5D5A755AC395Z/45/_/1779707448/fbadf85f-52d7-474b-87af-ee9d415da188.jpg?width=1200,https://namshiglobalstore.com/product-detail?id=957&demo=0
958,Interlude EDP 100ml,Eau de Parfum,Fragrance,Elite Essentials,360.49,468.64,https://f.nooncdn.com/p/pzsku/Z1C0D67793BBCA1AABFF4Z/45/_/1779791557/24cad570-0ea0-4af2-82eb-cfe3d11c21eb.jpg?width=1200,https://namshiglobalstore.com/product-detail?id=958&demo=0
959,65 Inch QLED Smart T,Televisions,Television & Video,Elite Essentials,901.7,1172.21,https://f.nooncdn.com/p/pzsku/Z3A99BF64544106B4E72EZ/45/_/1779344461/0cfac94a-e9be-4036-a00c-d25b464dc4ab.jpg?width=1200,https://namshiglobalstore.com/product-detail?id=959&demo=0
960,75-Inch A6Q UHD 4K 6,Televisions,Television & Video,Elite Essentials,777.29,1010.48,https://f.nooncdn.com/p/pzsku/Z967902FDBDBDF2E7AD7BZ/45/_/1779345140/bd20dbe7-39b5-478a-a79e-e24153f3e18a.jpg?width=1200,https://namshiglobalstore.com/product-detail?id=960&demo=0
961,TOMMY HILFIGER,Men,Bags,Elite Essentials,79.38,103.19,https://f.nooncdn.com/p/pzsku/Z91713A21772BBD71DEEFZ/45/1761041506/806f9f1c-7083-4ba3-a107-d8f9ff6ce518.jpg?format=webp&amp;width=800,https://namshiglobalstore.com/product-detail?id=961&demo=0
962,BIRKENSTOCK,Women,,Elite Essentials,61.73,80.25,https://f.nooncdn.com/p/pzsku/ZEDF606C9711ADBD03B56Z/45/_/1782197806/cbfef362-a622-436b-af27-34734686ba42.jpg?format=webp&amp;width=800,https://namshiglobalstore.com/product-detail?id=962&demo=0
963,Chaine d'ancre Verso,Chaînes d’ancre,Women,Elite Essentials,4204.8,5466.24,"https://assets.hermes.com/is/image/hermesproduct/125408B%2000_front_wm_2?size=3000,3000&extend=0,0,0,0&align=0,0&$product_item_grid_g$&wid=400&hei=400",https://namshiglobalstore.com/product-detail?id=963&demo=0
964,DZ4706 WATCH,Timeframes,"Women, Clothing",Elite Essentials,152.28,197.96,https://diesel.com/on/demandware.static/-/Sites-diesel-master-catalog/default/dw624db66e/images/large/DZ4706_00QQQ_01_F.jpg,https://namshiglobalstore.com/product-detail?id=964&demo=0
965,GTPLAYER #1USA Ergon,Video Game Chairs,Furniture,Elite Essentials,62.06,80.68,https://f.nooncdn.com/p/pzsku/Z6491998A0646CB1DEB88Z/45/_/1774870479/02ae8fc8-372e-4ae3-aa6f-3222e9dfa9d0.jpg?width=1200,https://namshiglobalstore.com/product-detail?id=965&demo=0
966,(Upgraded Version) N,Notebook Laptops,Computers & Accessories,Elite Essentials,2623.92,3411.1,https://f.nooncdn.com/p/pzsku/Z4A77F5856296DC3F3ECBZ/45/_/1779791171/378b2049-1843-4189-9f0e-1f845f61da04.jpg?width=1200,https://namshiglobalstore.com/product-detail?id=966&demo=0
967,32 Inch Curved Gamin,Monitors,Computers & Accessories,Elite Essentials,547.93,712.31,https://f.nooncdn.com/p/pzsku/Z03275D060BE64E1BC4A2Z/45/_/1772091255/9e41a1fb-062c-4e0d-8b4a-0553f3b91344.jpg?width=1200,https://namshiglobalstore.com/product-detail?id=967&demo=0
968,OGIO Pace Pro Duffel,OGIO Pace,"Bags, Women, Clothing",Michael’s fashion store,374.18,486.43,https://f.nooncdn.com/p/pzsku/ZC9824CEC0ABF6A35766AZ/45/_/1781796133/b06170da-0e59-4876-92a2-3315b4121698.jpg?width=800,https://namshiglobalstore.com/product-detail?id=968&demo=0
969,Bellroy Venture Trav,Bags,Women,Michael’s fashion store,416.17,541.02,https://f.nooncdn.com/p/pzsku/Z6E0FAE070E142B14F5FBZ/45/_/1772602921/ec4a3f51-2ac5-45d8-83f2-b34dfa00b7bd.jpg?width=800,https://namshiglobalstore.com/product-detail?id=969&demo=0
970,PINKO Large Puff Max,Bags,Women,ALUXX HUB,668.74,869.36,https://f.nooncdn.com/p/pzsku/Z6606B86B23BB4B17691FZ/45/_/1782727508/6f2fe95c-5223-4388-abce-236e810f260d.jpg?width=800,https://namshiglobalstore.com/product-detail?id=970&demo=0
971,Strathberry Mosaic B,Bags,Women,ALUXX HUB,836.7,1087.71,https://f.nooncdn.com/p/pzsku/Z0B3E487BE06B2DEC05ECZ/45/_/1777646519/8815e108-ded8-4631-b0a7-a989319336cb.jpg?width=800,https://namshiglobalstore.com/product-detail?id=971&demo=0
972,ALDO ROSINA Printed,Women,"Bags, Women",ALUXX HUB,119.7,155.61,https://f.nooncdn.com/p/pzsku/Z5400C829895D7CC834CDZ/45/_/1778323152/41cf03bd-d35b-4898-8d2c-3d1b88071e56.jpg?format=webp&width=800,https://namshiglobalstore.com/product-detail?id=972&demo=0
973,DKNY Beige Remy Top-,Women,"Bags, Women",ALUXX HUB,94.75,123.18,https://f.nooncdn.com/p/pzsku/Z2FFD2FAC2C668BC98FB1Z/45/_/1779087623/4931f2c1-df8d-40da-8f6b-a05119e7454b.jpg?format=webp&width=800,https://namshiglobalstore.com/product-detail?id=973&demo=0
974,VALENTINO BY MARIO V,Women,"Bags, Women",ALUXX HUB,140.64,182.83,https://f.nooncdn.com/p/pzsku/Z25590365DF46281337CFZ/45/_/1777110258/532bdf48-a20a-4e62-8385-f63fe281b705.jpg?format=webp&width=800,https://namshiglobalstore.com/product-detail?id=974&demo=0
975,PUMA,Women,,Elite Essentials,52.87,68.73,https://f.nooncdn.com/p/pzsku/Z271AFB874E51BBD46567Z/45/_/1780056516/bbdc9a43-9118-4fc9-9f2e-11a124bd8430.jpg?format=webp&amp;width=800,https://namshiglobalstore.com/product-detail?id=975&demo=0
976,H&M Regular Fit Cot,Men,"Men, Clothing, Clothing Polo Shirts",Elite Essentials,109.64,142.53,https://f.nooncdn.com/p/pzsku/Z233A7C817626BBB22B8DZ/45/_/1777261139/1bdafaf3-70a8-4520-804b-2b2be4e7a9a0.jpg?format=webp&width=800,https://namshiglobalstore.com/product-detail?id=976&demo=0
977,CHANEL Bois Des Iles,Dresses,"Women, Clothing",Elite Essentials,62.21,80.87,https://f.nooncdn.com/p/pzsku/Z5FBB6551D1B79ED551C5Z/45/_/1778748171/d3b2643b-953f-43b1-95c6-cf21f51e3add.jpg?width=800,https://namshiglobalstore.com/product-detail?id=977&demo=0
978,"Naxos sandal, Beige/",Sandals,Women,Elite Essentials,820.8,1067.04,"https://assets.hermes.com/is/image/hermesproduct/262008Z%20C9_front_wm_1?size=3000,3000&extend=0,0,0,0&align=0,0&$product_item_grid_g$&wid=400&hei=400",https://namshiglobalstore.com/product-detail?id=978&demo=0
979,"Mythic 105 sandal, B",Sandals,Women,Elite Essentials,1627.2,2115.36,"https://assets.hermes.com/is/image/hermesproduct/261190Z%2002_front_wm_1?size=3000,3000&extend=0,0,0,0&align=0,0&$product_item_grid_g$&wid=400&hei=400",https://namshiglobalstore.com/product-detail?id=979&demo=0
980,TOPSHOP Tsjay Clutc,Women,"Bags, Women",HarrisonMalik Luxury Store,77.78,101.11,https://f.nooncdn.com/p/pzsku/Z40C0A8D410D839B9B06BZ/45/_/1782977279/4f617d47-a6f5-41d2-b045-8b6097a0fb60.jpg?format=webp&width=800,https://namshiglobalstore.com/product-detail?id=980&demo=0
981,Dylan Blue EDP For W,Eau de Parfum,Fragrance,HarrisonMalik Luxury Store,60.37,78.48,https://f.nooncdn.com/p/pzsku/ZB7B764068079639211E0Z/45/_/1779704224/c9b5d38a-40b7-40bb-9091-9cbb11d3312e.jpg?width=1200,https://namshiglobalstore.com/product-detail?id=981&demo=0
982,Strathberry Mosaic B,Bags,Women,The Lux Hub,836.7,1087.71,https://f.nooncdn.com/p/pzsku/Z0B3E487BE06B2DEC05ECZ/45/_/1777646519/8815e108-ded8-4631-b0a7-a989319336cb.jpg?width=800,https://namshiglobalstore.com/product-detail?id=982&demo=0
983,Hermès Clou d'H brac,Equestrian,Women,ALUXX HUB,1483.2,1928.16,"https://assets.hermes.com/is/image/hermesproduct/223401B%2000_worn_1?size=3000,3000&extend=0,0,0,0&align=0,0&$product_item_grid_g$&wid=400&hei=400",https://namshiglobalstore.com/product-detail?id=983&demo=0
984,Hermès Clou d'H ring,Equestrian,Women,ALUXX HUB,1123.2,1460.16,"https://assets.hermes.com/is/image/hermesproduct/223601B%2000_worn_1?size=3000,3000&extend=0,0,0,0&align=0,0&$product_item_grid_g$&wid=400&hei=400",https://namshiglobalstore.com/product-detail?id=984&demo=0
985,iPhone 17 Pro Max 25,Smartphones,Mobiles & Accessories,ALUXX HUB,769.68,1000.58,https://f.nooncdn.com/p/pzsku/Z70429BD50D391C2CB0C1Z/45/_/1779094672/2c253ab7-e018-4bb7-a1cd-8ce1571839f6.jpg?width=1200,https://namshiglobalstore.com/product-detail?id=985&demo=0
986,iPhone 17 Pro 256 GB,Smartphones,Mobiles & Accessories,ALUXX HUB,715.25,929.83,https://f.nooncdn.com/p/pzsku/Z6E36AE6F4230AB5BEBF6Z/45/_/1779094546/7e0f4632-f6a9-44a3-83ea-a9ac12aec3ef.jpg?width=1200,https://namshiglobalstore.com/product-detail?id=986&demo=0
987,iPhone 17 256GB (Nan,Smartphones,Mobiles & Accessories,ALUXX HUB,513.07,666.99,https://f.nooncdn.com/p/pzsku/Z83FF2D6F9F3D5BED88F5Z/45/_/1779094525/b43ec6b0-711c-4fb9-9dd4-abd58b2c0cf5.jpg?width=1200,https://namshiglobalstore.com/product-detail?id=987&demo=0
988,iPhone 17 Pro 256 GB,Smartphones,Mobiles & Accessories,ALUXX HUB,707.47,919.71,https://f.nooncdn.com/p/pzsku/Z65E28FCE09CD1F800851Z/45/_/1779094890/ce4d960f-d92a-476e-9d81-f2c802ea1d75.jpg?width=1200,https://namshiglobalstore.com/product-detail?id=988&demo=0
989,iPhone 17 Pro Max 25,Smartphones,Mobiles & Accessories,ALUXX HUB,757.24,984.41,https://f.nooncdn.com/p/pzsku/Z4AEC1BA6ECB4841878ECZ/45/_/1779094376/a09b4e3f-6baf-4adb-831b-07995a07bc61.jpg?width=1200,https://namshiglobalstore.com/product-detail?id=989&demo=0
990,iPhone 17 Pro Max 51,Smartphones,Mobiles & Accessories,ALUXX HUB,870.77,1132.0,https://f.nooncdn.com/p/pzsku/ZDB4417CE23D9EE8D1518Z/45/_/1779094802/ee1b7ba7-6630-4d93-abfd-58e1312e37f1.jpg?width=1200,https://namshiglobalstore.com/product-detail?id=990&demo=0
991,Men's Round Sunglass,Men's Sunglasses,Men,ALUXX HUB,366.1,475.93,https://f.nooncdn.com/p/pzsku/Z80F1E4879291A1F2CAD5Z/45/_/1707914101/e9c04bdf-8884-45c0-93af-2b6dac81a6ae.jpg?width=1200,https://namshiglobalstore.com/product-detail?id=991&demo=0
992,Tom Ford ANDREA-02 R,Men's Sunglasses,Men,ALUXX HUB,395.33,513.93,https://f.nooncdn.com/p/pzsku/ZE1D613B73861418D7292Z/45/_/1777284610/c18b0e41-e6fc-4d93-955c-aaa5306d65c0.jpg?width=1200,https://namshiglobalstore.com/product-detail?id=992&demo=0
993,Tuscan Leather EDP 1,Eau de Parfum,Fragrance,ALUXX HUB,392.54,510.3,https://f.nooncdn.com/p/v1552040213/N21408267A_1.jpg?width=1200,https://namshiglobalstore.com/product-detail?id=993&demo=0
994,Electric Cherry EDP,Eau de Parfum,Fragrance,ALUXX HUB,388.06,504.48,https://f.nooncdn.com/p/pzsku/ZE10B2CF4922B0E5B8069Z/45/_/1779094313/4722e30d-e7ce-4163-a1e3-306d73b0b4d2.jpg?width=1200,https://namshiglobalstore.com/product-detail?id=994&demo=0
995,Bitter Peach EDP 50m,Eau de Parfum,Fragrance,ALUXX HUB,372.94,484.82,https://f.nooncdn.com/p/pzsku/ZDBC9F0C21558757B8D17Z/45/_/1779094575/feaef446-7670-4672-a2bc-bd94b4f812bb.jpg?width=1200,https://namshiglobalstore.com/product-detail?id=995&demo=0
996,Neroli Portofino Acq,Eau de Toilette,Fragrance,ALUXX HUB,372.94,484.82,https://f.nooncdn.com/p/pzsku/ZF485D01A0B8F06B375DBZ/45/_/1779094395/57bd9820-f9bc-4b0b-9579-69f24f69af20.jpg?width=1200,https://namshiglobalstore.com/product-detail?id=996&demo=0
997,Tuscan Leather EDP 1,Eau de Parfum,Fragrance,ALUXX HUB,365.27,474.85,https://f.nooncdn.com/p/pzsku/Z4F039368F41150CD5C35Z/45/_/1779094544/54933acc-b70e-4f4f-91ee-cd0451a38c8a.jpg?width=1200,https://namshiglobalstore.com/product-detail?id=997&demo=0
998,TOM FORD Noir De Noi,Fragrance,Fragrance,ALUXX HUB,360.86,469.12,https://f.nooncdn.com/p/pzsku/Z5C2F5F05AC899CEEBED0Z/45/_/1779094101/e520ef15-1f6d-461d-a03f-351b60e7a78c.jpg?width=1200,https://namshiglobalstore.com/product-detail?id=998&demo=0
999,PlayStation 5 PRO Di,Consoles,Video Games,ALUXX HUB,1368.25,1778.73,https://f.nooncdn.com/p/pzsku/Z9215E5441838F1D3429AZ/45/_/1780467189/1c989ec0-c895-4886-9099-8bb6109e9562.jpg?width=1200,https://namshiglobalstore.com/product-detail?id=999&demo=0
1000,Men's Denim Sale,Denim,"Men, Clothing",ALUXX HUB,1108.34,1440.84,https://diesel.com/on/demandware.static/-/Sites-diesel-master-catalog/default/dwdc92c5f1/images/large/A12218_0ADBV_02_C.jpg,https://namshiglobalstore.com/product-detail?id=1000&demo=0
1001,"""H Cut Remix"" swim t",Beachwear,"Women, Men",ALUXX HUB,495.36,643.97,"https://assets.hermes.com/is/image/hermesproduct/658101H64T_worn_1?size=3000,3000&extend=0,0,0,0&align=0,0&$product_item_grid_g$&wid=800&hei=800",https://namshiglobalstore.com/product-detail?id=1001&demo=0
1002,"""Eperon d'Or Tattoo""",Beachwear,"Women, Men",ALUXX HUB,547.2,711.36,"https://assets.hermes.com/is/image/hermesproduct/658101H760_worn_1?size=3000,3000&extend=0,0,0,0&align=0,0&$product_item_grid_g$&wid=800&hei=800",https://namshiglobalstore.com/product-detail?id=1002&demo=0
1003,"""Metal au Carre"" swi",Beachwear,"Women, Men",ALUXX HUB,495.36,643.97,"https://assets.hermes.com/is/image/hermesproduct/658101H401_worn_1?size=3000,3000&extend=0,0,0,0&align=0,0&$product_item_grid_g$&wid=800&hei=800",https://namshiglobalstore.com/product-detail?id=1003&demo=0
1004,"""Calligraphie Equest",Beachwear,"Women, Men",ALUXX HUB,495.36,643.97,"https://assets.hermes.com/is/image/hermesproduct/658101H568_worn_1?size=3000,3000&extend=0,0,0,0&align=0,0&$product_item_grid_g$&wid=800&hei=800",https://namshiglobalstore.com/product-detail?id=1004&demo=0
1005,"""H Cut Remix"" swim t",Beachwear,"Women, Men",ALUXX HUB,495.36,643.97,"https://assets.hermes.com/is/image/hermesproduct/658101H601_worn_1?size=3000,3000&extend=0,0,0,0&align=0,0&$product_item_grid_g$&wid=900&hei=900",https://namshiglobalstore.com/product-detail?id=1005&demo=0
1006,"""H Cut Remix"" swim t",Beachwear,"Women, Men",ALUXX HUB,495.36,643.97,"https://assets.hermes.com/is/image/hermesproduct/658101H67R_worn_1?size=3000,3000&extend=0,0,0,0&align=0,0&$product_item_grid_g$&wid=800&hei=800",https://namshiglobalstore.com/product-detail?id=1006&demo=0
1007,"""Metal au Carre"" swi",Beachwear,"Women, Men",ALUXX HUB,495.36,643.97,"https://assets.hermes.com/is/image/hermesproduct/658101H41U_worn_1?size=3000,3000&extend=0,0,0,0&align=0,0&$product_item_grid_g$&wid=800&hei=800",https://namshiglobalstore.com/product-detail?id=1007&demo=0
1173,5-Piece Non-Piercing,Body Jewellery,Women,The Eclat Lux,5.74,7.46,https://f.nooncdn.com/p/pzsku/Z4E1B17FE8B1266B0C5E2Z/45/1743498058/828203d5-78a7-4589-9406-b87d2ff304d3.jpg?width=1200,https://namshiglobalstore.com/product-detail?id=1173&demo=0
1175,Minimalist geometric,Women's Necklaces,Women,The Eclat Lux,25.0,32.5,https://f.nooncdn.com/p/pzsku/Z61C575A36B0A2B8657D0Z/45/1766391089/fb506edd-5af6-4826-af7f-da970202d852.jpg?width=1200,https://namshiglobalstore.com/product-detail?id=1175&demo=0
1177,3 Pcs Women's Jewelr,Women's Jewellery Sets,Women,The Eclat Lux,6.35,8.26,https://f.nooncdn.com/p/pzsku/ZAA454D03DB8C39B2A2C0Z/45/1750327938/d7bdb94c-a057-4d6e-9529-394d94a0af80.jpg?width=1200,https://namshiglobalstore.com/product-detail?id=1177&demo=0
1180,New card holder wall,Men's Wallets,Men,The Eclat Lux,5.59,7.27,https://f.nooncdn.com/p/pzsku/Z098BEFBACD8B14E4842CZ/45/1757062580/1476b958-1110-4b90-bd0e-1eeebaa50ce7.jpg?width=1200,https://namshiglobalstore.com/product-detail?id=1180&demo=0
1181,Emblem Pebble Grain,"Women's Wallets, Card Cases & Money Organizers",Women,The Eclat Lux,37.32,48.52,https://f.nooncdn.com/p/5652d09f55e95b83bbecc408468757f2|pzsku/ZDC550C88D91C5B3D027BZ/45/1770106042/b28813ef-e2ac-4aaf-8262-702c39acd1bd.jpg?width=1200,https://namshiglobalstore.com/product-detail?id=1181&demo=0
1183,Laurel II Cardholder,Women's Wallets,Women,The Eclat Lux,35.77,46.5,https://f.nooncdn.com/p/pzsku/Z4D023F115302BCD615A2Z/45/1760008357/500b56ba-c4bd-4945-89b5-34c8b8e293d5.jpg?width=1200,https://namshiglobalstore.com/product-detail?id=1183&demo=0
1186,Giully II Small Zip,Women's Wallets,Women,The Eclat Lux,36.86,47.92,https://f.nooncdn.com/p/pzsku/Z76DC7E5EC7D7480A5E90Z/45/1768038136/753639d3-69ce-42f9-8abf-a89840fe645e.jpg?width=1200,https://namshiglobalstore.com/product-detail?id=1186&demo=0
1187,Ashlyn Logo Detail C,"Women's Wallets, Card Cases & Money Organizers",Women,The Eclat Lux,28.14,36.58,https://f.nooncdn.com/p/pzsku/Z6FEFC0526145C21C5BBCZ/45/1761162346/bea73721-4ca0-414f-9544-9030ca29a425.jpg?width=1200,https://namshiglobalstore.com/product-detail?id=1187&demo=0
1188,Croc Effect Small Zi,Women's Wallets,Women,The Eclat Lux,32.2,41.86,https://f.nooncdn.com/p/pzsku/Z3570587785ADAD64A309Z/45/1759150241/76fea230-8c78-4caf-8c1f-156cd943a7ed.jpg?width=1200,https://namshiglobalstore.com/product-detail?id=1188&demo=0
1290,Eros EDP For Women 1,Fragrance,Fragrance,The Eclat Lux,30.22,39.29,https://f.nooncdn.com/p/pzsku/Z33ED31E97275A99D2ED7Z/45/_/1779710508/101be804-8efd-43c3-a170-c604e7c381ef.jpg?width=1200,https://namshiglobalstore.com/product-detail?id=1290&demo=0
1291,Bright Crystal EDT 9,Fragrance,Fragrance,The Eclat Lux,26.84,34.89,https://f.nooncdn.com/p/pzsku/ZD7D7FBBA028E9D707067Z/45/_/1779704185/674388fe-974c-4149-ac9d-e422e9d324a6.jpg?width=1200,https://namshiglobalstore.com/product-detail?id=1291&demo=0
1292,Pour Homme EDT 100ml,Fragrance,Fragrance,The Eclat Lux,25.58,33.25,https://f.nooncdn.com/p/pzsku/Z00D7A747BF1F92299BB3Z/45/_/1779704156/0fbbc8de-aa24-435b-b065-a2dc756371c5.jpg?width=1200,https://namshiglobalstore.com/product-detail?id=1292&demo=0
1293,Crystal Noir EDT For,Fragrance,Fragrance,The Eclat Lux,26.5,34.45,https://f.nooncdn.com/p/pzsku/Z8A7A7AB7673B8BD55962Z/45/_/1779704394/53ec5988-d1f0-4ac5-bd86-a7e9b277fa0a.jpg?width=1200,https://namshiglobalstore.com/product-detail?id=1293&demo=0
1355,18K Gold Plated Stai,Men's Jewellery,Men,The Eclat Lux,4.66,6.06,https://f.nooncdn.com/p/pzsku/Z49ADC2049CFFA34BA1C5Z/45/1760336789/96a2a836-a576-40ab-b8a6-cb415380f99c.jpg?width=1200,https://namshiglobalstore.com/product-detail?id=1355&demo=0
1356,5 Piece Clutch Bag R,Women's Jewellery Sets,Women,The Eclat Lux,11.66,15.16,https://f.nooncdn.com/p/pzsku/Z275679AB22F4F763A63AZ/45/1746493979/f6d875dc-9455-4282-b7c7-3d2450c64762.jpg?width=1200,https://namshiglobalstore.com/product-detail?id=1356&demo=0
1359,His and Hers Engagem,Women's Rings,Women,The Eclat Lux,4.36,5.67,https://f.nooncdn.com/p/pzsku/Z4860B1E614CFE099654CZ/45/_/1705919905/785dee7c-a2b1-4659-a309-1ffa6672cb59.jpg?width=1200,https://namshiglobalstore.com/product-detail?id=1359&demo=0
1360,Multi-functional Jew,Jewellery Organizers,Women,The Eclat Lux,7.01,9.11,https://f.nooncdn.com/p/pzsku/Z0565B797B31E0CE63D6EZ/45/1749003017/1e00a1b7-2a02-4407-99e7-4754dd6bbc3b.jpg?width=1200,https://namshiglobalstore.com/product-detail?id=1360&demo=0
1361,5 Pairs 304 Stainles,Women's Earrings Stud,Women,The Eclat Lux,7.63,9.92,https://f.nooncdn.com/p/pzsku/ZD2CF8C9ACD9A64A722ECZ/45/_/1780522008/f9e51fc2-d912-4c83-9740-507199e31dfe.jpg?width=1200,https://namshiglobalstore.com/product-detail?id=1361&demo=0
1363,Stackable Jewelry Tr,Men's Jewellery,Men,The Eclat Lux,8.4,10.92,https://f.nooncdn.com/p/pzsku/ZC96BA53A4FD669F8FE26Z/45/_/1730163789/9146b1d4-7b80-41cb-82f6-ab2a7a5a20c6.jpg?width=1200,https://namshiglobalstore.com/product-detail?id=1363&demo=0
1364,Jewelry Box Organize,Jewellery Boxes,Women,The Eclat Lux,9.34,12.14,https://f.nooncdn.com/p/pzsku/ZCC103BCE2FAAB1EE933EZ/45/_/1705648494/bb2b8972-326f-42e3-9ad8-91c9a47b77f0.jpg?width=1200,https://namshiglobalstore.com/product-detail?id=1364&demo=0
1365,Sliding necklace wom,Women's Necklaces,Women,The Eclat Lux,23.35,30.36,https://f.nooncdn.com/p/pzsku/Z284FE73ACC4ADF8CA9BFZ/45/1760104430/7b41616e-648d-4241-81d8-2d255e93993f.jpg?width=1200,https://namshiglobalstore.com/product-detail?id=1365&demo=0
1366,Sterile Ear Piercing,Men's Earrings,Men,The Eclat Lux,2.52,3.28,https://f.nooncdn.com/p/pzsku/Z1917C58EA346D93E0CBFZ/45/_/1654247477/cfaaa347-3661-4f6c-aaea-2a041ba2ff7c.jpg?width=1200,https://namshiglobalstore.com/product-detail?id=1366&demo=0
1367,Adjustable Islamic A,Women's Rings,Women,The Eclat Lux,6.06,7.88,https://f.nooncdn.com/p/pzsku/Z93D2A58F82104240A6A4Z/45/_/1780441274/fdccdd8c-90b6-44dc-b9d7-20e07fd4f219.jpg?width=1200,https://namshiglobalstore.com/product-detail?id=1367&demo=0
1368,Amber Resin Prayer B,Men's Prayer Beads,Men,The Eclat Lux,10.42,13.55,https://f.nooncdn.com/p/pzsku/Z995DCC6104D3465293E2Z/45/_/1774954819/7a61c874-308e-454d-9700-c9a90e5e6408.jpg?width=1200,https://namshiglobalstore.com/product-detail?id=1368&demo=0
1369,Ionic Gold Plated St,Women's Earrings Stud,Women,The Eclat Lux,28.14,36.58,https://f.nooncdn.com/p/pzsku/ZA669C8BB868F63A76BB4Z/45/1746747187/0894fe04-de4d-40ee-99d4-685465e30f6b.jpg?width=1200,https://namshiglobalstore.com/product-detail?id=1369&demo=0
1370,Stackable Jewelry Tr,Men's Jewellery,Men,The Eclat Lux,8.3,10.79,https://f.nooncdn.com/p/pzsku/Z36B9CD6B36BEB577E25CZ/45/1759208715/44f29635-394c-48aa-8a91-086f6e64e17d.jpg?width=1200,https://namshiglobalstore.com/product-detail?id=1370&demo=0
1371,"Makeup Organizer, Co",Men's Jewellery,Men,The Eclat Lux,5.9,7.67,https://f.nooncdn.com/p/pzsku/ZDC440AA6BD7B46B96216Z/45/_/1698125163/a6579602-79fe-4dfd-b0d6-531f30357882.jpg?width=1200,https://namshiglobalstore.com/product-detail?id=1371&demo=0
1372,Adjustable Islamic A,Women's Rings,Women,The Eclat Lux,6.06,7.88,https://f.nooncdn.com/p/pzsku/Z07D503F00450AE5004C2Z/45/_/1780441179/1235a698-2c82-464a-bc60-091ba487090f.jpg?width=1200,https://namshiglobalstore.com/product-detail?id=1372&demo=0
1373,Natural Pearl Tasbih,Men's Prayer Beads,Men,The Eclat Lux,21.77,28.3,https://f.nooncdn.com/p/pzsku/Z194542538988DACCC432Z/45/_/1777705799/c52d6ee3-0ca5-44be-9c53-fd31beecd3ad.jpg?width=1200,https://namshiglobalstore.com/product-detail?id=1373&demo=0
1374,5 Piece Clutch Bag R,Women's Jewellery Sets,Women,The Eclat Lux,11.46,14.9,https://f.nooncdn.com/p/pzsku/Z51C923FE442AA1A39052Z/45/1751338651/5134aa6f-0788-456e-9fcf-98596011f6ec.jpg?width=1200,https://namshiglobalstore.com/product-detail?id=1374&demo=0
1375,PALMONAS 18k Gold To,Anklets,Women,The Eclat Lux,28.31,36.8,https://f.nooncdn.com/p/pzsku/Z547AB506A71710045284Z/45/_/1776947610/4dc6f5d1-d348-4403-8e86-0879a6f192d7.jpg?width=1200,https://namshiglobalstore.com/product-detail?id=1375&demo=0
1376,Fancy Black Fashiona,Hair Jewelry,Women,The Eclat Lux,0.85,1.11,https://f.nooncdn.com/p/pzsku/Z9D219B14B5FDE59316FEZ/45/1749041416/059331d2-6c68-48a6-ba2e-4f46052a242f.jpg?width=1200,https://namshiglobalstore.com/product-detail?id=1376&demo=0
1377,Jewelry Box Organize,Jewellery Boxes,Women,The Eclat Lux,5.6,7.28,https://f.nooncdn.com/p/pzsku/Z92931BF16F16D831965FZ/45/_/1705570443/c5a872de-bddb-4445-9dd1-f800c5663e03.jpg?width=1200,https://namshiglobalstore.com/product-detail?id=1377&demo=0
1378,925 Sterling Silver,Women's Earrings Drop & Dangle,Women,The Eclat Lux,5.52,7.18,https://f.nooncdn.com/p/pzsku/Z67751B5967E7F2444D5DZ/45/1756443007/6bd3ca06-ec62-4e24-bab5-6128a63e384e.jpg?width=1200,https://namshiglobalstore.com/product-detail?id=1378&demo=0
1381,Logo Accent Zip Arou,Women's Wallets,Women,The Eclat Lux,7.63,9.92,https://f.nooncdn.com/p/pzsku/Z62AF256D2F755D3CF9E7Z/45/_/1783424894/3d2157c0-080e-441f-b4fa-9aa7d6567d20.jpg?width=1200,https://namshiglobalstore.com/product-detail?id=1381&demo=0
1382,Women 2Pcs Brand Log,Women's Wallets,Women,The Eclat Lux,9.92,12.9,https://f.nooncdn.com/p/pzsku/Z9CEA6915A0C5A01F74ADZ/45/_/1782876718/4fcc4e5c-74b5-4bd4-b905-05296f83d476.jpg?width=1200,https://namshiglobalstore.com/product-detail?id=1382&demo=0
1383,Professional Busines,"Women's Wallets, Card Cases & Money Organizers",Women,The Eclat Lux,7.63,9.92,https://f.nooncdn.com/p/pzsku/ZB267320A42A49CC3DF7AZ/45/_/1722837104/c2d82ff3-5bc2-4b6e-8225-1d96e7c3da1d.jpg?width=1200,https://namshiglobalstore.com/product-detail?id=1383&demo=0
1384,Flat Purse Chain Str,Handbag Accessories,Women,The Eclat Lux,8.21,10.67,https://f.nooncdn.com/p/pzsku/ZE06B8D899F949C9CE13CZ/45/_/1657789085/5146adbd-57b7-4098-bdd3-b8dd11635811.jpg?width=1200,https://namshiglobalstore.com/product-detail?id=1384&demo=0
1385,"Purse Chain Strap,Ha",Bags & Luggage,Bags & Luggage,The Eclat Lux,7.61,9.89,https://f.nooncdn.com/p/pzsku/Z86808A01377C305A8DCBZ/45/_/1717053249/3c471e53-53af-4b39-a8b3-c0c3c47f17bf.jpg?width=1200,https://namshiglobalstore.com/product-detail?id=1385&demo=0
1386,New children's cute,Men's Wallets,Men,The Eclat Lux,8.46,11.0,https://f.nooncdn.com/p/pzsku/Z920BBA97321D3B6B2665Z/45/1757498628/4d305f0a-1381-4412-8485-591cce16616c.jpg?width=1200,https://namshiglobalstore.com/product-detail?id=1386&demo=0
1387,Women Brand Logo Thr,Women's Wallets,Women,The Eclat Lux,9.92,12.9,https://f.nooncdn.com/p/pzsku/Z56F1329B73550E624995Z/45/_/1782876623/cb9cbd54-be99-4029-8a71-5308b0f3fc94.jpg?width=1200,https://namshiglobalstore.com/product-detail?id=1387&demo=0
1389,Women Brand Logo Wal,Women's Wallets,Women,The Eclat Lux,9.92,12.9,https://f.nooncdn.com/p/pzsku/Z627D7C0BADD4F5FB877FZ/45/_/1782876509/6c187836-7ee6-484c-b8f8-50a386ab3919.jpg?width=1200,https://namshiglobalstore.com/product-detail?id=1389&demo=0
1390,Stylish Women's RFID,Women's Coin Purses & Pouches,Women,The Eclat Lux,8.35,10.86,https://f.nooncdn.com/p/pzsku/ZE3ECF299B04964F6A727Z/45/_/1722506091/34409230-7368-46a2-be05-13adc2202394.jpg?width=1200,https://namshiglobalstore.com/product-detail?id=1390&demo=0
1391,"Multi,Purpose Canvas",Handbag Accessories,Women,The Eclat Lux,13.07,16.99,https://f.nooncdn.com/p/pzsku/Z4B69EC02B6A2868B71D8Z/45/1755741383/83baca5d-9f9d-41c9-9796-dd3305f3a7e3.jpg?width=1200,https://namshiglobalstore.com/product-detail?id=1391&demo=0
1392,Women Wallet Soft Le,Women's Wallets,Women,The Eclat Lux,6.06,7.88,https://f.nooncdn.com/p/pzsku/ZCDCD2088CC14B1A085C5Z/45/1741021243/5ce02612-a770-4825-a24a-716ccce9a362.jpg?width=1200,https://namshiglobalstore.com/product-detail?id=1392&demo=0
1396,Professional Busines,"Women's Wallets, Card Cases & Money Organizers",Women,The Eclat Lux,7.63,9.92,https://f.nooncdn.com/p/pzsku/Z9901F429CAD0C1716E70Z/45/_/1722837090/b2945cff-4452-447c-bac6-cb6c462c750a.jpg?width=1200,https://namshiglobalstore.com/product-detail?id=1396&demo=0
1397,Blank DIY Craft Bag,Handbag Accessories,Women,The Eclat Lux,12.76,16.59,https://f.nooncdn.com/p/pzsku/Z560396D1E4E219E5B335Z/45/_/1716942747/2d3ed844-5bac-4c07-821f-63de3fe89a78.jpg?width=1200,https://namshiglobalstore.com/product-detail?id=1397&demo=0
1398,"Leather Coin Pouch,",Men's Wallets,Men,The Eclat Lux,9.3,12.09,https://f.nooncdn.com/p/pzsku/Z23AE74359452F11C21A2Z/45/_/1717137591/fc82fbb3-ec2b-4ef2-9290-be54ebfbba32.jpg?width=1200,https://namshiglobalstore.com/product-detail?id=1398&demo=0
1399,Credit Card Holder B,"Women's Wallets, Card Cases & Money Organizers",Women,The Eclat Lux,3.58,4.65,https://f.nooncdn.com/p/v1612852164/N44278070A_1.jpg?width=1200,https://namshiglobalstore.com/product-detail?id=1399&demo=0
1400,Flora Bella Monogram,Women's Wallets,Women,The Eclat Lux,6.06,7.88,https://f.nooncdn.com/p/pzsku/Z0CA3A59698CFE771D148Z/45/1767795954/a2955462-2a01-4616-bba3-90c45503e88c.jpg?width=1200,https://namshiglobalstore.com/product-detail?id=1400&demo=0
1401,Icon Medium Zip Arou,Women's Wallets,Women,The Eclat Lux,34.21,44.47,https://f.nooncdn.com/p/pzsku/Z88342E5D51BFF288AFBEZ/45/1756713076/66a4b05c-a289-47f9-846b-fbb62cb0918d.jpg?width=1200,https://namshiglobalstore.com/product-detail?id=1401&demo=0
1402,Card Holder Wallet w,Men's Wallets,Men,The Eclat Lux,5.12,6.66,https://f.nooncdn.com/p/pzsku/Z39B7F3ED77B8E3A67265Z/45/_/1712030512/ad5f0982-7598-416a-939c-6bd41bf19a62.jpg?width=1200,https://namshiglobalstore.com/product-detail?id=1402&demo=0
1403,Croc Effect Small Zi,Women's Wallets,Women,The Eclat Lux,18.19,23.65,https://f.nooncdn.com/p/pzsku/Z390D49EFF902C8F3C8CCZ/45/_/1773819090/54fa61ed-c947-485e-a1be-8842dc608db7.jpg?width=1200,https://namshiglobalstore.com/product-detail?id=1403&demo=0
1404,Slim Wallet RFID Fro,"Women's Wallets, Card Cases & Money Organizers",Women,The Eclat Lux,5.64,7.33,https://f.nooncdn.com/p/pzsku/Z19BEBE2A4520173C9766Z/45/_/1733925142/f97e7f27-a3ca-4d28-ae30-0b52cee6f0ba.jpg?width=1200,https://namshiglobalstore.com/product-detail?id=1404&demo=0
1405,Echo Logo Bifold Car,"Women's Wallets, Card Cases & Money Organizers",Women,The Eclat Lux,32.35,42.06,https://f.nooncdn.com/p/pzsku/Z0540A752284B49F8F317Z/45/1761824848/744fe329-ba20-456b-8367-b64f8d72a913.jpg?width=1200,https://namshiglobalstore.com/product-detail?id=1405&demo=0
1406,Small Wallet Women R,Women's Wallets,Women,The Eclat Lux,8.54,11.1,https://f.nooncdn.com/p/pzsku/Z9853C9827387F9C03A58Z/45/_/1776762134/4d4fe3d2-846b-43ba-9f7e-931305ed1518.jpg?width=1200,https://namshiglobalstore.com/product-detail?id=1406&demo=0
1407,Women Wallet Leathe,Women's Wallets,Women,The Eclat Lux,7.01,9.11,https://f.nooncdn.com/p/pzsku/ZE6BE3972DE71D2DC78BEZ/45/1756888782/a98ba9f5-0707-42d3-beb5-825c6a40ed66.jpg?width=1200,https://namshiglobalstore.com/product-detail?id=1407&demo=0
1408,Small Crinkle Zip Ar,Women's Wallets,Women,The Eclat Lux,21.94,28.52,https://f.nooncdn.com/p/pzsku/ZD9D38FE1660E719C444DZ/45/_/1773042248/8a612a7b-b13c-4f56-8980-7e7268972b8f.jpg?width=1200,https://namshiglobalstore.com/product-detail?id=1408&demo=0
1409,Giully II Small Zip,Women's Wallets,Women,The Eclat Lux,29.54,38.4,https://f.nooncdn.com/p/pzsku/Z9679377076C54F301CB5Z/45/1758711298/98b74a32-c693-4e1b-ae44-4bc6d9cc460c.jpg?width=1200,https://namshiglobalstore.com/product-detail?id=1409&demo=0
1410,Printed Card Holder,Women's Wallets,Women,The Eclat Lux,16.64,21.63,https://f.nooncdn.com/p/pzsku/Z5574739E906195B53F3CZ/45/1759150733/9a50151a-656d-4857-9b10-0a3619835929.jpg?width=1200,https://namshiglobalstore.com/product-detail?id=1410&demo=0
1411,Skycare Genuine Leat,Handbag Accessories,Women,The Eclat Lux,9.94,12.92,https://f.nooncdn.com/p/pzsku/Z6614D6D31D216208E861Z/45/_/1700570801/49452828-4052-4e36-aba9-74baf4963666.jpg?width=1200,https://namshiglobalstore.com/product-detail?id=1411&demo=0
1412,Leather Card Holder,"Women's Wallets, Card Cases & Money Organizers",Women,The Eclat Lux,5.62,7.31,https://f.nooncdn.com/p/pzsku/Z2CFA9314083747288C9EZ/45/_/1718157131/d988c8a2-f9b8-4e87-85d9-4ef8848b898d.jpg?width=1200,https://namshiglobalstore.com/product-detail?id=1412&demo=0
1413,Amorette Logo Wallet,Women's Wallets,Women,The Eclat Lux,25.66,33.36,https://f.nooncdn.com/p/pzsku/ZC53491A069FEBC015278Z/45/1768045035/e00ed9d5-8cc9-47a7-830c-f42696696f50.jpg?width=1200,https://namshiglobalstore.com/product-detail?id=1413&demo=0
1414,Carrie Logo Card Hol,"Women's Wallets, Card Cases & Money Organizers",Women,The Eclat Lux,20.53,26.69,https://f.nooncdn.com/p/5652d09f55e95b83bbecc408468757f2|pzsku/Z45C1CF6A4C9FA3033C30Z/45/1771308174/5117cb87-9995-44a2-bf8b-609fc8cd72ff.jpg?width=1200,https://namshiglobalstore.com/product-detail?id=1414&demo=0
1415,Laurel II Logo Walle,Women's Wallets,Women,The Eclat Lux,27.37,35.58,https://f.nooncdn.com/p/pzsku/Z21AE9404CD6DB7175A1BZ/45/1768033068/f59cf71c-abcb-4098-9358-0ad7967122aa.jpg?width=1200,https://namshiglobalstore.com/product-detail?id=1415&demo=0
1416,Croc Effect Card Hol,"Women's Wallets, Card Cases & Money Organizers",Women,The Eclat Lux,14.46,18.8,https://f.nooncdn.com/p/pzsku/Z19AA40DB8CA93AEA93BCZ/45/_/1773819089/840ed79e-59ad-4aaa-be81-bf1aeec12400.jpg?width=1200,https://namshiglobalstore.com/product-detail?id=1416&demo=0
1417,Laurel II Small Zip,Women's Wallets,Women,The Eclat Lux,36.86,47.92,https://f.nooncdn.com/p/pzsku/Z9DEA9CF8A33E4CA3B70FZ/45/1768033068/8accf4a1-345b-44c9-ad96-d685f59af586.jpg?width=1200,https://namshiglobalstore.com/product-detail?id=1417&demo=0
1418,Ashlyn Logo Detail C,"Women's Wallets, Card Cases & Money Organizers",Women,The Eclat Lux,27.37,35.58,https://f.nooncdn.com/p/pzsku/Z4DA508BF64A85277E0E4Z/45/1761162492/a1543199-752f-44ef-9224-e93dbf7ab9d8.jpg?width=1200,https://namshiglobalstore.com/product-detail?id=1418&demo=0
1419,Croc Effect Large Ic,Women's Shopper Totes,Women,The Eclat Lux,30.01,39.01,https://f.nooncdn.com/p/pzsku/ZFC18BE3AC66EAF527AD3Z/45/1759150233/9d3c3576-5def-49f2-b32e-25cf66ef61b6.jpg?width=1200,https://namshiglobalstore.com/product-detail?id=1419&demo=0
1422,Embellished Crossbod,Women's Cross-body Bags,Women,The Eclat Lux,18.52,24.08,https://f.nooncdn.com/p/pzsku/Z08120E7702DEFA144D4BZ/45/_/1776948646/a9d1d100-dd2e-447c-ab15-4a0d262dbb1c.jpg?width=1200,https://namshiglobalstore.com/product-detail?id=1422&demo=0
1427,Hermès In-the-Loop 1,Women's bags and clutches,Women,The Eclat Lux,3168.0,4118.4,"https://assets.hermes.com/is/image/hermesproduct/084274CCBW_front_wm_1?size=3000,3000&extend=0,0,0,0&align=0,0&$product_item_grid_g$&wid=400&hei=400",https://namshiglobalstore.com/product-detail?id=1427&demo=0
1428,Hermès Videpoches ba,Women's bags and clutches,Women,The Eclat Lux,2289.6,2976.48,"https://assets.hermes.com/is/image/hermesproduct/087987CK89_front_wm_1?size=3000,3000&extend=0,0,0,0&align=0,0&$product_item_grid_g$&wid=400&hei=400",https://namshiglobalstore.com/product-detail?id=1428&demo=0
1429,"Noumea 85 sandal, Be",Sandals,Women,The Eclat Lux,950.4,1235.52,"https://assets.hermes.com/is/image/hermesproduct/262133Z%20X8_front_wm_1?size=3000,3000&extend=0,0,0,0&align=0,0&$product_item_grid_g$&wid=400&hei=400",https://namshiglobalstore.com/product-detail?id=1429&demo=0
1430,"Naos sandal, Black",Sandals,Women,The Eclat Lux,820.8,1067.04,"https://assets.hermes.com/is/image/hermesproduct/262131Z%2002_front_wm_1?size=3000,3000&extend=0,0,0,0&align=0,0&$product_item_grid_g$&wid=400&hei=400",https://namshiglobalstore.com/product-detail?id=1430&demo=0
1431,"Noa 95 sandal, Beige",Sandals,Women,The Eclat Lux,921.6,1198.08,"https://assets.hermes.com/is/image/hermesproduct/262099Z%2020_front_wm_1?size=3000,3000&extend=0,0,0,0&align=0,0&$product_item_grid_g$&wid=400&hei=400",https://namshiglobalstore.com/product-detail?id=1431&demo=0
1432,"Santorini sandal, Re",Sandals,Women,The Eclat Lux,1929.6,2508.48,"https://assets.hermes.com/is/image/hermesproduct/242282Z%20U7_front_wm_1?size=3000,3000&extend=0,0,0,0&align=0,0&$product_item_grid_g$&wid=400&hei=400",https://namshiglobalstore.com/product-detail?id=1432&demo=0
1433,"Mythic 105 sandal, B",Sandals,Women,The Eclat Lux,1627.2,2115.36,"https://assets.hermes.com/is/image/hermesproduct/261190Z%2002_front_wm_1?size=3000,3000&extend=0,0,0,0&align=0,0&$product_item_grid_g$&wid=400&hei=400",https://namshiglobalstore.com/product-detail?id=1433&demo=0
1434,"Chypre sandal, Blue",Sandals,Women,The Eclat Lux,648.0,842.4,"https://assets.hermes.com/is/image/hermesproduct/222297Z%20BR_front_wm_1?size=3000,3000&extend=0,0,0,0&align=0,0&$product_item_grid_g$&wid=800&hei=800",https://namshiglobalstore.com/product-detail?id=1434&demo=0
1435,"Empire sandal, Brown",Sandals,Women,The Eclat Lux,835.2,1085.76,"https://assets.hermes.com/is/image/hermesproduct/231071Z%20WT_front_wm_1?size=3000,3000&extend=0,0,0,0&align=0,0&$product_item_grid_g$&wid=400&hei=400",https://namshiglobalstore.com/product-detail?id=1435&demo=0
