name,brand,category,price_usd,list_price_usd,product_url
1080,New Balance,Sports > Women's Sports > Footwear > Sneakers,102.37,180.55,https://www.zalora.com.ph/p/new-balance-1080-white-4216808
10CM Suede Slingback High Heel BY107-31,Twenty Eight Shoes,Women > Shoes > Heels > High Heels,68.11,83.06,https://www.zalora.com.ph/p/twenty-eight-shoes-10cm-suede-slingback-high-heel-by107-31-n-a-4264615
11CM Faux Patent Leather Pointed High Heel Shoes HZL0070,Twenty Eight Shoes,Women > Shoes > Heels > Pumps,63.0,63.0,https://www.zalora.com.ph/p/twenty-eight-shoes-11cm-faux-patent-leather-pointed-high-heel-shoes-hzl0070-black-2610099
1973 Model Black Women's Sneakers,Soho,Women > Shoes > Sneakers,33.66,51.24,https://www.zalora.com.ph/p/soho-1973-model-black-women-s-sneakers-black-3991721
2 Layers Slimming Effect Midi Skirt,AIR SPACE,Women > Clothing > Skirts > Midi Skirts,18.41,34.27,https://www.zalora.com.ph/p/air-space-2-layers-slimming-effect-midi-skirt-green-3725628
2-pack 20 denier tights,H&M,Women > Clothing > Socks & Tights > Invisible socks,10.0,10.0,https://www.zalora.com.ph/p/hm-2-pack-20-denier-tights-beige-3146948
2.5CM Beaded Suede Low Heels IF21004,Twenty Eight Shoes,Women > Shoes > Heels > Low Heels,62.59,69.69,https://www.zalora.com.ph/p/twenty-eight-shoes-2-5cm-beaded-suede-low-heels-if21004-red-2902765
2.5CM Patent Leather Slingback Heel TE578-2,Twenty Eight Shoes,Women > Shoes > Heels > Low Heels,62.18,78.07,https://www.zalora.com.ph/p/twenty-eight-shoes-2-5cm-patent-leather-slingback-heel-te578-2-black-3362833
2.5CM Pearl Chain Strap Mary Jane Shoes IF2218,Twenty Eight Shoes,Women > Shoes > Heels > Mid Heels,58.23,64.19,https://www.zalora.com.ph/p/twenty-eight-shoes-2-5cm-pearl-chain-strap-mary-jane-shoes-if2218-black-3207503
2.5CM Synthetic Leather Buckle Loafers TE320-2,Twenty Eight Shoes,Women > Shoes > Flats > Loafers & Boat Shoes,44.88,64.04,https://www.zalora.com.ph/p/twenty-eight-shoes-2-5cm-synthetic-leather-buckle-loafers-te320-2-white-2985168
2.5CM Synthetic Leather Buckle Loafers TE320-2,Twenty Eight Shoes,Women > Shoes > Flats > Loafers & Boat Shoes,44.88,64.04,https://www.zalora.com.ph/p/twenty-eight-shoes-2-5cm-synthetic-leather-buckle-loafers-te320-2-n-a-2985165
2002 Classic Lifestyle Shoes,New Balance,Sports > Women's Sports > Footwear > Sneakers,146.99,155.01,https://www.zalora.com.ph/p/new-balance-2002-classic-lifestyle-shoes-grey-3604096
2024 New Women's Off Shoulder Sexy Loose Beach Skirt CA24061810W,Sunnydaysweety,Women > Clothing > Dresses,49.14,49.14,https://www.zalora.com.ph/p/sunnydaysweety-2024-new-women-s-off-shoulder-sexy-loose-beach-skirt-ca24061810w-white-3472272
2025 S/S New summer little fresh air round neck puff sleeve print fishtail dress  CA061512,Sunnydaysweety,Women > Clothing > Dresses > Summer Dresses,57.12,57.12,https://www.zalora.com.ph/p/sunnydaysweety-2025-s-s-new-summer-little-fresh-air-round-neck-puff-sleeve-print-fishtail-dress-ca061512-purple-2982999
237,New Balance,,50.57,90.11,https://www.zalora.com.ph/p/new-balance-237-multi-4081705
2442 Ballerina Lace Linen Beige Natural-Beige,Superga,Women > Shoes > Flats > Ballerinas,56.32,56.32,https://www.zalora.com.ph/p/superga-2442-ballerina-lace-linen-beige-natural-beige-beige-4228669
2750-Cotu Classic,Superga,Women > Shoes > Women's Shoes,42.0,42.0,https://www.zalora.com.ph/p/superga-2750-cotu-classic-black-4065516
2750-Cotu Classic Grey Md-F Avorio,Superga,Men > Shoes > Sneakers,32.45,43.26,https://www.zalora.com.ph/p/superga-2750-cotu-classic-grey-md-f-avorio-grey-3648214
3-D Texture Weave Sequin Detail Skirt,iROO,Women > Clothing > Skirts,99.47,99.47,https://www.zalora.com.ph/p/iroo-3-d-texture-weave-sequin-detail-skirt-white-3710200
3/4 Puff Sleeves Crop Blouse,Trendyol,Women > Clothing > Tops > Blouses,10.0,47.45,https://www.zalora.com.ph/p/trendyol-3-4-puff-sleeves-crop-blouse-red-3474849
3009 Canvas Espadrilles Blue-Natural,Superga,Women > Shoes > Flats > Espadrilles,43.26,43.26,https://www.zalora.com.ph/p/superga-3009-canvas-espadrilles-blue-natural-navy-4321155
3010 Mary Jane Espadrilles White-Natural,Superga,Women > Shoes > Flats > Espadrilles,48.16,48.16,https://www.zalora.com.ph/p/superga-3010-mary-jane-espadrilles-white-natural-white-4321169
327 Classic Lifestyle Shoes,New Balance,Sports > Women's Sports > Footwear > Sneakers,103.86,112.56,https://www.zalora.com.ph/p/new-balance-327-classic-lifestyle-shoes-red-4124368
327 Lifestyle Shoes,New Balance,Sports > Women's Sports > Footwear > Sneakers,112.56,112.56,https://www.zalora.com.ph/p/new-balance-327-lifestyle-shoes-4185357
3CM Pointed Chunky Heel Pumps WW5153-1,Twenty Eight Shoes,Women > Shoes > Heels > Mid Heels,70.26,81.79,https://www.zalora.com.ph/p/twenty-eight-shoes-3cm-pointed-chunky-heel-pumps-ww5153-1-black-3713269
3CM Rivet T-strap Slingback Mid Heels WW875-5,Twenty Eight Shoes,Women > Shoes > Heels > Mid Heels,68.99,88.19,https://www.zalora.com.ph/p/twenty-eight-shoes-3cm-rivet-t-strap-slingback-mid-heels-ww875-5-n-a-3860651
4.5CM Color Matching Mary Jane Shoes XJ3321-6,Twenty Eight Shoes,Women > Shoes > Heels > Pumps,40.96,68.11,https://www.zalora.com.ph/p/twenty-eight-shoes-4-5cm-color-matching-mary-jane-shoes-xj3321-6-black-2780529
4.5CM Microfiber Leather Slingback Mid Heel BY2050-36,Twenty Eight Shoes,Women > Shoes > Heels > Mid Heels,64.4,80.5,https://www.zalora.com.ph/p/twenty-eight-shoes-4-5cm-microfiber-leather-slingback-mid-heel-by2050-36-n-a-4310041
4.5CM Square Toe Slingback Mid Heels XJ333-15,Twenty Eight Shoes,Women > Shoes > Heels > Mid Heels,45.86,65.35,https://www.zalora.com.ph/p/twenty-eight-shoes-4-5cm-square-toe-slingback-mid-heels-xj333-15-brown-2970824
413,New Balance,Sports > Men's Sports > Footwear > Sneakers,49.04,54.61,https://www.zalora.com.ph/p/new-balance-413-grey-4310470
430,New Balance,Sports > Men's Sports > Footwear > Sneakers,53.14,53.14,https://www.zalora.com.ph/p/new-balance-430-multi-4317632
4CM ‌Square-toe Fly Knit‌ Chunky Heels‌ TJ1509,Twenty Eight Shoes,Women > Shoes > Heels > Pumps,65.43,81.79,https://www.zalora.com.ph/p/twenty-eight-shoes-4cm-square-toe-fly-knit-chunky-heels-tj1509-n-a-4127928
5 Pocket Topstitch Detail Pants,Lacoste,Women > Clothing > Pants & Leggings > Straight Leg Pants,107.26,178.76,https://www.zalora.com.ph/p/lacoste-5-pocket-topstitch-detail-pants-green-3639540
5.5CM Pleated Strap Microfiber Leather Pumps TH568-1,Twenty Eight Shoes,Women > Shoes > Heels > Mid Heels,56.39,62.17,https://www.zalora.com.ph/p/twenty-eight-shoes-5-5cm-pleated-strap-microfiber-leather-pumps-th568-1-n-a-3884035
515,New Balance,Sports > Women's Sports > Footwear > Sneakers,86.44,86.44,https://www.zalora.com.ph/p/new-balance-515-multi-4326228
515 Classic Lifestyle Shoes,New Balance,Sports > Women's Sports > Footwear > Sneakers,77.05,86.44,https://www.zalora.com.ph/p/new-balance-515-classic-lifestyle-shoes-white-3928506
515 Classic Lifestyle Shoes,New Balance,Sports > Men's Sports > Footwear > Sneakers,80.47,86.44,https://www.zalora.com.ph/p/new-balance-515-classic-lifestyle-shoes-black-3959450
574,New Balance,Sports > Women's Sports > Footwear > Sneakers,78.96,108.48,https://www.zalora.com.ph/p/new-balance-574-grey-3973940
574 Classic Lifestyle Shoes,New Balance,Sports > Women's Sports > Footwear > Sneakers,87.04,97.87,https://www.zalora.com.ph/p/new-balance-574-classic-lifestyle-shoes-green-4067791
574 Classic Lifestyle Shoes,New Balance,Sports > Women's Sports > Footwear > Sneakers,93.07,122.36,https://www.zalora.com.ph/p/new-balance-574-classic-lifestyle-shoes-grey-3674247
574 Lifestyle Shoes,New Balance,Sports > Women's Sports > Footwear > Sneakers,97.87,97.87,https://www.zalora.com.ph/p/new-balance-574-lifestyle-shoes-beige-4215145
5CM Ankle Strap Wedge Sandals HB103,Twenty Eight Shoes,Women > Shoes > Wedges > Wedge Sandals,85.91,107.39,https://www.zalora.com.ph/p/twenty-eight-shoes-5cm-ankle-strap-wedge-sandals-hb103-n-a-4139822
5CM Bowknot Strap Mid Heel Sandals （Backless Strap Style）WTY1199-1-1,Twenty Eight Shoes,Women > Shoes > Heels > Mid Heels,59.06,67.88,https://www.zalora.com.ph/p/twenty-eight-shoes-5cm-bowknot-strap-mid-heel-sandals-backless-strap-style-wty1199-1-1-gold-2988816
5CM Bowknot Strap Mid Heel Sandals （Backless Strap Style）WTY1199-1-1,Twenty Eight Shoes,Women > Shoes > Heels > Mid Heels,59.06,67.88,https://www.zalora.com.ph/p/twenty-eight-shoes-5cm-bowknot-strap-mid-heel-sandals-backless-strap-style-wty1199-1-1-white-2988819
5CM Floral Satin Mid Heels IF513-5,Twenty Eight Shoes,Women > Shoes > Heels > Mid Heels,62.59,69.69,https://www.zalora.com.ph/p/twenty-eight-shoes-5cm-floral-satin-mid-heels-if513-5-beige-2902767
5CM Pearl Strap Mary Jane Shoes BY599-22,Twenty Eight Shoes,Women > Shoes > Heels > Pumps,67.7,81.79,https://www.zalora.com.ph/p/twenty-eight-shoes-5cm-pearl-strap-mary-jane-shoes-by599-22-red-4116026
680 Running Performance Shoes,New Balance,Sports > Men's Sports > Footwear > Sneakers,89.58,94.6,https://www.zalora.com.ph/p/new-balance-680-running-performance-shoes-grey-3924168
6CM Brogue Patent Leather Derby Shoes TE6088-9,Twenty Eight Shoes,Women > Shoes > Flats > Oxford & Lace Up,66.75,77.77,https://www.zalora.com.ph/p/twenty-eight-shoes-6cm-brogue-patent-leather-derby-shoes-te6088-9-black-3050571
6CM Cross Strap Clip Toe Sandals XJ3028-6,Twenty Eight Shoes,Women > Shoes > Sandals,45.69,76.03,https://www.zalora.com.ph/p/twenty-eight-shoes-6cm-cross-strap-clip-toe-sandals-xj3028-6-white-2883509
6CM Double Buckle Leather Mary Jane Shoes MZ90175,Twenty Eight Shoes,Women > Shoes > Heels > Platforms,65.28,92.17,https://www.zalora.com.ph/p/twenty-eight-shoes-6cm-double-buckle-leather-mary-jane-shoes-mz90175-black-2662127
6CM Faux Patent Pointed High Heel Shoes HZL160,Twenty Eight Shoes,Women > Shoes > Heels > Pumps,58.12,60.08,https://www.zalora.com.ph/p/twenty-eight-shoes-6cm-faux-patent-pointed-high-heel-shoes-hzl160-black-2597286
6CM Hollowed Pointed Metallic Microfiber Leather Wedding Heels PX708-B37,Twenty Eight Shoes,Women > Shoes > Heels > Pumps,68.08,97.28,https://www.zalora.com.ph/p/twenty-eight-shoes-6cm-hollowed-pointed-metallic-microfiber-leather-wedding-heels-px708-b37-gold-3504383
6CM Hollowed Rhinestone Buckle Pointed Wedding Heels PX708-C61,Twenty Eight Shoes,Women > Shoes > Heels > Pumps,76.71,109.52,https://www.zalora.com.ph/p/twenty-eight-shoes-6cm-hollowed-rhinestone-buckle-pointed-wedding-heels-px708-c61-green-3410910
6CM Patent Leather Pointed Slingback Mid Heels HZL279,Twenty Eight Shoes,Women > Shoes > Heels > Pumps,62.35,68.14,https://www.zalora.com.ph/p/twenty-eight-shoes-6cm-patent-leather-pointed-slingback-mid-heels-hzl279-green-2780347
6CM Rhinestone Strap Mule Heel TE726-29,Twenty Eight Shoes,Women > Shoes > Sandals,58.77,72.48,https://www.zalora.com.ph/p/twenty-eight-shoes-6cm-rhinestone-strap-mule-heel-te726-29-black-2604493
6CM Silk Fabrics Pointed High Heel Shoes HZL163,Twenty Eight Shoes,Women > Shoes > Heels > Pumps,58.12,60.08,https://www.zalora.com.ph/p/twenty-eight-shoes-6cm-silk-fabrics-pointed-high-heel-shoes-hzl163-green-2604058
6CM Strap Satin Mary Jane Shoes BY2465-10,Twenty Eight Shoes,Women > Shoes > Heels > Pumps,72.63,78.6,https://www.zalora.com.ph/p/twenty-eight-shoes-6cm-strap-satin-mary-jane-shoes-by2465-10-white-3321414
7.5CM Rabbit Accessories Tweed Mary Jane Shoes XJ2568-3,Twenty Eight Shoes,Women > Shoes > Heels > Pumps,46.51,77.33,https://www.zalora.com.ph/p/twenty-eight-shoes-7-5cm-rabbit-accessories-tweed-mary-jane-shoes-xj2568-3-pink-2857298
7.5CM Strap Cotton Printed Wedge Espadrilles WTY158-8,Twenty Eight Shoes,Women > Shoes > Wedges > Wedge Sandals,48.96,74.67,https://www.zalora.com.ph/p/twenty-eight-shoes-7-5cm-strap-cotton-printed-wedge-espadrilles-wty158-8-white-2840461
740 Classic Lifestyle Shoes,New Balance,Women > Shoes > Sneakers,64.5,114.19,https://www.zalora.com.ph/p/new-balance-740-classic-lifestyle-shoes-white-4182544
740 Lifestyle Shoes,New Balance,Sports > Women's Sports > Footwear > Sneakers,114.19,114.19,https://www.zalora.com.ph/p/new-balance-740-lifestyle-shoes-grey-4350149
740 Lifestyle Shoes,New Balance,Sports > Women's Sports > Footwear > Sneakers,98.0,114.19,https://www.zalora.com.ph/p/new-balance-740-lifestyle-shoes-multi-4254386
740 Lifestyle Shoes,New Balance,Sports > Women's Sports > Footwear > Sneakers,114.19,114.19,https://www.zalora.com.ph/p/new-balance-740-lifestyle-shoes-multi-4350142
7CM Bow Pointy High Heel Shoes XJ175-21,Twenty Eight Shoes,Women > Shoes > Heels > Pumps,41.61,69.22,https://www.zalora.com.ph/p/twenty-eight-shoes-7cm-bow-pointy-high-heel-shoes-xj175-21-red-2598588
7CM Bowknot Glitter Slingback High Heel BY8712-20,Twenty Eight Shoes,Women > Shoes > Heels > High Heels,64.4,80.5,https://www.zalora.com.ph/p/twenty-eight-shoes-7cm-bowknot-glitter-slingback-high-heel-by8712-20-black-4310038
7CM Metal Buckle Tweed Mary Jane Shoes TE876-7,Twenty Eight Shoes,Women > Shoes > Heels > Pumps,49.95,71.39,https://www.zalora.com.ph/p/twenty-eight-shoes-7cm-metal-buckle-tweed-mary-jane-shoes-te876-7-beige-2785061
7CM Microfiber Leather Open Toe High Heel BY1172-9,Twenty Eight Shoes,Women > Shoes > Heels > High Heels,64.4,80.5,https://www.zalora.com.ph/p/twenty-eight-shoes-7cm-microfiber-leather-open-toe-high-heel-by1172-9-n-a-4310002
7CM Pearl Strap Backless High Heels BY2670-28,Twenty Eight Shoes,Women > Shoes > Heels > High Heels,64.4,80.5,https://www.zalora.com.ph/p/twenty-eight-shoes-7cm-pearl-strap-backless-high-heels-by2670-28-white-4313784
7CM Pearl Strap Mary Jane Shoes BY2465-22,Twenty Eight Shoes,Women > Shoes > Heels > Pumps,64.35,71.65,https://www.zalora.com.ph/p/twenty-eight-shoes-7cm-pearl-strap-mary-jane-shoes-by2465-22-white-3038802
7CM Square Buckle Chunky Heel Pumps BY2373-13,Twenty Eight Shoes,Women > Shoes > Heels > Pumps,75.39,81.79,https://www.zalora.com.ph/p/twenty-eight-shoes-7cm-square-buckle-chunky-heel-pumps-by2373-13-n-a-3616885
7CM Square Toe Ribbon Pumps XJ1618-17,Twenty Eight Shoes,Women > Shoes > Heels > Pumps,50.26,71.81,https://www.zalora.com.ph/p/twenty-eight-shoes-7cm-square-toe-ribbon-pumps-xj1618-17-beige-2655345
7CM Square Toe Zipper Ankle Boots XJ2178-8,Twenty Eight Shoes,Women > Shoes > Boots,54.35,72.11,https://www.zalora.com.ph/p/twenty-eight-shoes-7cm-square-toe-zipper-ankle-boots-xj2178-8-white-2580360
7CM Suede Stitched Zipper Ankle Boots TE3650-2,Twenty Eight Shoes,Women > Shoes > Boots,55.49,77.89,https://www.zalora.com.ph/p/twenty-eight-shoes-7cm-suede-stitched-zipper-ankle-boots-te3650-2-black-3101546
8.5CM Pearl Chain Pointy Plaid Pumps TE7198-7,Twenty Eight Shoes,Women > Shoes > Heels > Pumps,51.57,73.64,https://www.zalora.com.ph/p/twenty-eight-shoes-8-5cm-pearl-chain-pointy-plaid-pumps-te7198-7-black-2781366
880,New Balance,Sports > Women's Sports > Women's Sports,157.37,157.37,https://www.zalora.com.ph/p/new-balance-880-multi-4127503
8CM Cross Strap High Heel Sandals XJ6743-5,Twenty Eight Shoes,Women > Shoes > Sandals,48.32,57.46,https://www.zalora.com.ph/p/twenty-eight-shoes-8cm-cross-strap-high-heel-sandals-xj6743-5-brown-2604436
8CM Patent Pointed High Heel Shoes HZL180,Twenty Eight Shoes,Women > Shoes > Heels > Pumps,58.12,60.08,https://www.zalora.com.ph/p/twenty-eight-shoes-8cm-patent-pointed-high-heel-shoes-hzl180-beige-2610085
8CM Rhinestone Bow High Heels IF82326,Twenty Eight Shoes,Women > Shoes > Heels > High Heels,57.28,70.18,https://www.zalora.com.ph/p/twenty-eight-shoes-8cm-rhinestone-bow-high-heels-if82326-silver-2909141
8CM Simple Pointed Patent Leather Wedding Heels PX710-1-1,Twenty Eight Shoes,Women > Shoes > Heels > High Heels,68.84,98.42,https://www.zalora.com.ph/p/twenty-eight-shoes-8cm-simple-pointed-patent-leather-wedding-heels-px710-1-1-black-3411012
90/10 Small Fit Hoodie in Black,Balenciaga,Luxury > (Luxury) Women's Clothing > Outerwear > Hoodies & Sweatshirts,764.74,1307.88,https://www.zalora.com.ph/p/balenciaga-90-10-small-fit-hoodie-in-black-black-3040560
9060 Classic Lifestyle Shoes,New Balance,Sports > Women's Sports > Footwear > Sneakers,135.19,159.9,https://www.zalora.com.ph/p/new-balance-9060-classic-lifestyle-shoes-white-3964978
950,New Balance,Sports > Women's Sports > Footwear > Sneakers,66.93,106.93,https://www.zalora.com.ph/p/new-balance-950-grey-4100348
950 Lifestyle Shoes,New Balance,Sports > Women's Sports > Footwear > Sneakers,106.03,106.03,https://www.zalora.com.ph/p/new-balance-950-lifestyle-shoes-navy-4339805
A Princess’ Wish Top,My Ballerine,Women > Clothing > Tops > Blouses,52.88,110.18,https://www.zalora.com.ph/p/my-ballerine-a-princess-wish-top-blue-3260283
A-Line Chiffon Dress,Trendyol,Women > Clothing > Dresses > Work Dresses,17.4,43.73,https://www.zalora.com.ph/p/trendyol-a-line-chiffon-dress-black-3237163
A-Line Mini Dress,Trendyol,Women > Clothing > Dresses > Summer Dresses,20.75,35.74,https://www.zalora.com.ph/p/trendyol-a-line-mini-dress-black-3719428
A-Line Mini Skirt,& Other Stories,Women > Clothing > Skirts > Mini Skirts,91.34,91.34,https://www.zalora.com.ph/p/other-stories-a-line-mini-skirt-red-2880481
A-Line Short Waist Skirt,Jnby,Women > Clothing > Skirts,159.66,159.66,https://www.zalora.com.ph/p/jnby-a-line-short-waist-skirt-black-3668684
A-line Dress With Floral Prints,Saturday Club,Women > Clothing > Dresses > Mini Dresses,55.49,55.49,https://www.zalora.com.ph/p/saturday-club-a-line-dress-with-floral-prints-navy-1618630
ABZORB 2010 Lifestyle Shoes,New Balance,Sports > Women's Sports > Footwear > Sneakers,159.9,159.9,https://www.zalora.com.ph/p/new-balance-abzorb-2010-lifestyle-shoes-brown-4200122
ABZORB 2010 Lifestyle Shoes,New Balance,Sports > Women's Sports > Footwear > Sneakers,146.3,159.9,https://www.zalora.com.ph/p/new-balance-abzorb-2010-lifestyle-shoes-black-4200121
ACS + NIGHT Unisex Sportstyle Shoes in Black/Turbulence/Ftw Silver,Salomon,Men > Shoes > Sports Shoes,212.06,212.06,https://www.zalora.com.ph/p/salomon-acs-night-unisex-sportstyle-shoes-in-black-turbulence-ftw-silver-black-3836208
ACS + OG Unisex Sportstyle Shoes in Castlerock / Ftw Silver / Hazelnut,Salomon,Men > Shoes > Sports Shoes,195.74,195.74,https://www.zalora.com.ph/p/salomon-acs-og-unisex-sportstyle-shoes-in-castlerock-ftw-silver-hazelnut-silver-3853690
ACS WAS 24 P3 Women's Socks,World Balance,Women > Sports > Clothing > Socks,10.0,10.0,https://www.zalora.com.ph/p/world-balance-acs-was-24-p3-women-s-socks-black-grey-white-2834749
ADIZERO Dropset Pro Training Shoes,ADIDAS,Sports > Men's Sports > Footwear > Training Shoes,138.76,138.76,https://www.zalora.com.ph/p/adidas-adizero-dropset-pro-training-shoes-black-4333264
ADVANTAGE BASE SHOES,ADIDAS,Sports > Men's Sports > Footwear > Training Shoes,70.2,70.2,https://www.zalora.com.ph/p/adidas-advantage-base-shoes-white-2498668
APEX TRAINER Men's Performance Shoes,World Balance,Men > Shoes > Sports Shoes,45.69,45.69,https://www.zalora.com.ph/p/world-balance-apex-trainer-men-s-performance-shoes-grey-white-4069794
AURILLE Women's Lifestyle Athleisure Sandals,World Balance,Women > Sports > Footwear > Sandals & Flip-flops,27.74,27.74,https://www.zalora.com.ph/p/world-balance-aurille-women-s-lifestyle-athleisure-sandals-black-4243176
AVIRA Men's Lifestyle Classic Shoes,ONE UP,Men > Shoes > Sneakers,16.31,27.74,https://www.zalora.com.ph/p/one-up-avira-men-s-lifestyle-classic-shoes-white-4313202
Abstract Frame Graphic White Cotton Short Sleeve Regular Fit Tee,QuirkyT,Sports > Men's Sports > Clothing > T-Shirts,29.43,65.4,https://www.zalora.com.ph/p/quirkyt-abstract-frame-graphic-white-cotton-short-sleeve-regular-fit-tee-white-2915516
Ace Pleated Skirt,FORCAST,Women > Clothing > Skirts > Mini Skirts,55.34,55.34,https://www.zalora.com.ph/p/forcast-ace-pleated-skirt-brown-3627827
Activate Nitro Tr Hyrox Wns,PUMA,Sports > Women's Sports > Footwear > Training Shoes,130.6,130.6,https://www.zalora.com.ph/p/puma-activate-nitro-tr-hyrox-wns-green-4264643
Active Classic Tank Top with Removable Pads Women Activewear,SASSA,Sports > Women's Sports > Clothing > Tanks & Singlets,11.41,11.41,https://www.zalora.com.ph/p/sassa-active-classic-tank-top-with-removable-pads-women-activewear-black-2774059
Adair Sandals,CLN,Women > Shoes > Sandals > Flat Sandals,13.04,24.47,https://www.zalora.com.ph/p/cln-adair-sandals-white-4188310
Addie Top In Grey,UMMA,Women > Clothing > Tops,35.9,35.9,https://www.zalora.com.ph/p/umma-addie-top-in-grey-grey-1553103
Adela Dress,Cole Vintage,Women > Clothing > Dresses > Maxi Dresses,13.05,26.1,https://www.zalora.com.ph/p/cole-vintage-adela-dress-multi-1928389
Adilette 00s Slides,ADIDAS,Men > Sports > Footwear > Sandals & Flip-Flops,47.34,47.34,https://www.zalora.com.ph/p/adidas-adilette-00s-slides-grey-4312182
Adilette 00s Slides,ADIDAS,Sports > Men's Sports > Footwear > Sandals & Flip Flops,28.26,47.34,https://www.zalora.com.ph/p/adidas-adilette-00s-slides-grey-4143749
Adilette 00s Slides,ADIDAS,Men > Sports > Footwear > Sandals & Flip-Flops,44.7,47.34,https://www.zalora.com.ph/p/adidas-adilette-00s-slides-green-4211980
Adilette 00s Slides,ADIDAS,Men > Sports > Footwear > Sandals & Flip-Flops,47.34,47.34,https://www.zalora.com.ph/p/adidas-adilette-00s-slides-black-4211939
Adilette 22 XLG Slide Sandals,ADIDAS,Women > Sports > Footwear > Sandals & Flip-flops,66.57,70.2,https://www.zalora.com.ph/p/adidas-adilette-22-xlg-slide-sandals-green-3849802
Adilette Aqua Slides,ADIDAS,Men > Sports > Clothing,26.12,26.12,https://www.zalora.com.ph/p/adidas-adilette-aqua-slides-pink-2262834
Adilette Aqua Slides,ADIDAS,Men > Sports > Footwear > Sandals & Flip-Flops,27.75,27.75,https://www.zalora.com.ph/p/adidas-adilette-aqua-slides-blue-1803726
Adilette Aqua Slides,ADIDAS,Women > Sports > Footwear > Sandals & Flip-flops,27.75,27.75,https://www.zalora.com.ph/p/adidas-adilette-aqua-slides-orange-3864130
Adilette Lumia Slides,ADIDAS,Men > Sports > Footwear > Sandals & Flip-Flops,27.75,27.75,https://www.zalora.com.ph/p/adidas-adilette-lumia-slides-multi-3715633
Adilette OG CF Slide Sandals,ADIDAS,Sports > Women's Sports > Footwear > Sandals & Flip Flops,32.65,32.65,https://www.zalora.com.ph/p/adidas-adilette-og-cf-slide-sandals-black-4180633
Adilette OG CF Slide Sandals,ADIDAS,Men > Sports > Footwear > Sandals & Flip-Flops,21.43,34.28,https://www.zalora.com.ph/p/adidas-adilette-og-cf-slide-sandals-red-4180458
Adilette OG Cf Slides,ADIDAS,Men > Sports > Footwear > Sandals & Flip-Flops,32.65,32.65,https://www.zalora.com.ph/p/adidas-adilette-og-cf-slides-black-4310372
Adilette Shower Slides,ADIDAS,Sports > Women's Sports > Footwear > Sandals & Flip Flops,31.02,31.02,https://www.zalora.com.ph/p/adidas-adilette-shower-slides-green-4044041
Adissage Slides,ADIDAS,Men > Sports > Footwear > Sandals & Flip-Flops,24.49,24.49,https://www.zalora.com.ph/p/adidas-adissage-slides-black-2063462
Adistar Control 5 Shoes,ADIDAS,Men > Sports > Footwear > Lifestyle,106.11,106.11,https://www.zalora.com.ph/p/adidas-adistar-control-5-shoes-white-4296083
Adizero Aruku Shoes,ADIDAS,Men > Sports > Footwear > Lifestyle,119.17,119.17,https://www.zalora.com.ph/p/adidas-adizero-aruku-shoes-white-3849845
Adizero Aruku Shoes,ADIDAS,Women > Sports > Footwear > Lifestyle,119.17,119.17,https://www.zalora.com.ph/p/adidas-adizero-aruku-shoes-grey-3849555
Adizero Evo SL EXO Shoes,ADIDAS,Sports > Men's Sports > Footwear > Sneakers,146.92,146.92,https://www.zalora.com.ph/p/adidas-adizero-evo-sl-exo-shoes-black-4310329
Adizero Evo SL Exo Running Shoes,ADIDAS,Sports > Men's Sports > Footwear > Sneakers,146.92,146.92,https://www.zalora.com.ph/p/adidas-adizero-evo-sl-exo-running-shoes-purple-4328642
Adizero Evo SL Shoes,ADIDAS,Sports > Men's Sports > Footwear > Sneakers,138.76,138.76,https://www.zalora.com.ph/p/adidas-adizero-evo-sl-shoes-black-4190613
Adizero Goukana Shoes,ADIDAS,Sports > Women's Sports > Footwear > Sneakers,146.92,146.92,https://www.zalora.com.ph/p/adidas-adizero-goukana-shoes-white-4180310
Aero Shift Men's Performance Basketball Shoes,World Balance,Men > Shoes > Sports Shoes,53.86,53.86,https://www.zalora.com.ph/p/world-balance-aero-shift-men-s-performance-basketball-shoes-white-yellow-4233110
Agility Peak 5 – Chalk/Ice Blue Women’s Trail Running Shoes,Merrell,Women > Shoes > Sneakers,94.2,114.19,https://www.zalora.com.ph/p/merrell-agility-peak-5-chalk-ice-blue-women-s-trail-running-shoes-beige-4267456
Aiden Trainers - BOSS Orange,BOSS,Men > Shoes > Sneakers,263.63,263.63,https://www.zalora.com.ph/p/boss-aiden-trainers-boss-orange-beige-4263412
Aimee Sleeveless Shirt,FORCAST,Women > Clothing > Tops > Shirts,24.41,48.81,https://www.zalora.com.ph/p/forcast-aimee-sleeveless-shirt-white-2643259
Air 1 Low SE Men's Shoes,Jordan,Sports > Men's Sports > Footwear > Sneakers,119.09,119.09,https://www.zalora.com.ph/p/jordan-air-1-low-se-men-s-shoes-white-4314196
"Air Force 1 '07 LV8 ""Denim"" Shoes",Nike,Sports > Men's Sports > Footwear > Sneakers,104.51,114.19,https://www.zalora.com.ph/p/nike-air-force-1-07-lv8-denim-shoes-multi-4225411
Air Force 1 '07 SE Women's Shoes,Nike,Sports > Women's Sports > Footwear > Sneakers,103.63,114.19,https://www.zalora.com.ph/p/nike-air-force-1-07-se-women-s-shoes-multi-4227711
Air Jordan 1 Mid SE Shoes,Jordan,Sports > Women's Sports > Footwear > Sneakers,128.89,128.89,https://www.zalora.com.ph/p/jordan-air-jordan-1-mid-se-shoes-white-3753025
Air Jordan 4 RM Shoes,Jordan,Sports > Women's Sports > Footwear > Sneakers,128.89,128.89,https://www.zalora.com.ph/p/jordan-air-jordan-4-rm-shoes-brown-3843361
Air Jordan MVP 92 Shoes,Jordan,Sports > Men's Sports > Footwear > Sneakers,137.05,137.05,https://www.zalora.com.ph/p/jordan-air-jordan-mvp-92-shoes-brown-3843492
Air Max Alpha Trainer 6 Workout Shoes,Nike,Sports > Men's Sports > Footwear > Training Shoes,81.54,81.54,https://www.zalora.com.ph/p/nike-air-max-alpha-trainer-6-workout-shoes-grey-3843274
Air Max Bia SE,Nike,Sports > Women's Sports > Footwear > Running Shoes,53.09,94.6,https://www.zalora.com.ph/p/nike-air-max-bia-se-black-4048063
Air Max Cirro Men's Slide Sandals,Nike,Sports > Men's Sports > Footwear > Sneakers,39.1,39.1,https://www.zalora.com.ph/p/nike-air-max-cirro-men-s-slide-sandals-multi-4260515
Air Max Excee Shoes,Nike,Sports > Men's Sports > Footwear > Sneakers,85.22,89.71,https://www.zalora.com.ph/p/nike-air-max-excee-shoes-white-3650909
Air Max Invigor Men's Shoes,Nike,Sports > Men's Sports > Footwear > Sneakers,79.73,84.81,https://www.zalora.com.ph/p/nike-air-max-invigor-men-s-shoes-black-grey-4236929
Air Max Invigor Shoes,Nike,Sports > Men's Sports > Footwear > Sneakers,84.81,84.81,https://www.zalora.com.ph/p/nike-air-max-invigor-shoes-multi-4350086
Air Max SNDR Shoes,Nike,Sports > Women's Sports > Footwear > Sneakers,153.18,161.54,https://www.zalora.com.ph/p/nike-air-max-sndr-shoes-white-3752782
Air Monarch IV Shoes,Nike,Men > Shoes > Sports Shoes,55.42,55.42,https://www.zalora.com.ph/p/nike-air-monarch-iv-shoes-white-1737181
Air Span II SE Men's Shoes,Nike,Sports > Men's Sports > Footwear > Sneakers,84.91,94.6,https://www.zalora.com.ph/p/nike-air-span-ii-se-men-s-shoes-green-4221261
Air Zoom Upturn SC Shoes,Nike,Sports > Men's Sports > Footwear > Sneakers,89.71,89.71,https://www.zalora.com.ph/p/nike-air-zoom-upturn-sc-shoes-black-grey-4314175
Aira Flats,Melissa,Women > Shoes > Flats > Ballerinas,76.65,76.65,https://www.zalora.com.ph/p/melissa-aira-flats-red-4324130
Aiza Ruffles Trimmed Blouse,BADOMODA,Women > Clothing > Tops > Blouses,21.14,21.14,https://www.zalora.com.ph/p/badomoda-aiza-ruffles-trimmed-blouse-black-3716799
Aiza Ruffles Trimmed Blouse,BADOMODA,Women > Clothing > Tops > Blouses,21.14,21.14,https://www.zalora.com.ph/p/badomoda-aiza-ruffles-trimmed-blouse-beige-3716811
Akai Loafers,CLN,Women > Shoes > Slip-Ons,22.02,24.47,https://www.zalora.com.ph/p/cln-akai-loafers-beige-4253588
Alama Wedge Sandals,CLN,Women > Shoes > Heels > Open Toes,22.02,24.47,https://www.zalora.com.ph/p/cln-alama-wedge-sandals-black-4254963
Alamassi Slip On Sandals,ALDO,Women > Shoes > Sandals > Flat Sandals,92.97,92.97,https://www.zalora.com.ph/p/aldo-alamassi-slip-on-sandals-beige-3656503
Alathia Heels,ALDO,Women > Shoes > Heels > High Heels,91.34,91.34,https://www.zalora.com.ph/p/aldo-alathia-heels-pink-3624499
Aldwin Lace-up,Clarks,Men > Shoes > Oxfords,113.7,162.43,https://www.zalora.com.ph/p/clarks-aldwin-lace-up-grey-4106071
Alena Dress,Cole Vintage,Women > Clothing > Dresses > Maxi Dresses,11.75,29.37,https://www.zalora.com.ph/p/cole-vintage-alena-dress-orange-2535475
Alessie Slide Sandals,ALDO,Women > Shoes > Sandals > Flat Sandals,89.71,89.71,https://www.zalora.com.ph/p/aldo-alessie-slide-sandals-multi-3818219
Alice Loafer Women's Casual Shoes,Hush Puppies,Women > Shoes > Flats > Loafers & Boat Shoes,83.26,83.26,https://www.zalora.com.ph/p/hush-puppies-alice-loafer-women-s-casual-shoes-brown-4351960
Alira Comfy Heels,My Ballerine,Women > Shoes > Heels,84.71,116.54,https://www.zalora.com.ph/p/my-ballerine-alira-comfy-heels-black-4140160
All Day Fitness Leggings Women's Activewear,DANSKIN,Sports > Women's Sports > Women's Sports,17.95,17.95,https://www.zalora.com.ph/p/danskin-all-day-fitness-leggings-women-s-activewear-black-1744027
All Over Small Floral Print Pleated Shorts,iROO,Women > Clothing > Shorts,101.49,101.49,https://www.zalora.com.ph/p/iroo-all-over-small-floral-print-pleated-shorts-multi-3365133
Allen Round Neck Sweatshirt,GRIMELANGE,Men > Clothing > Hoodies & Sweatshirts > Sweatshirts,14.41,33.45,https://www.zalora.com.ph/p/grimelange-allen-round-neck-sweatshirt-green-3532877
Alma Tights,Athlecia,Sports > Women's Sports > Clothing > Tights,14.73,90.59,https://www.zalora.com.ph/p/athlecia-alma-tights-green-2756440
Almare Alzey Sleeveless Top,Plains & Prints,Women > Clothing > Tops > Sleeveless,29.35,29.35,https://www.zalora.com.ph/p/plains-prints-almare-alzey-sleeveless-top-white-3698896
Almare Arzene Skort,Plains & Prints,Women > Clothing > Skirts > Mini Skirts,24.45,24.45,https://www.zalora.com.ph/p/plains-prints-almare-arzene-skort-navy-3698894
Althea Bubble Sleeve Dress,BADOMODA,Women > Clothing > Dresses > Mini Dresses,32.57,32.57,https://www.zalora.com.ph/p/badomoda-althea-bubble-sleeve-dress-pink-3758417
Amano Vest,RAF,Women > Clothing > Tops > Sleeveless,42.41,42.41,https://www.zalora.com.ph/p/raf-amano-vest-brown-3707701
Ami Wide Leg Linen Pants,FORCAST,Women > Clothing > Pants & Leggings > Straight Leg Pants,91.26,91.26,https://www.zalora.com.ph/p/forcast-ami-wide-leg-linen-pants-brown-3762376
Amrie Black Knitted Skirt,GWD,Women > Clothing > Skirts,75.26,75.26,https://www.zalora.com.ph/p/gwd-amrie-black-knitted-skirt-black-3565839
Anastasia 3/4 Sleeves Blouse with Yoke,BADOMODA,Women > Clothing > Tops > Blouses,24.41,24.41,https://www.zalora.com.ph/p/badomoda-anastasia-3-4-sleeves-blouse-with-yoke-blue-3758420
Andya Heels,ALDO,Women > Shoes > Heels > Open Toes,87.84,97.87,https://www.zalora.com.ph/p/aldo-andya-heels-gold-4201664
Angelknot Heels,ALDO,Women > Shoes > Heels > High Heels,55.13,112.56,https://www.zalora.com.ph/p/aldo-angelknot-heels-white-4201684
Anika Slim Pants with Self Adjustable Side Belt,Apple & Eve,Women > Clothing > Pants & Leggings > Straight Leg Pants,37.53,37.53,https://www.zalora.com.ph/p/apple-eve-anika-slim-pants-with-self-adjustable-side-belt-brown-3689946
Animal Pattern Long Skirt in Red,N.21,Women > Clothing > Skirts > Maxi Skirts,452.81,1455.44,https://www.zalora.com.ph/p/n21-animal-pattern-long-skirt-in-red-red-3168745
Animal Patterned Lined Skirt,Trendyol,Women > Clothing > Skirts > Midi Skirts,39.78,159.64,https://www.zalora.com.ph/p/trendyol-animal-patterned-lined-skirt-brown-3719378
Ankle Strap Block Heels,Soho,Women > Shoes > Heels > Open Toes,53.69,53.69,https://www.zalora.com.ph/p/soho-ankle-strap-block-heels-beige-3446105
Ankle Strap Low Heel Sandals TE730-2,Twenty Eight Shoes,Women > Shoes > Heels > Low Heels,40.8,64.04,https://www.zalora.com.ph/p/twenty-eight-shoes-ankle-strap-low-heel-sandals-te730-2-white-2985394
Ankle-Length Pants,Jnby,Women > Clothing > Pants & Leggings > Straight Leg Pants,225.12,225.12,https://www.zalora.com.ph/p/jnby-ankle-length-pants-brown-3700079
Anna Shirt Dress,Chictees,Women > Clothing > Dresses > Work Dresses,16.31,16.31,https://www.zalora.com.ph/p/chictees-anna-shirt-dress-brown-3728118
Annamassi Heels,ALDO,Women > Shoes > Heels > Low Heels,45.99,106.03,https://www.zalora.com.ph/p/aldo-annamassi-heels-multi-4189944
Anti-Odor Sweat Wicking Cotton Shirt,Burlington,Men > Clothing > T-Shirts > Short Sleeves,10.0,10.0,https://www.zalora.com.ph/p/burlington-anti-odor-sweat-wicking-cotton-shirt-black-3550567
Anti-Skid Lace-Up Combat Boots in Black,London Rag,Women > Shoes > Boots > Long Boots,70.83,83.24,https://www.zalora.com.ph/p/london-rag-anti-skid-lace-up-combat-boots-in-black-black-3536845
Anvil Tx,DC,Men > Shoes > Sneakers,54.04,54.04,https://www.zalora.com.ph/p/dc-anvil-tx-black-4081510
Apparition Tech Shoes,Under Armour,Sports > Women's Sports > Footwear > Sneakers,130.52,130.52,https://www.zalora.com.ph/p/under-armour-apparition-tech-shoes-white-4175239
Arch Fit 2.0,Skechers,Sports > Women's Sports > Footwear > Sneakers,85.05,85.05,https://www.zalora.com.ph/p/skechers-arch-fit-2-0-multi-4310464
Arch Fit Glide-Step Pro,Skechers,Sports > Men's Sports > Footwear > Sneakers,88.56,88.56,https://www.zalora.com.ph/p/skechers-arch-fit-glide-step-pro-black-4317675
Arch Fit Orvan,Skechers,Sports > Men's Sports > Footwear > Sneakers,84.24,84.24,https://www.zalora.com.ph/p/skechers-arch-fit-orvan-multi-4216914
Arch Fit Summits,Skechers,Sports > Men's Sports > Footwear > Sneakers,60.16,60.16,https://www.zalora.com.ph/p/skechers-arch-fit-summits-navy-4216911
Arch Fit Sunny,Skechers,Sports > Women's Sports > Footwear > Basketball Shoes,59.78,59.78,https://www.zalora.com.ph/p/skechers-arch-fit-sunny-black-4042408
Areanne Low-Top Sneakers,ALDO,Women > Shoes > Sneakers,31.02,79.91,https://www.zalora.com.ph/p/aldo-areanne-low-top-sneakers-white-4211308
Arizona BF,Birkenstock,Women > Shoes > Sandals > Flat Sandals,105.95,105.95,https://www.zalora.com.ph/p/birkenstock-arizona-bf-brown-3654425
Arizona BF,Birkenstock,Women > Shoes > Sandals > Flat Sandals,97.79,97.79,https://www.zalora.com.ph/p/birkenstock-arizona-bf-grey-3471263
Arizona Big Buckle,Birkenstock,Women > Shoes > Sandals,166.17,166.17,https://www.zalora.com.ph/p/birkenstock-arizona-big-buckle-blue-4265699
Arizona PROF BF,Birkenstock,Women > Shoes > Sandals > Flat Sandals,91.26,91.26,https://www.zalora.com.ph/p/birkenstock-arizona-prof-bf-white-2475666
Arizona Suede,Birkenstock,Women > Shoes > Sandals > Flat Sandals,146.76,146.76,https://www.zalora.com.ph/p/birkenstock-arizona-suede-brown-3216585
Arizona Suede Sandals,Birkenstock,Women > Shoes > Sandals > Flat Sandals,146.76,146.76,https://www.zalora.com.ph/p/birkenstock-arizona-suede-sandals-red-3770982
Arles Sleeveless Dress,RAF,Women > Clothing > Dresses > Work Dresses,47.31,47.31,https://www.zalora.com.ph/p/raf-arles-sleeveless-dress-black-3711214
Artina Heeled Sandals,CLN,Women > Shoes > Heels > Open Toes,13.04,24.47,https://www.zalora.com.ph/p/cln-artina-heeled-sandals-beige-4196847
Arty print shirt,Desigual,Women > Clothing > Tops > T-Shirts,105.95,105.95,https://www.zalora.com.ph/p/desigual-arty-print-shirt-multi-3649477
Arty print shirt,Desigual,Men > Clothing > Shirts,134.52,134.52,https://www.zalora.com.ph/p/desigual-arty-print-shirt-blue-3648921
Ashley Comfy Pumps,My Ballerine,Women > Shoes > Flats > Ballerinas,52.88,71.98,https://www.zalora.com.ph/p/my-ballerine-ashley-comfy-pumps-gold-2762624
Asri Platform Sandals,CLN,Women > Shoes > Heels > High Heels,16.31,29.37,https://www.zalora.com.ph/p/cln-asri-platform-sandals-beige-4237477
Aster Sports Shirt: Petite to Plus Size,Lotus Activewear,Sports > Women's Sports > Women's Sports,14.61,14.61,https://www.zalora.com.ph/p/lotus-activewear-aster-sports-shirt-petite-to-plus-size-yellow-3517257
Aster Sports Shirt: Petite to Plus Size,Lotus Activewear,Sports > Women's Sports > Women's Sports,14.61,14.61,https://www.zalora.com.ph/p/lotus-activewear-aster-sports-shirt-petite-to-plus-size-lilac-purple-3517260
Asteria Ballerinas,CLN,Women > Shoes > Flats > Ballerinas,22.02,24.47,https://www.zalora.com.ph/p/cln-asteria-ballerinas-beige-4253585
Astraya Sneakers,ALDO,Women > Shoes > Sneakers,87.86,102.77,https://www.zalora.com.ph/p/aldo-astraya-sneakers-brown-4100878
Asymmetrical Cotton Shirt,& Other Stories,Women > Clothing > Tops > Shirts,40.77,81.54,https://www.zalora.com.ph/p/other-stories-asymmetrical-cotton-shirt-white-3710932
Asymmetrical Evening Dress,Trendyol,Women > Clothing > Dresses > Maxi Dresses,10.51,45.69,https://www.zalora.com.ph/p/trendyol-asymmetrical-evening-dress-blue-3574338
Asymmetrical Skirt,Trendyol,Women > Clothing > Skirts > Mini Skirts,16.55,27.08,https://www.zalora.com.ph/p/trendyol-asymmetrical-skirt-brown-3237074
Athena Collection: Premium High Waisted Sport Leggings,Lotus Activewear,Women > Sports > Clothing > Bottoms,17.88,17.88,https://www.zalora.com.ph/p/lotus-activewear-athena-collection-premium-high-waisted-sport-leggings-blue-3722525
Athletic Men Pro Cool Quick Dry Compression Shorts with 2 Side Pockets Wayne -Black (Single),Hanford,Men > Sports > Clothing > Bottoms,10.0,10.0,https://www.zalora.com.ph/p/hanford-athletic-men-pro-cool-quick-dry-compression-shorts-with-2-side-pockets-wayne-black-single-black-3742232
Atlas Dress,BWLDR,Women > Clothing > Dresses > Mini Dresses,84.06,84.06,https://www.zalora.com.ph/p/bwldr-atlas-dress-black-2024223
Aura Ripstop Unisex Shoes,Under Armour,Sports > Women's Sports > Footwear > Sneakers,119.09,119.09,https://www.zalora.com.ph/p/under-armour-aura-ripstop-unisex-shoes-black-4176551
Aurora 3 Women's Training Shoes,Under Armour,Sports > Women's Sports > Footwear > Training Shoes,66.85,66.85,https://www.zalora.com.ph/p/under-armour-aurora-3-women-s-training-shoes-green-3872580
Austin Belt Jute Sandals,Happy2U,Women > Shoes > Heels > Mid Heels,53.69,53.69,https://www.zalora.com.ph/p/happy2u-austin-belt-jute-sandals-beige-3705530
Authentic,VANS,Women > Shoes > Sneakers,70.61,70.61,https://www.zalora.com.ph/p/vans-authentic-multi-4366319
Ava Halterneck Floral Jumpsuit,FORCAST,Women > Clothing > Playsuits & Jumpsuits,42.36,84.73,https://www.zalora.com.ph/p/forcast-ava-halterneck-floral-jumpsuit-black-1727826
Avarice Short Sleeve Playsuit,RAF,Women > Clothing > Playsuits & Jumpsuits,48.94,48.94,https://www.zalora.com.ph/p/raf-avarice-short-sleeve-playsuit-white-3762294
Avenue Women's Shoes,K-Swiss,Women > Shoes > Sneakers,44.4,55.5,https://www.zalora.com.ph/p/k-swiss-avenue-women-s-shoes-white-3994586
Averly Mesh,Sunday Staples,Women > Shoes > Heels,48.65,48.65,https://www.zalora.com.ph/p/sunday-staples-averly-mesh-brown-4314887
Aya Life L/S V-Neck Cardigan,ONLY,Women > Clothing > Knitwear & Cardigans,31.67,44.06,https://www.zalora.com.ph/p/only-aya-life-l-s-v-neck-cardigan-multi-3397688
Azita Heels,Call It Spring,Women > Shoes > Heels > High Heels,68.48,68.48,https://www.zalora.com.ph/p/call-it-spring-azita-heels-beige-4100842
B&S Sweatshirt,Harley Davidson,Men > Clothing > Hoodies & Sweatshirts,75.06,75.06,https://www.zalora.com.ph/p/harley-davidson-b-s-sweatshirt-grey-2779807
BB80 Classic Lifestyle Shoes,New Balance,Sports > Women's Sports > Footwear > Sneakers,69.59,73.38,https://www.zalora.com.ph/p/new-balance-bb80-classic-lifestyle-shoes-beige-3958028
Baby Blue Mesh Detailed Round Toe Mary Jane Women's Ballerinas Takss24Be00000,Trendyol,Women > Shoes > Flats > Ballerinas,40.26,46.84,https://www.zalora.com.ph/p/trendyol-baby-blue-mesh-detailed-round-toe-mary-jane-women-s-ballerinas-takss24be00000-blue-3990694
Baby Blue Patent Leather Pointed Toe Kitten Heels Women's Classic Heeled Shoes Takss25To00005,Trendyol,Women > Shoes > Heels > Pumps,44.71,44.71,https://www.zalora.com.ph/p/trendyol-baby-blue-patent-leather-pointed-toe-kitten-heels-women-s-classic-heeled-shoes-takss25to00005-blue-3990240
Backless Slim Suspender Slit Dress LBH-D1313,Twenty Eight Shoes,Women > Clothing > Dresses > Summer Dresses,44.06,70.83,https://www.zalora.com.ph/p/twenty-eight-shoes-backless-slim-suspender-slit-dress-lbh-d1313-yellow-3049802
Bad To The Bone PU Pants,Peppermayo,Women > Clothing > Pants & Leggings,63.48,63.48,https://www.zalora.com.ph/p/peppermayo-bad-to-the-bone-pu-pants-beige-2493947
Baju Kurung Moden Lydia,Butik Sireh Pinang,Women > Clothing > Ethnic Wear,39.98,39.98,https://www.zalora.com.ph/p/butik-sireh-pinang-baju-kurung-moden-lydia-purple-3250810
Baju Kurung Moden Olivia,Butik Sireh Pinang,Women > Clothing > Ethnic Wear,56.3,56.3,https://www.zalora.com.ph/p/butik-sireh-pinang-baju-kurung-moden-olivia-red-3284092
Baju Kurung Moden Rossa,Butik Sireh Pinang,Women > Clothing > Ethnic Wear,34.27,34.27,https://www.zalora.com.ph/p/butik-sireh-pinang-baju-kurung-moden-rossa-grey-1954737
Baju Kurung Moden Rossa,Butik Sireh Pinang,Women > Clothing > Ethnic Wear,34.27,34.27,https://www.zalora.com.ph/p/butik-sireh-pinang-baju-kurung-moden-rossa-brown-1954741
Baju Kurung Moden Yasmin,Butik Sireh Pinang,Women > Clothing > Ethnic Wear,34.27,34.27,https://www.zalora.com.ph/p/butik-sireh-pinang-baju-kurung-moden-yasmin-grey-1781095
Baju Kurung Moden Zaitun,Butik Sireh Pinang,Women > Clothing > Ethnic Wear,35.08,35.08,https://www.zalora.com.ph/p/butik-sireh-pinang-baju-kurung-moden-zaitun-green-3457338
Baju Kurung Modern Cassia,Butik Sireh Pinang,Women > Clothing > Ethnic Wear,49.77,49.77,https://www.zalora.com.ph/p/butik-sireh-pinang-baju-kurung-modern-cassia-green-3457323
Baju Kurung Pahang Julia,Butik Sireh Pinang,Women > Clothing > Ethnic Wear,25.29,25.29,https://www.zalora.com.ph/p/butik-sireh-pinang-baju-kurung-pahang-julia-brown-1664802
Baju Kurung Pahang Naura,Butik Sireh Pinang,Women > Clothing > Ethnic Wear,45.69,45.69,https://www.zalora.com.ph/p/butik-sireh-pinang-baju-kurung-pahang-naura-green-3239677
Baju Kurung Pahang Raisa,Butik Sireh Pinang,Women > Clothing > Ethnic Wear,49.77,49.77,https://www.zalora.com.ph/p/butik-sireh-pinang-baju-kurung-pahang-raisa-brown-orange-3384585
Baju Melayu Tradisional,Gene Martino,Men > Modest Wear > Baju Melayus,31.0,31.0,https://www.zalora.com.ph/p/gene-martino-baju-melayu-tradisional-grey-1612523
Ballerina Black Block Heel,Dune London,Women > Shoes > Heels > Pumps,38.85,97.13,https://www.zalora.com.ph/p/dune-london-ballerina-black-block-heel-black-4240053
Ballet Flats,& Other Stories,Women > Shoes > Flats > Ballerinas,102.77,102.77,https://www.zalora.com.ph/p/other-stories-ballet-flats-black-4341360
Balloon Poplin Evening Dress Belt Detailed,Trendyol,Women > Clothing > Dresses > Mini Dresses,27.38,55.0,https://www.zalora.com.ph/p/trendyol-balloon-poplin-evening-dress-belt-detailed-pink-3055515
Balloon-Sleeve Mini Dress,& Other Stories,Women > Clothing > Dresses > Mini Dresses,81.54,81.54,https://www.zalora.com.ph/p/other-stories-balloon-sleeve-mini-dress-yellow-3356534
Balloon-sleeved dress,H&M,Women > Clothing > Dresses,27.59,37.38,https://www.zalora.com.ph/p/hm-balloon-sleeved-dress-red-3122900
Barba Loungewear Shorts,RAISING LITTLE,Women > Clothing > Lingerie & Loungewear > Loungewear,13.06,13.06,https://www.zalora.com.ph/p/raising-little-barba-loungewear-shorts-blue-1702203
Barbie Fitted Longline Tee,Cotton On,Women > Clothing > Tops > T-Shirts,23.65,23.65,https://www.zalora.com.ph/p/cotton-on-barbie-fitted-longline-tee-white-2928925
Barie Red Hammered Satin Top,GWD,Women > Clothing > Tops,55.06,55.06,https://www.zalora.com.ph/p/gwd-barie-red-hammered-satin-top-red-3565819
Barreda Decode Shoes,ADIDAS,Men > Sports > Footwear > Lifestyle,69.2,76.73,https://www.zalora.com.ph/p/adidas-barreda-decode-shoes-white-4181537
Barreda Decode Shoes,ADIDAS,Sports > Men's Sports > Footwear > Sneakers,70.2,70.2,https://www.zalora.com.ph/p/adidas-barreda-decode-shoes-white-3657596
Barreda Lo Shoes,ADIDAS,Sports > Men's Sports > Footwear > Sneakers,68.56,68.56,https://www.zalora.com.ph/p/adidas-barreda-lo-shoes-white-4139607
Barreda Lo Shoes,ADIDAS,Men > Shoes > Sneakers,57.14,57.14,https://www.zalora.com.ph/p/adidas-barreda-lo-shoes-white-4196695
Barreda Shoes,ADIDAS,Sports > Women's Sports > Footwear > Sneakers,57.14,57.14,https://www.zalora.com.ph/p/adidas-barreda-shoes-white-3657862
Barrel Jeans,Cotton On,Women > Clothing > Jeans,68.55,68.55,https://www.zalora.com.ph/p/cotton-on-barrel-jeans-blue-3712434
Barrett Flatform Slides,CLN,Women > Shoes > Sandals > Flat Sandals,13.04,13.04,https://www.zalora.com.ph/p/cln-barrett-flatform-slides-black-4126723
Basic - Sneakers Shoes for Men,Oxy Originals,Men > Shoes > Slip-Ons,38.98,64.97,https://www.zalora.com.ph/p/oxy-originals-basic-sneakers-shoes-for-men-beige-3498309
Basic - Sneakers Shoes for Men,Oxy Originals,Men > Shoes > Slip-Ons,64.97,64.97,https://www.zalora.com.ph/p/oxy-originals-basic-sneakers-shoes-for-men-brown-4299210
Basic Double Breasted Blazer,DeFacto,Women > Clothing > Blazers,56.62,100.87,https://www.zalora.com.ph/p/defacto-basic-double-breasted-blazer-grey-3734100
Basic Knitwear Sweater,Trendyol,Women > Clothing > Knitwear & Cardigans,17.22,30.18,https://www.zalora.com.ph/p/trendyol-basic-knitwear-sweater-purple-3056868
Basic Navy Straight Cut Pants,iROO,Women > Clothing > Pants & Leggings,85.92,85.92,https://www.zalora.com.ph/p/iroo-basic-navy-straight-cut-pants-blue-3365125
Basic Polo Shirt,Volkswagen,Men > Clothing > Polos,21.04,21.04,https://www.zalora.com.ph/p/volkswagen-basic-polo-shirt-black-3244340
Basic Polo Shirt,Trendyol,Men > Clothing > Polos,19.23,26.92,https://www.zalora.com.ph/p/trendyol-basic-polo-shirt-black-3038108
Basic Polo Shirt,Volkswagen,Men > Clothing > Polos,21.04,21.04,https://www.zalora.com.ph/p/volkswagen-basic-polo-shirt-navy-3244331
Basic Polo Shirt,Volkswagen,Men > Clothing > Polos,21.04,21.04,https://www.zalora.com.ph/p/volkswagen-basic-polo-shirt-red-3244339
Basic Regular-Fit Shirt,US POLO ASSN,Men > Clothing > Shirts > Long Sleeve,23.12,147.72,https://www.zalora.com.ph/p/us-polo-assn-basic-regular-fit-shirt-navy-3647862
Basic Shirt,Trendyol,Women > Clothing > Tops > Shirts,14.53,27.41,https://www.zalora.com.ph/p/trendyol-basic-shirt-blue-3237291
Basic Short Overalls,KOTON,Women > Clothing > Playsuits & Jumpsuits,44.06,44.06,https://www.zalora.com.ph/p/koton-basic-short-overalls-black-3408727
Basic Shorts With Trim Detail,iROO,Women > Clothing > Shorts,70.33,70.33,https://www.zalora.com.ph/p/iroo-basic-shorts-with-trim-detail-black-3555227
Basic Simple Cotton Linen Shirt WM02,Twenty Eight Shoes,Men > Clothing > Shirts,33.29,43.57,https://www.zalora.com.ph/p/twenty-eight-shoes-basic-simple-cotton-linen-shirt-wm02-beige-2807631
Basketball & Lifestyle Own the Game 3 Shoes Men Black IF4566,ADIDAS,Men > Sports > Footwear > Running Shoes,47.34,47.34,https://www.zalora.com.ph/p/adidas-basketball-lifestyle-own-the-game-3-shoes-men-black-if4566-black-3715417
Basketball HARDEN VOLUME 10 Shoes Unisex Silver KJ1454,ADIDAS,Men > Sports > Footwear > Team Sports,111.34,155.09,https://www.zalora.com.ph/p/adidas-basketball-harden-volume-10-shoes-unisex-silver-kj1454-silver-4219180
Bastian Hoodie,Hummel,Sports > Men's Sports > Clothing > Outerwear & Hoodies,75.08,75.08,https://www.zalora.com.ph/p/hummel-bastian-hoodie-multi-2706063
Baya Clog in Cobblestone,Crocs,Men > Shoes > Slip-Ons,57.06,57.06,https://www.zalora.com.ph/p/crocs-baya-clog-in-cobblestone-beige-4184463
Baya Clog in Navy,Crocs,Men > Shoes > Slip-Ons,57.06,57.06,https://www.zalora.com.ph/p/crocs-baya-clog-in-navy-blue-3817878
Beaded Puffy Mesh Maxi Skirt AF0968,Twenty Eight Shoes,Women > Clothing > Skirts > Maxi Skirts,32.0,35.91,https://www.zalora.com.ph/p/twenty-eight-shoes-beaded-puffy-mesh-maxi-skirt-af0968-grey-2590841
Beast Mode White Cotton Blend Short Sleeve Workout/Training Tee,QuirkyT,Sports > Men's Sports > Clothing > T-Shirts,29.43,65.4,https://www.zalora.com.ph/p/quirkyt-beast-mode-white-cotton-blend-short-sleeve-workout-training-tee-white-2915530
Beatrix Criss-Cross Neckline Knit Dress,FORCAST,Women > Clothing > Dresses > Work Dresses,38.28,76.56,https://www.zalora.com.ph/p/forcast-beatrix-criss-cross-neckline-knit-dress-black-2644269
Beautiful Escape Dress,Belle & Bloom,Women > Clothing > Dresses,142.81,142.81,https://www.zalora.com.ph/p/belle-bloom-beautiful-escape-dress-blue-3024318
Becoming Color Me Midi Linen Dress,F2 - Fashion and Freedom,Women > Clothing > Dresses > Summer Dresses,128.28,128.28,https://www.zalora.com.ph/p/f2-fashion-and-freedom-becoming-color-me-midi-linen-dress-pink-2484982
Becoming Discover Linen Short,F2 - Fashion and Freedom,Women > Clothing > Shorts > Casual Shorts,41.3,41.3,https://www.zalora.com.ph/p/f2-fashion-and-freedom-becoming-discover-linen-short-green-2484980
Becoming Unveil Linen Short,F2 - Fashion and Freedom,Women > Clothing > Shorts > Casual Shorts,41.3,41.3,https://www.zalora.com.ph/p/f2-fashion-and-freedom-becoming-unveil-linen-short-beige-2485037
Begoniaa Heels,ALDO,Women > Shoes > Heels > Open Toes,78.1,86.44,https://www.zalora.com.ph/p/aldo-begoniaa-heels-beige-4259651
Beige CR Harper Wedge Flats,Carlo Rino,Women > Shoes > Wedges > Wedge Sandals,47.87,68.39,https://www.zalora.com.ph/p/carlo-rino-beige-cr-harper-wedge-flats-beige-4354203
Beige Double Banded Buckle Detailed Thick Sole Women's Slippers Takss25Te00044,Trendyol,Women > Shoes > Sandals > Flat Sandals,22.59,38.84,https://www.zalora.com.ph/p/trendyol-beige-double-banded-buckle-detailed-thick-sole-women-s-slippers-takss25te00044-beige-3990156
Beige Gloss Accent Ballerinas,Carlo Rino,Women > Shoes > Flats > Ballerinas,47.87,68.39,https://www.zalora.com.ph/p/carlo-rino-beige-gloss-accent-ballerinas-beige-4318879
Beige Kaia Strapped Flats,Carlo Rino,Women > Shoes > Sandals > Flat Sandals,43.87,62.67,https://www.zalora.com.ph/p/carlo-rino-beige-kaia-strapped-flats-beige-4206946
Beige Long Regular Cardigan,Happiness Istanbul,Women > Clothing > Knitwear & Cardigans,36.39,36.39,https://www.zalora.com.ph/p/happiness-istanbul-beige-long-regular-cardigan-beige-3685868
Beige Patent Leather Women's Classic Heeled Shoes 20423,Soho,Women > Shoes > Heels,123.73,123.73,https://www.zalora.com.ph/p/soho-beige-patent-leather-women-s-classic-heeled-shoes-20423-beige-3991421
Beige Sloane Buckle Sandals,Carlo Rino,Women > Shoes > Wedges > Wedge Sandals,43.87,62.67,https://www.zalora.com.ph/p/carlo-rino-beige-sloane-buckle-sandals-beige-4177357
Beige Soft Touch Cropped Cardigan,JUST G,Women > Clothing > Knitwear & Cardigans,10.0,33.31,https://www.zalora.com.ph/p/just-g-beige-soft-touch-cropped-cardigan-beige-3191841
Beige Square Toe Vinyl Strappy Ankle Strap Women's Heeled Sandals - Takss25To00011,Trendyol,Women > Shoes > Heels,34.05,35.9,https://www.zalora.com.ph/p/trendyol-beige-square-toe-vinyl-strappy-ankle-strap-women-s-heeled-sandals-takss25to00011-beige-3990155
Beige Textured Slim Suit,SST&C,Men > Clothing > Blazers & Suits > Suit Jacket,214.53,214.53,https://www.zalora.com.ph/p/sst-c-beige-textured-slim-suit-beige-3722607
Beige Women's Sandals 20383,Soho,Women > Shoes > Sandals > Flat Sandals,54.67,54.67,https://www.zalora.com.ph/p/soho-beige-women-s-sandals-20383-beige-3991566
Beige Women's Sneaker 20628,Soho,Women > Shoes > Sneakers,38.61,55.98,https://www.zalora.com.ph/p/soho-beige-women-s-sneaker-20628-beige-3991814
Beige-Tan Women's Sneaker 20762,Soho,Women > Shoes > Sneakers,65.5,75.08,https://www.zalora.com.ph/p/soho-beige-tan-women-s-sneaker-20762-beige-3991153
Beige-Tan Women's Sneakers 18147,Soho,Women > Shoes > Sneakers,44.47,78.18,https://www.zalora.com.ph/p/soho-beige-tan-women-s-sneakers-18147-beige-3991598
Belini Beach Sandals,Call It Spring,Men > Shoes > Sandals & Flip Flops > Sandals,16.32,30.94,https://www.zalora.com.ph/p/call-it-spring-belini-beach-sandals-green-3956675
Bella 7 Workout Shoes,Nike,Sports > Women's Sports > Footwear > Sneakers,84.81,84.81,https://www.zalora.com.ph/p/nike-bella-7-workout-shoes-pink-4227726
Bellenor Sandals,ALDO,Women > Shoes > Sandals > Flat Sandals,59.7,81.54,https://www.zalora.com.ph/p/aldo-bellenor-sandals-multi-4189612
Bellis Shoes,Call It Spring,Men > Shoes > Sneakers,68.48,68.48,https://www.zalora.com.ph/p/call-it-spring-bellis-shoes-brown-4201673
Belmont Venetian OT Men's Casual Shoes,Sebago,Men > Shoes > Slip-Ons,117.54,117.54,https://www.zalora.com.ph/p/sebago-belmont-venetian-ot-men-s-casual-shoes-brown-4345768
Belmonte Monk Shoes,Call It Spring,Men > Shoes > Formal,44.08,70.12,https://www.zalora.com.ph/p/call-it-spring-belmonte-monk-shoes-black-4179653
Belt Detailed Knit Dress,Trendyol,Women > Clothing > Dresses > Summer Dresses,18.87,38.67,https://www.zalora.com.ph/p/trendyol-belt-detailed-knit-dress-blue-3061586
Belted Black-Wash Denim Jumpsuit,& Other Stories,Women > Clothing > Playsuits & Jumpsuits,151.74,151.74,https://www.zalora.com.ph/p/other-stories-belted-black-wash-denim-jumpsuit-black-2779947
Belted High Waist Shorts,Hopeshow,Women > Clothing > Shorts,40.84,40.84,https://www.zalora.com.ph/p/hopeshow-belted-high-waist-shorts-brown-2984022
Belted Maxi Dress,Trendyol,Women > Clothing > Dresses > Maxi Dresses,31.18,48.14,https://www.zalora.com.ph/p/trendyol-belted-maxi-dress-black-3247011
Benito Brown Derby Shoes,Bristol Shoes,Men > Shoes > Oxfords,56.62,94.36,https://www.zalora.com.ph/p/bristol-shoes-benito-brown-derby-shoes-brown-3199102
Berenice Comfy Sandals,My Ballerine,Women > Shoes > Heels > Low Heels,52.88,71.98,https://www.zalora.com.ph/p/my-ballerine-berenice-comfy-sandals-brown-2930060
Bermuda Regular Denim shorts,H&M,Women > Clothing > Shorts,24.32,24.32,https://www.zalora.com.ph/p/hm-bermuda-regular-denim-shorts-black-3690903
Bernez Flutter Sleeves Top,BADOMODA,Women > Clothing > Tops > Blouses,10.0,22.35,https://www.zalora.com.ph/p/badomoda-bernez-flutter-sleeves-top-multi-2093279
Berzato Sleeveless Vest,RAF,Women > Clothing > Tops > Sleeveless,52.21,52.21,https://www.zalora.com.ph/p/raf-berzato-sleeveless-vest-brown-3729443
Better Sportswear Tee,PUMA,Sports > Men's Sports > Footwear,29.38,29.38,https://www.zalora.com.ph/p/puma-better-sportswear-tee-beige-2900194
Bevan Top,Cole Vintage,Women > Clothing > Tops > Sleeveless,10.0,33.35,https://www.zalora.com.ph/p/cole-vintage-bevan-top-black-2393821
Bevin Slides,CLN,Women > Shoes > Sandals > Flat Sandals,13.04,13.04,https://www.zalora.com.ph/p/cln-bevin-slides-black-4087083
Bhavini Off-shoulder Embro Dress,BADOMODA,Women > Clothing > Dresses > Mini Dresses,12.9,27.67,https://www.zalora.com.ph/p/badomoda-bhavini-off-shoulder-embro-dress-blue-2644192
Bibi Square Pump Heels,Happy2U,Women > Shoes > Heels > Mid Heels,37.53,53.69,https://www.zalora.com.ph/p/happy2u-bibi-square-pump-heels-black-3633422
Biddy Dress,THE LOUNGE EDIT,Women > Clothing > Dresses > Maxi Dresses,39.67,39.67,https://www.zalora.com.ph/p/the-lounge-edit-biddy-dress-multi-3099284
Billie Suiting Pants,Cotton On,Women > Clothing > Pants & Leggings > Wide-legged Pants,48.96,48.96,https://www.zalora.com.ph/p/cotton-on-billie-suiting-pants-grey-3141986
Billion 2,Skechers,Sports > Women's Sports > Footwear > Sneakers,71.75,71.75,https://www.zalora.com.ph/p/skechers-billion-2-multi-4041883
Biofresh Men's Antimicrobial Cotton Premium Slim Fit Roundneck Shirt 1 piece UMSPR1,Biofresh,Men > Clothing > T-Shirts > Short Sleeves,10.0,10.0,https://www.zalora.com.ph/p/biofresh-biofresh-men-s-antimicrobial-cotton-premium-slim-fit-roundneck-shirt-1-piece-umspr1-white-2788356
Biofresh Men's Antimicrobial Sweat Absorbent Lite Thin Casual Foot Cover 3 pairs in a pack RMFCG2,Biofresh,Men > Clothing > Socks > Invisible socks,10.0,10.0,https://www.zalora.com.ph/p/biofresh-biofresh-men-s-antimicrobial-sweat-absorbent-lite-thin-casual-foot-cover-3-pairs-in-a-pack-rmfcg2-grey-1751942
Biofresh Ultrafoam Foam Memolite Insoles 1 Pair Fmufmemo/Flufmemo,Biofresh,Men > Shoes > Shoes Accessories,10.0,10.0,https://www.zalora.com.ph/p/biofresh-biofresh-ultrafoam-foam-memolite-insoles-1-pair-fmufmemo-flufmemo-navy-3130924
Birdie Seamless Shorts,Lotus Activewear,Sports > Women's Sports > Women's Sports,13.79,13.79,https://www.zalora.com.ph/p/lotus-activewear-birdie-seamless-shorts-yellow-2756500
Biscoff Short Sleeve Top,RAF,Women > Clothing > Tops > Blouses,37.51,37.51,https://www.zalora.com.ph/p/raf-biscoff-short-sleeve-top-beige-3729446
Bissom Loafers,ALDO,Women > Shoes > Flats > Loafers & Boat Shoes,83.98,94.6,https://www.zalora.com.ph/p/aldo-bissom-loafers-black-3489486
Bitter Coffee Ankle Strap Flip Flops Women Sandals Takss25Sd00021,Trendyol,Women > Shoes > Sandals > Flat Sandals,26.45,36.23,https://www.zalora.com.ph/p/trendyol-bitter-coffee-ankle-strap-flip-flops-women-sandals-takss25sd00021-brown-3990722
Black Ankle Strap Thin Heeled Square Toe Women's Heeled Sandals Takss25To00003,Trendyol,Women > Shoes > Heels > Open Toes,28.88,43.9,https://www.zalora.com.ph/p/trendyol-black-ankle-strap-thin-heeled-square-toe-women-s-heeled-sandals-takss25to00003-black-3990247
Black Aria Bow Pumps,Carlo Rino,Women > Shoes > Heels > Pumps,47.87,68.39,https://www.zalora.com.ph/p/carlo-rino-black-aria-bow-pumps-black-4179807
Black CR Charm Platform Sandals,Carlo Rino,Women > Shoes > Heels > Open Toes,31.34,62.67,https://www.zalora.com.ph/p/carlo-rino-black-cr-charm-platform-sandals-black-4231750
Black CR Pleated Pumps,Carlo Rino,Women > Shoes > Heels > Pumps,34.19,68.39,https://www.zalora.com.ph/p/carlo-rino-black-cr-pleated-pumps-black-3754009
Black Carlo GEO Loafers,Carlo Rino,Women > Shoes > Flats > Loafers & Boat Shoes,43.87,62.67,https://www.zalora.com.ph/p/carlo-rino-black-carlo-geo-loafers-black-3576902
Black Cropped Denim Jacket,London Rag,Women > Clothing > Jackets & Coats > Denim Jackets,39.82,99.4,https://www.zalora.com.ph/p/london-rag-black-cropped-denim-jacket-black-2760795
Black Elasticated Waist Wide Legged Trousers,FabAlley,Women > Clothing > Pants & Leggings,45.71,45.71,https://www.zalora.com.ph/p/faballey-black-elasticated-waist-wide-legged-trousers-black-3296305
Black Flared Block Heel Velvet Boots,London Rag,Women > Shoes > Boots > Heeled Boots,70.67,113.93,https://www.zalora.com.ph/p/london-rag-black-flared-block-heel-velvet-boots-black-3543104
Black Kaia Strapped Flats,Carlo Rino,Women > Shoes > Sandals > Flat Sandals,43.87,62.67,https://www.zalora.com.ph/p/carlo-rino-black-kaia-strapped-flats-black-4206929
Black Mesh Detailed Women'S Mary Janes Ballet Flats Takss26Be00024,Trendyol,Women > Shoes > Flats > Ballerinas,32.94,41.29,https://www.zalora.com.ph/p/trendyol-black-mesh-detailed-women-s-mary-janes-ballet-flats-takss26be00024-black-4292298
Black Patent Leather Women's Classic Heeled Shoes 17844,Soho,Women > Shoes > Heels > Pumps,51.78,63.98,https://www.zalora.com.ph/p/soho-black-patent-leather-women-s-classic-heeled-shoes-17844-black-3991541
Black Patent Leather Women's Classic Heeled Shoes 20324,Soho,Women > Shoes > Heels > Open Toes,130.42,130.42,https://www.zalora.com.ph/p/soho-black-patent-leather-women-s-classic-heeled-shoes-20324-black-3991219
Black Reina Slingback Heeled Pumps,Carlo Rino,Women > Shoes > Heels > Pumps,47.87,68.39,https://www.zalora.com.ph/p/carlo-rino-black-reina-slingback-heeled-pumps-black-4231762
Black Soft Step Ballerinas,Carlo Rino,Women > Shoes > Flats > Ballerinas,47.87,68.39,https://www.zalora.com.ph/p/carlo-rino-black-soft-step-ballerinas-black-4308597
Black Square Toe Women'S 6.5 Cm Block Heel Boots Takaw26Bo00069,Trendyol,Women > Shoes > Boots > Heeled Boots,63.57,66.92,https://www.zalora.com.ph/p/trendyol-black-square-toe-women-s-6-5-cm-block-heel-boots-takaw26bo00069-black-4292272
Black Suede Women's Classic Heeled Shoes 20349,Soho,Women > Shoes > Heels > Open Toes,69.36,69.36,https://www.zalora.com.ph/p/soho-black-suede-women-s-classic-heeled-shoes-20349-black-3991408
Black Suede Women's Classic Heeled Shoes 20371,Soho,Women > Shoes > Heels,51.08,51.08,https://www.zalora.com.ph/p/soho-black-suede-women-s-classic-heeled-shoes-20371-black-3991280
Black Suede Women's Slippers 20700,Soho,Women > Shoes > Sandals,42.97,51.08,https://www.zalora.com.ph/p/soho-black-suede-women-s-slippers-20700-black-3991756
Black Tweed Square Toe Mary Jane Women Block Heels Shoes Takss25To00023,Trendyol,Women > Shoes > Heels > Pumps,92.19,102.83,https://www.zalora.com.ph/p/trendyol-black-tweed-square-toe-mary-jane-women-block-heels-shoes-takss25to00023-black-3990493
Black V-neck Style Blouse,SST&C,Women > Clothing > Tops > Blouses,65.94,65.94,https://www.zalora.com.ph/p/sst-c-black-v-neck-style-blouse-black-3577380
Black Women's Sandals 20383,Soho,Women > Shoes > Wedges > Open Toes Wedges,111.66,153.44,https://www.zalora.com.ph/p/soho-black-women-s-sandals-20383-black-3991189
Black Women's Slippers 20305,Soho,Women > Shoes > Sandals,12.18,21.7,https://www.zalora.com.ph/p/soho-black-women-s-slippers-20305-black-3991346
Black-Black Women's Sneaker 20574,Soho,Women > Shoes > Sneakers,50.79,69.04,https://www.zalora.com.ph/p/soho-black-black-women-s-sneaker-20574-black-3991441
Black-Multi Women's Slippers 20659,Soho,Women > Shoes > Sandals > Flat Sandals,32.36,46.02,https://www.zalora.com.ph/p/soho-black-multi-women-s-slippers-20659-black-3991187
Black-White Women's Sneaker 14395,Soho,Women > Shoes > Sneakers,28.06,41.29,https://www.zalora.com.ph/p/soho-black-white-women-s-sneaker-14395-black-white-3991590
Blacktop Lifestyle Shoes,Nike,Sports > Men's Sports > Footwear > Sneakers,70.12,70.12,https://www.zalora.com.ph/p/nike-blacktop-lifestyle-shoes-white-4254408
Blair Collection: Premium Non-Padded Long Sleeves,Lotus Activewear,Sports > Women's Sports > Women's Sports,19.51,19.51,https://www.zalora.com.ph/p/lotus-activewear-blair-collection-premium-non-padded-long-sleeves-red-3302628
Blaze Wedge Slides,CLN,Women > Shoes > Wedges > Wedge Sandals,19.08,21.21,https://www.zalora.com.ph/p/cln-blaze-wedge-slides-black-3874804
Blazer with contrast stitching,Desigual,Men > Clothing > Jackets & Coats,212.06,212.06,https://www.zalora.com.ph/p/desigual-blazer-with-contrast-stitching-black-3648915
Bligh Shirt Dress,St MRLO,Women > Clothing > Dresses > Mini Dresses,82.42,82.42,https://www.zalora.com.ph/p/st-mrlo-bligh-shirt-dress-black-2392663
Block Heeled Boots,Soho,Women > Shoes > Boots > Heeled Boots,56.66,102.83,https://www.zalora.com.ph/p/soho-block-heeled-boots-black-4277181
Block Heels Ankle Strap Sandals,CARMELLETES,Women > Shoes > Heels > Open Toes,31.01,31.01,https://www.zalora.com.ph/p/carmelletes-block-heels-ankle-strap-sandals-beige-3638142
Block Print Tiered Skirt,JUST G,Women > Clothing > Skirts > Mini Skirts,16.98,21.21,https://www.zalora.com.ph/p/just-g-block-print-tiered-skirt-orange-3261142
Blue Floral Print Slim Fit Shirt,SST&C,Men > Clothing > Shirts > Long Sleeve,68.81,68.81,https://www.zalora.com.ph/p/sst-c-blue-floral-print-slim-fit-shirt-blue-3575669
Blue Strapless Back Zipper Denim Jumpsuit,London Rag,Women > Clothing > Playsuits & Jumpsuits,48.31,192.78,https://www.zalora.com.ph/p/london-rag-blue-strapless-back-zipper-denim-jumpsuit-blue-3167629
Blush Perforated Leather Ballerinas,London Rag,Women > Shoes > Flats > Ballerinas,22.35,40.47,https://www.zalora.com.ph/p/london-rag-blush-perforated-leather-ballerinas-pink-3275090
Boat Neck Crop Sweatshirt,Alacati,Women > Clothing > Hoodies & Sweatshirts,12.06,22.19,https://www.zalora.com.ph/p/alacati-boat-neck-crop-sweatshirt-black-3217181
Boat Neck Long Dress In Green,London Rag,Women > Clothing > Dresses > Maxi Dresses,26.43,87.98,https://www.zalora.com.ph/p/london-rag-boat-neck-long-dress-in-green-green-3255987
Bobby Mini Dress,Cotton On,Women > Clothing > Dresses > Mini Dresses,19.39,46.51,https://www.zalora.com.ph/p/cotton-on-bobby-mini-dress-black-3765559
Bobs B-Lite,Skechers,Sports > Women's Sports > Footwear > Sneakers,54.12,54.12,https://www.zalora.com.ph/p/skechers-bobs-b-lite-white-4217081
Bobs Moda Flex,Skechers,Sports > Men's Sports > Footwear > Sneakers,54.61,54.61,https://www.zalora.com.ph/p/skechers-bobs-moda-flex-black-4281631
Bobs Vision Air,Skechers,Sports > Women's Sports > Footwear > Sneakers,60.73,60.73,https://www.zalora.com.ph/p/skechers-bobs-vision-air-white-4281640
Bold Tam,Zaxy,Women > Shoes > Flip-Flops,30.94,30.94,https://www.zalora.com.ph/p/zaxy-bold-tam-orange-3311849
Bondi 9 Men's Running - Galaxy / Carbon Black,HOKA,Men > Sports > Footwear > Running Shoes,143.59,179.49,https://www.zalora.com.ph/p/hoka-bondi-9-men-s-running-galaxy-carbon-black-grey-4128211
Bondi 9 Men's Running Shoes in Black 1162013,HOKA,Men > Shoes > Sneakers,228.44,376.75,https://www.zalora.com.ph/p/hoka-bondi-9-men-s-running-shoes-in-black-1162013-black-4281794
Bondi 9 Running Shoes Mens - Beige,HOKA,Men > Sports > Footwear > Running Shoes,179.49,179.49,https://www.zalora.com.ph/p/hoka-bondi-9-running-shoes-mens-beige-beige-4144144
Bondi 9 Women's Running - Vanilla / Birch,HOKA,Women > Sports > Footwear > Running Shoes,179.49,179.49,https://www.zalora.com.ph/p/hoka-bondi-9-women-s-running-vanilla-birch-beige-4128240
Bondi Everyday Mid Length Bike Shorts,Cotton On Body,,10.0,31.02,https://www.zalora.com.ph/p/cotton-on-body-bondi-everyday-mid-length-bike-shorts-black-3712368
Bonnie Gathered Peplum Top,FORCAST,Women > Clothing > Tops > Blouses,24.41,48.81,https://www.zalora.com.ph/p/forcast-bonnie-gathered-peplum-top-white-3083645
Bootcut linen-blend trousers,H&M,Women > Clothing > Pants & Leggings,29.22,29.22,https://www.zalora.com.ph/p/hm-bootcut-linen-blend-trousers-white-3744456
Bootcut trousers,H&M,Women > Clothing > Pants & Leggings,22.69,29.22,https://www.zalora.com.ph/p/hm-bootcut-trousers-black-3762644
Boston EVA,Birkenstock,Men > Shoes > Sandals & Flip Flops > Sandals,81.46,81.46,https://www.zalora.com.ph/p/birkenstock-boston-eva-green-3471275
Boula Heeled Sandals,ALDO,Women > Shoes > Heels > Open Toes,101.13,101.13,https://www.zalora.com.ph/p/aldo-boula-heeled-sandals-beige-4314985
Bow Detail Denim Ankle Boots in Denim,Rag & CO.,Women > Shoes > Boots > Heeled Boots,63.81,85.04,https://www.zalora.com.ph/p/rag-co-bow-detail-denim-ankle-boots-in-denim-blue-3573063
Bow Round toe Strap Flat Shoes WW222-6,Twenty Eight Shoes,Women > Shoes > Flats,58.75,74.1,https://www.zalora.com.ph/p/twenty-eight-shoes-bow-round-toe-strap-flat-shoes-ww222-6-grey-3422934
Bow Ruched Studded Round Toe Mary Jane Shoes WW529-1,Twenty Eight Shoes,Women > Shoes > Heels > Low Heels,67.7,85.62,https://www.zalora.com.ph/p/twenty-eight-shoes-bow-ruched-studded-round-toe-mary-jane-shoes-ww529-1-pink-4354112
Bow Suspender Print A-Line One-Piece Dress A22050711,Sunnydaysweety,Women > Clothing > Dresses > Summer Dresses,60.83,60.83,https://www.zalora.com.ph/p/sunnydaysweety-bow-suspender-print-a-line-one-piece-dress-a22050711-multi-2531253
Bowen Slip On Sandals,Happy2U,Women > Shoes > Heels > Mid Heels,37.53,53.69,https://www.zalora.com.ph/p/happy2u-bowen-slip-on-sandals-black-4139679
Bowetta Ballerina & Flats,ALDO,Women > Shoes > Sandals > Flat Sandals,37.68,75.01,https://www.zalora.com.ph/p/aldo-bowetta-ballerina-flats-red-4185258
Bowknot Elevated Heel Mary Jane Shoes WW619-2,Twenty Eight Shoes,Women > Shoes > Heels > Mid Heels,74.72,94.59,https://www.zalora.com.ph/p/twenty-eight-shoes-bowknot-elevated-heel-mary-jane-shoes-ww619-2-silver-4293385
Bowknot Patent Leather Slingback Mid Heel XJ333-9,Twenty Eight Shoes,Women > Shoes > Heels > Mid Heels,52.57,75.09,https://www.zalora.com.ph/p/twenty-eight-shoes-bowknot-patent-leather-slingback-mid-heel-xj333-9-black-2604547
Boyfriend Jeans,Desigual,Women > Clothing > Jeans,176.96,176.96,https://www.zalora.com.ph/p/desigual-boyfriend-jeans-blue-3649094
Boyfriend T-Shirt,Trendyol,Women > Clothing > Tops > T-Shirts,17.71,22.35,https://www.zalora.com.ph/p/trendyol-boyfriend-t-shirt-white-2994525
Boyfriend jeans,Desigual,Women > Clothing > Jeans,190.84,190.84,https://www.zalora.com.ph/p/desigual-boyfriend-jeans-blue-3649089
Bradley Step Slip On Shoes Black,Clarks,Men > Shoes > Loafers & Boat Shoes,79.42,113.46,https://www.zalora.com.ph/p/clarks-bradley-step-slip-on-shoes-black-black-3659979
Bradley Vibe Lace Up Tan,Clarks,Men > Shoes > Loafers & Boat Shoes,121.62,121.62,https://www.zalora.com.ph/p/clarks-bradley-vibe-lace-up-tan-brown-3659980
Braid Knitted Jumper,Happiness Istanbul,Women > Clothing > Knitwear & Cardigans,35.74,35.74,https://www.zalora.com.ph/p/happiness-istanbul-braid-knitted-jumper-red-3685505
Braided ballet flats,H&M,Women > Shoes > Flats,29.22,29.22,https://www.zalora.com.ph/p/hm-braided-ballet-flats-pink-4098386
Braided ballet flats,H&M,Women > Shoes > Flats,24.32,24.32,https://www.zalora.com.ph/p/hm-braided-ballet-flats-black-4209374
Braided straw sandals,H&M,Women > Shoes > Sandals,29.22,29.22,https://www.zalora.com.ph/p/hm-braided-straw-sandals-beige-4208940
Branded Pullover Hoodie for Men Core Collection,NBA,Sports > Men's Sports > Clothing > Outerwear & Hoodies,40.73,40.73,https://www.zalora.com.ph/p/nba-branded-pullover-hoodie-for-men-core-collection-blue-3766644
Breaknet 3.0 Shoes,ADIDAS,Sports > Men's Sports > Footwear > Sneakers,44.99,48.97,https://www.zalora.com.ph/p/adidas-breaknet-3-0-shoes-white-4273145
Bree Knit Top,St MRLO,Women > Clothing > Tops > Blouses,42.43,42.43,https://www.zalora.com.ph/p/st-mrlo-bree-knit-top-white-2035868
Brejos Wedge Sneakers,ALDO,Women > Shoes > Sneakers,122.36,122.36,https://www.zalora.com.ph/p/aldo-brejos-wedge-sneakers-multi-3847949
Briar Dress,Cole Vintage,Women > Clothing > Dresses > Bodycon Dresses,10.0,33.34,https://www.zalora.com.ph/p/cole-vintage-briar-dress-navy-1928720
Brighter Day Midi Silk Dress,F2 - Fashion and Freedom,Women > Clothing > Dresses,95.66,95.66,https://www.zalora.com.ph/p/f2-fashion-and-freedom-brighter-day-midi-silk-dress-multi-2485018
Broderie anglaise dress,H&M,Women > Clothing > Dresses,13.86,32.49,https://www.zalora.com.ph/p/hm-broderie-anglaise-dress-black-3755806
Brogue Leather Cap Toe Business Shoes MK5011-4,Twenty Eight Shoes,Men > Shoes > Formal,75.09,97.3,https://www.zalora.com.ph/p/twenty-eight-shoes-brogue-leather-cap-toe-business-shoes-mk5011-4-black-2593303
Brooklyn Baby Tube PU Mini Dress,Peppermayo,Women > Clothing > Dresses,56.99,56.99,https://www.zalora.com.ph/p/peppermayo-brooklyn-baby-tube-pu-mini-dress-beige-2490256
Brown Front Wrap Short Sleeve Top,iROO,Women > Clothing > Tops,70.33,70.33,https://www.zalora.com.ph/p/iroo-brown-front-wrap-short-sleeve-top-brown-3350684
Brown Gold Buckle Block Heel Women's Heeled Slippers Takss25To00036,Trendyol,Women > Shoes > Heels > Open Toes,32.09,42.76,https://www.zalora.com.ph/p/trendyol-brown-gold-buckle-block-heel-women-s-heeled-slippers-takss25to00036-brown-3990778
Brown Linen Midi Dress,F2 - Fashion and Freedom,Women > Clothing > Dresses,108.72,108.72,https://www.zalora.com.ph/p/f2-fashion-and-freedom-brown-linen-midi-dress-brown-3109171
Brown Mary Jane Ballet Flats,Trendyol,Women > Shoes > Flats > Ballerinas,41.14,48.14,https://www.zalora.com.ph/p/trendyol-brown-mary-jane-ballet-flats-brown-4292330
Brown Rubber Detailed Women'S 6.5 Cm Block Heeled Boots Takaw26Bo00089,Trendyol,Women > Shoes > Boots > Heeled Boots,72.63,72.63,https://www.zalora.com.ph/p/trendyol-brown-rubber-detailed-women-s-6-5-cm-block-heeled-boots-takaw26bo00089-brown-4292308
Brynlee Sneakers,ALDO,Women > Shoes > Sneakers,87.63,97.44,https://www.zalora.com.ph/p/aldo-brynlee-sneakers-black-4009036
Brynlee Sneakers,ALDO,Women > Shoes > Sneakers,79.0,92.22,https://www.zalora.com.ph/p/aldo-brynlee-sneakers-white-4008914
Buckle Detail Knit Blouse,Happiness Istanbul,Women > Clothing > Tops > Blouses,10.58,55.49,https://www.zalora.com.ph/p/happiness-istanbul-buckle-detail-knit-blouse-black-3764341
Buckle Detailed Loafers,Trendyol,Women > Shoes > Flats > Loafers & Boat Shoes,26.84,35.25,https://www.zalora.com.ph/p/trendyol-buckle-detailed-loafers-red-4293517
Buckle Knee-High Rider Boots,Soho,Women > Shoes > Boots > Long Boots,35.36,71.65,https://www.zalora.com.ph/p/soho-buckle-knee-high-rider-boots-black-3581440
Buckle Sandals,Trendyol,Women > Shoes > Sandals,34.28,57.94,https://www.zalora.com.ph/p/trendyol-buckle-sandals-green-4293859
Buckle Strap Platform Classic Slip-On in Tan,London Rag,Women > Shoes > Flats,29.53,53.69,https://www.zalora.com.ph/p/london-rag-buckle-strap-platform-classic-slip-on-in-tan-brown-3507303
Buckle-detail top,H&M,Women > Clothing > Tops,10.0,10.0,https://www.zalora.com.ph/p/hm-buckle-detail-top-black-3118465
Budoc T-Shirt,Hummel,Sports > Men's Sports > Clothing > T-Shirts,13.04,13.04,https://www.zalora.com.ph/p/hummel-budoc-t-shirt-blue-2787136
Burberry Reversible Check Cotton Harrington Jacket in Duck Egg Blue,Burberry,Luxury > Men's Luxury > Clothing > Outerwear,1441.19,2034.34,https://www.zalora.com.ph/p/burberry-burberry-reversible-check-cotton-harrington-jacket-in-duck-egg-blue-blue-2901490
Burlington Men's Cotton Thick Sports Ankle Socks 3 pairs in a pack BMSKG8,Burlington,Men > Clothing > Socks > Ankle socks,10.0,10.0,https://www.zalora.com.ph/p/burlington-burlington-men-s-cotton-thick-sports-ankle-socks-3-pairs-in-a-pack-bmskg8-black-3714291
Burlington Men's Lite Thick Sports Half Terry Low Cut Socks 3 pairs in a pack BML-219,Burlington,Men > Clothing > Socks > Ankle socks,10.0,10.0,https://www.zalora.com.ph/p/burlington-burlington-men-s-lite-thick-sports-half-terry-low-cut-socks-3-pairs-in-a-pack-bml-219-white-1712110
Business Leather Monk Strap Shoes MK5009-3,Twenty Eight Shoes,Men > Shoes > Formal,87.98,109.36,https://www.zalora.com.ph/p/twenty-eight-shoes-business-leather-monk-strap-shoes-mk5009-3-black-2597260
Business Pleated Long Sleeve Shirt AX-SH2026,Twenty Eight Shoes,Men > Clothing > Shirts > Long Sleeve,47.23,56.19,https://www.zalora.com.ph/p/twenty-eight-shoes-business-pleated-long-sleeve-shirt-ax-sh2026-white-3723892
Business Polo Shirts AX-PL105,Twenty Eight Shoes,Men > Clothing > Polos,35.57,44.47,https://www.zalora.com.ph/p/twenty-eight-shoes-business-polo-shirts-ax-pl105-blue-2708404
Buttercup Drawstring Hoodie,FabAlley,Women > Clothing > Hoodies & Sweatshirts,54.43,54.43,https://www.zalora.com.ph/p/faballey-buttercup-drawstring-hoodie-yellow-2915143
Butterfly Knot Collar Chiffon Blouse,Hopeshow,Women > Clothing > Tops > Blouses,43.08,43.08,https://www.zalora.com.ph/p/hopeshow-butterfly-knot-collar-chiffon-blouse-beige-2377903
Butterfly-sleeved dress,H&M,Women > Clothing > Dresses,32.49,40.65,https://www.zalora.com.ph/p/hm-butterfly-sleeved-dress-red-3762501
Button Closure Cachet Overcoat,Trendyol,Women > Clothing > Jackets & Coats > Coats,39.39,70.18,https://www.zalora.com.ph/p/trendyol-button-closure-cachet-overcoat-white-3636401
Button Closure Denim Skirt,Trendyol,Women > Clothing > Skirts > Midi Skirts,18.5,46.51,https://www.zalora.com.ph/p/trendyol-button-closure-denim-skirt-white-2997014
Button Down Flare One Piece Dress K20050401RD,Sunnydaysweety,Women > Clothing > Dresses > Work Dresses,55.99,55.99,https://www.zalora.com.ph/p/sunnydaysweety-button-down-flare-one-piece-dress-k20050401rd-red-1906229
Button-front dress,H&M,Women > Clothing > Dresses,32.49,40.65,https://www.zalora.com.ph/p/hm-button-front-dress-black-3755920
Buttoned Jacket,KOTON,Women > Clothing > Jackets & Coats,52.06,52.06,https://www.zalora.com.ph/p/koton-buttoned-jacket-beige-3409928
Buttoned Pocket Denim Skirt,Olalook,Women > Clothing > Skirts > Mini Skirts,19.83,43.08,https://www.zalora.com.ph/p/olalook-buttoned-pocket-denim-skirt-blue-3540209
By My Side Thong,Billabong,Women > Shoes > Flip-Flops,10.92,17.79,https://www.zalora.com.ph/p/billabong-by-my-side-thong-black-4090908
C1 Men Olive Race Vest,Wattsup,Men > Sports > Clothing > Tops,49.95,49.95,https://www.zalora.com.ph/p/wattsup-c1-men-olive-race-vest-green-3392447
C2 Men Denim Race Vest,Wattsup,Men > Sports > Clothing > Tops,49.95,49.95,https://www.zalora.com.ph/p/wattsup-c2-men-denim-race-vest-blue-3392448
CHECKED KNITTED SOCK BOOTS,COS,Women > Shoes > Flats,220.39,220.39,https://www.zalora.com.ph/p/cos-checked-knitted-sock-boots-brown-4184681
CHUNKY HEEL PENNY LOAFERS,Nose,Women > Shoes > Heels > Pumps,55.49,76.71,https://www.zalora.com.ph/p/nose-chunky-heel-penny-loafers-black-4183635
CHUNKY PLATFORM MARY JANES,Nose,Women > Shoes > Flats > Loafers & Boat Shoes,45.69,48.96,https://www.zalora.com.ph/p/nose-chunky-platform-mary-janes-black-4101387
CLASSIC LEATHER LOAFERS,COS,Women > Shoes > Flats,106.11,106.11,https://www.zalora.com.ph/p/cos-classic-leather-loafers-black-4101962
CLEAN CUT REGULAR T-SHIRT,COS,Women > Clothing > Tops > T-Shirts,38.36,38.36,https://www.zalora.com.ph/p/cos-clean-cut-regular-t-shirt-white-3719721
CLOUDFOAM CUSHIONED SQUARE TOE STRAPPY FLAT SLIDES,Nose,Women > Shoes > Sandals > Flat Sandals,39.16,43.24,https://www.zalora.com.ph/p/nose-cloudfoam-cushioned-square-toe-strappy-flat-slides-brown-4101468
COOLMAX® Fitted T-shirt,H&M,Women > Clothing > Tops > T-Shirts,10.0,10.0,https://www.zalora.com.ph/p/hm-coolmax-fitted-t-shirt-black-3690050
COOLMAX® Integral-bra strappy top,H&M,Women > Clothing > Blazers,13.04,13.04,https://www.zalora.com.ph/p/hm-coolmax-integral-bra-strappy-top-white-3690049
COOLMAX® Integral-bra strappy top,H&M,Women > Clothing > Blazers,13.04,13.04,https://www.zalora.com.ph/p/hm-coolmax-integral-bra-strappy-top-black-3690040
CREWSTEP Sliders Men's Slides,ONE UP,Men > Shoes > Sandals & Flip Flops > Sandals,10.0,13.16,https://www.zalora.com.ph/p/one-up-crewstep-sliders-men-s-slides-beige-4329218
CROPPED ELASTICATED RELAXED-FIT WIDE-LEG TROUSERS,COS,Men > Clothing > Pants,90.6,90.6,https://www.zalora.com.ph/p/cos-cropped-elasticated-relaxed-fit-wide-leg-trousers-black-3715642
CZY SL M LVR II,Melissa,Women > Shoes > Sandals > Flat Sandals,53.06,53.06,https://www.zalora.com.ph/p/melissa-czy-sl-m-lvr-ii-brown-4130284
Cabbi Sleeveless Dress,RAF,Women > Clothing > Dresses > Mini Dresses,52.21,52.21,https://www.zalora.com.ph/p/raf-cabbi-sleeveless-dress-black-3767906
Cable Knit Sweater Vest,URBAN REVIVO,Women > Clothing > Knitwear & Cardigans,37.38,37.38,https://www.zalora.com.ph/p/urban-revivo-cable-knit-sweater-vest-grey-2488667
Calm Elevation Slide Sandals,Nike,Sports > Women's Sports > Footwear > Sandals & Flip Flops,51.1,53.79,https://www.zalora.com.ph/p/nike-calm-elevation-slide-sandals-white-4269002
Calm Elevation Slide Sandals,Nike,Sports > Women's Sports > Footwear > Sandals & Flip Flops,53.79,53.79,https://www.zalora.com.ph/p/nike-calm-elevation-slide-sandals-multi-4264160
Calma Sandals,Call It Spring,Women > Shoes > Sandals > Flat Sandals,57.06,57.06,https://www.zalora.com.ph/p/call-it-spring-calma-sandals-black-4201633
Camellia Floral Mary Jane Shoes WW277-5,Twenty Eight Shoes,Women > Shoes > Heels > Mid Heels,60.03,80.5,https://www.zalora.com.ph/p/twenty-eight-shoes-camellia-floral-mary-jane-shoes-ww277-5-beige-4269405
Camellia Quilted Mary Jane Shoes WW350-2,Twenty Eight Shoes,Women > Shoes > Heels > Mid Heels,65.43,81.79,https://www.zalora.com.ph/p/twenty-eight-shoes-camellia-quilted-mary-jane-shoes-ww350-2-beige-4221774
Cameo Slides,CLN,Women > Shoes > Sandals > Flat Sandals,13.04,13.04,https://www.zalora.com.ph/p/cln-cameo-slides-brown-4238851
Camera Print Graphic Black Cotton Short Sleeve Crew Neck Relaxed Tee,QuirkyT,Sports > Men's Sports > Clothing > T-Shirts,29.43,65.4,https://www.zalora.com.ph/p/quirkyt-camera-print-graphic-black-cotton-short-sleeve-crew-neck-relaxed-tee-black-2916077
Camo Shape Graphic T-Shirt,ADIDAS,Men > Sports > Clothing > Tops,26.12,26.12,https://www.zalora.com.ph/p/adidas-camo-shape-graphic-t-shirt-black-3657526
Camouflage Cotton Casual Shorts GJL1701,Twenty Eight Shoes,Men > Clothing > Shorts > Chinos,34.61,43.75,https://www.zalora.com.ph/p/twenty-eight-shoes-camouflage-cotton-casual-shorts-gjl1701-blue-2592112
Campo Chromefree Sneakers,Veja,Men > Shoes > Sneakers,155.09,155.09,https://www.zalora.com.ph/p/veja-campo-chromefree-sneakers-white-4098957
Campo J-Mesh Jute Pierre Sneakers,Veja,Women > Shoes > Sneakers,127.33,127.33,https://www.zalora.com.ph/p/veja-campo-j-mesh-jute-pierre-sneakers-beige-4234537
Campo Suede Sneakers,Veja,Men > Shoes > Sneakers,155.09,155.09,https://www.zalora.com.ph/p/veja-campo-suede-sneakers-black-3483654
Campus 00S Sneakers,ADIDAS,Men > Sports > Footwear > Lifestyle,89.79,89.79,https://www.zalora.com.ph/p/adidas-campus-00s-sneakers-grey-2715504
Cancun Crochet Halter Top,Peppermayo,Women > Clothing > Tops,36.7,36.7,https://www.zalora.com.ph/p/peppermayo-cancun-crochet-halter-top-blue-2397367
Cansu Mandarin Collar Shirt Dress With Accent Button,BADOMODA,Women > Clothing > Dresses > Work Dresses,12.9,22.77,https://www.zalora.com.ph/p/badomoda-cansu-mandarin-collar-shirt-dress-with-accent-button-brown-2818834
Canvas Espadrille Overlay Slides,Superdry,Women > Shoes > Sandals > Flat Sandals,36.85,82.42,https://www.zalora.com.ph/p/superdry-canvas-espadrille-overlay-slides-black-3989336
Caracal,PUMA,Men > Sports > Footwear > Sneakers,44.57,57.14,https://www.zalora.com.ph/p/puma-caracal-white-2317074
Cargo Jeans For Women,Terranova,Women > Clothing > Jeans,32.57,32.57,https://www.zalora.com.ph/p/terranova-cargo-jeans-for-women-blue-3357939
Cargo Shorts,Bossini Men,Men > Clothing > Shorts > Cargo,10.0,22.2,https://www.zalora.com.ph/p/bossini-men-cargo-shorts-beige-3275362
Cargo Trousers for Women,Terranova,Women > Clothing > Pants & Leggings > Wide-legged Pants,27.74,27.74,https://www.zalora.com.ph/p/terranova-cargo-trousers-for-women-green-3379532
Carlson Low-Top Sneakers,ALDO,Men > Shoes > Sneakers,35.91,92.97,https://www.zalora.com.ph/p/aldo-carlson-low-top-sneakers-beige-4179607
Carly Garterized Shorts,Chictees,Women > Clothing > Shorts > Casual Shorts,10.0,10.0,https://www.zalora.com.ph/p/chictees-carly-garterized-shorts-black-3598123
Carmen Neckline Long Stylish Evening Dress,Trendyol,Women > Clothing > Dresses > Party Dresses,125.15,155.89,https://www.zalora.com.ph/p/trendyol-carmen-neckline-long-stylish-evening-dress-black-3719401
Carmichael Loafers,Call It Spring,Men > Shoes > Loafers & Boat Shoes,21.22,53.79,https://www.zalora.com.ph/p/call-it-spring-carmichael-loafers-beige-3971742
Carone Embroidery Hem Filipiniana Blouse,BADOMODA,Women > Clothing > Tops > Blouses,16.16,24.41,https://www.zalora.com.ph/p/badomoda-carone-embroidery-hem-filipiniana-blouse-green-3459649
Carrie Mandarin Collar With Yoke Top,BADOMODA,Women > Clothing > Tops > Blouses,16.16,23.26,https://www.zalora.com.ph/p/badomoda-carrie-mandarin-collar-with-yoke-top-green-3169266
Carrot Fit Denim Jeans,DeFacto,Women > Clothing > Jeans,41.94,44.22,https://www.zalora.com.ph/p/defacto-carrot-fit-denim-jeans-blue-3609094
Cashmere Wool Tweed Work Pants,Jnby,Women > Clothing > Pants & Leggings,393.92,393.92,https://www.zalora.com.ph/p/jnby-cashmere-wool-tweed-work-pants-black-3554397
Casual Air Cushion Crocodile Texture Leather Sneakers MDS1390,Twenty Eight Shoes,Men > Shoes > Sneakers,74.75,103.83,https://www.zalora.com.ph/p/twenty-eight-shoes-casual-air-cushion-crocodile-texture-leather-sneakers-mds1390-white-2611131
Casual Blazer Jacket,Well Suited,Men > Clothing > Blazers & Suits > Blazers,68.56,97.95,https://www.zalora.com.ph/p/well-suited-casual-blazer-jacket-black-2833374
Casual Color Matching Polo Shirt AX-HD3006,Twenty Eight Shoes,Men > Clothing > Polos,47.23,56.19,https://www.zalora.com.ph/p/twenty-eight-shoes-casual-color-matching-polo-shirt-ax-hd3006-green-3723907
Casual Denim Long Sleeve Shirt AX6019,Twenty Eight Shoes,Men > Clothing > Shirts,37.37,46.84,https://www.zalora.com.ph/p/twenty-eight-shoes-casual-denim-long-sleeve-shirt-ax6019-blue-3034062
Casual Double Breasted Suit Jacket YGH-EQ8885,HAPPY FRIDAYS,Women > Clothing > Blazers,66.43,94.83,https://www.zalora.com.ph/p/happy-fridays-casual-double-breasted-suit-jacket-ygh-eq8885-pink-3585068
Casual Knitted Straight Leg Pants,URBAN REVIVO,Women > Clothing > Pants & Leggings,42.28,42.28,https://www.zalora.com.ph/p/urban-revivo-casual-knitted-straight-leg-pants-white-2639901
Casual Lined Slip Ons,Soho,Women > Shoes > Slip-Ons,51.08,51.08,https://www.zalora.com.ph/p/soho-casual-lined-slip-ons-brown-3726394
Casual Pants,Trendyol,Women > Clothing > Pants & Leggings > Straight Leg Pants,23.74,28.23,https://www.zalora.com.ph/p/trendyol-casual-pants-black-2581073
Casual Pleated Pocket Skirt AF9820,Twenty Eight Shoes,Women > Clothing > Skirts > Maxi Skirts,37.53,46.67,https://www.zalora.com.ph/p/twenty-eight-shoes-casual-pleated-pocket-skirt-af9820-black-3374959
Casual Printed Polo Shirt AX-PL1011,Twenty Eight Shoes,Men > Clothing > Polos,38.53,51.37,https://www.zalora.com.ph/p/twenty-eight-shoes-casual-printed-polo-shirt-ax-pl1011-blue-3295323
Casual Style Long-Sleeve Pleated Suit Jacket CZJ8312,Twenty Eight Shoes,Women > Clothing > Jackets & Coats > Coats,48.96,79.49,https://www.zalora.com.ph/p/twenty-eight-shoes-casual-style-long-sleeve-pleated-suit-jacket-czj8312-grey-2824260
Casual Washed Jeans AX-ZH10,Twenty Eight Shoes,Men > Clothing > Jeans > Regular,48.04,57.45,https://www.zalora.com.ph/p/twenty-eight-shoes-casual-washed-jeans-ax-zh10-black-2991979
Cathinka Short Sleeves V-Neck Dress,JACQUELINE DE YONG,Women > Clothing > Dresses > Summer Dresses,12.28,41.61,https://www.zalora.com.ph/p/jacqueline-de-yong-cathinka-short-sleeves-v-neck-dress-white-3618436
Cayla Gathered Sleeve Tee,FORCAST,Women > Clothing > Tops > T-Shirts,13.79,27.59,https://www.zalora.com.ph/p/forcast-cayla-gathered-sleeve-tee-blue-2975767
Cece 2.0 Comfy Ballerina,My Ballerine,Women > Shoes > Flats > Ballerinas,40.14,52.88,https://www.zalora.com.ph/p/my-ballerine-cece-2-0-comfy-ballerina-brown-4070592
Cecilia Slides,CLN,Women > Shoes > Sandals > Flat Sandals,19.08,21.21,https://www.zalora.com.ph/p/cln-cecilia-slides-black-3269722
Cersy Natural Waist Wide Leg Trousers,BADOMODA,Women > Clothing > Pants & Leggings > Wide-legged Pants,17.79,26.04,https://www.zalora.com.ph/p/badomoda-cersy-natural-waist-wide-leg-trousers-beige-3169138
Chain Mini Dress,KOTON,Women > Clothing > Dresses > Party Dresses,23.33,23.33,https://www.zalora.com.ph/p/koton-chain-mini-dress-black-3426664
Chalan Extended Sleeves Printed Blouse,BADOMODA,Women > Clothing > Tops > Blouses,26.04,26.04,https://www.zalora.com.ph/p/badomoda-chalan-extended-sleeves-printed-blouse-red-3635818
Chandani Sleeveless Dress with Electric Pleats,Paperdolls,Women > Clothing > Dresses > Work Dresses,57.12,57.12,https://www.zalora.com.ph/p/paperdolls-chandani-sleeveless-dress-with-electric-pleats-white-3706743
Chanson Laser Cut Tent Dress,BADOMODA,Women > Clothing > Dresses > Party Dresses,14.53,26.04,https://www.zalora.com.ph/p/badomoda-chanson-laser-cut-tent-dress-pink-2677536
Chara Overlap Detail With Lace Insert Dress,BADOMODA,Women > Clothing > Dresses > Maxi Dresses,21.06,30.94,https://www.zalora.com.ph/p/badomoda-chara-overlap-detail-with-lace-insert-dress-beige-3428351
Chara Overlap Detail With Lace Insert Dress,BADOMODA,Women > Clothing > Dresses > Maxi Dresses,21.06,30.94,https://www.zalora.com.ph/p/badomoda-chara-overlap-detail-with-lace-insert-dress-white-3428352
Charcoal Grey Classic Suit,SST&C,Men > Clothing > Blazers & Suits > Suit Jacket,189.45,189.45,https://www.zalora.com.ph/p/sst-c-charcoal-grey-classic-suit-grey-3513888
Charged Edge Men's Training Shoes,Under Armour,Sports > Men's Sports > Footwear > Sneakers,78.28,78.28,https://www.zalora.com.ph/p/under-armour-charged-edge-men-s-training-shoes-black-4175663
Charged Edge Men's Training Shoes,Under Armour,Sports > Men's Sports > Footwear > Sneakers,56.68,78.28,https://www.zalora.com.ph/p/under-armour-charged-edge-men-s-training-shoes-white-3858616
Charged Edge Shoes,Under Armour,Men > Shoes > Sports Shoes,65.17,78.28,https://www.zalora.com.ph/p/under-armour-charged-edge-shoes-green-2953874
Charged Surge 4 Shoes,Under Armour,Sports > Men's Sports > Footwear > Sneakers,51.78,58.69,https://www.zalora.com.ph/p/under-armour-charged-surge-4-shoes-grey-3255838
Charged Surge 4 Shoes,Under Armour,Sports > Men's Sports > Footwear > Sneakers,58.69,58.69,https://www.zalora.com.ph/p/under-armour-charged-surge-4-shoes-black-3365507
Charged+ Ascend Men's Running Shoes,Under Armour,Sports > Men's Sports > Footwear > Sneakers,54.69,58.69,https://www.zalora.com.ph/p/under-armour-charged-ascend-men-s-running-shoes-grey-4176403
Charged+ Assert 11 Running Shoes,Under Armour,Sports > Women's Sports > Footwear > Running Shoes,54.17,58.69,https://www.zalora.com.ph/p/under-armour-charged-assert-11-running-shoes-black-4176995
Charismaa Heeled Sandals,Call It Spring,Women > Shoes > Heels > Mid Heels,44.08,63.59,https://www.zalora.com.ph/p/call-it-spring-charismaa-heeled-sandals-gold-4212537
Charlie Comfy Sandals,My Ballerine,Women > Shoes > Sandals > Flat Sandals,52.88,71.98,https://www.zalora.com.ph/p/my-ballerine-charlie-comfy-sandals-beige-3313509
Charmer Corset Wrap Mini Dress,Heather Clothing,Women > Clothing > Dresses > Party Dresses,48.97,48.97,https://www.zalora.com.ph/p/heather-clothing-charmer-corset-wrap-mini-dress-blue-2844455
Check Collar White Skinny Shirt,SST&C,Women > Clothing > Tops > Shirts,65.94,65.94,https://www.zalora.com.ph/p/sst-c-check-collar-white-skinny-shirt-white-3578606
Checked Jacket,KOTON,Men > Clothing > Jackets & Coats,19.8,49.77,https://www.zalora.com.ph/p/koton-checked-jacket-grey-3409902
Checkered Dress With High Side Slits,iROO,Women > Clothing > Dresses,121.82,121.82,https://www.zalora.com.ph/p/iroo-checkered-dress-with-high-side-slits-multi-3634243
Checkered Midi Dress with Front Pockets,Hopeshow,Women > Clothing > Dresses,69.79,69.79,https://www.zalora.com.ph/p/hopeshow-checkered-midi-dress-with-front-pockets-red-3200544
Checkered Shorts With Fold Up Cuffs,iROO,Women > Clothing > Shorts,87.27,87.27,https://www.zalora.com.ph/p/iroo-checkered-shorts-with-fold-up-cuffs-multi-3183611
Chelsea Open Front Top,Cotton On,Women > Clothing > Tops,10.0,34.7,https://www.zalora.com.ph/p/cotton-on-chelsea-open-front-top-orange-3765587
Chelsea boots,H&M,Men > Shoes > Boots,32.49,40.65,https://www.zalora.com.ph/p/hm-chelsea-boots-black-3450963
Cherise Zip Up Slacks,BADOMODA,Women > Clothing > Pants & Leggings > Skinny Pants,17.79,30.94,https://www.zalora.com.ph/p/badomoda-cherise-zip-up-slacks-beige-2677560
Cherry Accent Mary Jane Flats in Black,Rag & CO.,Women > Shoes > Flats > Ballerinas,34.1,61.86,https://www.zalora.com.ph/p/rag-co-cherry-accent-mary-jane-flats-in-black-black-3815041
Chestee Jute Rhinestone Sandals,Happy2U,Women > Shoes > Sneakers,53.69,53.69,https://www.zalora.com.ph/p/happy2u-chestee-jute-rhinestone-sandals-beige-4160216
Chic Relax Fit Blazer Jacket,Well Suited,Women > Clothing > Blazers,54.85,78.36,https://www.zalora.com.ph/p/well-suited-chic-relax-fit-blazer-jacket-black-2819984
Chicago Bulls Pullover Hoodie for Men Core Collection,NBA,Sports > Men's Sports > Clothing > Outerwear & Hoodies,24.47,40.73,https://www.zalora.com.ph/p/nba-chicago-bulls-pullover-hoodie-for-men-core-collection-red-3766646
Chicago Bulls Pullover Hoodie for Men Core Collection,NBA,Sports > Men's Sports > Clothing > Outerwear & Hoodies,24.47,40.73,https://www.zalora.com.ph/p/nba-chicago-bulls-pullover-hoodie-for-men-core-collection-black-3766641
Chicago Bulls Womens T-Shirt Distressed Collection,NBA,Sports > Women's Sports > Clothing > T-Shirts,11.41,21.14,https://www.zalora.com.ph/p/nba-chicago-bulls-womens-t-shirt-distressed-collection-black-3638657
Chicsneaker Low-Top Sneakers,ALDO,Women > Shoes > Sneakers,53.87,79.91,https://www.zalora.com.ph/p/aldo-chicsneaker-low-top-sneakers-white-4211275
Chicsneaker Sneakers,ALDO,Women > Shoes > Sneakers,85.66,106.03,https://www.zalora.com.ph/p/aldo-chicsneaker-sneakers-grey-3715061
Chiffon Ruffle Long Dress,KOTON,Women > Clothing > Dresses > Summer Dresses,20.77,52.22,https://www.zalora.com.ph/p/koton-chiffon-ruffle-long-dress-pink-3407439
Chill Slides Women's Slides,World Balance,Women > Shoes > Sandals > Flat Sandals,10.0,10.0,https://www.zalora.com.ph/p/world-balance-chill-slides-women-s-slides-black-white-3768197
Chipra Sleeveless Top,RAF,Women > Clothing > Tops > Sleeveless,39.15,39.15,https://www.zalora.com.ph/p/raf-chipra-sleeveless-top-brown-3766547
Chloe Shirred Cami Top,Cotton On,Women > Clothing > Tops > Sleeveless,10.0,26.84,https://www.zalora.com.ph/p/cotton-on-chloe-shirred-cami-top-blue-3725037
Chloe Sports Leggings,RAISING LITTLE,Sports > Women's Sports > Clothing > Tights,35.91,35.91,https://www.zalora.com.ph/p/raising-little-chloe-sports-leggings-black-1681667
Chuck 70,Converse,Women > Shoes > Sneakers,83.85,91.09,https://www.zalora.com.ph/p/converse-chuck-70-black-4310435
Chuck Taylor 70's - Ox,Converse,Women > Shoes > Sneakers,68.48,68.48,https://www.zalora.com.ph/p/converse-chuck-taylor-70-s-ox-white-3561758
Chuck Taylor All Star,Converse,Women > Shoes > Sneakers,64.73,64.73,https://www.zalora.com.ph/p/converse-chuck-taylor-all-star-pink-4341917
Chuck Taylor All Star,Converse,Women > Shoes > Sneakers,44.93,66.2,https://www.zalora.com.ph/p/converse-chuck-taylor-all-star-white-4216898
Chuck Taylor All Star Canvas - Ox,Converse,Women > Shoes > Sneakers,48.81,48.81,https://www.zalora.com.ph/p/converse-chuck-taylor-all-star-canvas-ox-navy-3561922
Chuck Taylor All Star Hi Sneakers,Converse,Women > Shoes > Sneakers,71.06,74.93,https://www.zalora.com.ph/p/converse-chuck-taylor-all-star-hi-sneakers-grey-4159564
Chuck Taylor All Star Lift Ox Sneakers,Converse,Women > Shoes > Sneakers,42.05,74.93,https://www.zalora.com.ph/p/converse-chuck-taylor-all-star-lift-ox-sneakers-blue-4128865
Chuck Taylor All Star Lift Sneakers,Converse,Women > Shoes > Sneakers,65.14,65.14,https://www.zalora.com.ph/p/converse-chuck-taylor-all-star-lift-sneakers-white-3974502
Chuck Taylor All Star Sneakers,Converse,Women > Shoes > Sneakers,53.71,53.71,https://www.zalora.com.ph/p/converse-chuck-taylor-all-star-sneakers-black-3974506
Chuck Taylor Lift Double Stack Hi Sneakers,Converse,Women > Shoes > Sneakers,77.25,81.46,https://www.zalora.com.ph/p/converse-chuck-taylor-lift-double-stack-hi-sneakers-white-3686333
Chunky Anti-Skid Flyknit Sneakers in Blue,London Rag,Women > Shoes > Sneakers,37.69,47.0,https://www.zalora.com.ph/p/london-rag-chunky-anti-skid-flyknit-sneakers-in-blue-blue-3573023
Chunky Anti-Skid Flyknit Sneakers in Orange,London Rag,Women > Shoes > Sneakers,37.69,47.0,https://www.zalora.com.ph/p/london-rag-chunky-anti-skid-flyknit-sneakers-in-orange-orange-3573055
Chunky Faux Leather Calf Boots in Black,London Rag,Women > Shoes > Boots > Heeled Boots,65.28,93.2,https://www.zalora.com.ph/p/london-rag-chunky-faux-leather-calf-boots-in-black-black-3616136
Chunky Heeled Snow Boots in Dark Grey,London Rag,Women > Shoes > Boots > Flat Boots,47.16,72.47,https://www.zalora.com.ph/p/london-rag-chunky-heeled-snow-boots-in-dark-grey-grey-3954052
Chunky flip-flops,H&M,Women > Shoes > Sandals,24.32,24.32,https://www.zalora.com.ph/p/hm-chunky-flip-flops-purple-4146120
Cindy Loungewear Shorts Set,THE LOUNGE EDIT,Women > Clothing > Lingerie & Loungewear > Loungewear,22.04,22.04,https://www.zalora.com.ph/p/the-lounge-edit-cindy-loungewear-shorts-set-blue-2108585
Cintilante Sand,Grendha,Women > Shoes > Sandals > Flat Sandals,19.51,19.51,https://www.zalora.com.ph/p/grendha-cintilante-sand-gold-4345512
Citrine Cora Women's Sandals,Vionic,Women > Shoes > Sandals > Flat Sandals,82.28,117.54,https://www.zalora.com.ph/p/vionic-citrine-cora-women-s-sandals-brown-3922612
Citronel Tie Back Babydoll Dress,BADOMODA,Women > Clothing > Dresses > Mini Dresses,19.43,29.3,https://www.zalora.com.ph/p/badomoda-citronel-tie-back-babydoll-dress-pink-3427802
City Response,Nike,Sports > Men's Sports > Footwear > Sneakers,42.82,73.38,https://www.zalora.com.ph/p/nike-city-response-multi-4188086
Classic Block High Heels,Trendyol,Women > Shoes > Heels > High Heels,54.35,54.35,https://www.zalora.com.ph/p/trendyol-classic-block-high-heels-gold-4293954
Classic Dan Women's Casual Shoes,Sebago,Women > Shoes > Flats > Loafers & Boat Shoes,155.09,155.09,https://www.zalora.com.ph/p/sebago-classic-dan-women-s-casual-shoes-brown-1389980
Classic Fit L.12.12 Polo Shirt,Lacoste,Men > Clothing > Polos,97.13,97.13,https://www.zalora.com.ph/p/lacoste-classic-fit-l-12-12-polo-shirt-yellow-3633825
Classic Slip-On,VANS,Women > Shoes > Sneakers,64.73,64.73,https://www.zalora.com.ph/p/vans-classic-slip-on-blue-4366626
Classic Slip-On,VANS,Women > Shoes > Sneakers,70.61,70.61,https://www.zalora.com.ph/p/vans-classic-slip-on-multi-4366493
Classic Slip-On Platform,VANS,Women > Shoes > Sneakers,70.61,70.61,https://www.zalora.com.ph/p/vans-classic-slip-on-platform-multi-4366538
Classic Sneakers,Soho,Women > Shoes > Sneakers,31.93,57.94,https://www.zalora.com.ph/p/soho-classic-sneakers-black-4277579
Classic Sneakers,Soho,Women > Shoes > Sneakers,53.97,78.18,https://www.zalora.com.ph/p/soho-classic-sneakers-white-4277010
Classic Sneakers,Soho,Women > Shoes > Sneakers,49.25,52.39,https://www.zalora.com.ph/p/soho-classic-sneakers-black-4276814
Classic Sports Tights,DeFacto,Sports > Women's Sports > Clothing > Tights,73.14,80.79,https://www.zalora.com.ph/p/defacto-classic-sports-tights-red-3751937
Classic Surf Sliding Triangle Bikini Top,Rip Curl,Women > Clothing > Swimwear & Beachwear > Bikinis,10.0,50.81,https://www.zalora.com.ph/p/rip-curl-classic-surf-sliding-triangle-bikini-top-pink-3196733
Classic VN Women's Shoes,K-Swiss,Women > Shoes > Sneakers,96.32,96.32,https://www.zalora.com.ph/p/k-swiss-classic-vn-women-s-shoes-white-4222177
Classic Will Men's Dress Shoes,Sebago,Men > Shoes > Loafers & Boat Shoes,155.09,155.09,https://www.zalora.com.ph/p/sebago-classic-will-men-s-dress-shoes-black-1495418
Classic Zipper Hoodies TX-YH709,Twenty Eight Shoes,Men > Clothing > Hoodies & Sweatshirts > Hoodies,70.18,78.2,https://www.zalora.com.ph/p/twenty-eight-shoes-classic-zipper-hoodies-tx-yh709-black-3098741
Cleafy Foliage Print Tent Dress,BADOMODA,Women > Clothing > Dresses > Mini Dresses,14.53,26.04,https://www.zalora.com.ph/p/badomoda-cleafy-foliage-print-tent-dress-green-3418819
Clementinne Slingback Heels,ALDO,Women > Shoes > Heels > Low Heels,101.13,101.13,https://www.zalora.com.ph/p/aldo-clementinne-slingback-heels-brown-4315348
Clervon Eyelet Filipiniana Blouse,BADOMODA,Women > Clothing > Tops > Blouses,14.53,21.14,https://www.zalora.com.ph/p/badomoda-clervon-eyelet-filipiniana-blouse-white-3418821
Clifton 11 Women's Running - Tangerine Glow/White,HOKA,Women > Sports > Footwear > Running Shoes,163.17,163.17,https://www.zalora.com.ph/p/hoka-clifton-11-women-s-running-tangerine-glow-white-pink-4317854
Closed Toe Buckle Slides,Cotton On,Men > Shoes > Sandals & Flip Flops > Sandals,38.35,38.35,https://www.zalora.com.ph/p/cotton-on-closed-toe-buckle-slides-black-3788874
Closed Toe Dancing Shoes,CARMELLETES,Women > Shoes > Heels > Mid Heels,42.44,42.44,https://www.zalora.com.ph/p/carmelletes-closed-toe-dancing-shoes-grey-3520683
Cloud Gray Double-Pocket Full-Zip Cardigan,SST&C,Men > Clothing > Knitwear & Cardigans > Knitwear,88.97,88.97,https://www.zalora.com.ph/p/sst-c-cloud-gray-double-pocket-full-zip-cardigan-grey-3575689
Cloud X 4,On,Sports > Men's Sports > Footwear,146.92,146.92,https://www.zalora.com.ph/p/on-cloud-x-4-multi-4366099
Cloud X 4,On,Sports > Men's Sports > Footwear > Sneakers,146.92,146.92,https://www.zalora.com.ph/p/on-cloud-x-4-multi-4366109
Cloudnova X,On,Sports > Men's Sports > Footwear > Sneakers,155.09,155.09,https://www.zalora.com.ph/p/on-cloudnova-x-multi-4366035
Clovia High Rise Geometric Print Active Tights in Multicolour,Clovia,Sports > Women's Sports > Clothing > Tights,13.78,49.2,https://www.zalora.com.ph/p/clovia-clovia-high-rise-geometric-print-active-tights-in-multicolour-multi-3507142
Clovia Peplum Top & Pyjama Set in Light Pink,Clovia,Women > Clothing > Lingerie & Loungewear > Loungewear,18.79,67.1,https://www.zalora.com.ph/p/clovia-clovia-peplum-top-pyjama-set-in-light-pink-pink-3771135
Club Full-Zip French Terry Hoodie,Nike,Sports > Men's Sports > Clothing > Outerwear & Hoodies,52.16,52.16,https://www.zalora.com.ph/p/nike-club-full-zip-french-terry-hoodie-black-3647482
Club Tennis 3-Stripes Polo Shirt,ADIDAS,Sports > Men's Sports > Footwear,36.78,45.71,https://www.zalora.com.ph/p/adidas-club-tennis-3-stripes-polo-shirt-white-3748275
Clubmember Sneakers,ALDO,Men > Shoes > Sneakers,73.97,89.71,https://www.zalora.com.ph/p/aldo-clubmember-sneakers-black-3683130
Coastbreeze Espadrilles,ALDO,Men > Shoes > Slip-Ons,89.71,89.71,https://www.zalora.com.ph/p/aldo-coastbreeze-espadrilles-brown-4269131
Collage dress M. Christian Lacroix,Desigual,Women > Clothing > Dresses,190.84,190.84,https://www.zalora.com.ph/p/desigual-collage-dress-m-christian-lacroix-multi-3649659
Collared Button Blouse,Hopeshow,Women > Clothing > Tops > Blouses,36.55,36.55,https://www.zalora.com.ph/p/hopeshow-collared-button-blouse-white-2377885
Collared Polo Sweatshirt,& Other Stories,Women > Clothing > Hoodies & Sweatshirts,37.51,75.01,https://www.zalora.com.ph/p/other-stories-collared-polo-sweatshirt-brown-3770930
Collared Shirt Jacquard,Ego,Men > Clothing > Polos,10.0,26.0,https://www.zalora.com.ph/p/ego-collared-shirt-jacquard-beige-3764637
Color Block Pique Polo Shirt,Hechter Paris,Men > Clothing > Polos,35.9,35.9,https://www.zalora.com.ph/p/hechter-paris-color-block-pique-polo-shirt-grey-3740073
Color Matching Canvas Espadrilles HB2024070809,Twenty Eight Shoes,Women > Shoes > Flats > Espadrilles,66.48,72.12,https://www.zalora.com.ph/p/twenty-eight-shoes-color-matching-canvas-espadrilles-hb2024070809-white-3508204
Color Matching Knit Sweater AY-my6812,Twenty Eight Shoes,Women > Clothing > Knitwear & Cardigans,60.14,60.14,https://www.zalora.com.ph/p/twenty-eight-shoes-color-matching-knit-sweater-ay-my6812-green-2674622
Color Matching Strap Mid Heel TH1802-25,Twenty Eight Shoes,Women > Shoes > Heels > Mid Heels,58.12,62.36,https://www.zalora.com.ph/p/twenty-eight-shoes-color-matching-strap-mid-heel-th1802-25-blue-2604316
Colorblock Turtleneck Sweater,KOTON,Women > Clothing > Knitwear & Cardigans,17.01,42.76,https://www.zalora.com.ph/p/koton-colorblock-turtleneck-sweater-pink-3413137
Colourblock Zip Top,Cool & Sexy,Women > Clothing > Tops > Blouses,17.12,17.12,https://www.zalora.com.ph/p/cool-sexy-colourblock-zip-top-multi-3756548
Combed Cotton Thermal Leggings,Well Suited,Women > Clothing > Pants & Leggings > Leggings,27.18,30.2,https://www.zalora.com.ph/p/well-suited-combed-cotton-thermal-leggings-black-3577516
Combined Cold Shoulders Sweatshirt,Cool & Sexy,Women > Clothing > Hoodies & Sweatshirts,17.97,27.9,https://www.zalora.com.ph/p/cool-sexy-combined-cold-shoulders-sweatshirt-multi-3756615
Comfies  Round Neck Assorted Tri-pack,Jockey,Women > Clothing > Tops > T-Shirts,16.8,16.8,https://www.zalora.com.ph/p/jockey-comfies-round-neck-assorted-tri-pack-multi-3531319
Comfies Camisole with Adjustable Straps,Jockey,Women > Clothing > Lingerie & Loungewear > Loungewear,10.0,10.0,https://www.zalora.com.ph/p/jockey-comfies-camisole-with-adjustable-straps-beige-1392767
Comfies Camisole with Adjustable Straps,Jockey,Women > Clothing > Lingerie & Loungewear > Loungewear,10.0,10.0,https://www.zalora.com.ph/p/jockey-comfies-camisole-with-adjustable-straps-black-1392774
Comfies Round Neck T-Shirt,Jockey,Women > Clothing > Tops > T-Shirts,10.0,10.0,https://www.zalora.com.ph/p/jockey-comfies-round-neck-t-shirt-black-1392747
Comfort Fit Reflective Icon Logo T-Shirt Black/Black,Armani Exchange,Men > Clothing > T-Shirts > Short Sleeves,88.97,88.97,https://www.zalora.com.ph/p/armani-exchange-comfort-fit-reflective-icon-logo-t-shirt-black-black-black-3666226
Comfort Fit Stretch Blazer,Well Suited,Women > Clothing > Jackets & Coats > Coats,56.42,78.36,https://www.zalora.com.ph/p/well-suited-comfort-fit-stretch-blazer-brown-3549659
Comfortable Linen Espadrilles QZ9015,Twenty Eight Shoes,Men > Shoes > Slip-Ons,39.83,51.59,https://www.zalora.com.ph/p/twenty-eight-shoes-comfortable-linen-espadrilles-qz9015-white-2611358
Commuter Casual Long Pants,Jnby,Women > Clothing > Skirts > Maxi Skirts,172.72,172.72,https://www.zalora.com.ph/p/jnby-commuter-casual-long-pants-red-3669497
Condor Royale Alveomesh Kaki Pierre Sneakers,Veja,Men > Shoes > Sneakers,183.66,183.66,https://www.zalora.com.ph/p/veja-condor-royale-alveomesh-kaki-pierre-sneakers-brown-4128712
Condor Royale Alveomesh Light Grey Sneakers,Veja,Men > Shoes > Sneakers,183.66,183.66,https://www.zalora.com.ph/p/veja-condor-royale-alveomesh-light-grey-sneakers-grey-4126980
Contrast Embroidery Baseball Jacket LK-MD22119,Twenty Eight Shoes,Men > Clothing > Jackets & Coats > Winter Jackets,55.49,78.07,https://www.zalora.com.ph/p/twenty-eight-shoes-contrast-embroidery-baseball-jacket-lk-md22119-n-a-3137706
Contrast Panel Square Neck Top,Saturday Club,Women > Clothing > Tops > Sleeveless,29.37,29.37,https://www.zalora.com.ph/p/saturday-club-contrast-panel-square-neck-top-purple-2704734
Contrast Piping Suit Blazer,Well Suited,Women > Clothing > Blazers,48.0,68.56,https://www.zalora.com.ph/p/well-suited-contrast-piping-suit-blazer-black-2683134
Contrast Red Trim A-Line Skirt,iROO,Women > Clothing > Skirts,71.68,71.68,https://www.zalora.com.ph/p/iroo-contrast-red-trim-a-line-skirt-white-3687863
Contrast Stitched Knit Short sleeve T-shirt YX2309,Twenty Eight Shoes,Women > Clothing > Tops > T-Shirts,32.96,47.06,https://www.zalora.com.ph/p/twenty-eight-shoes-contrast-stitched-knit-short-sleeve-t-shirt-yx2309-grey-3165806
Contrasting Detail Lace-Up Sneakers in Black,London Rag,Women > Shoes > Sneakers,43.41,57.61,https://www.zalora.com.ph/p/london-rag-contrasting-detail-lace-up-sneakers-in-black-black-3572663
Cool Elastic Waist Sweatpants,DeFacto,Women > Clothing > Pants & Leggings > Straight Leg Pants,35.8,108.54,https://www.zalora.com.ph/p/defacto-cool-elastic-waist-sweatpants-grey-3733817
Corby Sandals,CLN,Women > Shoes > Sandals > Flat Sandals,13.04,13.04,https://www.zalora.com.ph/p/cln-corby-sandals-beige-4351371
Core Charge Women's Performance Cross Training Shoes,World Balance,Women > Shoes > Sports Shoes,39.16,39.16,https://www.zalora.com.ph/p/world-balance-core-charge-women-s-performance-cross-training-shoes-black-3873480
Core Chicago Bulls Womens Box Fit Crop Top,NBA,Women > Clothing > Tops > T-Shirts,10.0,13.27,https://www.zalora.com.ph/p/nba-core-chicago-bulls-womens-box-fit-crop-top-black-3693021
Corsa Mini Dress,Peppermayo,Women > Clothing > Dresses,60.03,60.03,https://www.zalora.com.ph/p/peppermayo-corsa-mini-dress-orange-2397217
Corset Evening Dress,Trendyol,Women > Clothing > Dresses > Mini Dresses,17.52,44.06,https://www.zalora.com.ph/p/trendyol-corset-evening-dress-white-3054082
Corset Mini Dress,& Other Stories,Women > Clothing > Dresses > Summer Dresses,61.99,123.99,https://www.zalora.com.ph/p/other-stories-corset-mini-dress-brown-3710944
Cortez Leather,Nike,Sports > Women's Sports > Footwear > Sneakers,71.86,79.91,https://www.zalora.com.ph/p/nike-cortez-leather-white-3537606
Cosette Sleeveless Dress in Abstract Print,Paperdolls,Women > Clothing > Dresses > Work Dresses,44.06,44.06,https://www.zalora.com.ph/p/paperdolls-cosette-sleeveless-dress-in-abstract-print-turquoise-3646426
Cotton Loose Tee,Electro Denim Lab,Men > Clothing > T-Shirts,10.0,11.65,https://www.zalora.com.ph/p/electro-denim-lab-cotton-loose-tee-white-3528347
Cotton Maxi Dress,Happiness Istanbul,Women > Clothing > Dresses > Summer Dresses,43.08,43.08,https://www.zalora.com.ph/p/happiness-istanbul-cotton-maxi-dress-beige-3764369
Cotton Oversized Woven Shirt,Happiness Istanbul,Women > Clothing > Tops > Shirts,40.8,40.8,https://www.zalora.com.ph/p/happiness-istanbul-cotton-oversized-woven-shirt-purple-3764336
Cotton Raglan Sleeves Graphic T-Shirt,Trendyol,Women > Clothing > Tops > T-Shirts,12.16,16.31,https://www.zalora.com.ph/p/trendyol-cotton-raglan-sleeves-graphic-t-shirt-white-3505863
Cotton Slit Denim Midi Dress,Happiness Istanbul,Women > Clothing > Dresses > Summer Dresses,38.45,58.75,https://www.zalora.com.ph/p/happiness-istanbul-cotton-slit-denim-midi-dress-black-3508725
Cotton short-sleeved T-shirt,Jnby,Women > Clothing > Tops > T-Shirts,172.72,172.72,https://www.zalora.com.ph/p/jnby-cotton-short-sleeved-t-shirt-black-3617690
Cotton-blend sweatpants,H&M,Women > Clothing > Pants & Leggings,14.68,14.68,https://www.zalora.com.ph/p/hm-cotton-blend-sweatpants-grey-3463322
Couma Check Shirt,French Connection,Men > Clothing > Shirts,71.12,71.12,https://www.zalora.com.ph/p/french-connection-couma-check-shirt-yellow-2245426
Courage And Bravery T-Shirt,Denim Project,Men > Clothing > T-Shirts > Short Sleeves,25.29,25.29,https://www.zalora.com.ph/p/denim-project-courage-and-bravery-t-shirt-white-3602893
Court Heritage Ms,Nike,Sports > Women's Sports > Footwear > Sneakers,50.09,70.12,https://www.zalora.com.ph/p/nike-court-heritage-ms-multi-4319227
Court Shield II Men's Shoes,K-Swiss,Men > Shoes > Sneakers,43.42,62.03,https://www.zalora.com.ph/p/k-swiss-court-shield-ii-men-s-shoes-white-3823928
Court Shield II Men's Shoes,K-Swiss,Men > Shoes > Sneakers,43.42,62.03,https://www.zalora.com.ph/p/k-swiss-court-shield-ii-men-s-shoes-white-3823930
Court Striker Women's Performance Volleyball Shoes,World Balance,Women > Shoes > Sports Shoes,44.06,44.06,https://www.zalora.com.ph/p/world-balance-court-striker-women-s-performance-volleyball-shoes-black-3725599
Court Ultra Sneakers,PUMA,Sports > Women's Sports > Footwear > Sneakers,68.56,68.56,https://www.zalora.com.ph/p/puma-court-ultra-sneakers-white-2712178
Court Vision Alta Shoes,Nike,Sports > Women's Sports > Footwear > Sneakers,63.39,66.85,https://www.zalora.com.ph/p/nike-court-vision-alta-shoes-white-3843705
Court Vision Lo Prm,Nike,Sports > Women's Sports > Footwear > Sneakers,89.71,89.71,https://www.zalora.com.ph/p/nike-court-vision-lo-prm-black-4265681
Court Vision Low Next Nature Shoes,Nike,Sports > Women's Sports > Footwear > Sneakers,44.89,57.06,https://www.zalora.com.ph/p/nike-court-vision-low-next-nature-shoes-white-2237107
Court Vision Low Next Nature Women's Shoes,Nike,Sports > Women's Sports > Footwear > Sneakers,57.06,57.06,https://www.zalora.com.ph/p/nike-court-vision-low-next-nature-women-s-shoes-multi-4258682
Court Vision Low Shoes,Nike,Sports > Men's Sports > Footwear > Basketball Shoes,73.38,73.38,https://www.zalora.com.ph/p/nike-court-vision-low-shoes-white-4048064
Courtney Crepe Tiered Dress,French Connection,Women > Clothing > Dresses > Summer Dresses,98.47,98.47,https://www.zalora.com.ph/p/french-connection-courtney-crepe-tiered-dress-red-2316802
Courtspec Sneakers,ALDO,Men > Shoes > Sneakers,71.16,71.16,https://www.zalora.com.ph/p/aldo-courtspec-sneakers-white-2404601
Cow Suede Loafers KB8848-1,Twenty Eight Shoes,Men > Shoes > Loafers & Boat Shoes,81.79,107.39,https://www.zalora.com.ph/p/twenty-eight-shoes-cow-suede-loafers-kb8848-1-n-a-3616161
Cowl Mini Dress,KOTON,Women > Clothing > Dresses > Party Dresses,10.0,28.03,https://www.zalora.com.ph/p/koton-cowl-mini-dress-blue-3409997
Cowl-neck dress,H&M,Women > Clothing > Dresses,19.43,25.96,https://www.zalora.com.ph/p/hm-cowl-neck-dress-3304281
Cozy Stripes Sandals,Melissa,Women > Shoes > Sandals > Flat Sandals,47.26,47.26,https://www.zalora.com.ph/p/melissa-cozy-stripes-sandals-brown-4130294
Cozycove Ballerina Flats,ALDO,Women > Shoes > Comfort Shoes,29.3,39.1,https://www.zalora.com.ph/p/aldo-cozycove-ballerina-flats-brown-4091225
Crab Print Graphic Short Sleeve Black Cotton Tee,QuirkyT,Sports > Men's Sports > Clothing > T-Shirts,29.43,65.4,https://www.zalora.com.ph/p/quirkyt-crab-print-graphic-short-sleeve-black-cotton-tee-black-2916069
Crease-leg jersey trousers,H&M,Women > Clothing > Pants & Leggings,37.38,48.81,https://www.zalora.com.ph/p/hm-crease-leg-jersey-trousers-black-3615590
Creekside Ribbon Strap Sandals,ALDO,Women > Shoes > Sandals > Flat Sandals,58.67,73.38,https://www.zalora.com.ph/p/aldo-creekside-ribbon-strap-sandals-white-3699642
Crew Neck Jumper,Happiness Istanbul,Women > Clothing > Knitwear & Cardigans,15.13,33.29,https://www.zalora.com.ph/p/happiness-istanbul-crew-neck-jumper-white-3764460
Crew Neck Knit Dress,Trendyol,Women > Clothing > Dresses > Maxi Dresses,27.36,33.45,https://www.zalora.com.ph/p/trendyol-crew-neck-knit-dress-brown-3054530
Crew Neck Long Sleeve T-Shirt For Women,Terranova,Women > Clothing > Tops > T-Shirts,10.0,10.0,https://www.zalora.com.ph/p/terranova-crew-neck-long-sleeve-t-shirt-for-women-black-3487040
Crew Neck Short Sleeve T-Shirt for Men,Terranova,Men > Clothing > T-Shirts > Short Sleeves,12.98,12.98,https://www.zalora.com.ph/p/terranova-crew-neck-short-sleeve-t-shirt-for-men-green-3386744
Crew Neck with Tulle Flounces for Women,Terranova,Women > Clothing > Tops > Blouses,10.0,10.0,https://www.zalora.com.ph/p/terranova-crew-neck-with-tulle-flounces-for-women-white-3393852
Crewneck Elance Basic Colors (Pack Of 3),Jockey,Men > Clothing > T-Shirts > Short Sleeves,18.76,18.76,https://www.zalora.com.ph/p/jockey-crewneck-elance-basic-colors-pack-of-3-multi-3541836
Crinkled drawstring trousers,H&M,Women > Clothing > Pants & Leggings,13.04,13.04,https://www.zalora.com.ph/p/hm-crinkled-drawstring-trousers-brown-3632504
Crissy Pants,Hummel,Sports > Women's Sports > Clothing > Pants,80.79,80.79,https://www.zalora.com.ph/p/hummel-crissy-pants-black-2949791
Croc Buckle Heels,Trendyol,Women > Shoes > Heels > Open Toes,27.28,51.41,https://www.zalora.com.ph/p/trendyol-croc-buckle-heels-black-4293988
Croc Textured Over The Ankle Boots in Beige,London Rag,Women > Shoes > Boots > Ankle Boots,67.9,90.42,https://www.zalora.com.ph/p/london-rag-croc-textured-over-the-ankle-boots-in-beige-beige-3577306
Croc-Effect Heels,Mango,Women > Shoes > Heels > Pumps,24.41,48.89,https://www.zalora.com.ph/p/mango-croc-effect-heels-grey-4213146
Crocband Flip in Navy,Crocs,Women > Shoes > Flip-Flops,40.73,40.73,https://www.zalora.com.ph/p/crocs-crocband-flip-in-navy-navy-3819470
Crocband Gum Clog in Summit White,Crocs,Men > Shoes > Slip-Ons,61.95,61.95,https://www.zalora.com.ph/p/crocs-crocband-gum-clog-in-summit-white-grey-4204323
Crop Oversize Sweatshirt,KOTON,Women > Clothing > Hoodies & Sweatshirts,17.3,30.84,https://www.zalora.com.ph/p/koton-crop-oversize-sweatshirt-red-3774690
Crop Pants,DeFacto,Women > Clothing > Pants & Leggings > Cropped Pants,61.76,79.16,https://www.zalora.com.ph/p/defacto-crop-pants-black-3612918
Crop Ribbed Cardigan,Mango,Women > Clothing > Knitwear & Cardigans,24.41,24.41,https://www.zalora.com.ph/p/mango-crop-ribbed-cardigan-black-2371091
Crop Sweater,Trendyol,Women > Clothing > Knitwear & Cardigans,10.35,45.69,https://www.zalora.com.ph/p/trendyol-crop-sweater-beige-3531886
Crop Sweater Top and Pants Set,Trendyol,Women > Clothing > Tops,26.56,45.04,https://www.zalora.com.ph/p/trendyol-crop-sweater-top-and-pants-set-black-3066873
Cropped Button Down Collared Cardigan,JUST G,Women > Clothing > Knitwear & Cardigans,13.06,32.63,https://www.zalora.com.ph/p/just-g-cropped-button-down-collared-cardigan-brown-3492607
Cropped Round Neck Suit Jacket YGH-EY8931,HAPPY FRIDAYS,Women > Clothing > Blazers,81.79,94.59,https://www.zalora.com.ph/p/happy-fridays-cropped-round-neck-suit-jacket-ygh-ey8931-beige-3761453
Cropped Trousers,Well Suited,Women > Clothing > Pants & Leggings > Straight Leg Pants,29.71,42.45,https://www.zalora.com.ph/p/well-suited-cropped-trousers-grey-3113062
Cropped jeans,H&M,Women > Clothing > Jeans,24.32,32.49,https://www.zalora.com.ph/p/hm-cropped-jeans-blue-3463085
Cross Back Camisole Maxi Dress,Cool & Sexy,Women > Clothing > Dresses > Maxi Dresses,18.27,18.27,https://www.zalora.com.ph/p/cool-sexy-cross-back-camisole-maxi-dress-black-3535288
Cross Motion Men's Performance Cross Training Shoes,World Balance,Men > Shoes > Sports Shoes,40.8,40.8,https://www.zalora.com.ph/p/world-balance-cross-motion-men-s-performance-cross-training-shoes-black-gold-4233111
Crosta Short Sleeve Top,RAF,Women > Clothing > Tops > Blouses,32.62,32.62,https://www.zalora.com.ph/p/raf-crosta-short-sleeve-top-black-3766529
Curry 13 AP Basketball Shoes,Under Armour,Sports > Women's Sports > Footwear > Basketball Shoes,115.84,130.52,https://www.zalora.com.ph/p/under-armour-curry-13-ap-basketball-shoes-black-4176317
Curvy Fit Slim High Jeans,H&M,Women > Clothing > Pants & Leggings,21.06,29.22,https://www.zalora.com.ph/p/hm-curvy-fit-slim-high-jeans-black-3118784
Cushon Women's Haven Pumps,ALBERTO,Women > Shoes > Heels > Pumps,27.74,27.74,https://www.zalora.com.ph/p/alberto-cushon-women-s-haven-pumps-beige-3303520
Cut Out Detail Rhinestone Flat Sandals in Denim Blue,London Rag,Women > Shoes > Flats,39.49,49.29,https://www.zalora.com.ph/p/london-rag-cut-out-detail-rhinestone-flat-sandals-in-denim-blue-blue-3502736
Cut Out Lace Pink Crop Vest,iROO,Women > Clothing > Tops,81.85,81.85,https://www.zalora.com.ph/p/iroo-cut-out-lace-pink-crop-vest-pink-3169479
Cut Out Mini Dress,Trendyol,Women > Clothing > Dresses > Summer Dresses,10.0,57.74,https://www.zalora.com.ph/p/trendyol-cut-out-mini-dress-green-2845544
Cut-out maxi dress,H&M,Women > Clothing > Dresses,29.22,29.22,https://www.zalora.com.ph/p/hm-cut-out-maxi-dress-white-3755523
Cutout Detail V Neck Midi Dress,Saturday Club,Women > Clothing > Dresses > Mini Dresses,57.94,57.94,https://www.zalora.com.ph/p/saturday-club-cutout-detail-v-neck-midi-dress-blue-2704803
Cyrus Mj,AIRWALK,Women > Shoes > Flats > Ballerinas,32.89,32.89,https://www.zalora.com.ph/p/airwalk-cyrus-mj-blue-4341718
Czy SL M LVR II Sandals,Melissa,Women > Shoes > Sandals > Flat Sandals,53.06,53.06,https://www.zalora.com.ph/p/melissa-czy-sl-m-lvr-ii-sandals-pink-4130334
D'Lux Walker,Skechers,Sports > Women's Sports > Footwear,54.53,54.53,https://www.zalora.com.ph/p/skechers-d-lux-walker-pink-4181574
D.O.N. Issue 7,ADIDAS,Men > Sports > Footwear > Team Sports,74.2,122.44,https://www.zalora.com.ph/p/adidas-d-o-n-issue-7-white-4076528
DC Home Ladies Buttery Soft Comfort Sandals LH-HB-3008,Dr. Cardin,Women > Shoes > Sandals,14.07,44.78,https://www.zalora.com.ph/p/dr-cardin-dc-home-ladies-buttery-soft-comfort-sandals-lh-hb-3008-brown-3480276
DRAPED COTTON TOP,COS,Women > Clothing > Tops > Blouses,97.13,97.13,https://www.zalora.com.ph/p/cos-draped-cotton-top-green-3742495
Daffney Espadrille Flats,Call It Spring,Women > Shoes > Flats > Espadrilles,24.91,57.06,https://www.zalora.com.ph/p/call-it-spring-daffney-espadrille-flats-beige-4201756
Daffodil Dress,THE LOUNGE EDIT,Women > Clothing > Dresses > Work Dresses,24.73,24.73,https://www.zalora.com.ph/p/the-lounge-edit-daffodil-dress-pink-2779377
Dagger,PUMA,Sports > Women's Sports > Footwear > Basketball Shoes,40.4,89.79,https://www.zalora.com.ph/p/puma-dagger-black-3579079
Daisy Print Ruched Cut Out Dress,JUST G,Women > Clothing > Dresses > Mini Dresses,10.0,33.31,https://www.zalora.com.ph/p/just-g-daisy-print-ruched-cut-out-dress-purple-2852857
Damla Summer Dress,THE LOUNGE EDIT,Women > Clothing > Dresses > Summer Dresses,40.0,40.0,https://www.zalora.com.ph/p/the-lounge-edit-damla-summer-dress-purple-2051660
Dan Lug Men's Shoes,Sebago,Men > Shoes > Formal,143.66,143.66,https://www.zalora.com.ph/p/sebago-dan-lug-men-s-shoes-brown-3026085
Dani Halter Neck Sports Bra and Biker Shorts Set,Lotus Activewear,Sports > Women's Sports > Women's Sports,27.67,27.67,https://www.zalora.com.ph/p/lotus-activewear-dani-halter-neck-sports-bra-and-biker-shorts-set-black-2461134
Dark Blue CR Victoria Loafers,Carlo Rino,Women > Shoes > Flats > Loafers & Boat Shoes,39.91,79.81,https://www.zalora.com.ph/p/carlo-rino-dark-blue-cr-victoria-loafers-blue-3862556
Dark Blue Denim Mini Skirt,London Rag,Women > Clothing > Skirts > Mini Skirts,18.27,36.55,https://www.zalora.com.ph/p/london-rag-dark-blue-denim-mini-skirt-blue-2473423
Dark Blue Duo Lace Sleek Sneakers,Carlo Rino,Women > Shoes > Sneakers,59.87,85.53,https://www.zalora.com.ph/p/carlo-rino-dark-blue-duo-lace-sleek-sneakers-blue-4225333
Dark Brown Elara Strap Pumps,Carlo Rino,Women > Shoes > Heels > Pumps,51.87,74.1,https://www.zalora.com.ph/p/carlo-rino-dark-brown-elara-strap-pumps-brown-4231775
Dark Brown Fur Inside Round Toe Flat Heeled Women'S Boots Takaw26Bo00001,Trendyol,Women > Shoes > Boots > Flat Boots,26.1,45.69,https://www.zalora.com.ph/p/trendyol-dark-brown-fur-inside-round-toe-flat-heeled-women-s-boots-takaw26bo00001-brown-4292235
Dark Grey Slim Fit Suit,SST&C,Women > Clothing > Blazers,169.63,169.63,https://www.zalora.com.ph/p/sst-c-dark-grey-slim-fit-suit-grey-3713226
Darlina Pajamas - Yellow,THE LOUNGE EDIT,Women > Clothing > Lingerie & Loungewear > Loungewear,37.71,37.71,https://www.zalora.com.ph/p/the-lounge-edit-darlina-pajamas-yellow-yellow-2359595
Darlina Slip On Sandals,ALDO,Women > Shoes > Sandals > Flat Sandals,61.9,71.75,https://www.zalora.com.ph/p/aldo-darlina-slip-on-sandals-gold-3848012
Davey Flip Flop Sandals,ALDO,Men > Shoes > Sandals & Flip Flops > Sandals,31.02,47.26,https://www.zalora.com.ph/p/aldo-davey-flip-flop-sandals-black-4212489
Deborah Lace-Up Sneakers,CLN,Women > Shoes > Sneakers,26.43,29.37,https://www.zalora.com.ph/p/cln-deborah-lace-up-sneakers-white-4328437
Deep V-neck Blouse YX677,Twenty Eight Shoes,Women > Clothing > Tops > Blouses,32.96,47.06,https://www.zalora.com.ph/p/twenty-eight-shoes-deep-v-neck-blouse-yx677-white-3151518
Delaney Pinstripe Long Sleeve Office Blouse,BADOMODA,Women > Clothing > Tops > Shirts,12.98,12.98,https://www.zalora.com.ph/p/badomoda-delaney-pinstripe-long-sleeve-office-blouse-blue-2683484
Delano,AIRWALK,Men > Shoes > Sneakers,36.49,36.49,https://www.zalora.com.ph/p/airwalk-delano-black-3985029
Delicat Heeled Shoes,ALDO,Women > Shoes > Heels > Low Heels,60.4,86.44,https://www.zalora.com.ph/p/aldo-delicat-heeled-shoes-multi-4211253
Delicato Crystal-Buckle Mary-Jane Mules,FITFLOP,Women > Shoes > Flats > Ballerinas,117.47,130.52,https://www.zalora.com.ph/p/fitflop-delicato-crystal-buckle-mary-jane-mules-black-4127823
Delicato Glitz-Bow Leather Ballet Flats,FITFLOP,Women > Shoes > Flats,117.47,130.52,https://www.zalora.com.ph/p/fitflop-delicato-glitz-bow-leather-ballet-flats-black-4234078
Della Long Sleeve Button Down Office Blouse,BADOMODA,Women > Clothing > Tops > Shirts,12.98,12.98,https://www.zalora.com.ph/p/badomoda-della-long-sleeve-button-down-office-blouse-blue-2129812
Della Long Sleeve Office Blouse,BADOMODA,Women > Clothing > Tops > Shirts,12.98,12.98,https://www.zalora.com.ph/p/badomoda-della-long-sleeve-office-blouse-red-2064576
Delta - Driving Shoes for Womens,Oxy Originals,Women > Shoes > Flats > Loafers & Boat Shoes,113.95,113.95,https://www.zalora.com.ph/p/oxy-originals-delta-driving-shoes-for-womens-beige-4341126
Denim Elastic Waist Jeans,Trendyol,Men > Clothing > Jeans > Regular,33.61,55.49,https://www.zalora.com.ph/p/trendyol-denim-elastic-waist-jeans-navy-3348411
Denim Mini Dress,Trendyol,Women > Clothing > Dresses > Summer Dresses,99.42,110.99,https://www.zalora.com.ph/p/trendyol-denim-mini-dress-blue-3636331
Denim Rhinestones Embellished Chunky Sole Sneakers,London Rag,Women > Shoes > Sneakers,30.84,47.33,https://www.zalora.com.ph/p/london-rag-denim-rhinestones-embellished-chunky-sole-sneakers-blue-3030710
Denim Shirt Dress,ASOS Design,Women > Clothing > Dresses > Mini Dresses,22.59,53.04,https://www.zalora.com.ph/p/asos-design-denim-shirt-dress-blue-3411705
Denim Skinny Ankle Jeans,Bossini Men,Men > Clothing > Jeans > Skinny,11.26,17.95,https://www.zalora.com.ph/p/bossini-men-denim-skinny-ankle-jeans-blue-3421507
Denim bustier top,H&M,Women > Clothing > Blazers,10.0,22.55,https://www.zalora.com.ph/p/hm-denim-bustier-top-blue-2893463
Denim bustier top,H&M,Women > Clothing > Blazers,10.0,22.55,https://www.zalora.com.ph/p/hm-denim-bustier-top-black-3159717
Denim pants,Desigual,Men > Clothing > Jeans,176.96,176.96,https://www.zalora.com.ph/p/desigual-denim-pants-blue-3648952
Denrev 3 Lightning Strike Snapcuff Joggers,SPARROW GREEN,Men > Clothing > Jeans > Regular,52.89,52.89,https://www.zalora.com.ph/p/sparrowgreen-denrev-3-lightning-strike-snapcuff-joggers-blue-1586261
Derby shoes,H&M,Men > Shoes > Loafers & Boat Shoes,40.65,40.65,https://www.zalora.com.ph/p/hm-derby-shoes-brown-4220825
Derby shoes,H&M,Women > Shoes > Flats > Ballerinas,65.14,65.14,https://www.zalora.com.ph/p/hm-derby-shoes-black-4240757
Design-Sense Long Length Windbreaker,Jnby,Women > Clothing > Jackets & Coats > Trench Coats,434.9,434.9,https://www.zalora.com.ph/p/jnby-design-sense-long-length-windbreaker-black-3717009
Designed for Training Workout Shorts,ADIDAS,Men > Sports > Clothing > Bottoms,30.51,35.91,https://www.zalora.com.ph/p/adidas-designed-for-training-workout-shorts-black-3259696
Desigual Man Long denim pants with pockets.,Desigual,Men > Clothing > Jeans,148.39,148.39,https://www.zalora.com.ph/p/desigual-desigual-man-long-denim-pants-with-pockets-black-3512649
Desigual Man Tapered jogger trousers.,Desigual,Men > Clothing > Pants > Casual,134.52,134.52,https://www.zalora.com.ph/p/desigual-desigual-man-tapered-jogger-trousers-white-3262720
Desigual Men's Shirts,Desigual,Men > Clothing > Shirts,105.95,105.95,https://www.zalora.com.ph/p/desigual-desigual-men-s-shirts-red-3648931
Desigual Woman Asymmetric design pullover.,Desigual,Women > Clothing > Knitwear & Cardigans,134.52,134.52,https://www.zalora.com.ph/p/desigual-desigual-woman-asymmetric-design-pullover-white-3197771
Desigual Woman Combined plain dress,Desigual,Women > Clothing > Dresses,190.84,190.84,https://www.zalora.com.ph/p/desigual-desigual-woman-combined-plain-dress-black-3590168
Desigual Woman Face print shirt.,Desigual,Women > Clothing > Tops > Shirts,105.95,105.95,https://www.zalora.com.ph/p/desigual-desigual-woman-face-print-shirt-white-3512656
Desigual Woman Floral midi dress.,Desigual,Women > Clothing > Dresses,176.96,176.96,https://www.zalora.com.ph/p/desigual-desigual-woman-floral-midi-dress-blue-3512617
Desigual Woman Fluid cargo pants.,Desigual,Women > Clothing > Pants & Leggings,134.52,134.52,https://www.zalora.com.ph/p/desigual-desigual-woman-fluid-cargo-pants-grey-3512679
Desigual Woman Gathered tulle wave T-shirt.,Desigual,Women > Clothing > Tops > T-Shirts,91.26,91.26,https://www.zalora.com.ph/p/desigual-desigual-woman-gathered-tulle-wave-t-shirt-blue-3245019
Desigual Woman Love Desigual T-shirt.,Desigual,Women > Clothing > Tops > T-Shirts,63.5,63.5,https://www.zalora.com.ph/p/desigual-desigual-woman-love-desigual-t-shirt-white-3457832
Desigual Woman M. Christian Lacroix brushstroke sweater.,Desigual,Women > Clothing > Knitwear & Cardigans,148.39,148.39,https://www.zalora.com.ph/p/desigual-desigual-woman-m-christian-lacroix-brushstroke-sweater-white-3590092
Desigual Woman M. Christian Lacroix midi shirt dress .,Desigual,Women > Clothing > Dresses,190.84,190.84,https://www.zalora.com.ph/p/desigual-desigual-woman-m-christian-lacroix-midi-shirt-dress-black-3262535
Desigual Woman Map playsuit.,Desigual,Women > Clothing > Playsuits & Jumpsuits,148.39,148.39,https://www.zalora.com.ph/p/desigual-desigual-woman-map-playsuit-blue-3312175
Desigual Woman Patchwork gathered T-shirt.,Desigual,Women > Clothing > Tops > T-Shirts,91.26,91.26,https://www.zalora.com.ph/p/desigual-desigual-woman-patchwork-gathered-t-shirt-black-3209958
Desigual Woman Shirt dress.,Desigual,Women > Clothing > Dresses,105.95,105.95,https://www.zalora.com.ph/p/desigual-desigual-woman-shirt-dress-red-3569625
Desigual Woman Straight long pants.,Desigual,Women > Clothing > Pants & Leggings,176.96,176.96,https://www.zalora.com.ph/p/desigual-desigual-woman-straight-long-pants-black-3569632
Desigual Woman Textured knit sweater.,Desigual,Women > Clothing > Knitwear & Cardigans,134.52,134.52,https://www.zalora.com.ph/p/desigual-desigual-woman-textured-knit-sweater-red-3512672
Desigual Woman Tie-dye print shirt.,Desigual,Women > Clothing > Tops > T-Shirts,105.95,105.95,https://www.zalora.com.ph/p/desigual-desigual-woman-tie-dye-print-shirt-multi-3590133
Desigual Woman Tropical tulle mini dress.,Desigual,Women > Clothing > Dresses,105.95,105.95,https://www.zalora.com.ph/p/desigual-desigual-woman-tropical-tulle-mini-dress-navy-3315058
Desigual Woman Written Body T-shirt.,Desigual,Women > Clothing > Tops > T-Shirts,91.26,91.26,https://www.zalora.com.ph/p/desigual-desigual-woman-written-body-t-shirt-black-3396053
Desigual Women's Dresses,Desigual,Women > Clothing > Dresses,134.52,134.52,https://www.zalora.com.ph/p/desigual-desigual-women-s-dresses-black-3649620
Desigual Women's Dresses,Desigual,Women > Clothing > Dresses,212.06,212.06,https://www.zalora.com.ph/p/desigual-desigual-women-s-dresses-brown-3649693
Desigual Women's Skirts,Desigual,Women > Clothing > Skirts,148.39,148.39,https://www.zalora.com.ph/p/desigual-desigual-women-s-skirts-multi-3649260
Desigual Women's Skirts,Desigual,Women > Clothing > Skirts,119.83,119.83,https://www.zalora.com.ph/p/desigual-desigual-women-s-skirts-blue-3649282
Desigual Women's Skirts,Desigual,Women > Clothing > Skirts,105.95,105.95,https://www.zalora.com.ph/p/desigual-desigual-women-s-skirts-brown-3649268
Desigual Women's Tops,Desigual,Women > Clothing > Tops > T-Shirts,91.26,91.26,https://www.zalora.com.ph/p/desigual-desigual-women-s-tops-black-3649603
Desigual Women's Tops,Desigual,Women > Clothing > Tops > Blouses,91.26,91.26,https://www.zalora.com.ph/p/desigual-desigual-women-s-tops-red-3649051
Deverena Sandals,ALDO,Women > Shoes > Sandals > Flat Sandals,32.57,58.69,https://www.zalora.com.ph/p/aldo-deverena-sandals-multi-4189769
Devon Knit Dress,Savel,Women > Clothing > Dresses,82.42,82.42,https://www.zalora.com.ph/p/savel-devon-knit-dress-orange-2801172
Diamante Brooch Detail Satin Pumps In Black,Rag & CO.,Women > Shoes > Heels > Pumps,47.65,67.9,https://www.zalora.com.ph/p/rag-co-diamante-brooch-detail-satin-pumps-in-black-black-3577319
Dianah Heeled Sandals,Call It Spring,Women > Shoes > Heels > Mid Heels,12.24,40.73,https://www.zalora.com.ph/p/call-it-spring-dianah-heeled-sandals-black-3488836
Diego Loungewear,THE LOUNGE EDIT,Men > Clothing > Underwear & Loungewear > Loungewear,21.79,21.79,https://www.zalora.com.ph/p/the-lounge-edit-diego-loungewear-white-2401456
Dinasami03 Sneakers,ALDO,Men > Shoes > Sneakers,108.41,123.07,https://www.zalora.com.ph/p/aldo-dinasami03-sneakers-multi-4009071
Dinbrenn Derby Shoes,ALDO,Men > Shoes > Sneakers,82.13,91.34,https://www.zalora.com.ph/p/aldo-dinbrenn-derby-shoes-black-3039539
Dino Sore Oversized Mumma T-shirt,THE MOM STORE,Women > Clothing > Tops > T-Shirts,11.53,11.53,https://www.zalora.com.ph/p/the-mom-store-dino-sore-oversized-mumma-t-shirt-blue-3709003
Ditsy Floral Ribbed Mini Skort With Bow,JUST G,Women > Clothing > Skirts > Mini Skirts,10.0,24.97,https://www.zalora.com.ph/p/just-g-ditsy-floral-ribbed-mini-skort-with-bow-white-3541902
Ditsy Floral Sweetheart Top With Bow Detail,JUST G,Women > Clothing > Tops > Blouses,13.06,16.31,https://www.zalora.com.ph/p/just-g-ditsy-floral-sweetheart-top-with-bow-detail-blue-3545744
Dixie Indigo Mid Wash Straight Leg Denim Jean,GWD,Women > Clothing > Jeans,62.41,62.41,https://www.zalora.com.ph/p/gwd-dixie-indigo-mid-wash-straight-leg-denim-jean-blue-3565823
Docksides Men's Shoes,Sebago,Men > Shoes > Loafers & Boat Shoes,111.01,111.01,https://www.zalora.com.ph/p/sebago-docksides-men-s-shoes-brown-1665439
Dockyard,Quiksilver,Men > Shoes > Sandals & Flip Flops > Sandals,29.96,29.96,https://www.zalora.com.ph/p/quiksilver-dockyard-black-4081491
Doll V Flats,Melissa,Women > Shoes > Flats > Ballerinas,76.65,76.65,https://www.zalora.com.ph/p/melissa-doll-v-flats-brown-4324156
Dominic Loafers,Kenneth Cole,Men > Shoes > Loafers & Boat Shoes,129.78,129.78,https://www.zalora.com.ph/p/kenneth-cole-dominic-loafers-brown-4214931
Donald Oxford Shoes,ALDO,Men > Shoes > Formal,108.02,123.99,https://www.zalora.com.ph/p/aldo-donald-oxford-shoes-brown-3472581
Dorenna Slingback Heeled Sandals,ALDO,Women > Shoes > Sandals,63.59,63.59,https://www.zalora.com.ph/p/aldo-dorenna-slingback-heeled-sandals-black-2715675
Dorra Comfy Ballerina,My Ballerine,Women > Shoes > Flats > Ballerinas,46.51,59.24,https://www.zalora.com.ph/p/my-ballerine-dorra-comfy-ballerina-black-3643907
Dot Snowflakes Slim Fit Shirt,SST&C,Men > Clothing > Shirts > Formal,73.43,73.43,https://www.zalora.com.ph/p/sst-c-dot-snowflakes-slim-fit-shirt-white-3722644
Double Breasted Coat,DeFacto,Women > Clothing > Jackets & Coats > Coats,167.45,180.37,https://www.zalora.com.ph/p/defacto-double-breasted-coat-brown-3737600
Double Breasted Collar Belted Jumpsuit,Bianco Lucci,Women > Clothing > Playsuits & Jumpsuits,17.37,32.47,https://www.zalora.com.ph/p/bianco-lucci-double-breasted-collar-belted-jumpsuit-blue-3526110
Double Breasted Flap Pockets Coat,KOTON,Women > Clothing > Jackets & Coats > Coats,99.89,99.89,https://www.zalora.com.ph/p/koton-double-breasted-flap-pockets-coat-beige-3408814
Double Breasted Neck Belted Dress,Bianco Lucci,Women > Clothing > Dresses > Maxi Dresses,19.07,31.82,https://www.zalora.com.ph/p/bianco-lucci-double-breasted-neck-belted-dress-black-3526093
Double Button Blazer,Trendyol,Women > Clothing > Blazers,49.92,58.59,https://www.zalora.com.ph/p/trendyol-double-button-blazer-green-2629400
Double-breasted jacket,H&M,Women > Clothing > Jackets & Coats,37.38,53.71,https://www.zalora.com.ph/p/hm-double-breasted-jacket-black-3691148
Dr Cardin Drift Women Laced-Up Comfort Sneakers L-RSC-3833,Dr. Cardin,Women > Shoes > Sneakers,37.61,70.95,https://www.zalora.com.ph/p/dr-cardin-dr-cardin-drift-women-laced-up-comfort-sneakers-l-rsc-3833-beige-4173933
Dr Cardin Ladies Comfort Sandal L-PRH-9308,Dr. Cardin,Women > Shoes > Flip-Flops,10.81,22.03,https://www.zalora.com.ph/p/dr-cardin-dr-cardin-ladies-comfort-sandal-l-prh-9308-beige-4098811
Dr Cardin Ladise Comfort Slides Sandals L-SLO-1799,Dr. Cardin,Women > Shoes > Sandals,10.0,24.36,https://www.zalora.com.ph/p/dr-cardin-dr-cardin-ladise-comfort-slides-sandals-l-slo-1799-brown-4041281
Dr Cardin Men  Pillow Foam  Lightweight Slip-On Sock Sneaker JIF-60905,Dr. Cardin,Men > Shoes > Sneakers,29.37,54.24,https://www.zalora.com.ph/p/dr-cardin-dr-cardin-men-pillow-foam-lightweight-slip-on-sock-sneaker-jif-60905-grey-2956366
Dr Cardin Men Adjustable Triple Strappy Chunky Walking Sandals D-EOR-8376,Dr. Cardin,Men > Shoes > Slip-Ons,23.62,48.69,https://www.zalora.com.ph/p/dr-cardin-dr-cardin-men-adjustable-triple-strappy-chunky-walking-sandals-d-eor-8376-navy-4252546
Dr Cardin Men Air Pillow Flow Comfort Sandals with Detachable Upper D-RLL-8369,Dr. Cardin,Men > Shoes > Slip-Ons,21.93,54.19,https://www.zalora.com.ph/p/dr-cardin-dr-cardin-men-air-pillow-flow-comfort-sandals-with-detachable-upper-d-rll-8369-black-4242455
Dr Cardin Men Casual Synthetic Leather Cushioned Men Sandals D-GP1-8251,Dr. Cardin,Men > Shoes > Sandals & Flip Flops,14.55,29.57,https://www.zalora.com.ph/p/dr-cardin-dr-cardin-men-casual-synthetic-leather-cushioned-men-sandals-d-gp1-8251-brown-4257788
Dr Cardin Men Casual Synthetic Leather Cushioned Men Sandals D-GP1-8251,Dr. Cardin,Men > Shoes > Sandals & Flip Flops,14.55,29.57,https://www.zalora.com.ph/p/dr-cardin-dr-cardin-men-casual-synthetic-leather-cushioned-men-sandals-d-gp1-8251-black-4257745
Dr Cardin Men Comfort Slides Sandals D-SLY-8366,Dr. Cardin,Men > Shoes > Slip-Ons,14.02,28.48,https://www.zalora.com.ph/p/dr-cardin-dr-cardin-men-comfort-slides-sandals-d-sly-8366-blue-4188362
Dr Cardin Men Flow-in Lace-Up Sneaker VAB-61200,Dr. Cardin,Men > Shoes > Sneakers,19.63,83.78,https://www.zalora.com.ph/p/dr-cardin-dr-cardin-men-flow-in-lace-up-sneaker-vab-61200-beige-4041291
Dr Cardin Men Lace-Up with CLOUD FOAM Stylish Sneaker EMO-60638,Dr. Cardin,Men > Shoes > Sneakers,32.7,88.34,https://www.zalora.com.ph/p/dr-cardin-dr-cardin-men-lace-up-with-cloud-foam-stylish-sneaker-emo-60638-black-3974886
Dr Cardin Men Lightweight Closed Toe Fisherman Outdoor Walking Sandals D-HOO-8356,Dr. Cardin,Men > Shoes > Sandals & Flip Flops,25.85,53.62,https://www.zalora.com.ph/p/dr-cardin-dr-cardin-men-lightweight-closed-toe-fisherman-outdoor-walking-sandals-d-hoo-8356-beige-4257795
Dr Cardin Men Pillow Foam Lightweight Lace-Up Sneaker JIK-61085,Dr. Cardin,Men > Shoes > Sneakers,52.94,52.94,https://www.zalora.com.ph/p/dr-cardin-dr-cardin-men-pillow-foam-lightweight-lace-up-sneaker-jik-61085-brown-3478370
Dr Cardin Men Trendy Ultralight and Anti-Slip Outdoor Eva Sandal DH-C-HM2-3025,Dr. Cardin,Men > Shoes > Slip-Ons,16.07,35.21,https://www.zalora.com.ph/p/dr-cardin-dr-cardin-men-trendy-ultralight-and-anti-slip-outdoor-eva-sandal-dh-c-hm2-3025-black-3964316
Dr Cardin Men Ultra Light Casual Sandal D-BIG-60996,Dr. Cardin,Men > Shoes > Slip-Ons,10.0,26.27,https://www.zalora.com.ph/p/dr-cardin-dr-cardin-men-ultra-light-casual-sandal-d-big-60996-brown-3939500
Dr Cardin The Origin: Heritage Collection Men Sneaker RJC-61178 | Denim/Faux Suede/Leather,Dr. Cardin,Men > Shoes > Sneakers,31.98,66.31,https://www.zalora.com.ph/p/dr-cardin-dr-cardin-the-origin-heritage-collection-men-sneaker-rjc-61178-denim-faux-suede-leather-multi-4173945
Dr Cardin UNISEX Classic Lace-Up Sneaker A3E-60981,Dr. Cardin,Men > Shoes > Sneakers,16.39,48.06,https://www.zalora.com.ph/p/dr-cardin-dr-cardin-unisex-classic-lace-up-sneaker-a3e-60981-blue-2328507
Dr Cardin Women Lush 3-inch Heels | Satin Mesh L-RNR-9003,Dr. Cardin,Women > Shoes > Heels,36.74,56.65,https://www.zalora.com.ph/p/dr-cardin-dr-cardin-women-lush-3-inch-heels-satin-mesh-l-rnr-9003-black-4252589
Dr Cardin Women Lush Heels 1.5 inch L-RNB-9319,Dr. Cardin,Women > Shoes > Heels,31.39,63.23,https://www.zalora.com.ph/p/dr-cardin-dr-cardin-women-lush-heels-1-5-inch-l-rnb-9319-purple-4242584
Dr. Cardin Ladies THE Origin Sneaker Faux Leather L-RJA-3812,Dr. Cardin,Women > Shoes > Sneakers,23.86,52.52,https://www.zalora.com.ph/p/dr-cardin-dr-cardin-ladies-the-origin-sneaker-faux-leather-l-rja-3812-black-3883889
Dr. Cardin Ladies THE Origin Sneaker Faux Suede L-RJB-3813,Dr. Cardin,Women > Shoes > Sneakers,23.86,52.52,https://www.zalora.com.ph/p/dr-cardin-dr-cardin-ladies-the-origin-sneaker-faux-suede-l-rjb-3813-pink-3883865
Dr. Cardin Men Air Pillow Pulse Slides Sandals D-RLK-8028,Dr. Cardin,Men > Shoes > Slip-Ons,19.13,42.98,https://www.zalora.com.ph/p/dr-cardin-dr-cardin-men-air-pillow-pulse-slides-sandals-d-rlk-8028-brown-3868878
Dr. Cardin Men Buttery Soft Nimbus DH-F-RHR-3022,Dr. Cardin,Men > Shoes > Slip-Ons,19.18,43.07,https://www.zalora.com.ph/p/dr-cardin-dr-cardin-men-buttery-soft-nimbus-dh-f-rhr-3022-silver-3869912
Dr. Cardin Women Dewy 2-inch Heels | Glossy L-RIC-9382,Dr. Cardin,Women > Shoes > Heels,31.78,56.65,https://www.zalora.com.ph/p/dr-cardin-dr-cardin-women-dewy-2-inch-heels-glossy-l-ric-9382-red-4242464
Dr. Cardin Women Lace up Sneaker L-LC3-3727,Dr. Cardin,Women > Shoes > Sneakers,20.87,43.96,https://www.zalora.com.ph/p/dr-cardin-dr-cardin-women-lace-up-sneaker-l-lc3-3727-black-4001029
Dr.Cardin Women Lace up Sneaker L-LC5-3738,Dr. Cardin,Women > Shoes > Sneakers,25.3,52.79,https://www.zalora.com.ph/p/dr-cardin-dr-cardin-women-lace-up-sneaker-l-lc5-3738-black-silver-4062599
Draped Mock Neck Top,& Other Stories,Women > Clothing > Tops,75.01,75.01,https://www.zalora.com.ph/p/other-stories-draped-mock-neck-top-blue-3086216
Draped Top,& Other Stories,Women > Clothing > Tops > Blouses,40.77,81.54,https://www.zalora.com.ph/p/other-stories-draped-top-green-3671549
Draped cotton top,H&M,Women > Clothing > Tops,10.0,20.04,https://www.zalora.com.ph/p/hm-draped-cotton-top-3206846
Draped drawstring dress,H&M,Women > Clothing > Dresses,56.97,56.97,https://www.zalora.com.ph/p/hm-draped-drawstring-dress-black-3744468
Draped dress,H&M,Women > Clothing > Dresses,21.06,27.59,https://www.zalora.com.ph/p/hm-draped-dress-beige-2925975
Draped dress,H&M,Women > Clothing > Dresses,21.06,27.59,https://www.zalora.com.ph/p/hm-draped-dress-black-3031947
Draped dress,H&M,Women > Clothing > Dresses,21.06,27.59,https://www.zalora.com.ph/p/hm-draped-dress-black-2925974
Draped one-shoulder dress,H&M,Women > Clothing > Dresses,24.32,37.38,https://www.zalora.com.ph/p/hm-draped-one-shoulder-dress-beige-3269070
Drawstring Cargo Sweatpants,DeFacto,Men > Clothing > Pants > Casual,29.92,42.43,https://www.zalora.com.ph/p/defacto-drawstring-cargo-sweatpants-beige-3611125
Drawstring Casual Jogger Pants,Trendyshop,Men > Clothing > Pants > Casual,55.31,79.8,https://www.zalora.com.ph/p/trendyshop-drawstring-casual-jogger-pants-grey-3480873
Drawstring Shorts,ARMA,Men > Clothing > Shorts,10.82,29.37,https://www.zalora.com.ph/p/arma-drawstring-shorts-brown-3303953
Drawstring Sweatpants,Trendyol,Men > Clothing > Pants > Casual,35.9,41.61,https://www.zalora.com.ph/p/trendyol-drawstring-sweatpants-black-3126355
Drawstring Waist Wide-legged Pants LK-DPK2661,Twenty Eight Shoes,Men > Clothing > Pants,53.63,59.73,https://www.zalora.com.ph/p/twenty-eight-shoes-drawstring-waist-wide-legged-pants-lk-dpk2661-grey-3133137
Drawstring waist chino Pants GJL8068,Twenty Eight Shoes,Men > Clothing > Pants > Casual,45.06,56.16,https://www.zalora.com.ph/p/twenty-eight-shoes-drawstring-waist-chino-pants-gjl8068-black-2597598
Dress,Jnby,Women > Clothing > Dresses,315.24,315.24,https://www.zalora.com.ph/p/jnby-dress-black-3655723
Dress,Jnby,Women > Clothing > Dresses,315.24,315.24,https://www.zalora.com.ph/p/jnby-dress-3655747
Dri Plus Ladies’ Anti-Odor Sweat Wicking Cotton+ Shirt 1 pc DULSR3401,Burlington,Women > Clothing > Tops > T-Shirts,10.0,10.0,https://www.zalora.com.ph/p/burlington-dri-plus-ladies-anti-odor-sweat-wicking-cotton-shirt-1-pc-dulsr3401-black-3169787
Dri Plus Men's Dragon 2024 Washable Multi-Functional Moisture Wicking Balaclava 1 piece DMBD4101,Burlington,Men > Accessories > Scarves & Shawls,10.0,10.0,https://www.zalora.com.ph/p/burlington-dri-plus-men-s-dragon-2024-washable-multi-functional-moisture-wicking-balaclava-1-piece-dmbd4101-multi-3310796
Dri Plus Men's Japanese Art Yama Washable Multi-Functional Moisture Wicking Balaclava 1 Piece DMB3303,Burlington,Men > Accessories > Scarves & Shawls,10.0,10.0,https://www.zalora.com.ph/p/burlington-dri-plus-men-s-japanese-art-yama-washable-multi-functional-moisture-wicking-balaclava-1-piece-dmb3303-beige-2848473
Dri Plus Men's Japanese Doripurasu Motorcycle Dri Jersey Long Sleeve 1 Piece DMSRL2401,Burlington,Sports > Men's Sports > Men's Sports,22.94,22.94,https://www.zalora.com.ph/p/burlington-dri-plus-men-s-japanese-doripurasu-motorcycle-dri-jersey-long-sleeve-1-piece-dmsrl2401-multi-2694933
Dri Plus Men's Motorcycle Socks,Burlington,Men > Clothing > Socks > Calf-length socks,10.0,10.0,https://www.zalora.com.ph/p/burlington-dri-plus-men-s-motorcycle-socks-grey-2198580
Dri Plus Men’s Endurance Extreme Performance Crew Socks DMS4107,Burlington,Men > Clothing > Socks > Calf-length socks,10.0,10.0,https://www.zalora.com.ph/p/burlington-dri-plus-men-s-endurance-extreme-performance-crew-socks-dms4107-navy-3368791
Dri+ Dmskg15 Men's Thick Cotton Sports Ankle Socks 3 Pairs In A Pack,PUMA,Men > Clothing > Socks > Ankle socks,10.0,10.0,https://www.zalora.com.ph/p/puma-dri-dmskg15-men-s-thick-cotton-sports-ankle-socks-3-pairs-in-a-pack-grey-2174922
Drirani Wedge Sandals,ALDO,Women > Shoes > Wedges > Wedge Sandals,106.34,115.83,https://www.zalora.com.ph/p/aldo-drirani-wedge-sandals-black-3918661
Drymos Lace Up Shoes,ALDO,Men > Shoes > Sneakers,137.05,137.05,https://www.zalora.com.ph/p/aldo-drymos-lace-up-shoes-grey-3039721
Drymos Lace Up Shoes,ALDO,Men > Shoes > Men's Shoes,80.35,114.19,https://www.zalora.com.ph/p/aldo-drymos-lace-up-shoes-black-3509903
Dual Buckle Sandals,Trendyol,Women > Shoes > Sandals,25.17,45.69,https://www.zalora.com.ph/p/trendyol-dual-buckle-sandals-brown-4293671
Dulce Satin Midi Dress,FORCAST,Women > Clothing > Dresses > Summer Dresses,119.01,119.01,https://www.zalora.com.ph/p/forcast-dulce-satin-midi-dress-navy-3759170
Dunelite Pyla Sde Women's Seasonal Sandals,Palladium,Women > Shoes > Sandals > Flat Sandals,78.36,78.36,https://www.zalora.com.ph/p/palladium-dunelite-pyla-sde-women-s-seasonal-sandals-brown-4310827
Dunk Low SE Women's Shoes,Nike,Sports > Women's Sports > Footwear > Sneakers,96.4,102.77,https://www.zalora.com.ph/p/nike-dunk-low-se-women-s-shoes-white-4258733
Dunk Low Shoes,Nike,Sports > Women's Sports > Footwear > Sneakers,103.65,109.3,https://www.zalora.com.ph/p/nike-dunk-low-shoes-white-3843258
Dylan Short Dress,Cole Vintage,Women > Clothing > Dresses > Maxi Dresses,13.87,27.74,https://www.zalora.com.ph/p/cole-vintage-dylan-short-dress-green-3238371
Dynasoft UA900 Lifestyle Shoes,New Balance,Sports > Women's Sports > Footwear > Sneakers,86.77,106.03,https://www.zalora.com.ph/p/new-balance-dynasoft-ua900-lifestyle-shoes-grey-4182534
Dynasoft UA950 Lifestyle Shoes,New Balance,Sports > Women's Sports > Footwear > Sneakers,100.15,106.03,https://www.zalora.com.ph/p/new-balance-dynasoft-ua950-lifestyle-shoes-black-3964967
Dynasoft UA950 Lifestyle Shoes,New Balance,Sports > Women's Sports > Footwear > Sneakers,99.66,106.03,https://www.zalora.com.ph/p/new-balance-dynasoft-ua950-lifestyle-shoes-grey-3964975
E4843 Sports Toe Socks,Aonijie,Men > Sports > Clothing > Socks,22.28,22.28,https://www.zalora.com.ph/p/aonijie-e4843-sports-toe-socks-orange-3648827
ELOISE Kurung,NH by NURITA HARITH,Women > Clothing > Women's Clothing,102.16,207.31,https://www.zalora.com.ph/p/nh-by-nurita-harith-eloise-kurung-yellow-3514310
EMBELLISHED BUCKED LOAFER,Nose,Women > Shoes > Flats > Loafers & Boat Shoes,48.96,55.49,https://www.zalora.com.ph/p/nose-embellished-bucked-loafer-red-3497345
EVA Sandals,Trendyol,Women > Shoes > Sandals,14.55,18.59,https://www.zalora.com.ph/p/trendyol-eva-sandals-navy-4293812
Easy Soft Sanya Women's Shoes,Easy Soft By World Balance,Women > Shoes > Flats > Ballerinas,10.0,10.0,https://www.zalora.com.ph/p/easy-soft-easy-soft-sanya-women-s-shoes-black-3234342
Echo Marbled Clog,Crocs,Men > Shoes > Slip-Ons,89.71,89.71,https://www.zalora.com.ph/p/crocs-echo-marbled-clog-grey-3816358
Eden Corset Off The Shoulder Midi Dress,Heather Clothing,Women > Clothing > Dresses > Evening Dresses,42.45,42.45,https://www.zalora.com.ph/p/heather-clothing-eden-corset-off-the-shoulder-midi-dress-pink-2775469
Edgar Derby Shoes,ALDO,Men > Shoes > Formal,115.63,135.42,https://www.zalora.com.ph/p/aldo-edgar-derby-shoes-black-3472549
Elabrintar Sneakers,ALDO,Women > Shoes > Sneakers,114.19,114.19,https://www.zalora.com.ph/p/aldo-elabrintar-sneakers-pink-4189844
Elastic Plaid Suit Jacket LB6625,HAPPY FRIDAYS,Men > Clothing > Blazers & Suits > Suit Jacket,84.24,103.83,https://www.zalora.com.ph/p/happy-fridays-elastic-plaid-suit-jacket-lb6625-n-a-3034035
Elastic Waist Contrast Fold Jogger Pants,Hopeshow,Women > Clothing > Pants & Leggings,36.55,36.55,https://www.zalora.com.ph/p/hopeshow-elastic-waist-contrast-fold-jogger-pants-black-2377896
Eleanee Comfy Ballerina,My Ballerine,Women > Shoes > Flats > Ballerinas,49.61,65.61,https://www.zalora.com.ph/p/my-ballerine-eleanee-comfy-ballerina-beige-3163929
Elegant Chiffon Three Quarter Sleeve Blouse YGH-EQ308,HAPPY FRIDAYS,Women > Clothing > Tops > Blouses,51.9,71.81,https://www.zalora.com.ph/p/happy-fridays-elegant-chiffon-three-quarter-sleeve-blouse-ygh-eq308-blue-3390379
Elegant Chiffon Three Quarter Sleeve Blouse YGH-EQ308,HAPPY FRIDAYS,Women > Clothing > Tops > Blouses,51.9,71.81,https://www.zalora.com.ph/p/happy-fridays-elegant-chiffon-three-quarter-sleeve-blouse-ygh-eq308-red-3390356
Elegant Fashionable Commuter Suit Set YGH-EM6612set,HAPPY FRIDAYS,Women > Clothing > Pants & Leggings > Straight Leg Pants,108.22,119.65,https://www.zalora.com.ph/p/happy-fridays-elegant-fashionable-commuter-suit-set-ygh-em6612set-black-3404992
Elegant Front Slit Pleated Skirt CZJ2285,Twenty Eight Shoes,Women > Clothing > Skirts > Midi Skirts,40.8,56.63,https://www.zalora.com.ph/p/twenty-eight-shoes-elegant-front-slit-pleated-skirt-czj2285-pink-2824294
Elegant Gradient Gold Yarn Maxi Skirt AF1825,Twenty Eight Shoes,Women > Clothing > Skirts > Maxi Skirts,32.0,36.57,https://www.zalora.com.ph/p/twenty-eight-shoes-elegant-gradient-gold-yarn-maxi-skirt-af1825-blue-2597656
Elegant Hollow Lace Irregular One-Piece Dress A22050701BL,Sunnydaysweety,Women > Clothing > Dresses > Summer Dresses,67.21,67.21,https://www.zalora.com.ph/p/sunnydaysweety-elegant-hollow-lace-irregular-one-piece-dress-a22050701bl-blue-2531244
Elegant Off-Shoulder Dress Set YBZ2960,Twenty Eight Shoes,Women > Clothing > Knitwear & Cardigans,42.92,61.2,https://www.zalora.com.ph/p/twenty-eight-shoes-elegant-off-shoulder-dress-set-ybz2960-black-white-3151591
Elegant Pointy Leather Flat Sandals TH688-13,Twenty Eight Shoes,Women > Shoes > Sandals > Flat Sandals,49.29,70.33,https://www.zalora.com.ph/p/twenty-eight-shoes-elegant-pointy-leather-flat-sandals-th688-13-white-2610872
Elegant Suit Vest Set YGH-EY8918set,HAPPY FRIDAYS,Women > Clothing > Pants & Leggings > Straight Leg Pants,97.28,121.6,https://www.zalora.com.ph/p/happy-fridays-elegant-suit-vest-set-ygh-ey8918set-n-a-3584021
Elegant banquet evening dress black velvet dress CA092623,Sunnydaysweety,Women > Clothing > Dresses,57.95,57.95,https://www.zalora.com.ph/p/sunnydaysweety-elegant-banquet-evening-dress-black-velvet-dress-ca092623-black-3155350
Elegant satin lantern sleeve waist design dress A121822BL,Sunnydaysweety,Women > Clothing > Dresses,48.81,48.81,https://www.zalora.com.ph/p/sunnydaysweety-elegant-satin-lantern-sleeve-waist-design-dress-a121822bl-blue-3209678
Elephant Wide Legged Pants,Chictees,Women > Clothing > Pants & Leggings > Wide-legged Pants,24.47,24.47,https://www.zalora.com.ph/p/chictees-elephant-wide-legged-pants-blue-3645889
Eleynora Ballet Flats,Call It Spring,Women > Shoes > Flats > Ballerinas,26.12,37.47,https://www.zalora.com.ph/p/call-it-spring-eleynora-ballet-flats-black-3971764
Elgata Cupsole Sneakers,ALDO,Women > Shoes > Sneakers,76.86,101.13,https://www.zalora.com.ph/p/aldo-elgata-cupsole-sneakers-white-4315324
Eliaa Heeled Shoes,ALDO,Women > Shoes > Heels > Low Heels,53.87,79.91,https://www.zalora.com.ph/p/aldo-eliaa-heeled-shoes-white-4234974
Elianie Heeled Shoes,ALDO,Women > Shoes > Heels > Mid Heels,53.87,79.91,https://www.zalora.com.ph/p/aldo-elianie-heeled-shoes-black-4234971
Elie Ruched Padded Flats,Pazzion,Women > Shoes > Flats > Ballerinas,75.63,88.97,https://www.zalora.com.ph/p/pazzion-elie-ruched-padded-flats-black-4106152
Eliri Dress - Blue,THE LOUNGE EDIT,Women > Clothing > Dresses > Maxi Dresses,33.79,33.79,https://www.zalora.com.ph/p/the-lounge-edit-eliri-dress-blue-blue-3041592
Ella Casual Flat Sandals,Happy2U,Women > Shoes > Heels > Mid Heels,53.69,53.69,https://www.zalora.com.ph/p/happy2u-ella-casual-flat-sandals-black-3754283
Ellie Essie Women's Sandals,Vionic,Women > Shoes > Sandals > Flat Sandals,127.33,127.33,https://www.zalora.com.ph/p/vionic-ellie-essie-women-s-sandals-black-4253545
Ellipse Running Shoes,New Balance,Sports > Men's Sports > Footwear > Sneakers,137.69,159.9,https://www.zalora.com.ph/p/new-balance-ellipse-running-shoes-blue-4258826
Ellisy Ribbon Flats (1cm) - Beige,SAPPUN,Women > Shoes > Flats,34.28,48.97,https://www.zalora.com.ph/p/sappun-ellisy-ribbon-flats-1cm-beige-beige-4012274
Embellished Ballet Flats,& Other Stories,Women > Shoes > Flats > Ballerinas,130.52,130.52,https://www.zalora.com.ph/p/other-stories-embellished-ballet-flats-red-3669293
Embellished jersey shirt,H&M,Women > Clothing > Tops > Blouses,10.0,28.21,https://www.zalora.com.ph/p/hm-embellished-jersey-shirt-blue-2925618
Embellished pointelle-knit dress,H&M,Women > Clothing > Dresses,29.22,29.22,https://www.zalora.com.ph/p/hm-embellished-pointelle-knit-dress-red-3745220
Emberly Mules,CLN,Women > Shoes > Slip-Ons,22.02,24.47,https://www.zalora.com.ph/p/cln-emberly-mules-beige-4303708
Emberly Mules,CLN,Women > Shoes > Slip-Ons,22.02,24.47,https://www.zalora.com.ph/p/cln-emberly-mules-black-4303703
Embroidered Block Heeled Cowboy Boots,Trendyol,Women > Shoes > Boots > Heeled Boots,46.22,90.59,https://www.zalora.com.ph/p/trendyol-embroidered-block-heeled-cowboy-boots-brown-4293601
Embroidered Canvas Espadrilles HB45433,Twenty Eight Shoes,Women > Shoes > Flats > Espadrilles,67.7,81.79,https://www.zalora.com.ph/p/twenty-eight-shoes-embroidered-canvas-espadrilles-hb45433-blue-4140052
Embroidered Crocodile Sweatshirt,Lacoste,Men > Clothing > Hoodies & Sweatshirts > Sweatshirts,107.26,178.76,https://www.zalora.com.ph/p/lacoste-embroidered-crocodile-sweatshirt-grey-3664082
Embroidered Linen Espadrilles HB012,Twenty Eight Shoes,Women > Shoes > Flats > Espadrilles,67.7,81.79,https://www.zalora.com.ph/p/twenty-eight-shoes-embroidered-linen-espadrilles-hb012-beige-4139812
Embroidered Pajamas Set,Trendyol,Men > Clothing > Underwear & Loungewear > Loungewear,36.93,42.43,https://www.zalora.com.ph/p/trendyol-embroidered-pajamas-set-navy-3437437
Embroidered Retro Midi Dress,Hopeshow,Women > Clothing > Dresses,62.15,62.15,https://www.zalora.com.ph/p/hopeshow-embroidered-retro-midi-dress-white-3200508
Embroidered Shirt,Happiness Istanbul,Women > Clothing > Tops > Shirts,85.85,85.85,https://www.zalora.com.ph/p/happiness-istanbul-embroidered-shirt-black-3475957
Embroidered Slogan Basic Top,iROO,Women > Clothing > Tops,71.68,71.68,https://www.zalora.com.ph/p/iroo-embroidered-slogan-basic-top-white-3746396
Embroidery Cotton Casual Shorts GJL17552,Twenty Eight Shoes,Men > Clothing > Shorts > Chinos,34.61,44.4,https://www.zalora.com.ph/p/twenty-eight-shoes-embroidery-cotton-casual-shorts-gjl17552-beige-2592151
Embroidery Cotton Casual Shorts GJL18651,Twenty Eight Shoes,Men > Clothing > Shorts > Chinos,34.61,44.4,https://www.zalora.com.ph/p/twenty-eight-shoes-embroidery-cotton-casual-shorts-gjl18651-blue-2592109
Embroidery Detail Shirt,Trendyol,Men > Clothing > Shirts > Long Sleeve,10.0,50.74,https://www.zalora.com.ph/p/trendyol-embroidery-detail-shirt-white-3600189
Embroidery Lace Detail Retro Vest,iROO,Women > Clothing > Tops,94.72,94.72,https://www.zalora.com.ph/p/iroo-embroidery-lace-detail-retro-vest-multi-3687886
Embroidery Lamb Leather Mules HB1904832,Twenty Eight Shoes,Women > Shoes > Sandals,58.07,64.01,https://www.zalora.com.ph/p/twenty-eight-shoes-embroidery-lamb-leather-mules-hb1904832-black-2973925
Emerson Comfy Ballerina,My Ballerine,Women > Shoes > Flats > Ballerinas,49.61,78.34,https://www.zalora.com.ph/p/my-ballerine-emerson-comfy-ballerina-silver-3683310
Emiko Fitted Slip Dress,FORCAST,Women > Clothing > Dresses > Work Dresses,38.28,76.56,https://www.zalora.com.ph/p/forcast-emiko-fitted-slip-dress-black-2978692
Emily High-Waisted Skinny Pants,FORCAST,Women > Clothing > Pants & Leggings > Skinny Pants,24.41,48.81,https://www.zalora.com.ph/p/forcast-emily-high-waisted-skinny-pants-beige-2975807
Escape - Slippers for Mens,Oxy Originals,Men > Shoes > Sandals & Flip Flops > Flip Flops,29.06,29.06,https://www.zalora.com.ph/p/oxy-originals-escape-slippers-for-mens-blue-4145812
Escape - Slippers for Mens,Oxy Originals,Men > Shoes > Sandals & Flip Flops > Flip Flops,29.06,29.06,https://www.zalora.com.ph/p/oxy-originals-escape-slippers-for-mens-green-4145815
Escape - Slippers for Womens,Oxy Originals,Women > Shoes > Flip-Flops,29.06,29.06,https://www.zalora.com.ph/p/oxy-originals-escape-slippers-for-womens-grey-4145821
Esmerie Wedges,ALDO,Women > Shoes > Wedges > Open Toes Wedges,114.19,114.19,https://www.zalora.com.ph/p/aldo-esmerie-wedges-multi-4189916
Esplendida,Grendha,Women > Shoes > Sandals > Flat Sandals,27.67,27.67,https://www.zalora.com.ph/p/grendha-esplendida-brown-4345520
Essential Lace Trim V T-Shirt,Superdry,Women > Clothing > Tops > T-Shirts,19.48,39.98,https://www.zalora.com.ph/p/superdry-essential-lace-trim-v-t-shirt-navy-3502628
Essentials 3-Stripes Stanford Joggers Open Hem,ADIDAS,Men > Sports > Clothing > Bottoms,37.55,37.55,https://www.zalora.com.ph/p/adidas-essentials-3-stripes-stanford-joggers-open-hem-black-3657791
Essentials Black Short-sleeved Leotard,SASSA,Sports > Women's Sports > Clothing > T-Shirts,10.0,10.0,https://www.zalora.com.ph/p/sassa-essentials-black-short-sleeved-leotard-black-2108696
Essentials Cloud T-shirt,Penshoppe,Women > Clothing > Tops > T-Shirts,10.0,10.0,https://www.zalora.com.ph/p/penshoppe-essentials-cloud-t-shirt-pink-3398441
Essentials T-Shirt,New Balance,Sports > Men's Sports > Clothing > T-Shirts,24.41,24.41,https://www.zalora.com.ph/p/new-balance-essentials-t-shirt-navy-3447691
Essentials Wide Rib T-Shirt,ADIDAS,Women > Sports > Clothing > Tops,39.18,39.18,https://www.zalora.com.ph/p/adidas-essentials-wide-rib-t-shirt-pink-3651485
Essex,AIRWALK,Men > Shoes > Sneakers,33.87,33.87,https://www.zalora.com.ph/p/airwalk-essex-multi-4188856
Essex,AIRWALK,Women > Shoes > Sneakers,33.87,33.87,https://www.zalora.com.ph/p/airwalk-essex-beige-4188858
Esther Heeled Sandals,ALDO,Women > Shoes > Heels > High Heels,60.4,86.44,https://www.zalora.com.ph/p/aldo-esther-heeled-sandals-brown-4211232
Esther Heels,ALDO,Women > Shoes > Heels > High Heels,104.4,104.4,https://www.zalora.com.ph/p/aldo-esther-heels-beige-4189991
Esther Long Sleeves Off Shoulder Top,Vero Moda,Women > Clothing > Tops,19.21,55.49,https://www.zalora.com.ph/p/vero-moda-esther-long-sleeves-off-shoulder-top-black-3547765
Ethnic Embroidered Trousers,KOTON,Women > Clothing > Pants & Leggings > Straight Leg Pants,33.56,47.33,https://www.zalora.com.ph/p/koton-ethnic-embroidered-trousers-brown-3587425
Ethnic Style Button Up Dress YX3030,Twenty Eight Shoes,Women > Clothing > Dresses,49.29,70.3,https://www.zalora.com.ph/p/twenty-eight-shoes-ethnic-style-button-up-dress-yx3030-black-3165862
Eve Slim Cargo Jeans,KOTON,Women > Clothing > Jeans > Flare Jeans,10.0,27.99,https://www.zalora.com.ph/p/koton-eve-slim-cargo-jeans-navy-3415511
Evelyynn Heeled Shoes,Call It Spring,Women > Shoes > Heels > Mid Heels,37.55,53.79,https://www.zalora.com.ph/p/call-it-spring-evelyynn-heeled-shoes-blue-4212563
Everyday Tee,MEMO,Men > Clothing > T-Shirts,10.0,10.0,https://www.zalora.com.ph/p/memo-everyday-tee-blue-2205348
Eyelet Detailed Flat Sole Riding Boots,Trendyol,Women > Shoes > Boots > Flat Boots,43.31,84.87,https://www.zalora.com.ph/p/trendyol-eyelet-detailed-flat-sole-riding-boots-brown-4293780
Eyelet Jersey Bodysuit With Shirring And Ruffle Detail,JUST G,Women > Clothing > Tops > Blouses,10.0,18.16,https://www.zalora.com.ph/p/just-g-eyelet-jersey-bodysuit-with-shirring-and-ruffle-detail-white-3746158
Eyelet Ribbon Low Heels,Happy2U,Women > Shoes > Heels > Pumps,39.16,55.33,https://www.zalora.com.ph/p/happy2u-eyelet-ribbon-low-heels-white-3873692
Eyelets & Studs Harness Ankle Boots in Black,London Rag,Women > Shoes > Boots > Heeled Boots,59.24,84.55,https://www.zalora.com.ph/p/london-rag-eyelets-studs-harness-ankle-boots-in-black-black-3573021
F-Luma Stitch Tumbled-Leather Penny Loafers,FITFLOP,Women > Shoes > Flats > Loafers & Boat Shoes,163.17,163.17,https://www.zalora.com.ph/p/fitflop-f-luma-stitch-tumbled-leather-penny-loafers-black-4235730
F-Mode Flow Crystal-Strap Quilted Mary Janes,FITFLOP,Women > Shoes > Sneakers,146.84,146.84,https://www.zalora.com.ph/p/fitflop-f-mode-flow-crystal-strap-quilted-mary-janes-black-4235802
F-Mode Flow Quilted-Knit Slip-On Sneakers,FITFLOP,Women > Shoes > Sneakers,123.99,123.99,https://www.zalora.com.ph/p/fitflop-f-mode-flow-quilted-knit-slip-on-sneakers-white-4235761
F-Mode Flow Sequin Suede/Leather Flatform Sneakers,FITFLOP,Women > Shoes > Sneakers,159.9,159.9,https://www.zalora.com.ph/p/fitflop-f-mode-flow-sequin-suede-leather-flatform-sneakers-black-4139906
F-Mode Flow Textured-Knit Slip-On Sneakers,FITFLOP,Women > Shoes > Sneakers,130.52,130.52,https://www.zalora.com.ph/p/fitflop-f-mode-flow-textured-knit-slip-on-sneakers-yellow-4225830
F-luma Square Chain Leather Loafers,FITFLOP,Women > Shoes > Flats > Loafers & Boat Shoes,156.64,156.64,https://www.zalora.com.ph/p/fitflop-f-luma-square-chain-leather-loafers-black-4072151
F2 Fashion & Freedom Polo Shirt,F2 - Fashion and Freedom,Men > Clothing > Polos,30.4,30.4,https://www.zalora.com.ph/p/f2-fashion-and-freedom-f2-fashion-freedom-polo-shirt-multi-2917790
F2 Fashion & Freedom Short Sleeves Shirt,F2 - Fashion and Freedom,Men > Clothing > Shirts,60.89,60.89,https://www.zalora.com.ph/p/f2-fashion-and-freedom-f2-fashion-freedom-short-sleeves-shirt-multi-2846887
FLICKER Plain Toe Double Monk Strap,Florsheim,Men > Shoes > Formal,195.88,195.88,https://www.zalora.com.ph/p/florsheim-flicker-plain-toe-double-monk-strap-brown-4186724
FLOA Slides Women's Slides,ONE UP,Women > Shoes > Sandals > Flat Sandals,10.0,13.16,https://www.zalora.com.ph/p/one-up-floa-slides-women-s-slides-black-white-4250130
FLUID HALTERNECK MINI DRESS,COS,Women > Clothing > Dresses,97.13,97.13,https://www.zalora.com.ph/p/cos-fluid-halterneck-mini-dress-red-3742439
Fabric Trousers Straight Leg Pleated,KOTON,Women > Clothing > Pants & Leggings > Straight Leg Pants,28.39,28.39,https://www.zalora.com.ph/p/koton-fabric-trousers-straight-leg-pleated-black-3407805
"Fadeaway 7"" Boardshort",NIKE SWIM,Sports > Men's Sports > Clothing > Swimwear & Beachwear,75.01,75.01,https://www.zalora.com.ph/p/nike-swim-fadeaway-7-boardshort-red-3476762
Faiith Block Heels,Call It Spring,Women > Shoes > Heels > Mid Heels,58.69,58.69,https://www.zalora.com.ph/p/call-it-spring-faiith-block-heels-grey-3624612
Fall in Love Bridal White Lace Shorts,DeFacto,Women > Clothing > Lingerie & Loungewear > Loungewear,10.0,17.83,https://www.zalora.com.ph/p/defacto-fall-in-love-bridal-white-lace-shorts-white-3736387
Fancy blouse,H&M,Women > Clothing > Tops > Blouses,10.0,28.21,https://www.zalora.com.ph/p/hm-fancy-blouse-grey-3118717
Fandom Suede Sneakers,PUMA,Men > Sports > Footwear > Sneakers,89.79,89.79,https://www.zalora.com.ph/p/puma-fandom-suede-sneakers-purple-2428420
Fasco Slides,CLN,Women > Shoes > Sandals > Flat Sandals,13.04,29.37,https://www.zalora.com.ph/p/cln-fasco-slides-beige-4312716
Fashionable Slim Cut Blazer-style Trench Coat YGH-EA2802,HAPPY FRIDAYS,Women > Clothing > Jackets & Coats > Coats,92.87,108.22,https://www.zalora.com.ph/p/happy-fridays-fashionable-slim-cut-blazer-style-trench-coat-ygh-ea2802-black-3583897
Fashionable Slim Cut Pleated Suit Dress YGH-EQ8835,HAPPY FRIDAYS,Women > Clothing > Dresses > Work Dresses,71.0,85.69,https://www.zalora.com.ph/p/happy-fridays-fashionable-slim-cut-pleated-suit-dress-ygh-eq8835-black-3247627
Fashionable Slim Cut Suit Set YGH-EL8667set,HAPPY FRIDAYS,Women > Clothing > Pants & Leggings > Straight Leg Pants,81.61,124.05,https://www.zalora.com.ph/p/happy-fridays-fashionable-slim-cut-suit-set-ygh-el8667set-beige-3516225
Fashionable Suit Pants Set YGH-EL2319S-pants set,HAPPY FRIDAYS,Women > Clothing > Pants & Leggings > Wide-legged Pants,77.22,110.34,https://www.zalora.com.ph/p/happy-fridays-fashionable-suit-pants-set-ygh-el2319s-pants-set-brown-3117307
Fashionable Suit Set YGH-EA8883-set,HAPPY FRIDAYS,Women > Clothing > Pants & Leggings > Straight Leg Pants,105.44,116.38,https://www.zalora.com.ph/p/happy-fridays-fashionable-suit-set-ygh-ea8883-set-beige-3113139
Fashionable Suit Set YGH-EA8883-set,HAPPY FRIDAYS,Women > Clothing > Pants & Leggings > Straight Leg Pants,105.44,116.38,https://www.zalora.com.ph/p/happy-fridays-fashionable-suit-set-ygh-ea8883-set-black-3113137
Fashionable Suit Set YGH-EM8115set,HAPPY FRIDAYS,Women > Clothing > Pants & Leggings > Straight Leg Pants,90.1,128.62,https://www.zalora.com.ph/p/happy-fridays-fashionable-suit-set-ygh-em8115set-black-3144859
Fashionable Temperament High-end Simple Sleeveless Round Neck Ruffled Vest Dress Classic Pure Red Matte Satin One-Piece Dress B22041208GR,Sunnydaysweety,Women > Clothing > Dresses > Summer Dresses,67.21,67.21,https://www.zalora.com.ph/p/sunnydaysweety-fashionable-temperament-high-end-simple-sleeveless-round-neck-ruffled-vest-dress-classic-pure-red-matte-satin-one-piece-dress-b22041208gr-green-2577403
Faux Fur Collar Jacket,Trendyol,Men > Clothing > Jackets & Coats,56.22,117.52,https://www.zalora.com.ph/p/trendyol-faux-fur-collar-jacket-black-3518566
Faux Fur Collar Knitted Cardigan,Trendyol,Women > Clothing > Knitwear & Cardigans,20.93,33.94,https://www.zalora.com.ph/p/trendyol-faux-fur-collar-knitted-cardigan-black-3056633
Faux Fur Detail Chunky Ankle Boots in Tan,London Rag,Women > Shoes > Boots > Ankle Boots,61.2,87.32,https://www.zalora.com.ph/p/london-rag-faux-fur-detail-chunky-ankle-boots-in-tan-brown-3543044
Faux Leather & Mesh Sneakers In Black,London Rag,Women > Shoes > Sneakers,49.61,90.1,https://www.zalora.com.ph/p/london-rag-faux-leather-mesh-sneakers-in-black-black-3861816
Faux Leather Ankle Boots in White,London Rag,Women > Shoes > Boots > Ankle Boots,72.14,79.98,https://www.zalora.com.ph/p/london-rag-faux-leather-ankle-boots-in-white-white-3652866
Faux Leather Aviator Embroidered Jacket MJ616,HAPPY FRIDAYS,Men > Clothing > Jackets & Coats > Leather Jackets,77.01,85.45,https://www.zalora.com.ph/p/happy-fridays-faux-leather-aviator-embroidered-jacket-mj616-black-2709430
Faux Leather Long Cowboy Boots in Black,London Rag,Women > Shoes > Boots > Heeled Boots,70.83,101.04,https://www.zalora.com.ph/p/london-rag-faux-leather-long-cowboy-boots-in-black-black-3533465
Faux Leather Mini Skirt,Trendyol,Women > Clothing > Skirts > Mini Skirts,26.41,37.86,https://www.zalora.com.ph/p/trendyol-faux-leather-mini-skirt-brown-3636229
Faux Leather Pin Buckle Platform Heels in Tan,London Rag,Women > Shoes > Heels > Platforms,50.75,67.41,https://www.zalora.com.ph/p/london-rag-faux-leather-pin-buckle-platform-heels-in-tan-brown-3652547
Faux Leather Pumps in White,London Rag,Women > Shoes > Heels > Pumps,42.43,65.28,https://www.zalora.com.ph/p/london-rag-faux-leather-pumps-in-white-white-3662644
Faux Suede Ballerina Flats,Soho,Women > Shoes > Flats > Ballerinas,55.31,66.92,https://www.zalora.com.ph/p/soho-faux-suede-ballerina-flats-multi-4277735
Faux Suede Boots,Soho,Women > Shoes > Boots > Heeled Boots,52.47,102.83,https://www.zalora.com.ph/p/soho-faux-suede-boots-multi-4277604
Faux Suede Boots,Soho,Women > Shoes > Boots > Heeled Boots,52.47,102.83,https://www.zalora.com.ph/p/soho-faux-suede-boots-multi-4276673
Faux Suede Platform Boots,Soho,Women > Shoes > Boots > Flat Boots,38.54,72.63,https://www.zalora.com.ph/p/soho-faux-suede-platform-boots-multi-4277619
Felippe-In Dress Shoes,ALDO,Men > Shoes > Formal,79.19,115.83,https://www.zalora.com.ph/p/aldo-felippe-in-dress-shoes-black-4189882
Felomina Blouse,Cole Vintage,Women > Clothing > Tops > Blouses,10.0,33.35,https://www.zalora.com.ph/p/cole-vintage-felomina-blouse-black-1929068
Field General Suede Shoes,Nike,Sports > Women's Sports > Footwear > Sneakers,92.92,102.77,https://www.zalora.com.ph/p/nike-field-general-suede-shoes-multi-3753508
Fine-Knit T-Shirt,MANGO Man,Men > Clothing > T-Shirts > Short Sleeves,32.57,32.57,https://www.zalora.com.ph/p/mango-man-fine-knit-t-shirt-beige-3741016
Finespec Sneakers,ALDO,Men > Shoes > Sneakers,92.92,110.93,https://www.zalora.com.ph/p/aldo-finespec-sneakers-black-3250706
Fino Bauble-bead Toe-post Sandals,FITFLOP,Women > Shoes > Sandals > Flat Sandals,111.59,123.99,https://www.zalora.com.ph/p/fitflop-fino-bauble-bead-toe-post-sandals-n-a-4064809
Fino Crystal-chain Leather Toe-post Sandals,FITFLOP,Women > Shoes > Sandals > Flat Sandals,111.59,123.99,https://www.zalora.com.ph/p/fitflop-fino-crystal-chain-leather-toe-post-sandals-n-a-4064823
Fino Sparkle Slides,FITFLOP,Women > Shoes > Wedges > Wedge Sandals,120.41,133.78,https://www.zalora.com.ph/p/fitflop-fino-sparkle-slides-black-4127816
Fino Women Multi-stone Leather Toe-post Sandals,FITFLOP,Women > Shoes > Sandals > Flat Sandals,105.71,117.46,https://www.zalora.com.ph/p/fitflop-fino-women-multi-stone-leather-toe-post-sandals-beige-4064871
Fiona Cargo Crepe Skirt,Guess,Women > Clothing > Skirts > Mini Skirts,24.47,79.96,https://www.zalora.com.ph/p/guess-fiona-cargo-crepe-skirt-brown-3652342
Fioretto Loafers,ALDO,Men > Shoes > Loafers & Boat Shoes,122.36,122.36,https://www.zalora.com.ph/p/aldo-fioretto-loafers-brown-4235020
Fitted Asymmetric Ruched Top,& Other Stories,Women > Clothing > Tops > Blouses,48.89,48.89,https://www.zalora.com.ph/p/other-stories-fitted-asymmetric-ruched-top-orange-2674477
Fitted Denim Ankle-Length Pants,Jnby,Women > Clothing > Jeans,172.72,172.72,https://www.zalora.com.ph/p/jnby-fitted-denim-ankle-length-pants-blue-3668687
Fitted Mulberry Silk Tube Top,& Other Stories,Women > Clothing > Tops > Sleeveless,130.52,130.52,https://www.zalora.com.ph/p/other-stories-fitted-mulberry-silk-tube-top-white-2842016
Fitted Short Knit Vest,Jnby,Women > Clothing > Knitwear & Cardigans,94.2,94.2,https://www.zalora.com.ph/p/jnby-fitted-short-knit-vest-black-3720725
Fitted Soft T-Shirt,& Other Stories,Women > Clothing > Tops > T-Shirts,32.57,32.57,https://www.zalora.com.ph/p/other-stories-fitted-soft-t-shirt-black-3086190
Fitted denim shirt,H&M,Women > Clothing > Tops > Blouses,24.32,53.71,https://www.zalora.com.ph/p/hm-fitted-denim-shirt-blue-3155111
Flared Blouse and Shorts Set,Trendyol,Women > Clothing > Tops > Blouses,23.15,37.04,https://www.zalora.com.ph/p/trendyol-flared-blouse-and-shorts-set-red-3062906
Flared Jeans for Women,Terranova,Women > Clothing > Jeans > Flare Jeans,24.41,24.41,https://www.zalora.com.ph/p/terranova-flared-jeans-for-women-blue-3379576
Flared Low Jeans,H&M,Women > Clothing > Jeans,11.41,24.32,https://www.zalora.com.ph/p/hm-flared-low-jeans-blue-3744005
Flared Mini Dress,Alacati,Women > Clothing > Dresses > Party Dresses,10.0,33.2,https://www.zalora.com.ph/p/alacati-flared-mini-dress-black-3731349
Flared Trousers,ASOS Design,Women > Clothing > Pants & Leggings,15.18,52.22,https://www.zalora.com.ph/p/asos-design-flared-trousers-green-3412006
Flared denim skirt,H&M,Women > Clothing > Skirts,56.97,56.97,https://www.zalora.com.ph/p/hm-flared-denim-skirt-white-3632859
Flared-skirt jersey dress,H&M,Women > Clothing > Dresses,11.41,14.68,https://www.zalora.com.ph/p/hm-flared-skirt-jersey-dress-green-2894068
Flat Leather Sandals,CARMELLETES,Women > Shoes > Sandals > Flat Sandals,19.59,19.59,https://www.zalora.com.ph/p/carmelletes-flat-leather-sandals-black-3520346
Fleece Shorts for Women,Terranova,Women > Clothing > Shorts > Casual Shorts,10.0,10.0,https://www.zalora.com.ph/p/terranova-fleece-shorts-for-women-red-3380333
Fleece Shorts for Women,Terranova,Women > Clothing > Shorts > Casual Shorts,10.0,10.0,https://www.zalora.com.ph/p/terranova-fleece-shorts-for-women-pink-3390945
Fleur Slide - Beaver Women's Sandals Land,Merrell,Women > Shoes > Sandals > Flat Sandals,61.79,74.93,https://www.zalora.com.ph/p/merrell-fleur-slide-beaver-women-s-sandals-land-beige-4267443
Flight Court Shoes,Jordan,Sports > Men's Sports > Footwear > Sneakers,94.6,94.6,https://www.zalora.com.ph/p/jordan-flight-court-shoes-white-3843394
Flip Flop Airflow Ad,Melissa,Women > Shoes > Flip-Flops,32.57,32.57,https://www.zalora.com.ph/p/melissa-flip-flop-airflow-ad-black-4223541
Flip Flop Airflow Ad,Melissa,Women > Shoes > Flip-Flops,32.57,32.57,https://www.zalora.com.ph/p/melissa-flip-flop-airflow-ad-white-4223549
Flite-R Performance Shoes,New Balance,Sports > Women's Sports > Footwear > Running Shoes,110.93,110.93,https://www.zalora.com.ph/p/new-balance-flite-r-performance-shoes-black-4339838
Floaty Strappy Midi Dress,& Other Stories,Women > Clothing > Dresses > Maxi Dresses,91.34,91.34,https://www.zalora.com.ph/p/other-stories-floaty-strappy-midi-dress-black-3492445
Flocked Polka Dot Mesh A-Line Skirt AF8351,Twenty Eight Shoes,Women > Clothing > Skirts > Maxi Skirts,32.8,35.08,https://www.zalora.com.ph/p/twenty-eight-shoes-flocked-polka-dot-mesh-a-line-skirt-af8351-blue-2928949
Floral Asymmetrical Mini Dress,DeFacto,Women > Clothing > Dresses > Mini Dresses,59.57,59.57,https://www.zalora.com.ph/p/defacto-floral-asymmetrical-mini-dress-black-3611468
Floral Block Print Skirt Set With Picoting,JUST G,Women > Clothing > Dresses > Mini Dresses,22.2,27.74,https://www.zalora.com.ph/p/just-g-floral-block-print-skirt-set-with-picoting-white-3397090
Floral Cami Midi Dress,Hopeshow,Women > Clothing > Dresses > Summer Dresses,43.08,43.08,https://www.zalora.com.ph/p/hopeshow-floral-cami-midi-dress-yellow-2378149
Floral Dress,Trendyol,Women > Clothing > Dresses > Mini Dresses,45.94,53.04,https://www.zalora.com.ph/p/trendyol-floral-dress-blue-3062142
Floral Layered Ballet Skirt,JUST G,Women > Clothing > Skirts > Mini Skirts,10.0,33.31,https://www.zalora.com.ph/p/just-g-floral-layered-ballet-skirt-multi-3192204
Floral Patterned Midi Skirt with Slit Detail,Trendyol,Women > Clothing > Skirts > Midi Skirts,19.0,28.55,https://www.zalora.com.ph/p/trendyol-floral-patterned-midi-skirt-with-slit-detail-red-3237349
Floral Print Jacquard Corset Bandeau in Black,London Rag,Women > Clothing > Tops > Sleeveless,18.92,54.02,https://www.zalora.com.ph/p/london-rag-floral-print-jacquard-corset-bandeau-in-black-black-3649880
Floral Print Ruched Waist Top,Saturday Club,Women > Clothing > Tops > Blouses,37.53,37.53,https://www.zalora.com.ph/p/saturday-club-floral-print-ruched-waist-top-white-2259285
Floral Printed Dress,Trendyol,Women > Clothing > Dresses > Summer Dresses,29.66,46.51,https://www.zalora.com.ph/p/trendyol-floral-printed-dress-blue-3777096
Floral Striped Shirt,Trendyol,Women > Clothing > Tops > Shirts,12.0,33.61,https://www.zalora.com.ph/p/trendyol-floral-striped-shirt-blue-3027638
Floral With Dotted Print Contrast Ruffle Dress,iROO,Women > Clothing > Dresses,167.22,167.22,https://www.zalora.com.ph/p/iroo-floral-with-dotted-print-contrast-ruffle-dress-multi-3242587
Floral contrast sweater,Desigual,Women > Clothing > Knitwear & Cardigans,134.52,134.52,https://www.zalora.com.ph/p/desigual-floral-contrast-sweater-white-3649313
Florida BF,Birkenstock,Women > Shoes > Sandals > Flat Sandals,105.95,105.95,https://www.zalora.com.ph/p/birkenstock-florida-bf-brown-3770977
Flounce Chiffon Dress,Trendyol,Women > Clothing > Dresses > Mini Dresses,50.51,53.53,https://www.zalora.com.ph/p/trendyol-flounce-chiffon-dress-multi-3237535
Flounce Hooded Sweat Dress,Cool & Sexy,Women > Clothing > Dresses > Maxi Dresses,15.57,29.7,https://www.zalora.com.ph/p/cool-sexy-flounce-hooded-sweat-dress-black-3535229
Flounce-trimmed mesh dress,H&M,Women > Clothing > Dresses,17.79,24.32,https://www.zalora.com.ph/p/hm-flounce-trimmed-mesh-dress-pink-2889178
Flounced Dress,Alacati,Women > Clothing > Dresses > Maxi Dresses,21.89,46.35,https://www.zalora.com.ph/p/alacati-flounced-dress-pink-3685919
Flounced Stand-Collar Blouse,& Other Stories,Women > Clothing > Tops > Blouses,45.67,91.34,https://www.zalora.com.ph/p/other-stories-flounced-stand-collar-blouse-blue-3770924
Flounced dress,H&M,Women > Clothing > Dresses,37.38,48.81,https://www.zalora.com.ph/p/hm-flounced-dress-black-3744502
Flow Up Sandal Off White,Zaxy,Women > Shoes > Heels > Platforms,44.0,44.0,https://www.zalora.com.ph/p/zaxy-flow-up-sandal-off-white-white-4295699
Fluorescent Magenta Kate Top,F2 - Fashion and Freedom,Women > Clothing > Tops > Blouses,43.44,43.44,https://www.zalora.com.ph/p/f2-fashion-and-freedom-fluorescent-magenta-kate-top-pink-3102058
Fluorescent Pink Linen Trousers,F2 - Fashion and Freedom,Women > Clothing > Pants & Leggings > Wide-legged Pants,78.28,78.28,https://www.zalora.com.ph/p/f2-fashion-and-freedom-fluorescent-pink-linen-trousers-pink-3102067
Flutter-sleeved bodycon dress,H&M,Women > Clothing > Dresses,10.0,22.55,https://www.zalora.com.ph/p/hm-flutter-sleeved-bodycon-dress-black-3097045
Fly Sky Silk Maxi Dress,F2 - Fashion and Freedom,Women > Clothing > Dresses > Maxi Dresses,119.58,119.58,https://www.zalora.com.ph/p/f2-fashion-and-freedom-fly-sky-silk-maxi-dress-multi-2485062
Fold-Over Calf-High Boots in Leopard,London Rag,Women > Shoes > Boots > Heeled Boots,66.75,95.16,https://www.zalora.com.ph/p/london-rag-fold-over-calf-high-boots-in-leopard-brown-3577361
Football F50 League Firm/Multi-Ground Boots Unisex White JI0005,ADIDAS,Men > Sports > Footwear > Outdoors,76.73,76.73,https://www.zalora.com.ph/p/adidas-football-f50-league-firm-multi-ground-boots-unisex-white-ji0005-white-3920738
Football Predator Club Fold-Over Tongue Firm Ground/Multi Ground Football Boots Unisex Pink HQ2273,ADIDAS,Men > Sports > Footwear > Outdoors,45.71,45.71,https://www.zalora.com.ph/p/adidas-football-predator-club-fold-over-tongue-firm-ground-multi-ground-football-boots-unisex-pink-hq2273-pink-4312256
Football Predator League Firm/Multi-Ground Boots Unisex Black ID1328,ADIDAS,Men > Sports > Footwear > Outdoors,81.62,81.62,https://www.zalora.com.ph/p/adidas-football-predator-league-firm-multi-ground-boots-unisex-black-id1328-black-3765129
Football Predator League Fold-Over Tongue Firm Ground Football Boots Unisex Black JS0425,ADIDAS,Men > Sports > Footwear > Outdoors,86.52,86.52,https://www.zalora.com.ph/p/adidas-football-predator-league-fold-over-tongue-firm-ground-football-boots-unisex-black-js0425-black-4254027
Forini Shoes,Call It Spring,Men > Shoes > Loafers & Boat Shoes,33.48,60.32,https://www.zalora.com.ph/p/call-it-spring-forini-shoes-black-4185085
Franchise Men's Slide Sandals,Jordan,Sports > Men's Sports > Footwear > Sneakers,30.94,30.94,https://www.zalora.com.ph/p/jordan-franchise-men-s-slide-sandals-red-4233205
Francos Sandals,ALDO,Women > Shoes > Sandals > Flat Sandals,71.41,88.07,https://www.zalora.com.ph/p/aldo-francos-sandals-green-3918690
Frankie Collection: Ribbed Bodycon Padded Onesie,Lotus Activewear,Sports > Women's Sports > Women's Sports,24.41,24.41,https://www.zalora.com.ph/p/lotus-activewear-frankie-collection-ribbed-bodycon-padded-onesie-green-3261271
Frankie Collection: Ribbed Bodycon Padded Onesie,Lotus Activewear,Sports > Women's Sports > Women's Sports,24.41,24.41,https://www.zalora.com.ph/p/lotus-activewear-frankie-collection-ribbed-bodycon-padded-onesie-black-3261273
Free 2025 Workout Shoes,Nike,Sports > Women's Sports > Footwear > Training Shoes,86.52,94.6,https://www.zalora.com.ph/p/nike-free-2025-workout-shoes-white-3843339
Free Cut Out Platform Sandals,Melissa,Women > Shoes > Wedges > Open Toes Wedges,81.54,81.54,https://www.zalora.com.ph/p/melissa-free-cut-out-platform-sandals-beige-4288348
Free Metcon 6 SE,Nike,Sports > Women's Sports > Footwear > Training Shoes,123.99,123.99,https://www.zalora.com.ph/p/nike-free-metcon-6-se-multi-4211822
French Ballet Style Cake Mini Skirt AF28011,Twenty Eight Shoes,Women > Clothing > Skirts > Mini Skirts,35.57,46.18,https://www.zalora.com.ph/p/twenty-eight-shoes-french-ballet-style-cake-mini-skirt-af28011-beige-3497937
French Vintage Flocking Heart Mesh Maxi Skirt AF1200,Twenty Eight Shoes,Women > Clothing > Skirts > Maxi Skirts,32.0,36.57,https://www.zalora.com.ph/p/twenty-eight-shoes-french-vintage-flocking-heart-mesh-maxi-skirt-af1200-red-2615872
French Vintage Flocking Heart Mesh Maxi Skirt AF1200,Twenty Eight Shoes,Women > Clothing > Skirts > Maxi Skirts,32.0,36.57,https://www.zalora.com.ph/p/twenty-eight-shoes-french-vintage-flocking-heart-mesh-maxi-skirt-af1200-pink-2615861
Fresh Foam X 860 v15 Performance Shoes,New Balance,Sports > Men's Sports > Footwear > Running Shoes,151.74,151.74,https://www.zalora.com.ph/p/new-balance-fresh-foam-x-860-v15-performance-shoes-multi-4339806
Freshy Sneakers,Call It Spring,Women > Shoes > Sneakers,14.15,40.73,https://www.zalora.com.ph/p/call-it-spring-freshy-sneakers-black-3864907
Frill Rib Top,Olalook,Women > Clothing > Tops > Blouses,10.0,18.81,https://www.zalora.com.ph/p/olalook-frill-rib-top-multi-3539622
Frill-trimmed dress,H&M,Women > Clothing > Dresses,32.49,32.49,https://www.zalora.com.ph/p/hm-frill-trimmed-dress-white-3755947
Frill-trimmed lace-look dress,H&M,Women > Clothing > Dresses,21.06,40.65,https://www.zalora.com.ph/p/hm-frill-trimmed-lace-look-dress-white-3691488
Frilled Mini Dress,KOTON,Women > Clothing > Dresses > Summer Dresses,53.86,59.41,https://www.zalora.com.ph/p/koton-frilled-mini-dress-blue-3773674
Fringe Abaya,Trendyol,Women > Clothing > Dresses > Party Dresses,72.43,130.09,https://www.zalora.com.ph/p/trendyol-fringe-abaya-brown-3642393
Fringed loafers,H&M,Women > Shoes > Flats,89.62,89.62,https://www.zalora.com.ph/p/hm-fringed-loafers-brown-3942402
Fringed loafers,H&M,Women > Shoes > Flats,89.62,89.62,https://www.zalora.com.ph/p/hm-fringed-loafers-black-3942090
Front Embroidered Graphic Tee,iROO,Women > Clothing > Tops,57.46,57.46,https://www.zalora.com.ph/p/iroo-front-embroidered-graphic-tee-red-3418763
Front Slits Skirt,Happiness Istanbul,Women > Clothing > Skirts > Mini Skirts,15.49,15.49,https://www.zalora.com.ph/p/happiness-istanbul-front-slits-skirt-black-3146075
Fuji Lite 6,ASICS,Sports > Men's Sports > Footwear > Running Shoes,145.13,145.13,https://www.zalora.com.ph/p/asics-fuji-lite-6-multi-4041082
Full Grain Leather Chelsea Boot KB15A888,Twenty Eight Shoes,Men > Shoes > Boots,90.77,116.89,https://www.zalora.com.ph/p/twenty-eight-shoes-full-grain-leather-chelsea-boot-kb15a888-black-2605694
Functional Cotton Casual Shorts GJL077,Twenty Eight Shoes,Men > Clothing > Shorts > Chinos,44.4,50.93,https://www.zalora.com.ph/p/twenty-eight-shoes-functional-cotton-casual-shorts-gjl077-beige-2597776
Functional Style Pockets Cargo Pants GJL666,Twenty Eight Shoes,Men > Clothing > Pants > Casual,48.97,56.16,https://www.zalora.com.ph/p/twenty-eight-shoes-functional-style-pockets-cargo-pants-gjl666-black-2597659
Functional Style Pockets Cargo Pants GJL678,Twenty Eight Shoes,Men > Clothing > Pants > Casual,48.97,56.16,https://www.zalora.com.ph/p/twenty-eight-shoes-functional-style-pockets-cargo-pants-gjl678-beige-2597611
Functional Style Pockets Cargo Pants GJL678,Twenty Eight Shoes,Men > Clothing > Pants > Casual,48.97,56.16,https://www.zalora.com.ph/p/twenty-eight-shoes-functional-style-pockets-cargo-pants-gjl678-grey-2597759
Functional Style Pockets Cargo Pants GJL695,Twenty Eight Shoes,Men > Clothing > Pants > Casual,48.97,56.16,https://www.zalora.com.ph/p/twenty-eight-shoes-functional-style-pockets-cargo-pants-gjl695-grey-2902115
Funky Monster Men Graphic Olive Cotton Streetwear Hoodie,QuirkyT,Men > Clothing > Hoodies & Sweatshirts > Hoodies,45.76,114.41,https://www.zalora.com.ph/p/quirkyt-funky-monster-men-graphic-olive-cotton-streetwear-hoodie-green-3174437
Fur Collar Parka Jacket with Belt,Hopeshow,Women > Clothing > Jackets & Coats > Down Jackets,227.55,227.55,https://www.zalora.com.ph/p/hopeshow-fur-collar-parka-jacket-with-belt-beige-2636863
Futura Ad Sandals,Melissa,Women > Shoes > Sandals > Flat Sandals,106.03,106.03,https://www.zalora.com.ph/p/melissa-futura-ad-sandals-black-4194580
Future Icons 3-Stripes Leggings,ADIDAS,Sports > Women's Sports > Clothing > Tights,32.65,32.65,https://www.zalora.com.ph/p/adidas-future-icons-3-stripes-leggings-black-2716778
G.T. Hustle Academy Ep,Nike,Sports > Men's Sports > Footwear > Sneakers,71.96,81.54,https://www.zalora.com.ph/p/nike-g-t-hustle-academy-ep-multi-3925307
G/FORE Men's Camo Knit Tuxedo Gallivanter (Racer),G/FORE,Sports > Men's Sports > Men's Sports,110.19,220.39,https://www.zalora.com.ph/p/g-fore-g-fore-men-s-camo-knit-tuxedo-gallivanter-racer-blue-3542503
G/FORE Men's Shots Cotton Tee,G/FORE,Sports > Men's Sports > Clothing > T-Shirts,30.2,60.4,https://www.zalora.com.ph/p/g-fore-g-fore-men-s-shots-cotton-tee-beige-3710650
G/Fore Men's Essential Pique Polo,G/FORE,Sports > Men's Sports > Clothing > Polos,42.45,84.89,https://www.zalora.com.ph/p/g-fore-g-fore-men-s-essential-pique-polo-blue-3271570
GAIA FLAVIA TEXTURED DRESS,French Connection,Women > Clothing > Dresses,109.89,109.89,https://www.zalora.com.ph/p/french-connection-gaia-flavia-textured-dress-brown-3283954
GEL-Kayano 32,ASICS,Sports > Men's Sports > Footwear > Running Shoes,184.31,184.31,https://www.zalora.com.ph/p/asics-gel-kayano-32-multi-4309229
GEL-Pulse 17,ASICS,Sports > Women's Sports > Footwear > Running Shoes,107.58,107.58,https://www.zalora.com.ph/p/asics-gel-pulse-17-pink-4185892
Gabriella Leather Heels,FORCAST,Women > Shoes > Heels > Mid Heels,35.02,70.03,https://www.zalora.com.ph/p/forcast-gabriella-leather-heels-black-3254327
Gail,AIRWALK,Men > Shoes > Sneakers,32.98,32.98,https://www.zalora.com.ph/p/airwalk-gail-yellow-4226669
Galanti8 Slide Sandals,Easy Spirit,Women > Shoes > Sandals > Flat Sandals,83.01,92.24,https://www.zalora.com.ph/p/easy-spirit-galanti8-slide-sandals-black-4308580
Gamma Force,Nike,Sports > Women's Sports > Footwear > Sneakers,47.42,81.54,https://www.zalora.com.ph/p/nike-gamma-force-white-4190109
Ganna Mary Janes,CLN,Women > Shoes > Flats > Ballerinas,22.02,24.47,https://www.zalora.com.ph/p/cln-ganna-mary-janes-beige-4328412
Garment Dye Cotton Linen Shorts,French Connection,Men > Clothing > Shorts > Chinos,71.12,71.12,https://www.zalora.com.ph/p/french-connection-garment-dye-cotton-linen-shorts-grey-2373246
Garner,Skechers,Sports > Men's Sports > Footwear > Sneakers,78.2,78.2,https://www.zalora.com.ph/p/skechers-garner-black-4216827
Gathered linen-blend shirt,H&M,Women > Clothing > Tops > Blouses,24.32,24.32,https://www.zalora.com.ph/p/hm-gathered-linen-blend-shirt-white-3630101
Gathered mesh dress,H&M,Women > Clothing > Dresses,10.0,31.85,https://www.zalora.com.ph/p/hm-gathered-mesh-dress-black-2753905
Gazelle Indoor Shoes,ADIDAS,Women > Sports > Footwear > Lifestyle,119.17,119.17,https://www.zalora.com.ph/p/adidas-gazelle-indoor-shoes-red-4066247
Gel-1130,ASICS,Sports > Women's Sports > Footwear > Sneakers,114.11,114.11,https://www.zalora.com.ph/p/asics-gel-1130-black-4259078
Gel-Cumulus 28,ASICS,Sports > Men's Sports > Footwear > Running Shoes,156.56,156.56,https://www.zalora.com.ph/p/asics-gel-cumulus-28-multi-4259085
Gel-Excite 11,ASICS,Sports > Women's Sports > Footwear > Running Shoes,96.15,96.15,https://www.zalora.com.ph/p/asics-gel-excite-11-multi-4213056
Gel-Nimbus 28 Atc,ASICS,Sports > Men's Sports > Footwear > Running Shoes,184.31,184.31,https://www.zalora.com.ph/p/asics-gel-nimbus-28-atc-multi-4205470
Gel-Nimbus 28 Tr,ASICS,Sports > Men's Sports > Footwear > Running Shoes,189.21,189.21,https://www.zalora.com.ph/p/asics-gel-nimbus-28-tr-green-4225850
Gel-Nunobiki,ASICS,Sports > Women's Sports > Footwear > Sneakers,104.32,104.32,https://www.zalora.com.ph/p/asics-gel-nunobiki-white-4324273
Gel-Pulse 17,ASICS,Sports > Men's Sports > Footwear > Running Shoes,110.85,110.85,https://www.zalora.com.ph/p/asics-gel-pulse-17-multi-4213049
Gel-Sonoma Tr62,ASICS,Sports > Women's Sports > Footwear > Other Footwear,123.91,123.91,https://www.zalora.com.ph/p/asics-gel-sonoma-tr62-grey-4074118
Gen-FF Adjustable Denim Back-Strap Sandals,FITFLOP,Women > Shoes > Sandals,114.19,114.19,https://www.zalora.com.ph/p/fitflop-gen-ff-adjustable-denim-back-strap-sandals-navy-4249590
Gene Martino - Dea Kirana Kebaya 7068,Gene Martino,Women > Modest Wear > Baju Kurungs & Sets,42.43,42.43,https://www.zalora.com.ph/p/gene-martino-gene-martino-dea-kirana-kebaya-7068-brown-3703322
Gene Martino - Dea Maja Kurung Kedah 7076,Gene Martino,Women > Modest Wear > Baju Kurungs & Sets,42.43,42.43,https://www.zalora.com.ph/p/gene-martino-gene-martino-dea-maja-kurung-kedah-7076-black-3746365
Gene Martino - Elise Pencil Skirt,Gene Martino,Women > Modest Wear > Bottoms,17.94,17.94,https://www.zalora.com.ph/p/gene-martino-gene-martino-elise-pencil-skirt-beige-3508160
Gene Martino - Koci Collar Dress,Gene Martino,Women > Clothing > Dresses,24.47,24.47,https://www.zalora.com.ph/p/gene-martino-gene-martino-koci-collar-dress-black-3693678
Gene Martino - Nizie Kebaya,Gene Martino,Women > Modest Wear > Baju Kurungs & Sets,35.9,35.9,https://www.zalora.com.ph/p/gene-martino-gene-martino-nizie-kebaya-green-3698677
Gene Martino -Dea Anggun Kurung Modern 8168,Gene Martino,Women > Modest Wear > Baju Kurungs & Sets,42.43,42.43,https://www.zalora.com.ph/p/gene-martino-gene-martino-dea-anggun-kurung-modern-8168-black-3703330
Geneva Halter Neck Top,FORCAST,Women > Clothing > Tops > Sleeveless,17.06,34.12,https://www.zalora.com.ph/p/forcast-geneva-halter-neck-top-white-2516633
Genuine Leather Thick-sole White Sneakers RX-T3189,Twenty Eight Shoes,Women > Shoes > Sneakers,62.51,73.45,https://www.zalora.com.ph/p/twenty-eight-shoes-genuine-leather-thick-sole-white-sneakers-rx-t3189-beige-3241288
Geometric Pattern Short Sleeve Shirt,KOTON,Men > Clothing > Shirts > Short Sleeve,50.59,50.59,https://www.zalora.com.ph/p/koton-geometric-pattern-short-sleeve-shirt-brown-3776140
Giannis Freak 7 Ep,Nike,Sports > Men's Sports > Footwear > Sneakers,102.77,102.77,https://www.zalora.com.ph/p/nike-giannis-freak-7-ep-grey-4068685
Gigi Girl Knit Crop,Peppermayo,Women > Clothing > Tops,37.45,37.45,https://www.zalora.com.ph/p/peppermayo-gigi-girl-knit-crop-white-2456084
Girly Ankle Strap Flat Sandals TH688-14,Twenty Eight Shoes,Women > Shoes > Sandals > Flat Sandals,40.8,62.36,https://www.zalora.com.ph/p/twenty-eight-shoes-girly-ankle-strap-flat-sandals-th688-14-blue-2610866
Giselle Glitter Pump Heels,Happy2U,Women > Shoes > Heels > Pumps,39.16,55.33,https://www.zalora.com.ph/p/happy2u-giselle-glitter-pump-heels-white-3584324
Giselle Glitter Pump Heels,Happy2U,Women > Shoes > Heels > Pumps,39.16,55.33,https://www.zalora.com.ph/p/happy2u-giselle-glitter-pump-heels-black-3584370
Giselle Sports Shorts,THE LOUNGE EDIT,Women > Clothing > Shorts > Casual Shorts,27.75,27.75,https://www.zalora.com.ph/p/the-lounge-edit-giselle-sports-shorts-blue-1944388
Gizeh BF Patent,Birkenstock,Women > Shoes > Sandals > Flat Sandals,105.95,105.95,https://www.zalora.com.ph/p/birkenstock-gizeh-bf-patent-white-799154
Gizeh Eva Sandals,Birkenstock,Women > Shoes > Sandals > Flat Sandals,61.87,61.87,https://www.zalora.com.ph/p/birkenstock-gizeh-eva-sandals-navy-1840674
Glen Lace-Up Sneakers,CLN,Women > Shoes > Sneakers,16.31,16.31,https://www.zalora.com.ph/p/cln-glen-lace-up-sneakers-white-3559110
Glide Ad,Melissa,Women > Shoes > Sandals > Flat Sandals,70.12,70.12,https://www.zalora.com.ph/p/melissa-glide-ad-beige-4253641
Glide-Step Pro,Skechers,Sports > Women's Sports > Footwear > Sneakers,85.05,85.05,https://www.zalora.com.ph/p/skechers-glide-step-pro-brown-4281581
Glitter Star Detail Chelsea Boots In Beige,London Rag,Women > Shoes > Boots > Ankle Boots,59.57,85.04,https://www.zalora.com.ph/p/london-rag-glitter-star-detail-chelsea-boots-in-beige-beige-3662645
Glycerin GTS 23 Men's Road Running Shoes,Brooks,Sports > Men's Sports > Footwear > Running Shoes,122.7,153.37,https://www.zalora.com.ph/p/brooks-glycerin-gts-23-men-s-road-running-shoes-orange-4219443
Go Run Now,Skechers,Sports > Men's Sports > Footwear > Sneakers,66.36,66.36,https://www.zalora.com.ph/p/skechers-go-run-now-black-4141954
Go Walk Flex,Skechers,Sports > Women's Sports > Footwear > Basketball Shoes,66.61,66.61,https://www.zalora.com.ph/p/skechers-go-walk-flex-white-4188790
Go Walk Glide-Step 2.0,Skechers,Sports > Men's Sports > Footwear > Sneakers,97.22,97.22,https://www.zalora.com.ph/p/skechers-go-walk-glide-step-2-0-black-4281694
Go Walk Max,Skechers,Sports > Men's Sports > Footwear > Sneakers,58.28,58.28,https://www.zalora.com.ph/p/skechers-go-walk-max-navy-4281660
Gold-Studded Sandals,Soho,Women > Shoes > Sandals > Flat Sandals,18.04,25.29,https://www.zalora.com.ph/p/soho-gold-studded-sandals-beige-4277088
Golden State Warriors Crop Top for Women Box Fit Core Collection Cropped T-Shirt,NBA,Sports > Women's Sports > Clothing,10.0,13.27,https://www.zalora.com.ph/p/nba-golden-state-warriors-crop-top-for-women-box-fit-core-collection-cropped-t-shirt-blue-3692629
Gotosandal Slip On Sandals,ALDO,Women > Shoes > Sandals > Flat Sandals,73.38,73.38,https://www.zalora.com.ph/p/aldo-gotosandal-slip-on-sandals-brown-3818245
Gradient lightweight sweater,Desigual,Women > Clothing > Knitwear & Cardigans,105.95,105.95,https://www.zalora.com.ph/p/desigual-gradient-lightweight-sweater-green-3712007
Grand Court Cloudfoam Lifestyle Court Comfort Shoes,ADIDAS,Sports > Women's Sports > Footwear > Training Shoes,70.2,70.2,https://www.zalora.com.ph/p/adidas-grand-court-cloudfoam-lifestyle-court-comfort-shoes-white-3047137
Grand Court TD Lifestyle Court Casual Shoes,ADIDAS,Sports > Men's Sports > Footwear > Training Shoes,60.4,60.4,https://www.zalora.com.ph/p/adidas-grand-court-td-lifestyle-court-casual-shoes-black-3209392
Grand Gold Foiled Floral Baju Kurung Moden Chiffon in Pink,Era Maya,Women > Modest Wear > Baju Kurungs & Sets,55.49,55.49,https://www.zalora.com.ph/p/era-maya-grand-gold-foiled-floral-baju-kurung-moden-chiffon-in-pink-pink-2785785
Graphic Embroidery Sweatshirt,DeFacto,Women > Clothing > Hoodies & Sweatshirts,17.68,31.49,https://www.zalora.com.ph/p/defacto-graphic-embroidery-sweatshirt-navy-3611769
Graphic Pyjama Set,Trendyol,Women > Clothing > Lingerie & Loungewear > Loungewear,18.3,25.45,https://www.zalora.com.ph/p/trendyol-graphic-pyjama-set-beige-3636077
Graphic Rib T-Shirt,KOTON,Women > Clothing > Tops > T-Shirts,15.66,15.66,https://www.zalora.com.ph/p/koton-graphic-rib-t-shirt-white-3590589
Gravity,AIRWALK,Women > Shoes > Sneakers,33.96,33.96,https://www.zalora.com.ph/p/airwalk-gravity-beige-4310376
Grazie Loungewear Pants Set,THE LOUNGE EDIT,Women > Clothing > Lingerie & Loungewear > Loungewear,38.36,38.36,https://www.zalora.com.ph/p/the-lounge-edit-grazie-loungewear-pants-set-green-2108563
Green and Red Geometric Print Classic Fit Shirt,SST&C,Men > Clothing > Shirts > Long Sleeve,68.81,68.81,https://www.zalora.com.ph/p/sst-c-green-and-red-geometric-print-classic-fit-shirt-green-3575600
Grey Basic Halter Crop Top,London Rag,Women > Clothing > Tops > Sleeveless,17.45,31.65,https://www.zalora.com.ph/p/london-rag-grey-basic-halter-crop-top-grey-2585326
Grey Performance Yoga Training Sportswear Shorts,Fitleasure,Sports > Women's Sports > Clothing > Shorts,51.34,128.07,https://www.zalora.com.ph/p/fitleasure-grey-performance-yoga-training-sportswear-shorts-grey-2345436
Grey Sports Jacket With Thumb Opening,Fitleasure,Sports > Women's Sports > Clothing > Outerwear & Hoodies,60.6,148.49,https://www.zalora.com.ph/p/fitleasure-grey-sports-jacket-with-thumb-opening-grey-2089912
Grid Design Smart Casual Office Blouse and Shorts Set,Hopeshow,Women > Clothing > Tops,97.74,97.74,https://www.zalora.com.ph/p/hopeshow-grid-design-smart-casual-office-blouse-and-shorts-set-pink-3200577
Grid Design Smart Causal Office Maxi Dress,Hopeshow,Women > Clothing > Dresses,49.54,49.54,https://www.zalora.com.ph/p/hopeshow-grid-design-smart-causal-office-maxi-dress-pink-3200567
Grisa Glendora Women's Sandals,Vionic,Women > Shoes > Sandals > Flat Sandals,127.33,127.33,https://www.zalora.com.ph/p/vionic-grisa-glendora-women-s-sandals-black-4307998
Groovy Floral Print Halter Cut Out Dress,JUST G,Women > Clothing > Dresses > Mini Dresses,10.0,33.31,https://www.zalora.com.ph/p/just-g-groovy-floral-print-halter-cut-out-dress-multi-2846876
Groovy Pants,Hummel,Sports > Women's Sports > Clothing > Pants,71.0,71.0,https://www.zalora.com.ph/p/hummel-groovy-pants-grey-2050129
Guistina Dress,Cole Vintage,Women > Clothing > Dresses > Maxi Dresses,12.4,31.0,https://www.zalora.com.ph/p/cole-vintage-guistina-dress-white-2393395
Gwalissi Flat Sandals,ALDO,Women > Shoes > Sandals > Flat Sandals,59.49,78.28,https://www.zalora.com.ph/p/aldo-gwalissi-flat-sandals-white-4315327
Gwiri 2.0 Platform Sneakers,ALDO,Women > Shoes > Sneakers,101.67,114.19,https://www.zalora.com.ph/p/aldo-gwiri-2-0-platform-sneakers-white-3248226
HIJAB - Adurra Triangle,SARIMA,Women > Modest Wear > Hijabs,20.47,20.47,https://www.zalora.com.ph/p/sarima-hijab-adurra-triangle-2500987
HYDRO MOC--BKBD-BLACK/BRINDLE,Merrell,Men > Sports > Footwear > Outdoors,49.55,52.16,https://www.zalora.com.ph/p/merrell-hydro-moc-bkbd-black-brindle-black-2628040
HYPERBOOST EDGE Running Shoes,ADIDAS,Men > Sports > Footwear > Training and Fitness,179.57,179.57,https://www.zalora.com.ph/p/adidas-hyperboost-edge-running-shoes-white-4333239
Halberg Chelsea Men's Casual Shoes,Sebago,Men > Shoes > Boots,122.44,122.44,https://www.zalora.com.ph/p/sebago-halberg-chelsea-men-s-casual-shoes-black-4257207
Half Turtleneck Sweater,Trendyol,Men > Clothing > Knitwear & Cardigans > Knitwear,18.17,33.45,https://www.zalora.com.ph/p/trendyol-half-turtleneck-sweater-blue-2622236
Halo Runner Men's Running Shoes,Under Armour,Sports > Men's Sports > Footwear > Sneakers,140.31,140.31,https://www.zalora.com.ph/p/under-armour-halo-runner-men-s-running-shoes-black-3872682
Halo Trainers,Under Armour,Sports > Women's Sports > Footwear > Training Shoes,119.09,119.09,https://www.zalora.com.ph/p/under-armour-halo-trainers-red-3872907
Halter Neck Backless Dress in Chartreuse,London Rag,Women > Clothing > Dresses > Mini Dresses,23.65,59.08,https://www.zalora.com.ph/p/london-rag-halter-neck-backless-dress-in-chartreuse-green-3422192
Halter Neck Tank Top For Women,Terranova,Women > Clothing > Tops > Sleeveless,10.0,10.0,https://www.zalora.com.ph/p/terranova-halter-neck-tank-top-for-women-red-3357825
Halter Pu Midi Dress,ASOS Design,Women > Clothing > Dresses > Party Dresses,48.8,91.4,https://www.zalora.com.ph/p/asos-design-halter-pu-midi-dress-pink-3442768
Halter Top,Trendyol,Women > Clothing > Tops > Sleeveless,10.0,55.98,https://www.zalora.com.ph/p/trendyol-halter-top-black-3685453
Handball Spezial Loafer Shoes,ADIDAS,Men > Sports > Footwear > Lifestyle,119.17,119.17,https://www.zalora.com.ph/p/adidas-handball-spezial-loafer-shoes-red-4312326
Handball Spezial Shoes,ADIDAS,Women > Sports > Footwear > Lifestyle,97.95,97.95,https://www.zalora.com.ph/p/adidas-handball-spezial-shoes-beige-3849746
Handball Spezial Shoes,ADIDAS,Women > Sports > Footwear > Lifestyle,94.69,94.69,https://www.zalora.com.ph/p/adidas-handball-spezial-shoes-purple-3849604
Handball Spezial Shoes,ADIDAS,Sports > Men's Sports > Footwear > Sneakers,97.95,97.95,https://www.zalora.com.ph/p/adidas-handball-spezial-shoes-grey-4340629
Handball Spezial Shoes,ADIDAS,Sports > Women's Sports > Footwear > Sneakers,97.95,97.95,https://www.zalora.com.ph/p/adidas-handball-spezial-shoes-white-4351425
Handball Spezial Shoes,ADIDAS,Women > Shoes > Sports Shoes,97.95,97.95,https://www.zalora.com.ph/p/adidas-handball-spezial-shoes-silver-4211952
Hannah Scallop Ribbon Flats,Happy2U,Women > Shoes > Flats > Ballerinas,39.16,55.33,https://www.zalora.com.ph/p/happy2u-hannah-scallop-ribbon-flats-blue-4229256
Hanzy Slides,CLN,Women > Shoes > Sandals > Flat Sandals,22.02,24.47,https://www.zalora.com.ph/p/cln-hanzy-slides-black-4338397
Happy Days Relaxed Short Sleeve Stylish Grey Cotton Casual Graphic Print Tee/TShirt,QuirkyT,Sports > Women's Sports > Clothing > T-Shirts,29.45,65.43,https://www.zalora.com.ph/p/quirkyt-happy-days-relaxed-short-sleeve-stylish-grey-cotton-casual-graphic-print-tee-tshirt-grey-3037029
Harley-Davidson #1 Racing Performance Shirt,Harley Davidson,Men > Clothing > Shirts,117.87,117.87,https://www.zalora.com.ph/p/harley-davidson-harley-davidson-1-racing-performance-shirt-black-3262483
Harley-Davidson Allegiance Performance Tee,Harley Davidson,Men > Clothing > T-Shirts > Graphic,63.0,63.0,https://www.zalora.com.ph/p/harley-davidson-harley-davidson-allegiance-performance-tee-grey-3044622
Harley-Davidson Bar & Shield 3D Long Sleeve Tee,Harley Davidson,Men > Clothing > T-Shirts,78.74,78.74,https://www.zalora.com.ph/p/harley-davidson-harley-davidson-bar-shield-3d-long-sleeve-tee-red-3082926
Harley-Davidson Cali Henley Knit Top,Harley Davidson,Women > Clothing > Tops > T-Shirts,57.74,57.74,https://www.zalora.com.ph/p/harley-davidson-harley-davidson-cali-henley-knit-top-black-3082928
Harley-Davidson Club Crew Shirt,Harley Davidson,Men > Clothing > Shirts,83.99,83.99,https://www.zalora.com.ph/p/harley-davidson-harley-davidson-club-crew-shirt-blue-3045631
Harley-Davidson Combustion Sweatshirt Tee,Harley Davidson,Men > Clothing > Shirts,63.0,63.0,https://www.zalora.com.ph/p/harley-davidson-harley-davidson-combustion-sweatshirt-tee-blue-3044632
Harley-Davidson Desert Aloha Shirt,Harley Davidson,Men > Clothing > Shirts,104.99,104.99,https://www.zalora.com.ph/p/harley-davidson-harley-davidson-desert-aloha-shirt-white-2988532
Harley-Davidson Division  Solid Tank,Harley Davidson,Women > Clothing > Tops,36.75,36.75,https://www.zalora.com.ph/p/harley-davidson-harley-davidson-division-solid-tank-purple-3045693
Harley-Davidson Essence Shirt,Harley Davidson,Men > Clothing > Shirts,73.5,73.5,https://www.zalora.com.ph/p/harley-davidson-harley-davidson-essence-shirt-black-3082938
Harley-Davidson Halter Neck Tank,Harley Davidson,Women > Clothing > Tops,43.42,43.42,https://www.zalora.com.ph/p/harley-davidson-harley-davidson-halter-neck-tank-black-3262498
Harley-Davidson Juneau Parka Jacket,Harley Davidson,Women > Clothing > Jackets & Coats,314.97,314.97,https://www.zalora.com.ph/p/harley-davidson-harley-davidson-juneau-parka-jacket-black-3147730
Harley-Davidson Paradise City Tee,Harley Davidson,Women > Clothing > Tops > T-Shirts,47.24,47.24,https://www.zalora.com.ph/p/harley-davidson-harley-davidson-paradise-city-tee-pink-3045636
Harley-Davidson Race Her Crewneck Pullover,Harley Davidson,Women > Clothing > Hoodies & Sweatshirts,68.24,68.24,https://www.zalora.com.ph/p/harley-davidson-harley-davidson-race-her-crewneck-pullover-grey-2902033
Harley-Davidson Racing Graphic Tee,Harley Davidson,Women > Clothing > Tops > T-Shirts,49.63,49.63,https://www.zalora.com.ph/p/harley-davidson-harley-davidson-racing-graphic-tee-black-3262489
Harley-Davidson Throttle Lace-Up Tank,Harley Davidson,Women > Clothing > Tops,47.24,47.24,https://www.zalora.com.ph/p/harley-davidson-harley-davidson-throttle-lace-up-tank-blue-3045730
Harley-Davidson® Bar & Shield Staple Short Sleeve Shirt,Harley Davidson,Men > Clothing > T-Shirts,89.48,89.48,https://www.zalora.com.ph/p/harley-davidson-harley-davidson-bar-shield-staple-short-sleeve-shirt-grey-3716963
Harley-Davidson® Heritage Plaid Long Sleeve Shirt,Harley Davidson,Men > Clothing > T-Shirts,101.39,101.39,https://www.zalora.com.ph/p/harley-davidson-harley-davidson-heritage-plaid-long-sleeve-shirt-grey-3716959
Harley-Davidson® Men's Race Stripes Long Sleeve Shirt,Harley Davidson,Men > Clothing > Shirts,113.33,113.33,https://www.zalora.com.ph/p/harley-davidson-harley-davidson-men-s-race-stripes-long-sleeve-shirt-black-3262458
Harley-Davidson® Willie G™ Skull Full Zip Fleece Hoodie,Harley Davidson,Women > Clothing > Hoodies & Sweatshirts,95.44,95.44,https://www.zalora.com.ph/p/harley-davidson-harley-davidson-willie-g-skull-full-zip-fleece-hoodie-black-3716979
Harper Suede Bow Flats,Happy2U,Women > Shoes > Flats > Ballerinas,37.53,53.69,https://www.zalora.com.ph/p/happy2u-harper-suede-bow-flats-beige-4229244
Hastina Workout Crop,THE LOUNGE EDIT,Sports > Women's Sports > Clothing > Outerwear & Hoodies,25.3,25.3,https://www.zalora.com.ph/p/the-lounge-edit-hastina-workout-crop-green-2973464
Haven Workout Outfits,THE LOUNGE EDIT,Sports > Women's Sports > Clothing > Sports Bra & Innerwear,54.69,54.69,https://www.zalora.com.ph/p/the-lounge-edit-haven-workout-outfits-blue-2785645
Hawaiian Print Short Sleeve Shirt YL-C306,Twenty Eight Shoes,Men > Clothing > Shirts,39.33,44.88,https://www.zalora.com.ph/p/twenty-eight-shoes-hawaiian-print-short-sleeve-shirt-yl-c306-brown-3418155
Haylee Sandals,Call It Spring,Women > Shoes > Sandals > Flat Sandals,25.24,40.73,https://www.zalora.com.ph/p/call-it-spring-haylee-sandals-white-4184928
Headphone Donut Relaxed Short Sleeve Stylish Grey Cotton Casual Graphic Print Tee/TShirt,QuirkyT,Sports > Women's Sports > Clothing > T-Shirts,29.45,65.43,https://www.zalora.com.ph/p/quirkyt-headphone-donut-relaxed-short-sleeve-stylish-grey-cotton-casual-graphic-print-tee-tshirt-grey-3037048
Heart Buckle Red Shorts,iROO,Women > Clothing > Shorts,69.66,69.66,https://www.zalora.com.ph/p/iroo-heart-buckle-red-shorts-red-3687869
HeatGear® Fitted Short Sleeve T-Shirt,Under Armour,Sports > Men's Sports > Footwear,29.24,30.94,https://www.zalora.com.ph/p/under-armour-heatgear-fitted-short-sleeve-t-shirt-black-3637255
Heel Velcro Strappy Sandals ALM8275-1,Twenty Eight Shoes,Women > Shoes > Sandals,40.8,63.47,https://www.zalora.com.ph/p/twenty-eight-shoes-heel-velcro-strappy-sandals-alm8275-1-blue-2992028
Heel Velcro Strappy Sandals KB1902,Twenty Eight Shoes,Men > Shoes > Sandals & Flip Flops,45.71,64.65,https://www.zalora.com.ph/p/twenty-eight-shoes-heel-velcro-strappy-sandals-kb1902-green-2583569
Heeled ankle boots,H&M,Women > Shoes > Boots,24.32,45.55,https://www.zalora.com.ph/p/hm-heeled-ankle-boots-black-3744244
Heeled sandals,H&M,Women > Shoes > Heels,40.65,40.65,https://www.zalora.com.ph/p/hm-heeled-sandals-brown-4084390
Heeled strappy sandals,H&M,Women > Shoes > Heels,29.22,29.22,https://www.zalora.com.ph/p/hm-heeled-strappy-sandals-gold-4131317
Helynne Sneakers,Call It Spring,Women > Shoes > Sneakers,36.31,75.01,https://www.zalora.com.ph/p/call-it-spring-helynne-sneakers-multi-3918613
Hendrix Brown Tassled Loafers,Bristol Shoes,Men > Shoes > Loafers & Boat Shoes,94.36,94.36,https://www.zalora.com.ph/p/bristol-shoes-hendrix-brown-tassled-loafers-brown-4340008
Henrielle-In Sandals,ALDO,Women > Shoes > Sandals > Flat Sandals,78.87,91.34,https://www.zalora.com.ph/p/aldo-henrielle-in-sandals-gold-4100717
Hereford Dress,St MRLO,Women > Clothing > Dresses > Mini Dresses,82.42,82.42,https://www.zalora.com.ph/p/st-mrlo-hereford-dress-white-2392664
Heron Lace Up Shoes,ALDO,Men > Shoes > Formal,87.34,94.6,https://www.zalora.com.ph/p/aldo-heron-lace-up-shoes-black-2292165
Herringbone Blazer Jacket,Well Suited,Women > Clothing > Blazers,56.42,78.36,https://www.zalora.com.ph/p/well-suited-herringbone-blazer-jacket-brown-3635829
Hg Armour Long Shorts,Under Armour,Sports > Men's Sports > Men's Sports,26.04,26.04,https://www.zalora.com.ph/p/under-armour-hg-armour-long-shorts-black-1829723
Hi Rise Twill Shorts,Electro Denim Lab,Women > Clothing > Shorts,16.0,16.0,https://www.zalora.com.ph/p/electro-denim-lab-hi-rise-twill-shorts-blue-3249562
Hidden Heel Galliano Vintage Leathers Brogues KB3015-180,Twenty Eight Shoes,Men > Shoes > Formal,66.61,86.2,https://www.zalora.com.ph/p/twenty-eight-shoes-hidden-heel-galliano-vintage-leathers-brogues-kb3015-180-black-2611077
High Heels,Trendyol,Women > Shoes > Heels > High Heels,29.56,57.94,https://www.zalora.com.ph/p/trendyol-high-heels-brown-4293619
High Neck Puffed Sleeve Ruffled Dress,Trendyol,Women > Clothing > Dresses > Mini Dresses,21.21,39.0,https://www.zalora.com.ph/p/trendyol-high-neck-puffed-sleeve-ruffled-dress-black-1749564
High Waist Cotton-flax Wide-legged Pants RZ9061,Twenty Eight Shoes,Women > Clothing > Pants & Leggings > Wide-legged Pants,38.53,45.71,https://www.zalora.com.ph/p/twenty-eight-shoes-high-waist-cotton-flax-wide-legged-pants-rz9061-brown-2605580
High Waist Elastic Straight Pants WSH2087,Twenty Eight Shoes,Women > Clothing > Pants & Leggings,44.06,46.35,https://www.zalora.com.ph/p/twenty-eight-shoes-high-waist-elastic-straight-pants-wsh2087-brown-2967329
High Waist Floral Print Midi Skirt,Trendyol,Women > Clothing > Skirts > Midi Skirts,12.23,22.02,https://www.zalora.com.ph/p/trendyol-high-waist-floral-print-midi-skirt-black-1902567
High Waist Mesh Cake Mini Skirt AF-D2305,Twenty Eight Shoes,Women > Clothing > Skirts > Mini Skirts,35.57,46.18,https://www.zalora.com.ph/p/twenty-eight-shoes-high-waist-mesh-cake-mini-skirt-af-d2305-brown-3497975
High Waist Pleated Skirt AF8837,Twenty Eight Shoes,Women > Clothing > Skirts > Maxi Skirts,33.29,42.45,https://www.zalora.com.ph/p/twenty-eight-shoes-high-waist-pleated-skirt-af8837-pink-2932439
High Waist Pleated Skirt AF8837,Twenty Eight Shoes,Women > Clothing > Skirts > Maxi Skirts,33.29,42.45,https://www.zalora.com.ph/p/twenty-eight-shoes-high-waist-pleated-skirt-af8837-blue-2932440
High Waist Skinny Jeans,KOTON,Women > Clothing > Jeans > Skinny Jeans,11.26,20.06,https://www.zalora.com.ph/p/koton-high-waist-skinny-jeans-navy-3590638
High Waist Slim Fit Leggings,Happiness Istanbul,Women > Clothing > Pants & Leggings > Leggings,13.65,28.23,https://www.zalora.com.ph/p/happiness-istanbul-high-waist-slim-fit-leggings-grey-3764332
High Waist Slim Mesh Maxi Skirt AF8859,Twenty Eight Shoes,Women > Clothing > Skirts > Maxi Skirts,33.96,45.06,https://www.zalora.com.ph/p/twenty-eight-shoes-high-waist-slim-mesh-maxi-skirt-af8859-pink-2597882
High Waist Sports Shorts DSG476,HAPPY FRIDAYS,Sports > Women's Sports > Shop by Activity > Yoga,31.98,39.96,https://www.zalora.com.ph/p/happy-fridays-high-waist-sports-shorts-dsg476-black-2805962
High Waist Straight Jeans,Trendyol,Women > Clothing > Jeans,40.31,40.31,https://www.zalora.com.ph/p/trendyol-high-waist-straight-jeans-blue-3636237
High Waist Trousers,KOTON,Women > Clothing > Pants & Leggings,31.64,56.14,https://www.zalora.com.ph/p/koton-high-waist-trousers-black-3774653
High Waist Trousers,KOTON,Women > Clothing > Pants & Leggings > Straight Leg Pants,25.29,25.29,https://www.zalora.com.ph/p/koton-high-waist-trousers-black-3407371
High Waisted Balloon Fit Denim Jeans with Cut and Sew Detail,JUST G,Women > Clothing > Jeans > Skinny Jeans,10.0,33.29,https://www.zalora.com.ph/p/just-g-high-waisted-balloon-fit-denim-jeans-with-cut-and-sew-detail-blue-3104446
High Waisted Gym Shorts for Women,Terranova,Women > Clothing > Shorts > Casual Shorts,10.0,10.0,https://www.zalora.com.ph/p/terranova-high-waisted-gym-shorts-for-women-purple-3393831
High-Cut Running Socks,Incylence,Men > Sports > Clothing > Socks,31.96,31.96,https://www.zalora.com.ph/p/incylence-high-cut-running-socks-white-3754901
High-Waist Bootcut Jeans,& Other Stories,Women > Clothing > Jeans > Flare Jeans,91.34,91.34,https://www.zalora.com.ph/p/other-stories-high-waist-bootcut-jeans-blue-3671550
Hilaria Dress,Cole Vintage,Women > Clothing > Dresses > Maxi Dresses,10.0,33.34,https://www.zalora.com.ph/p/cole-vintage-hilaria-dress-navy-1928971
Hillary Ladies Shoes,Easy Soft By World Balance,Women > Shoes > Flats > Loafers & Boat Shoes,10.0,10.0,https://www.zalora.com.ph/p/easy-soft-hillary-ladies-shoes-black-997322
Hillsdale Sneakers,Call It Spring,Men > Shoes > Sneakers,31.07,70.12,https://www.zalora.com.ph/p/call-it-spring-hillsdale-sneakers-brown-4189600
Hindi print shirt,Desigual,Men > Clothing > Shirts,119.83,119.83,https://www.zalora.com.ph/p/desigual-hindi-print-shirt-multi-3648933
Holiday Vibes Midi Linen Dress,F2 - Fashion and Freedom,Women > Clothing > Dresses,119.6,119.6,https://www.zalora.com.ph/p/f2-fashion-and-freedom-holiday-vibes-midi-linen-dress-pink-2882096
Hollow Out Pink Lace Top,iROO,Women > Clothing > Tops,121.15,121.15,https://www.zalora.com.ph/p/iroo-hollow-out-pink-lace-top-pink-3183986
Horsebit Detail Espadrilles Mules In Tan,London Rag,Women > Shoes > Flats > Espadrilles,32.96,59.73,https://www.zalora.com.ph/p/london-rag-horsebit-detail-espadrilles-mules-in-tan-beige-3698712
Horsebit Wedge Loafers,Gucci,Women > Shoes > Flats > Loafers & Boat Shoes,982.14,1455.01,https://www.zalora.com.ph/p/gucci-horsebit-wedge-loafers-black-3873733
Horseferry Square Sweater in Soft Fawn,Burberry,Luxury > (Luxury) Women's Clothing > Outerwear > Knitwear & Cardigans,768.39,1130.2,https://www.zalora.com.ph/p/burberry-horseferry-square-sweater-in-soft-fawn-beige-2929051
Hoverchic Women's Lifestyle Athleisure Sandals,World Balance,Women > Sports > Footwear > Sandals & Flip-flops,17.94,17.94,https://www.zalora.com.ph/p/world-balance-hoverchic-women-s-lifestyle-athleisure-sandals-brown-4210609
Hoversleek Women's Lifestyle Athleisure Sandals,World Balance,Women > Sports > Footwear > Sandals & Flip-flops,17.94,17.94,https://www.zalora.com.ph/p/world-balance-hoversleek-women-s-lifestyle-athleisure-sandals-brown-4210614
Hug Slide,Zaxy,Women > Shoes > Sandals > Flat Sandals,32.57,32.57,https://www.zalora.com.ph/p/zaxy-hug-slide-beige-3884182
Hyacinth Alameda Women's Flat Shoes,Vionic,Women > Shoes > Flats > Ballerinas,135.5,135.5,https://www.zalora.com.ph/p/vionic-hyacinth-alameda-women-s-flat-shoes-brown-4044506
Hydro Moc – White/Cherry Women's Shoes,Merrell,Women > Shoes > Slip-Ons,50.85,52.16,https://www.zalora.com.ph/p/merrell-hydro-moc-white-cherry-women-s-shoes-white-4286581
Hype II Thong,Zaxy,Women > Shoes > Sandals > Flat Sandals,21.14,21.14,https://www.zalora.com.ph/p/zaxy-hype-ii-thong-black-4344980
Hyper Speed 5,ASICS,Sports > Women's Sports > Footwear > Running Shoes,104.32,104.32,https://www.zalora.com.ph/p/asics-hyper-speed-5-white-4194502
Hyperboost Edge Running Shoes,ADIDAS,Sports > Women's Sports > Footwear > Sneakers,179.57,179.57,https://www.zalora.com.ph/p/adidas-hyperboost-edge-running-shoes-white-4333250
IMPERIUM Men's Lifestyle Athleisure Shoes,World Balance,Men > Shoes > Sneakers,32.63,32.63,https://www.zalora.com.ph/p/world-balance-imperium-men-s-lifestyle-athleisure-shoes-white-4069795
Ice Men's Sneaker 20746,Soho,Men > Shoes > Sneakers,41.25,49.12,https://www.zalora.com.ph/p/soho-ice-men-s-sneaker-20746-blue-3991576
Ice Silk Business Polo Shirt Set LB2318,HAPPY FRIDAYS,Men > Clothing > Polos,71.16,101.26,https://www.zalora.com.ph/p/happy-fridays-ice-silk-business-polo-shirt-set-lb2318-blue-3035735
Ice Unisex Slippers 16179,Soho,Women > Shoes > Sandals > Flat Sandals,16.42,22.19,https://www.zalora.com.ph/p/soho-ice-unisex-slippers-16179-blue-3991683
Ice-White-Powder Women's Sneaker 20413,Soho,Women > Shoes > Sneakers,43.21,58.1,https://www.zalora.com.ph/p/soho-ice-white-powder-women-s-sneaker-20413-white-3991548
Icon 3-Eye Classic Lug Shoes CQ2107043,Twenty Eight Shoes,Men > Shoes > Loafers & Boat Shoes,90.86,115.47,https://www.zalora.com.ph/p/twenty-eight-shoes-icon-3-eye-classic-lug-shoes-cq2107043-red-2586235
Identimerty T-Shirt (Terengganu),klozet kuala lumpur,Women > Modest Wear > Tops,25.29,25.29,https://www.zalora.com.ph/p/klozet-kuala-lumpur-identimerty-t-shirt-terengganu-white-962565
Iman Knit Mini Dress,Peppermayo,Women > Clothing > Dresses,60.03,60.03,https://www.zalora.com.ph/p/peppermayo-iman-knit-mini-dress-brown-2397251
Indy - Formal and Dress Shoes for Mens,Oxy Originals,Men > Shoes > Formal,81.3,205.37,https://www.zalora.com.ph/p/oxy-originals-indy-formal-and-dress-shoes-for-mens-brown-3917855
Infinite Shoes,Under Armour,Sports > Women's Sports > Footwear > Sneakers,81.56,97.87,https://www.zalora.com.ph/p/under-armour-infinite-shoes-green-3872640
Inga Long Sleeves Ruched Crop Top,Vero Moda,Women > Clothing > Tops > Blouses,31.88,48.96,https://www.zalora.com.ph/p/vero-moda-inga-long-sleeves-ruched-crop-top-beige-3547804
Inner Peace Relaxed Short Sleeve Stylish Black Cotton Casual Graphic Print Tee/TShirt,QuirkyT,Sports > Women's Sports > Clothing > T-Shirts,29.45,65.43,https://www.zalora.com.ph/p/quirkyt-inner-peace-relaxed-short-sleeve-stylish-black-cotton-casual-graphic-print-tee-tshirt-black-3037050
Inspiracao,Grendha,Women > Shoes > Sandals > Flat Sandals,24.41,24.41,https://www.zalora.com.ph/p/grendha-inspiracao-beige-4297538
Inspiration Graphic Print Black Cotton Short Sleeve Regular Fit Tee,QuirkyT,Sports > Men's Sports > Clothing > T-Shirts,29.43,65.4,https://www.zalora.com.ph/p/quirkyt-inspiration-graphic-print-black-cotton-short-sleeve-regular-fit-tee-black-2915490
Interlock T-Shirt With Side Slit,REGATTA,Women > Clothing > Tops > T-Shirts,11.41,11.41,https://www.zalora.com.ph/p/regatta-interlock-t-shirt-with-side-slit-white-3764585
Interwoven espadrilles,H&M,Women > Shoes > Slip-Ons,40.65,40.65,https://www.zalora.com.ph/p/hm-interwoven-espadrilles-black-4127212
Iqushion D-Luxe Padded Quilted-Leather T/P Sandals,FITFLOP,Women > Shoes > Sandals > Flat Sandals,120.41,133.78,https://www.zalora.com.ph/p/fitflop-iqushion-d-luxe-padded-quilted-leather-t-p-sandals-beige-4235764
Iqushion Ombré-sparkle Flip-flops,FITFLOP,Women > Shoes > Sandals > Flat Sandals,41.73,52.16,https://www.zalora.com.ph/p/fitflop-iqushion-ombre-sparkle-flip-flops-brown-4064835
Irene Lace-Up Sneakers,CLN,Women > Shoes > Sneakers,13.04,16.31,https://www.zalora.com.ph/p/cln-irene-lace-up-sneakers-white-3488709
Iris Rae Women's Heel/Wedge Shoes,Vionic,Women > Shoes > Heels > Pumps,106.11,106.11,https://www.zalora.com.ph/p/vionic-iris-rae-women-s-heel-wedge-shoes-beige-4200212
Isabelia Wedge Sandals,ALDO,Women > Shoes > Wedges > Wedge Sandals,96.24,96.24,https://www.zalora.com.ph/p/aldo-isabelia-wedge-sandals-black-4314973
Itsneaker Sneakers,ALDO,Women > Shoes > Sneakers,46.12,91.34,https://www.zalora.com.ph/p/aldo-itsneaker-sneakers-white-4091037
Izhar Printed Shawl,UMMA,Women > Accessories > Scarves & Shawls > Hijabs,39.16,39.16,https://www.zalora.com.ph/p/umma-izhar-printed-shawl-pink-2621373
JANINE Almond Toe Block Heel,Florsheim,Women > Shoes > Heels,145.28,145.28,https://www.zalora.com.ph/p/florsheim-janine-almond-toe-block-heel-brown-4311776
JERSEY RESORT SHIRT,COS,Women > Clothing > Tops > Blouses,77.54,77.54,https://www.zalora.com.ph/p/cos-jersey-resort-shirt-white-3715620
JNBY Women's Casual Loose Shorts,Jnby,Women > Clothing > Shorts > Casual Shorts,158.03,158.03,https://www.zalora.com.ph/p/jnby-jnby-women-s-casual-loose-shorts-green-3547075
JNBY Women's Loose Tapered Crop Jeans,Jnby,Women > Clothing > Pants & Leggings > Cropped Pants,236.55,236.55,https://www.zalora.com.ph/p/jnby-jnby-women-s-loose-tapered-crop-jeans-blue-3543496
JNBY Women's Loose Washed Crop Jeans,Jnby,Women > Clothing > Pants & Leggings > Cropped Pants,184.15,184.15,https://www.zalora.com.ph/p/jnby-jnby-women-s-loose-washed-crop-jeans-green-3543491
JNBY Women's Short Lace-Trimmed Cardigan Sweater,Jnby,Women > Clothing > Tops,236.55,236.55,https://www.zalora.com.ph/p/jnby-jnby-women-s-short-lace-trimmed-cardigan-sweater-green-3543379
Jacket,H&M,Women > Clothing > Jackets & Coats,25.96,40.65,https://www.zalora.com.ph/p/hm-jacket-beige-3744565
Jacquard Polo Shirt,Gant,Men > Clothing > Polos,74.67,179.56,https://www.zalora.com.ph/p/gant-jacquard-polo-shirt-green-3617979
Jacquard-jersey bodycon dress,H&M,Women > Clothing > Dresses,32.49,32.49,https://www.zalora.com.ph/p/hm-jacquard-jersey-bodycon-dress-white-3632931
Jacquard-weave mini skirt,H&M,Women > Clothing > Skirts,19.43,24.32,https://www.zalora.com.ph/p/hm-jacquard-weave-mini-skirt-black-3762580
Jacynthe Heels,ALDO,Women > Shoes > Heels > Open Toes,79.19,84.81,https://www.zalora.com.ph/p/aldo-jacynthe-heels-brown-4185226
Jain Dress Pumps,Easy Spirit,Women > Shoes > Heels > Pumps,85.95,95.5,https://www.zalora.com.ph/p/easy-spirit-jain-dress-pumps-beige-4308566
Jamielee Boots,Call It Spring,Women > Shoes > Boots > Flat Boots,80.6,91.34,https://www.zalora.com.ph/p/call-it-spring-jamielee-boots-brown-4100859
Janeyy Ballet Flats,Call It Spring,Women > Shoes > Flats > Ballerinas,29.38,44.0,https://www.zalora.com.ph/p/call-it-spring-janeyy-ballet-flats-beige-3673293
Janina Floral Long Skirt,Chictees,Women > Clothing > Skirts > Midi Skirts,24.47,24.47,https://www.zalora.com.ph/p/chictees-janina-floral-long-skirt-black-3598217
Japan S Pf,ASICS,Sports > Women's Sports > Footwear > Sneakers,89.62,89.62,https://www.zalora.com.ph/p/asics-japan-s-pf-white-4311484
Japan Shoes,ADIDAS,Women > Sports > Footwear > Lifestyle,119.17,119.17,https://www.zalora.com.ph/p/adidas-japan-shoes-white-4066238
Japan Shoes,ADIDAS,Women > Sports > Footwear > Lifestyle,110.34,119.17,https://www.zalora.com.ph/p/adidas-japan-shoes-red-4180534
Japanese style Casual Shorts GJL-M5072,Twenty Eight Shoes,Men > Clothing > Shorts > Chinos,39.67,52.89,https://www.zalora.com.ph/p/twenty-eight-shoes-japanese-style-casual-shorts-gjl-m5072-red-2597533
Javon Men's Lifestyle Athleisure Shoes,World Balance,Men > Shoes > Sneakers,35.9,35.9,https://www.zalora.com.ph/p/world-balance-javon-men-s-lifestyle-athleisure-shoes-black-grey-3851321
Jazmina Sandals,ALDO,Women > Shoes > Heels > Low Heels,83.18,83.18,https://www.zalora.com.ph/p/aldo-jazmina-sandals-white-4066855
Jelly ballet flats,H&M,Women > Shoes > Flats,16.31,16.31,https://www.zalora.com.ph/p/hm-jelly-ballet-flats-orange-4079925
Jennika Ballet Flats,Call It Spring,Women > Shoes > Flats > Ballerinas,29.38,44.0,https://www.zalora.com.ph/p/call-it-spring-jennika-ballet-flats-black-4299049
Jerica Blue Wool Cable Knit Diamante Jumper,GWD,Women > Clothing > Knitwear & Cardigans,75.26,75.26,https://www.zalora.com.ph/p/gwd-jerica-blue-wool-cable-knit-diamante-jumper-blue-3565948
Jessica Mid Heel Mules,Happy2U,Women > Shoes > Heels > Pumps,39.16,55.33,https://www.zalora.com.ph/p/happy2u-jessica-mid-heel-mules-brown-3695952
Jibbitz™ Charm Letter R,Crocs,Women > Shoes > Shoes Accessories,10.0,10.0,https://www.zalora.com.ph/p/crocs-jibbitz-charm-letter-r-multi-4048166
Jimmy Key Black One Shoulder Window Detail Mini Linen Dress,Jimmy Key,Women > Clothing > Dresses,27.74,78.34,https://www.zalora.com.ph/p/jimmy-key-jimmy-key-black-one-shoulder-window-detail-mini-linen-dress-black-3601862
Jocelyn Loungewear Shorts Set,RAISING LITTLE,Women > Clothing > Lingerie & Loungewear > Loungewear,17.96,17.96,https://www.zalora.com.ph/p/raising-little-jocelyn-loungewear-shorts-set-white-1681676
Jockey Cotton Rich Elance V-Neck T-Shirt (Pack of 3),Jockey,Men > Clothing > T-Shirts > Short Sleeves,17.12,17.12,https://www.zalora.com.ph/p/jockey-jockey-cotton-rich-elance-v-neck-t-shirt-pack-of-3-white-3531334
Jockey Zone Cotton V-Neck Men's T-Shirt - 3 Pack,Jockey,Men > Clothing > T-Shirts > Short Sleeves,21.04,21.04,https://www.zalora.com.ph/p/jockey-jockey-zone-cotton-v-neck-men-s-t-shirt-3-pack-multi-3531265
Jockey® 100% Cotton Zone Round Neck T Shirt,Jockey,Men > Clothing > T-Shirts > Short Sleeves,10.0,10.0,https://www.zalora.com.ph/p/jockey-jockey-100-cotton-zone-round-neck-t-shirt-turquoise-2796539
Jockey® Comfies Cotton  Round Neck Women's T-Shirt,Jockey,Women > Clothing > Tops > T-Shirts,10.0,10.0,https://www.zalora.com.ph/p/jockey-jockey-comfies-cotton-round-neck-women-s-t-shirt-black-3533694
Jockey® Cotton Rich Pique Classic Fit Men's Plain Short Sleeve Polo Shirt,Jockey,Men > Clothing > Polos,14.68,14.68,https://www.zalora.com.ph/p/jockey-jockey-cotton-rich-pique-classic-fit-men-s-plain-short-sleeve-polo-shirt-white-2800584
Jockey® Cotton Rich Pique Classic Fit Men's Plain Short Sleeve Polo Shirt,Jockey,Men > Clothing > Polos,17.06,17.06,https://www.zalora.com.ph/p/jockey-jockey-cotton-rich-pique-classic-fit-men-s-plain-short-sleeve-polo-shirt-yellow-3541620
Jockey® Elance Cotton Rich Round Neck T Shirt – For Men,Jockey,Men > Clothing > T-Shirts > Short Sleeves,10.0,10.0,https://www.zalora.com.ph/p/jockey-jockey-elance-cotton-rich-round-neck-t-shirt-for-men-green-3602355
Jordan Flight Court,Jordan,Sports > Men's Sports > Footwear > Sneakers,94.6,94.6,https://www.zalora.com.ph/p/jordan-jordan-flight-court-multi-4130082
Jordan Legacy 312 Low Women's Shoes,Jordan,Sports > Women's Sports > Footwear > Sneakers,128.89,128.89,https://www.zalora.com.ph/p/jordan-jordan-legacy-312-low-women-s-shoes-white-3740687
Journey Flat Uptown Merced Women's Heel/Wedge,Vionic,Women > Shoes > Wedges > Wedge Sandals,99.42,142.03,https://www.zalora.com.ph/p/vionic-journey-flat-uptown-merced-women-s-heel-wedge-gold-4106158
Journey Run Road Running Shoes,Nike,Sports > Men's Sports > Footwear > Sneakers,75.72,81.54,https://www.zalora.com.ph/p/nike-journey-run-road-running-shoes-white-4162342
Journey Run Road Running Shoes,Nike,Sports > Women's Sports > Footwear > Running Shoes,81.54,81.54,https://www.zalora.com.ph/p/nike-journey-run-road-running-shoes-multi-4225367
Journey Shoes,ALDO,Men > Shoes > Loafers & Boat Shoes,76.37,120.72,https://www.zalora.com.ph/p/aldo-journey-shoes-green-4259667
Journey Sport Uptown Willa Women's Shoes,Vionic,Women > Shoes > Slip-Ons,94.85,135.5,https://www.zalora.com.ph/p/vionic-journey-sport-uptown-willa-women-s-shoes-silver-3922611
Journey Sport Uptown Willa Women's Shoes,Vionic,Women > Shoes > Slip-Ons,94.85,135.5,https://www.zalora.com.ph/p/vionic-journey-sport-uptown-willa-women-s-shoes-brown-3922616
Joy Satin Rhinestone Heels,Happy2U,Women > Shoes > Heels > Pumps,48.96,55.33,https://www.zalora.com.ph/p/happy2u-joy-satin-rhinestone-heels-pink-3598972
Joyce Knit Cardigan,FORCAST,Women > Clothing > Tops,34.12,34.12,https://www.zalora.com.ph/p/forcast-joyce-knit-cardigan-blue-3759258
Jude Signature Logo Sneakers,Michael Kors,Luxury > Outlet > Women's Shoes > Sneakers,118.45,289.75,https://www.zalora.com.ph/p/michael-kors-jude-signature-logo-sneakers-brown-4216327
Justified Pants,Plains & Prints,Women > Clothing > Pants & Leggings > Wide-legged Pants,32.62,32.62,https://www.zalora.com.ph/p/plains-prints-justified-pants-green-3698872
KERAM3 Women's Loafer,Nine West,Women > Shoes > Flats > Loafers & Boat Shoes,60.73,75.91,https://www.zalora.com.ph/p/nine-west-keram3-women-s-loafer-black-4321201
KL Monogram Shirt,Karl Lagerfeld,Luxury > Outlet > Men's Clothing > Shirts,110.77,323.22,https://www.zalora.com.ph/p/karl-lagerfeld-kl-monogram-shirt-black-3670065
KNITTED COTTON WAISTCOAT,COS,Women > Clothing > Jackets & Coats,77.54,77.54,https://www.zalora.com.ph/p/cos-knitted-cotton-waistcoat-white-3715685
KNOTTED STRAP WITH CLOUDFOAM HEEL SLIDE,Nose,Women > Shoes > Heels,63.65,63.65,https://www.zalora.com.ph/p/nose-knotted-strap-with-cloudfoam-heel-slide-orange-4345340
Kaiha,New Balance,Sports > Men's Sports > Footwear > Sneakers,84.27,97.22,https://www.zalora.com.ph/p/new-balance-kaiha-black-4310481
Kaili Heeled Slides,CLN,Women > Shoes > Heels > Open Toes,22.02,24.47,https://www.zalora.com.ph/p/cln-kaili-heeled-slides-beige-4314542
Kailidda Pointed Toe Mules,ALDO,Women > Shoes > Heels > Low Heels,79.91,79.91,https://www.zalora.com.ph/p/aldo-kailidda-pointed-toe-mules-white-3848140
Kaitie Heels,ALDO,Women > Shoes > Heels > Pumps,47.0,86.44,https://www.zalora.com.ph/p/aldo-kaitie-heels-black-4185166
Kaitie Mid Pump Heels,ALDO,Women > Shoes > Heels > Pumps,86.44,86.44,https://www.zalora.com.ph/p/aldo-kaitie-mid-pump-heels-beige-3656546
Kamelie Ballerina Flats,Call It Spring,Women > Shoes > Flats > Ballerinas,17.19,40.73,https://www.zalora.com.ph/p/call-it-spring-kamelie-ballerina-flats-black-3864778
Kate Floral Comfy Ballerina,My Ballerine,Women > Shoes > Flats > Ballerinas,46.51,59.24,https://www.zalora.com.ph/p/my-ballerine-kate-floral-comfy-ballerina-pink-3522737
Kate Mary Jane PT Women's BTS/Casual Shoes,Hush Puppies,Women > Shoes > Flats > Ballerinas,75.09,75.09,https://www.zalora.com.ph/p/hush-puppies-kate-mary-jane-pt-women-s-bts-casual-shoes-black-3604332
Katerina Short Sleeve Oversized Jumper,GWD,Women > Clothing > Knitwear & Cardigans,42.22,42.22,https://www.zalora.com.ph/p/gwd-katerina-short-sleeve-oversized-jumper-pink-3568018
Kavya Tie-Waist Cotton Dress,FORCAST,Women > Clothing > Dresses > Summer Dresses,56.24,112.48,https://www.zalora.com.ph/p/forcast-kavya-tie-waist-cotton-dress-white-3251027
Kd Trey 5 X Ep,Nike,Sports > Men's Sports > Footwear > Basketball Shoes,78.28,78.28,https://www.zalora.com.ph/p/nike-kd-trey-5-x-ep-grey-2809619
Kegan Flip Flop Sandals,ALDO,Men > Shoes > Sandals & Flip Flops > Flip Flops,44.0,44.0,https://www.zalora.com.ph/p/aldo-kegan-flip-flop-sandals-black-3971035
Keifer Shoes,ALDO,Men > Shoes > Loafers & Boat Shoes,53.48,138.42,https://www.zalora.com.ph/p/aldo-keifer-shoes-multi-4008858
Kellen Lace-Up Shoes,Call It Spring,Men > Shoes > Sneakers,32.65,53.79,https://www.zalora.com.ph/p/call-it-spring-kellen-lace-up-shoes-navy-3971805
Kelly Corset Crop Top,Heather Clothing,Women > Clothing > Tops > Sleeveless,37.53,37.53,https://www.zalora.com.ph/p/heather-clothing-kelly-corset-crop-top-white-2061861
Kenya Rouched Linen Top,FORCAST,Women > Clothing > Tops > Blouses,55.34,55.34,https://www.zalora.com.ph/p/forcast-kenya-rouched-linen-top-white-3519065
Kepley Lane Black,Clarks,Women > Shoes > Heels > Pumps,129.78,129.78,https://www.zalora.com.ph/p/clarks-kepley-lane-black-black-3659995
Khaki High Waist Cargo Pants,London Rag,Women > Clothing > Pants & Leggings > Straight Leg Pants,32.96,59.73,https://www.zalora.com.ph/p/london-rag-khaki-high-waist-cargo-pants-green-2688725
Khaki Lenny Embellished Sandals,London Rag,Women > Shoes > Sandals > Flat Sandals,29.7,45.53,https://www.zalora.com.ph/p/london-rag-khaki-lenny-embellished-sandals-beige-3248793
Khaki Motocycle Trench Coat,SST&C,Men > Clothing > Jackets & Coats > Coats,189.45,189.45,https://www.zalora.com.ph/p/sst-c-khaki-motocycle-trench-coat-brown-3576900
Khaki Stripe Printed Cuff Shorts,iROO,Women > Clothing > Shorts,80.5,80.5,https://www.zalora.com.ph/p/iroo-khaki-stripe-printed-cuff-shorts-multi-3350685
Kildra Loungewear Skirt Set,THE LOUNGE EDIT,Women > Clothing > Lingerie & Loungewear > Loungewear,37.55,37.55,https://www.zalora.com.ph/p/the-lounge-edit-kildra-loungewear-skirt-set-multi-1849462
Killshot 2 Prm,Nike,Sports > Men's Sports > Footwear > Sneakers,78.18,100.81,https://www.zalora.com.ph/p/nike-killshot-2-prm-red-4174805
Killshot 2 Sneakers,Nike,Sports > Women's Sports > Footwear > Sneakers,80.56,84.81,https://www.zalora.com.ph/p/nike-killshot-2-sneakers-white-3537920
Kira Buckle,Sunday Staples,Women > Shoes > Slip-Ons,43.75,43.75,https://www.zalora.com.ph/p/sunday-staples-kira-buckle-white-4314888
Kitten Shoes With Bow Detail,Mango,Women > Shoes > Heels > Low Heels,24.41,48.89,https://www.zalora.com.ph/p/mango-kitten-shoes-with-bow-detail-white-3860223
Kitten-heeled leather sandals,H&M,Women > Shoes > Heels,29.22,48.81,https://www.zalora.com.ph/p/hm-kitten-heeled-leather-sandals-black-3629856
Knee Length Gathered Dress,Trendyol,Women > Clothing > Dresses > Work Dresses,19.54,35.08,https://www.zalora.com.ph/p/trendyol-knee-length-gathered-dress-blue-3717730
Knee-high boots,H&M,Women > Shoes > Boots,56.97,56.97,https://www.zalora.com.ph/p/hm-knee-high-boots-brown-3756109
Knee-high leather boots,H&M,Women > Shoes > Boots,122.27,146.76,https://www.zalora.com.ph/p/hm-knee-high-leather-boots-black-3346674
Knee-high leather boots,H&M,Women > Shoes > Boots,65.14,114.11,https://www.zalora.com.ph/p/hm-knee-high-leather-boots-brown-3282090
Knit Crop Top,Happiness Istanbul,Women > Clothing > Tops,10.0,20.79,https://www.zalora.com.ph/p/happiness-istanbul-knit-crop-top-beige-3510957
Knit Men's Bubble Gum Cotton Light Performance Crew Socks 1 pair KMC3203,Burlington,Men > Clothing > Socks > Calf-length socks,10.0,10.0,https://www.zalora.com.ph/p/burlington-knit-men-s-bubble-gum-cotton-light-performance-crew-socks-1-pair-kmc3203-red-2985652
Knitted Bodysuit with Snap Fastener,Trendyol,Women > Clothing > Tops,10.0,28.02,https://www.zalora.com.ph/p/trendyol-knitted-bodysuit-with-snap-fastener-red-3319169
Knitted Cropped Jumper,Happiness Istanbul,Women > Clothing > Knitwear & Cardigans,10.0,54.77,https://www.zalora.com.ph/p/happiness-istanbul-knitted-cropped-jumper-black-3685640
Knitted Double Banded Balanced Block Heeled Sandals,Trendyol,Women > Shoes > Heels > Open Toes,42.43,42.43,https://www.zalora.com.ph/p/trendyol-knitted-double-banded-balanced-block-heeled-sandals-brown-4293950
Knitted Polo Shirt,Trendyol,Women > Clothing > Tops > T-Shirts,14.63,25.29,https://www.zalora.com.ph/p/trendyol-knitted-polo-shirt-black-2994850
Knitted Polo Shirt,Cotton On,Men > Clothing > Polos,19.31,41.61,https://www.zalora.com.ph/p/cotton-on-knitted-polo-shirt-beige-3742149
Knitted Sock Boots In Taupe,London Rag,Women > Shoes > Boots > Ankle Boots,64.63,80.79,https://www.zalora.com.ph/p/london-rag-knitted-sock-boots-in-taupe-beige-3573019
Knitted Striped Polo Shirt AX-PSD8030,Twenty Eight Shoes,Men > Clothing > Polos,49.79,56.19,https://www.zalora.com.ph/p/twenty-eight-shoes-knitted-striped-polo-shirt-ax-psd8030-white-3723910
Knitted Sweater with Hood,AIR SPACE,Women > Clothing > Knitwear & Cardigans,16.18,26.92,https://www.zalora.com.ph/p/air-space-knitted-sweater-with-hood-yellow-3686050
Knitted Waffle Cardigan XZ-JJYG-818,Twenty Eight Shoes,Men > Clothing > Knitwear & Cardigans,57.46,57.46,https://www.zalora.com.ph/p/twenty-eight-shoes-knitted-waffle-cardigan-xz-jjyg-818-grey-2606381
Knitted shorts,H&M,Women > Clothing > Shorts,13.04,13.04,https://www.zalora.com.ph/p/hm-knitted-shorts-black-3690026
Knitted vest top,H&M,Women > Clothing > Blazers,16.31,16.31,https://www.zalora.com.ph/p/hm-knitted-vest-top-white-3159974
Knitwear Crop Set,Happiness Istanbul,Women > Clothing > Knitwear & Cardigans,25.78,25.78,https://www.zalora.com.ph/p/happiness-istanbul-knitwear-crop-set-grey-3370208
Konnor Shoes,ALDO,Men > Shoes > Loafers & Boat Shoes,94.6,94.6,https://www.zalora.com.ph/p/aldo-konnor-shoes-navy-4091325
Korean Style Sexy V-Neck Mesh Stitching Wrap Hip One Piece Dress A2102238,Sunnydaysweety,Women > Clothing > Dresses > Mini Dresses,55.02,55.02,https://www.zalora.com.ph/p/sunnydaysweety-korean-style-sexy-v-neck-mesh-stitching-wrap-hip-one-piece-dress-a2102238-black-1945803
Koupe-Black Wedge,Dune London,Women > Shoes > Wedges > Wedge Sandals,45.38,113.46,https://www.zalora.com.ph/p/dune-london-koupe-black-wedge-brown-4240048
Kravis Sandals,ALDO,Women > Shoes > Sandals > Flat Sandals,89.92,97.87,https://www.zalora.com.ph/p/aldo-kravis-sandals-brown-3656523
Krishelle Ballerina Flats,ALDO,Women > Shoes > Flats > Ballerinas,78.25,92.97,https://www.zalora.com.ph/p/aldo-krishelle-ballerina-flats-beige-3624624
Kurung Dayang Puri,klozet kuala lumpur,Women > Modest Wear > Baju Kurungs & Sets,66.92,66.92,https://www.zalora.com.ph/p/klozet-kuala-lumpur-kurung-dayang-puri-orange-979649
LINEN-BLEND MIDI COLUMN SKIRT,COS,Women > Clothing > Skirts,106.11,106.11,https://www.zalora.com.ph/p/cos-linen-blend-midi-column-skirt-black-3715573
LISBON Men's Dress Shoes In Black 62163450839,ECCO,Men > Shoes > Formal,198.63,282.19,https://www.zalora.com.ph/p/ecco-lisbon-men-s-dress-shoes-in-black-62163450839-black-3868441
LX Old Skool Re-Imagined Suede Sneakers,VANS,Kids > Shoes > Sneakers,98.19,98.19,https://www.zalora.com.ph/p/vans-lx-old-skool-re-imagined-suede-sneakers-blue-4366669
LZ 29035 C92 C97 Black Patent Leather Pump With Gold Bow And Block Heel,Mario D' boro Runway,Women > Shoes > Heels > Pumps,40.8,40.8,https://www.zalora.com.ph/p/mario-d-boro-runway-lz-29035-c92-c97-black-patent-leather-pump-with-gold-bow-and-block-heel-black-4286860
La Costa Slide-On,VANS,Sports > Women's Sports > Footwear > Sandals & Flip Flops,42.41,42.41,https://www.zalora.com.ph/p/vans-la-costa-slide-on-black-3485732
Lace Detail Cami,Penti,Women > Clothing > Tops > Sleeveless,10.53,25.29,https://www.zalora.com.ph/p/penti-lace-detail-cami-black-3003836
Lace Floral V-Neck Midi Dress,Hopeshow,Women > Clothing > Dresses,72.2,72.2,https://www.zalora.com.ph/p/hopeshow-lace-floral-v-neck-midi-dress-blue-2983967
Lace Inner Top Pack of 2,ZALIA BASICS,Women > Clothing > Tops,10.0,28.84,https://www.zalora.com.ph/p/zalia-basics-lace-inner-top-pack-of-2-black-3078468
Lace Stitching Mesh Maxi Skirt AF0688,Twenty Eight Shoes,Women > Clothing > Skirts > Maxi Skirts,32.0,35.91,https://www.zalora.com.ph/p/twenty-eight-shoes-lace-stitching-mesh-maxi-skirt-af0688-beige-2615719
Lace Up Business Loafers,Louis Cuppers,Men > Shoes > Loafers & Boat Shoes,26.1,26.1,https://www.zalora.com.ph/p/louis-cuppers-lace-up-business-loafers-brown-2335871
Lace Up Loafers,Trendyol,Women > Shoes > Flats > Loafers & Boat Shoes,31.93,57.94,https://www.zalora.com.ph/p/trendyol-lace-up-loafers-black-4293943
Lace Up Loafers,Trendyol,Women > Shoes > Flats > Loafers & Boat Shoes,50.3,57.94,https://www.zalora.com.ph/p/trendyol-lace-up-loafers-beige-4293507
Lace Up Shoes,Soho,Women > Shoes > Sneakers,47.67,83.4,https://www.zalora.com.ph/p/soho-lace-up-shoes-beige-3581245
Lace-Up Men's Classic Shoes,Trendyol,Men > Shoes > Formal,79.88,96.3,https://www.zalora.com.ph/p/trendyol-lace-up-men-s-classic-shoes-black-4142973
Lace-inset blouse,H&M,Women > Clothing > Tops > Blouses,19.43,24.32,https://www.zalora.com.ph/p/hm-lace-inset-blouse-black-3755304
Lace-panelled Blouse,Hopeshow,Women > Clothing > Tops,35.37,35.37,https://www.zalora.com.ph/p/hopeshow-lace-panelled-blouse-green-3457386
Lacey Long Skirt,Chictees,Women > Clothing > Skirts > Midi Skirts,24.47,24.47,https://www.zalora.com.ph/p/chictees-lacey-long-skirt-black-3598193
Lacoste Classic Fit L.12.12 Polo Shirt,Lacoste,Men > Clothing > Polos,97.13,97.13,https://www.zalora.com.ph/p/lacoste-lacoste-classic-fit-l-12-12-polo-shirt-beige-3619895
Lacoste Men's Smart Paris Polo,Lacoste,Men > Clothing > Polos,146.11,146.11,https://www.zalora.com.ph/p/lacoste-lacoste-men-s-smart-paris-polo-white-3621790
Lacoste Movement Branded Polo Shirt,Lacoste,Men > Clothing > Polos,137.95,137.95,https://www.zalora.com.ph/p/lacoste-lacoste-movement-branded-polo-shirt-blue-3639587
Ladder Collar Knit Top,Cool & Sexy,Women > Clothing > Tops > Sleeveless,10.0,10.0,https://www.zalora.com.ph/p/cool-sexy-ladder-collar-knit-top-white-3359032
Lagoon Sandals,ALDO,Women > Shoes > Sandals > Flat Sandals,51.72,70.12,https://www.zalora.com.ph/p/aldo-lagoon-sandals-brown-4185259
Lagoon Sandals,ALDO,Women > Shoes > Sandals > Flat Sandals,53.91,70.12,https://www.zalora.com.ph/p/aldo-lagoon-sandals-navy-4185310
Lagoon Strap Sandals,ALDO,Women > Shoes > Sandals > Flat Sandals,51.41,60.32,https://www.zalora.com.ph/p/aldo-lagoon-strap-sandals-multi-3682995
Lambert Elastic Cuff Shirt,BADOMODA,Women > Clothing > Tops > Shirts,24.41,24.41,https://www.zalora.com.ph/p/badomoda-lambert-elastic-cuff-shirt-green-3600017
Lancaster Polo Glasow Arnold Flat,LancasterPolo,Women > Shoes > Flats,69.21,69.21,https://www.zalora.com.ph/p/lancasterpolo-lancaster-polo-glasow-arnold-flat-blue-3739766
Lancaster Polo Glasow Arnold Flat,LancasterPolo,Women > Shoes > Flats,69.21,69.21,https://www.zalora.com.ph/p/lancasterpolo-lancaster-polo-glasow-arnold-flat-pink-3739792
Laneyy Heels,Call It Spring,Women > Shoes > Heels > Open Toes,26.95,50.53,https://www.zalora.com.ph/p/call-it-spring-laneyy-heels-gold-4185127
Lapel Tunic Satin Fabric Dress XHG-1633,Twenty Eight Shoes,Women > Clothing > Dresses > Summer Dresses,55.49,69.22,https://www.zalora.com.ph/p/twenty-eight-shoes-lapel-tunic-satin-fabric-dress-xhg-1633-green-2616025
Laramie Linen Tie-Shoulder Sleeveless Top,BADOMODA,Women > Clothing > Tops > Sleeveless,10.0,24.0,https://www.zalora.com.ph/p/badomoda-laramie-linen-tie-shoulder-sleeveless-top-brown-2957845
Lari Sweatshirt,ONLY,Women > Clothing > Hoodies & Sweatshirts,13.58,43.24,https://www.zalora.com.ph/p/only-lari-sweatshirt-beige-3711103
Larissa Dress,Cole Vintage,Women > Clothing > Dresses > Maxi Dresses,11.09,27.74,https://www.zalora.com.ph/p/cole-vintage-larissa-dress-orange-2535729
Lars Mandarin Collar 3/4 Sleeve Top,BADOMODA,Women > Clothing > Tops > Blouses,10.0,13.48,https://www.zalora.com.ph/p/badomoda-lars-mandarin-collar-3-4-sleeve-top-pink-3016269
Latrice Cowl Neck Continuous Sleeve Top,BADOMODA,Women > Clothing > Tops > Blouses,10.0,15.17,https://www.zalora.com.ph/p/badomoda-latrice-cowl-neck-continuous-sleeve-top-brown-2728743
Lauren Ralph Lauren Buckle-Trim Cotton-Blend Shirtdress,Polo Ralph Lauren,Women > Clothing > Dresses > Work Dresses,277.52,277.52,https://www.zalora.com.ph/p/polo-ralph-lauren-lauren-ralph-lauren-buckle-trim-cotton-blend-shirtdress-navy-3667447
Lauren Women's Belted Stretch-Cotton Blend Shirtdress,Polo Ralph Lauren,Women > Clothing > Dresses > Mini Dresses,228.55,228.55,https://www.zalora.com.ph/p/polo-ralph-lauren-lauren-women-s-belted-stretch-cotton-blend-shirtdress-beige-3667431
Leather Cap Toe Business Shoes KB888-1,Twenty Eight Shoes,Men > Shoes > Formal,66.61,109.57,https://www.zalora.com.ph/p/twenty-eight-shoes-leather-cap-toe-business-shoes-kb888-1-black-2593284
Leather Cap Toe Business Shoes MK5009-1,Twenty Eight Shoes,Men > Shoes > Formal,65.99,90.47,https://www.zalora.com.ph/p/twenty-eight-shoes-leather-cap-toe-business-shoes-mk5009-1-black-2580351
Leather Cap Toe Business Shoes MK5011-2,Twenty Eight Shoes,Men > Shoes > Formal,76.71,85.54,https://www.zalora.com.ph/p/twenty-eight-shoes-leather-cap-toe-business-shoes-mk5011-2-black-2598647
Leather Jacket,Jnby,Women > Clothing > Jackets & Coats > Leather Jackets,565.99,565.99,https://www.zalora.com.ph/p/jnby-leather-jacket-red-3717189
Leather Mary Jane ballet pumps,H&M,Women > Shoes > Flats,89.62,89.62,https://www.zalora.com.ph/p/hm-leather-mary-jane-ballet-pumps-black-4069194
Leather Mixed Sneakers,MANGO Man,Men > Shoes > Sneakers,24.41,81.54,https://www.zalora.com.ph/p/mango-man-leather-mixed-sneakers-white-4130545
Leather Monk Strap Shoes MK5009-2,Twenty Eight Shoes,Men > Shoes > Formal,71.18,109.57,https://www.zalora.com.ph/p/twenty-eight-shoes-leather-monk-strap-shoes-mk5009-2-brown-2584405
Leather Straps Sandals,Mango,Women > Shoes > Sandals > Flat Sandals,48.89,48.89,https://www.zalora.com.ph/p/mango-leather-straps-sandals-orange-2028305
Leather Straps Sandals,Mango,Women > Shoes > Sandals > Flat Sandals,27.67,70.12,https://www.zalora.com.ph/p/mango-leather-straps-sandals-brown-4249185
Leather ankle boots,H&M,Women > Shoes > Boots,146.76,146.76,https://www.zalora.com.ph/p/hm-leather-ankle-boots-black-3927767
Leather ballet pumps,H&M,Women > Shoes > Flats,34.12,61.87,https://www.zalora.com.ph/p/hm-leather-ballet-pumps-brown-3629772
Leather loafers,H&M,Women > Shoes > Flats > Ballerinas,81.46,81.46,https://www.zalora.com.ph/p/hm-leather-loafers-brown-4220690
Leather running sneakers,Desigual,Women > Shoes > Sneakers,199.82,199.82,https://www.zalora.com.ph/p/desigual-leather-running-sneakers-multi-4220271
Leather sandals,H&M,Women > Shoes > Sandals,81.46,81.46,https://www.zalora.com.ph/p/hm-leather-sandals-red-3629903
Lededanten Loafers,ALDO,Women > Shoes > Flats > Loafers & Boat Shoes,32.65,86.44,https://www.zalora.com.ph/p/aldo-lededanten-loafers-brown-3971024
Leia  Dress,BWLDR,Women > Clothing > Dresses > Mini Dresses,71.81,71.81,https://www.zalora.com.ph/p/bwldr-leia-dress-green-3053731
Lemony Off-Shoulder Top,F2 - Fashion and Freedom,Women > Clothing > Tops,39.1,39.1,https://www.zalora.com.ph/p/f2-fashion-and-freedom-lemony-off-shoulder-top-yellow-3109200
Lennon Black Penny Loafers,Bristol Shoes,Men > Shoes > Loafers & Boat Shoes,92.73,92.73,https://www.zalora.com.ph/p/bristol-shoes-lennon-black-penny-loafers-black-4340009
Lennoxx Heeled Pumps,Call It Spring,Women > Shoes > Heels > Pumps,13.06,44.0,https://www.zalora.com.ph/p/call-it-spring-lennoxx-heeled-pumps-black-3506284
Leopard Print Faux Fur Platform Classic Slingback in Tan,London Rag,Women > Shoes > Flats,41.29,61.53,https://www.zalora.com.ph/p/london-rag-leopard-print-faux-fur-platform-classic-slingback-in-tan-brown-3616351
Leopard Women's Slippers Model Number 17265,Soho,Women > Shoes > Sandals,28.21,36.55,https://www.zalora.com.ph/p/soho-leopard-women-s-slippers-model-number-17265-red-3991321
Les Mills High-Rise Lux Leggings,Reebok,Sports > Women's Sports > Clothing > Shorts,55.49,55.49,https://www.zalora.com.ph/p/reebok-les-mills-high-rise-lux-leggings-black-1793253
Lexee Pleat Front Short,FORCAST,Women > Clothing > Shorts > Tailored Shorts,63.5,63.5,https://www.zalora.com.ph/p/forcast-lexee-pleat-front-short-black-3759186
Lexi Shirred Dress,Cotton On,Women > Clothing > Dresses > Summer Dresses,49.77,49.77,https://www.zalora.com.ph/p/cotton-on-lexi-shirred-dress-pink-3070647
Lexi Top,Cole Vintage,Women > Clothing > Tops > Blouses,10.6,21.21,https://www.zalora.com.ph/p/cole-vintage-lexi-top-green-2535473
Liberty Longsleeved Wrap Dress,Heather Clothing,Women > Clothing > Dresses > Party Dresses,26.1,26.1,https://www.zalora.com.ph/p/heather-clothing-liberty-longsleeved-wrap-dress-green-2170416
Lica Puff Sleeve Shirt,FORCAST,Women > Clothing > Tops > Shirts,55.34,55.34,https://www.zalora.com.ph/p/forcast-lica-puff-sleeve-shirt-white-3759275
Lifestyle ADILETTE COMFORT 2.0 SLIDES Unisex Black HQ2472,ADIDAS,Men > Sports > Footwear > Sandals & Flip-Flops,40.81,40.81,https://www.zalora.com.ph/p/adidas-lifestyle-adilette-comfort-2-0-slides-unisex-black-hq2472-black-4221328
Lifestyle ADILETTE COMFORT 2.0 SLIDES Unisex Grey HQ2474,ADIDAS,Men > Sports > Footwear > Sandals & Flip-Flops,37.55,37.55,https://www.zalora.com.ph/p/adidas-lifestyle-adilette-comfort-2-0-slides-unisex-grey-hq2474-grey-4219821
Lifestyle ADILETTE SHOWER SLIDES Sandals Unisex Brown IH9039,ADIDAS,Men > Sports > Footwear > Sandals & Flip-Flops,31.02,31.02,https://www.zalora.com.ph/p/adidas-lifestyle-adilette-shower-slides-sandals-unisex-brown-ih9039-brown-4219522
Lifestyle Adilette 25 Slides Unisex Burgundy JR3616,ADIDAS,Men > Sports > Footwear > Sandals & Flip-Flops,76.73,76.73,https://www.zalora.com.ph/p/adidas-lifestyle-adilette-25-slides-unisex-burgundy-jr3616-multi-3919730
Lifestyle Adilette Shower Liverpool Slides Unisex Red JS4965,ADIDAS,Men > Sports > Footwear > Sandals & Flip-Flops,24.49,24.49,https://www.zalora.com.ph/p/adidas-lifestyle-adilette-shower-liverpool-slides-unisex-red-js4965-red-4258853
Lifestyle Adilette Shower Slides Unisex Red JR0675,ADIDAS,Men > Sports > Footwear > Sandals & Flip-Flops,31.02,31.02,https://www.zalora.com.ph/p/adidas-lifestyle-adilette-shower-slides-unisex-red-jr0675-red-4260252
Lifestyle Barreda Shoes Men Grey KI4217,ADIDAS,Men > Sports > Footwear > Lifestyle,63.67,63.67,https://www.zalora.com.ph/p/adidas-lifestyle-barreda-shoes-men-grey-ki4217-grey-4344725
Lifestyle CARE BEARS X ADISTAR CONTROL 5 SHOES Women Pink KK2605,ADIDAS,Sports > Women's Sports > Footwear > Sneakers,122.44,122.44,https://www.zalora.com.ph/p/adidas-lifestyle-care-bears-x-adistar-control-5-shoes-women-pink-kk2605-pink-4334576
Lifestyle CLOUDFOAM FLEX ELASTIC LACES SHOES Women Black HQ4929,ADIDAS,Women > Sports > Footwear > Lifestyle,48.97,48.97,https://www.zalora.com.ph/p/adidas-lifestyle-cloudfoam-flex-elastic-laces-shoes-women-black-hq4929-black-4312259
Lifestyle CRAZYCHAOS 2000 SHOES Women Blue JS0078,ADIDAS,Women > Sports > Footwear > Lifestyle,68.56,68.56,https://www.zalora.com.ph/p/adidas-lifestyle-crazychaos-2000-shoes-women-blue-js0078-blue-4312265
Lifestyle ITALIA 70s SHOES Women Grey HQ4899,ADIDAS,Women > Sports > Footwear > Lifestyle,111.01,111.01,https://www.zalora.com.ph/p/adidas-lifestyle-italia-70s-shoes-women-grey-hq4899-grey-4219416
Lifestyle Lightblaze Glow Shoes Men White JQ7182,ADIDAS,Men > Sports > Footwear > Lifestyle,97.95,97.95,https://www.zalora.com.ph/p/adidas-lifestyle-lightblaze-glow-shoes-men-white-jq7182-white-4219641
Lifestyle Lite Racer CLN 2.0 Shoes Men Grey GY7638,ADIDAS,Men > Sports > Footwear > Running Shoes,58.77,58.77,https://www.zalora.com.ph/p/adidas-lifestyle-lite-racer-cln-2-0-shoes-men-grey-gy7638-grey-3748358
Lifestyle MEGARIDE SHOES Unisex Black JR2445,ADIDAS,Sports > Men's Sports > Footwear > Sneakers,155.09,155.09,https://www.zalora.com.ph/p/adidas-lifestyle-megaride-shoes-unisex-black-jr2445-black-4316143
Lifestyle Minecraft Handball Spezial Shoes Unisex Black IH1737,ADIDAS,Women > Sports > Footwear > Lifestyle,70.2,70.2,https://www.zalora.com.ph/p/adidas-lifestyle-minecraft-handball-spezial-shoes-unisex-black-ih1737-black-4253457
Lifestyle Predator Sala Shoes Unisex Black JQ3916,ADIDAS,Men > Sports > Footwear > Lifestyle,111.01,111.01,https://www.zalora.com.ph/p/adidas-lifestyle-predator-sala-shoes-unisex-black-jq3916-black-4215796
Lifestyle SAMBA OG SHOES Women Pink IH6704,ADIDAS,Sports > Women's Sports > Footwear > Sneakers,90.52,111.01,https://www.zalora.com.ph/p/adidas-lifestyle-samba-og-shoes-women-pink-ih6704-pink-4281766
Lifestyle SUPERSTAR II Shoes Unisex Black IH9317,ADIDAS,Sports > Men's Sports > Footwear > Sneakers,97.95,97.95,https://www.zalora.com.ph/p/adidas-lifestyle-superstar-ii-shoes-unisex-black-ih9317-black-4311020
Lifestyle TAEKWONDO MEI BALLET SHOES Women White KJ0647,ADIDAS,Sports > Women's Sports > Footwear > Sneakers,111.01,111.01,https://www.zalora.com.ph/p/adidas-lifestyle-taekwondo-mei-ballet-shoes-women-white-kj0647-white-4314481
Lifestyle Tobacco Shoes Men Green JS1368,ADIDAS,Men > Sports > Footwear > Lifestyle,111.01,111.01,https://www.zalora.com.ph/p/adidas-lifestyle-tobacco-shoes-men-green-js1368-green-3920743
Lifestyle Znsory Slides Unisex Green JS3594,ADIDAS,Men > Sports > Footwear > Sandals & Flip-Flops,40.81,40.81,https://www.zalora.com.ph/p/adidas-lifestyle-znsory-slides-unisex-green-js3594-green-4109214
Lifestyle x TRON ARES LIGHTBLAZE SHOES Unisex Black JR4898,ADIDAS,Men > Sports > Footwear > Lifestyle,97.95,97.95,https://www.zalora.com.ph/p/adidas-lifestyle-x-tron-ares-lightblaze-shoes-unisex-black-jr4898-black-4069383
Light - Sneakers Shoes For Women,Oxy Originals,Women > Shoes > Slip-Ons,64.97,64.97,https://www.zalora.com.ph/p/oxy-originals-light-sneakers-shoes-for-women-bronze-3464996
Light - Sneakers for Mens,Oxy Originals,Men > Shoes > Sneakers,64.97,64.97,https://www.zalora.com.ph/p/oxy-originals-light-sneakers-for-mens-navy-4341123
Light Aqua-grey Pure Cotton Crew Neck Sweater,SST&C,Men > Clothing > Knitwear & Cardigans > Knitwear,65.94,65.94,https://www.zalora.com.ph/p/sst-c-light-aqua-grey-pure-cotton-crew-neck-sweater-grey-3515284
Light Blue Cotton Skirt,F2 - Fashion and Freedom,Women > Clothing > Skirts,78.28,78.28,https://www.zalora.com.ph/p/f2-fashion-and-freedom-light-blue-cotton-skirt-blue-3102072
Light Blue Patterned Oversize Long Basic Shirt,ARMONIKA,Women > Clothing > Tops > Shirts,11.82,20.88,https://www.zalora.com.ph/p/armonika-light-blue-patterned-oversize-long-basic-shirt-blue-3482449
Light Orange Linen Midi Dress,F2 - Fashion and Freedom,Women > Clothing > Dresses,95.68,95.68,https://www.zalora.com.ph/p/f2-fashion-and-freedom-light-orange-linen-midi-dress-orange-3109207
Lightblaze Shoes,ADIDAS,Sports > Men's Sports > Footwear > Sneakers,95.26,100.4,https://www.zalora.com.ph/p/adidas-lightblaze-shoes-black-4233053
Lightblaze Shoes,ADIDAS,Sports > Men's Sports > Footwear,97.95,97.95,https://www.zalora.com.ph/p/adidas-lightblaze-shoes-grey-3711941
Lightblaze Slides,ADIDAS,Men > Sports > Footwear > Sandals & Flip-Flops,52.24,52.24,https://www.zalora.com.ph/p/adidas-lightblaze-slides-white-4251333
Lightweight Strappy Sandals ALM1109-A5,Twenty Eight Shoes,Women > Shoes > Sandals,40.8,63.47,https://www.zalora.com.ph/p/twenty-eight-shoes-lightweight-strappy-sandals-alm1109-a5-black-2873206
Lilac Paperbag High Waist Belted Trousers,FabAlley,Women > Clothing > Pants & Leggings > Wide-legged Pants,45.71,45.71,https://www.zalora.com.ph/p/faballey-lilac-paperbag-high-waist-belted-trousers-purple-2735123
Lilac Poplin Tiered Mini Dress,FabAlley,Women > Clothing > Dresses,50.07,50.07,https://www.zalora.com.ph/p/faballey-lilac-poplin-tiered-mini-dress-purple-3296327
Lily Pointy Heels,Takkan,Women > Shoes > Heels > Mid Heels,20.57,41.61,https://www.zalora.com.ph/p/takkan-lily-pointy-heels-black-3885488
Lily's Mini Dress,Style State,Women > Clothing > Dresses > Party Dresses,68.55,68.55,https://www.zalora.com.ph/p/style-state-lily-s-mini-dress-black-3696007
Lime Solid Tube Top,London Rag,Women > Clothing > Tops > Sleeveless,20.23,50.43,https://www.zalora.com.ph/p/london-rag-lime-solid-tube-top-green-2672394
Lina Life Maxi Dress,ONLY,Women > Clothing > Dresses > Maxi Dresses,10.0,56.44,https://www.zalora.com.ph/p/only-lina-life-maxi-dress-black-3397937
Lined Ankle Boots,Soho,Women > Shoes > Boots > Flat Boots,53.69,53.69,https://www.zalora.com.ph/p/soho-lined-ankle-boots-black-3726284
Linen Easy Shorts,Cotton On,Men > Clothing > Shorts,55.15,61.2,https://www.zalora.com.ph/p/cotton-on-linen-easy-shorts-white-3494047
Linen Shirt,F2 - Fashion and Freedom,Men > Clothing > Shirts > Long Sleeve,60.88,60.88,https://www.zalora.com.ph/p/f2-fashion-and-freedom-linen-shirt-multi-2484984
Linen Shirt,F2 - Fashion and Freedom,Men > Clothing > Shirts > Long Sleeve,60.88,60.88,https://www.zalora.com.ph/p/f2-fashion-and-freedom-linen-shirt-multi-2485019
Linen-blend blazer dress,H&M,Women > Clothing > Dresses,40.65,56.97,https://www.zalora.com.ph/p/hm-linen-blend-blazer-dress-beige-3630931
Linen-blend drawstring trousers,H&M,Women > Clothing > Pants & Leggings,29.22,29.22,https://www.zalora.com.ph/p/hm-linen-blend-drawstring-trousers-white-3524725
Linen-blend drawstring trousers,H&M,Women > Clothing > Pants & Leggings,32.49,32.49,https://www.zalora.com.ph/p/hm-linen-blend-drawstring-trousers-red-3691551
Linen-blend dress,H&M,Women > Clothing > Dresses,37.38,48.81,https://www.zalora.com.ph/p/hm-linen-blend-dress-white-3755679
Linen-blend dress,H&M,Women > Clothing > Dresses,19.43,25.29,https://www.zalora.com.ph/p/hm-linen-blend-dress-green-2808412
Linen-blend shirt dress,H&M,Women > Clothing > Dresses,16.16,37.38,https://www.zalora.com.ph/p/hm-linen-blend-shirt-dress-3191893
Linen-blend shirt dress,H&M,Women > Clothing > Dresses,40.65,40.65,https://www.zalora.com.ph/p/hm-linen-blend-shirt-dress-green-3744785
Linen-blend tailored trousers,H&M,Women > Clothing > Pants & Leggings,15.49,21.06,https://www.zalora.com.ph/p/hm-linen-blend-tailored-trousers-grey-3632631
Lita Floral Babydoll Blouse,BADOMODA,Women > Clothing > Tops > Sleeveless,21.14,21.14,https://www.zalora.com.ph/p/badomoda-lita-floral-babydoll-blouse-lilac-purple-3600019
Litheform 540 - Boots and Dress Shoes for Mens,Oxy Originals,Men > Shoes > Boots,121.78,121.78,https://www.zalora.com.ph/p/oxy-originals-litheform-540-boots-and-dress-shoes-for-mens-black-3884196
Lizzy Comfy Heels,My Ballerine,Women > Shoes > Heels > Low Heels,68.71,91.08,https://www.zalora.com.ph/p/my-ballerine-lizzy-comfy-heels-black-3740443
Loafer mules,H&M,Men > Shoes > Sneakers,48.81,48.81,https://www.zalora.com.ph/p/hm-loafer-mules-brown-4209424
Loafers,H&M,Women > Shoes > Flats,81.46,81.46,https://www.zalora.com.ph/p/hm-loafers-brown-4007803
Loafers,H&M,Women > Shoes > Flats,81.46,81.46,https://www.zalora.com.ph/p/hm-loafers-black-4007811
Logo Embroidered Heavyweight Short Sleeve Tee,Under Armour,Men > Clothing > T-Shirts > Short Sleeves,24.62,35.83,https://www.zalora.com.ph/p/under-armour-logo-embroidered-heavyweight-short-sleeve-tee-white-2676299
Logo Embroidered Hoodie Dress in Blackberry,KENZO,Luxury > (Luxury) Women's Clothing > Outerwear > Hoodies & Sweatshirts,407.01,526.17,https://www.zalora.com.ph/p/kenzo-logo-embroidered-hoodie-dress-in-blackberry-pink-3076922
Logo Polo Shirt,US POLO ASSN,Men > Clothing > Polos,50.79,103.65,https://www.zalora.com.ph/p/us-polo-assn-logo-polo-shirt-red-3463978
Logo Stripe Jogger Sweatshirt,Lacoste,Men > Clothing > Hoodies & Sweatshirts > Sweatshirts,154.27,154.27,https://www.zalora.com.ph/p/lacoste-logo-stripe-jogger-sweatshirt-blue-3628185
Loki Lace Up Men's BTS/Dress Casual Shoes,Hush Puppies,Men > Shoes > Formal,111.01,111.01,https://www.zalora.com.ph/p/hush-puppies-loki-lace-up-men-s-bts-dress-casual-shoes-black-3664847
Long Boots,Soho,Women > Shoes > Boots > Heeled Boots,47.88,93.85,https://www.zalora.com.ph/p/soho-long-boots-black-4277094
Long Carrot Trouser Cotton Stamps,WOMEN'SECRET,Women > Clothing > Lingerie & Loungewear > Loungewear,30.2,30.2,https://www.zalora.com.ph/p/women-secret-long-carrot-trouser-cotton-stamps-yellow-3748754
Long Muslimah Blouse,Gene Martino,Women > Clothing > Tops > Blouses,14.68,14.68,https://www.zalora.com.ph/p/gene-martino-long-muslimah-blouse-black-1125919
Long Sleeve Bodysuit With Ribbon,JUST G,Women > Clothing > Tops > T-Shirts,10.0,33.32,https://www.zalora.com.ph/p/just-g-long-sleeve-bodysuit-with-ribbon-brown-3189311
Long Sleeve Shirt With Adjustable Side Ties,Saturday Club,Women > Clothing > Tops > Shirts,51.41,51.41,https://www.zalora.com.ph/p/saturday-club-long-sleeve-shirt-with-adjustable-side-ties-beige-2405037
Long Sleeve Women Shirt with Bow Tie and Neck Ruffled Pleated Lace Patchwork,Hopeshow,Women > Clothing > Tops,47.93,47.93,https://www.zalora.com.ph/p/hopeshow-long-sleeve-women-shirt-with-bow-tie-and-neck-ruffled-pleated-lace-patchwork-white-3200498
Long Sleeves Asymmetric Zipper Detail Sweater,DKNY,Women > Clothing > Hoodies & Sweatshirts,56.12,56.12,https://www.zalora.com.ph/p/dkny-long-sleeves-asymmetric-zipper-detail-sweater-red-3665343
Long Sleeves Shirt,KOTON,Men > Clothing > Shirts > Long Sleeve,24.23,51.41,https://www.zalora.com.ph/p/koton-long-sleeves-shirt-grey-3596143
Long Sleeves T-Shirt,DeFacto,Women > Clothing > Tops,11.9,21.21,https://www.zalora.com.ph/p/defacto-long-sleeves-t-shirt-grey-3611480
Long Viscose Trousers With Ikat Print,WOMEN'SECRET,Women > Clothing > Lingerie & Loungewear > Loungewear,30.2,30.2,https://www.zalora.com.ph/p/women-secret-long-viscose-trousers-with-ikat-print-lilac-purple-3748790
Long Wedge Boots,Soho,Women > Shoes > Boots > Flat Boots,60.37,118.34,https://www.zalora.com.ph/p/soho-long-wedge-boots-multi-4277419
Long sleeved T-shirt casual stripe base shirt CA091918,Sunnydaysweety,Men > Clothing > T-Shirts > Long Sleeves,49.46,49.46,https://www.zalora.com.ph/p/sunnydaysweety-long-sleeved-t-shirt-casual-stripe-base-shirt-ca091918-black-3155329
Long sports cargo shorts,H&M,Men > Sports > Clothing > Bottoms,15.49,29.22,https://www.zalora.com.ph/p/hm-long-sports-cargo-shorts-black-3148281
Long-sleeved cashmere pullover,Jnby,Women > Clothing > Knitwear & Cardigans,354.58,354.58,https://www.zalora.com.ph/p/jnby-long-sleeved-cashmere-pullover-yellow-3637004
Long-sleeved jersey top,H&M,Women > Clothing > Tops,10.0,10.0,https://www.zalora.com.ph/p/hm-long-sleeved-jersey-top-white-3523851
Long-sleeved microfibre top,H&M,Women > Clothing > Tops,10.0,11.67,https://www.zalora.com.ph/p/hm-long-sleeved-microfibre-top-white-3093852
Longline Waistcoat & Pleated Shorts Set In Cream,London Rag,Women > Clothing > Shorts > Casual Shorts,42.76,106.75,https://www.zalora.com.ph/p/london-rag-longline-waistcoat-pleated-shorts-set-in-cream-white-3746243
Long Sleeve Pullover Knit Sweater,Jnby,Women > Clothing > Knitwear & Cardigans,199.0,199.0,https://www.zalora.com.ph/p/jnby-long-sleeve-pullover-knit-sweater-black-3717224
Loop,Zaxy,Women > Shoes > Flip-Flops,32.57,32.57,https://www.zalora.com.ph/p/zaxy-loop-brown-4344962
Loose Cargo Jeans,H&M,Men > Clothing > Jeans,40.65,40.65,https://www.zalora.com.ph/p/hm-loose-cargo-jeans-blue-3523747
Loose Cargo Shorts TW3018,Twenty Eight Shoes,Men > Clothing > Shorts,40.49,47.02,https://www.zalora.com.ph/p/twenty-eight-shoes-loose-cargo-shorts-tw3018-orange-2606846
Loose Casual Velcro Cargo Pants J003,Twenty Eight Shoes,Men > Clothing > Pants > Casual,57.46,72.48,https://www.zalora.com.ph/p/twenty-eight-shoes-loose-casual-velcro-cargo-pants-j003-black-3084819
Loose Cutting Sports Shorts A081015RD,Sunnydaysweety,Sports > Women's Sports > Clothing > Shorts,44.08,44.08,https://www.zalora.com.ph/p/sunnydaysweety-loose-cutting-sports-shorts-a081015rd-red-1905184
Loose Fit Cargo trousers,H&M,Men > Clothing > Pants,17.79,43.91,https://www.zalora.com.ph/p/hm-loose-fit-cargo-trousers-beige-2896609
Loose Fit Cargo trousers,H&M,Men > Clothing > Pants,17.79,32.49,https://www.zalora.com.ph/p/hm-loose-fit-cargo-trousers-beige-3240315
Loose Fit Cargo trousers,H&M,Men > Clothing > Pants,17.79,43.91,https://www.zalora.com.ph/p/hm-loose-fit-cargo-trousers-purple-2925093
Loose Fit Poplin shirt,H&M,Men > Clothing > Shirts,21.06,32.49,https://www.zalora.com.ph/p/hm-loose-fit-poplin-shirt-beige-3762561
Loose Fit Resort shirt,H&M,Men > Clothing > Shirts,19.43,24.32,https://www.zalora.com.ph/p/hm-loose-fit-resort-shirt-black-3690115
Loose Fit Straight Long Waist Skirt,Jnby,Women > Clothing > Dresses,172.72,172.72,https://www.zalora.com.ph/p/jnby-loose-fit-straight-long-waist-skirt-green-3756718
Loose Fit Straight-leg Jeans AC-CK005,Twenty Eight Shoes,Men > Clothing > Pants,40.47,47.82,https://www.zalora.com.ph/p/twenty-eight-shoes-loose-fit-straight-leg-jeans-ac-ck005-black-3237966
Loose Mid-Length Suit,Jnby,Women > Clothing > Blazers,382.49,382.49,https://www.zalora.com.ph/p/jnby-loose-mid-length-suit-black-3717023
Loose Tailored Shorts,Electro Denim Lab,Men > Clothing > Shorts,15.26,15.26,https://www.zalora.com.ph/p/electro-denim-lab-loose-tailored-shorts-blue-3319525
Loose long sleeve short windbreaker,Jnby,Women > Clothing > Jackets & Coats > Trench Coats,382.49,382.49,https://www.zalora.com.ph/p/jnby-loose-long-sleeve-short-windbreaker-white-3717222
Loose-fit denim shirt,H&M,Women > Clothing > Tops > Blouses,21.06,29.22,https://www.zalora.com.ph/p/hm-loose-fit-denim-shirt-blue-3632219
Loose-fit shirt,H&M,Women > Clothing > Tops > Blouses,16.16,37.38,https://www.zalora.com.ph/p/hm-loose-fit-shirt-blue-3159722
Loose Long Sleeve Jacket,Jnby,Women > Clothing > Knitwear & Cardigans,251.41,251.41,https://www.zalora.com.ph/p/jnby-loose-long-sleeve-jacket-black-3671056
Loose Long Sleeve Shirt,Jnby,Women > Clothing > Tops > Shirts,303.81,303.81,https://www.zalora.com.ph/p/jnby-loose-long-sleeve-shirt-white-3671008
Los Angeles Lakers Crop Top for Women Box Fit Core Collection Cropped T-Shirt,NBA,Sports > Women's Sports > Clothing,10.0,13.27,https://www.zalora.com.ph/p/nba-los-angeles-lakers-crop-top-for-women-box-fit-core-collection-cropped-t-shirt-beige-3692632
Los Angeles Lakers Crop Top for Women Boxy Urban Jungle Collection Cropped T-Shirt,NBA,Sports > Women's Sports > Clothing,10.0,17.93,https://www.zalora.com.ph/p/nba-los-angeles-lakers-crop-top-for-women-boxy-urban-jungle-collection-cropped-t-shirt-black-brown-3772250
Los Angeles Lakers Pullover Hoodie for Men Core Collection,NBA,Men > Clothing > Hoodies & Sweatshirts > Hoodies,24.47,40.73,https://www.zalora.com.ph/p/nba-los-angeles-lakers-pullover-hoodie-for-men-core-collection-black-3766639
Lota Slip On Sandals,ALDO,Women > Shoes > Sandals > Flat Sandals,81.54,81.54,https://www.zalora.com.ph/p/aldo-lota-slip-on-sandals-gold-3432451
Lotus Activewear Ava Washed Shorts,Lotus Activewear,Sports > Women's Sports > Clothing > Shorts,16.24,16.24,https://www.zalora.com.ph/p/lotus-activewear-lotus-activewear-ava-washed-shorts-blue-2333594
Lotus Activewear Esme Collection :Esme Tennis Dress,Lotus Activewear,Sports > Women's Sports > Women's Sports,32.57,32.57,https://www.zalora.com.ph/p/lotus-activewear-lotus-activewear-esme-collection-esme-tennis-dress-yellow-3381467
Louisa Puff Sleeve Blouse,FORCAST,Women > Clothing > Tops > Blouses,24.41,48.81,https://www.zalora.com.ph/p/forcast-louisa-puff-sleeve-blouse-green-2337358
Louise Open Sleeve Maxi Dress,FORCAST,Women > Clothing > Dresses > Work Dresses,52.16,104.32,https://www.zalora.com.ph/p/forcast-louise-open-sleeve-maxi-dress-black-2978741
Love Print Relaxed Short Sleeve Stylish White Cotton Casual Graphic Print Tee/TShirt,QuirkyT,Sports > Women's Sports > Clothing > T-Shirts,29.45,65.43,https://www.zalora.com.ph/p/quirkyt-love-print-relaxed-short-sleeve-stylish-white-cotton-casual-graphic-print-tee-tshirt-white-3283998
Lucan Tapered Pants,BADOMODA,Women > Clothing > Pants & Leggings > Straight Leg Pants,14.53,19.51,https://www.zalora.com.ph/p/badomoda-lucan-tapered-pants-black-3270117
Lucille Highwaist Belted Pants,FORCAST,Women > Clothing > Pants & Leggings > Straight Leg Pants,31.75,63.5,https://www.zalora.com.ph/p/forcast-lucille-highwaist-belted-pants-2760947
Lulu Resin-Buckle Leather Back-Strap Sandals,FITFLOP,Women > Shoes > Sandals,117.46,117.46,https://www.zalora.com.ph/p/fitflop-lulu-resin-buckle-leather-back-strap-sandals-black-4249592
Lulu Resin-Buckle Leather Cross Slides,FITFLOP,Women > Shoes > Flip-Flops,107.66,107.66,https://www.zalora.com.ph/p/fitflop-lulu-resin-buckle-leather-cross-slides-brown-4249601
Lulu Women Crystal-buckle Leather Toe-post Sandals,FITFLOP,Women > Shoes > Sandals > Flat Sandals,105.71,117.46,https://www.zalora.com.ph/p/fitflop-lulu-women-crystal-buckle-leather-toe-post-sandals-black-4064854
Lumen Slippers Green,THE LOUNGE EDIT,Women > Shoes > Sandals > Espadrilles,41.71,41.71,https://www.zalora.com.ph/p/the-lounge-edit-lumen-slippers-green-green-2773715
Luminous Quick-Dried Sports Shorts A081013BK,Sunnydaysweety,Sports > Women's Sports > Clothing > Shorts,46.36,46.36,https://www.zalora.com.ph/p/sunnydaysweety-luminous-quick-dried-sports-shorts-a081013bk-black-1905159
Luna Sandals,Havaianas,Women > Shoes > Flip-Flops,22.84,22.84,https://www.zalora.com.ph/p/havaianas-luna-sandals-green-3895872
Lurex Elastic Maxi Skirt,Bianco Lucci,Women > Clothing > Skirts > Maxi Skirts,15.0,15.0,https://www.zalora.com.ph/p/bianco-lucci-lurex-elastic-maxi-skirt-black-3526434
Lusina Comfy Sandals,My Ballerine,Women > Shoes > Flats,71.98,97.44,https://www.zalora.com.ph/p/my-ballerine-lusina-comfy-sandals-beige-4147541
Lydia Floral,Sunday Staples,Women > Shoes > Flats,45.38,45.38,https://www.zalora.com.ph/p/sunday-staples-lydia-floral-brown-4314902
Lydiia Ankle Boots,Call It Spring,Women > Shoes > Boots > Heeled Boots,79.91,79.91,https://www.zalora.com.ph/p/call-it-spring-lydiia-ankle-boots-brown-3489327
Lyocell High Waist Pants,Trendyol,Women > Clothing > Pants & Leggings > Straight Leg Pants,51.21,60.06,https://www.zalora.com.ph/p/trendyol-lyocell-high-waist-pants-beige-3642140
M. Christian Lacroix stripe pants,Desigual,Women > Clothing > Pants & Leggings,148.39,148.39,https://www.zalora.com.ph/p/desigual-m-christian-lacroix-stripe-pants-black-3649382
MAMA Seamless leggings,H&M,Women > Clothing > Pants & Leggings,14.68,16.31,https://www.zalora.com.ph/p/hm-mama-seamless-leggings-black-2770464
MELISSA COZY SLIDE M LOVER AD,Melissa,Women > Shoes > Sandals > Flat Sandals,65.22,65.22,https://www.zalora.com.ph/p/melissa-melissa-cozy-slide-m-lover-ad-beige-4193385
MENS BLUEBELL F BOMB PARACHUTE OVERLAY SWEAT,Weekend Offender,Men > Clothing > Hoodies & Sweatshirts > Sweatshirts,84.59,84.59,https://www.zalora.com.ph/p/weekend-offender-mens-bluebell-f-bomb-parachute-overlay-sweat-blue-3567265
MENS CAMPANIA CHECK STATEMENT CHECK WINDBREAKER,Weekend Offender,Men > Clothing > Jackets & Coats > Light Jackets,154.79,154.79,https://www.zalora.com.ph/p/weekend-offender-mens-campania-check-statement-check-windbreaker-multi-3565586
MENS CANDY CANNON BEACH BADGE TEE,Weekend Offender,Men > Clothing > T-Shirts > Plain,37.8,37.8,https://www.zalora.com.ph/p/weekend-offender-mens-candy-cannon-beach-badge-tee-pink-3567229
MENS CASTLE GREEN COMPTON UTILITY OVERTOP,Weekend Offender,Men > Clothing > Hoodies & Sweatshirts > Hoodies,109.19,109.19,https://www.zalora.com.ph/p/weekend-offender-mens-castle-green-compton-utility-overtop-green-3565616
MENS DEEP CHAMPAGNE CANEIROS BADGE POLO,Weekend Offender,Men > Clothing > Polos,52.2,52.2,https://www.zalora.com.ph/p/weekend-offender-mens-deep-champagne-caneiros-badge-polo-pink-3567227
MENS OCEAN WAVE SHIBUYA PARACHUTE APPLIQÉ SMILEY TEE,Weekend Offender,Men > Clothing > T-Shirts > Plain,52.2,52.2,https://www.zalora.com.ph/p/weekend-offender-mens-ocean-wave-shibuya-parachute-appliqe-smiley-tee-blue-3565609
MENS SAPLING SAHARUN LIGHTWEIGHT QUILTED GILET,Weekend Offender,Men > Clothing > Jackets & Coats > Light Jackets,103.19,103.19,https://www.zalora.com.ph/p/weekend-offender-mens-sapling-saharun-lightweight-quilted-gilet-green-3567200
MENS WHITE/BLACK STINIVA CONTRAST PARACHUTE POCKET TEE,Weekend Offender,Men > Clothing > T-Shirts > Plain,52.2,52.2,https://www.zalora.com.ph/p/weekend-offender-mens-white-black-stiniva-contrast-parachute-pocket-tee-white-3565585
MENS ZINC FERRER BADGE SWEAT,Weekend Offender,Men > Clothing > Hoodies & Sweatshirts > Sweatshirts,80.39,80.39,https://www.zalora.com.ph/p/weekend-offender-mens-zinc-ferrer-badge-sweat-grey-3567282
MESH PLEATED SLINGBACK HEEL WITH RIBBON DETAIL,Nose,Women > Shoes > Heels > Pumps,52.22,63.65,https://www.zalora.com.ph/p/nose-mesh-pleated-slingback-heel-with-ribbon-detail-grey-4218893
MESH PLEATED UPPER CLOUDFOAM HEEL SLIDE,Nose,Women > Shoes > Heels > Mid Heels,52.22,63.65,https://www.zalora.com.ph/p/nose-mesh-pleated-upper-cloudfoam-heel-slide-red-4283371
MODEST Bow Neck Dress,Trendyol,Women > Clothing > Dresses > Maxi Dresses,132.05,132.05,https://www.zalora.com.ph/p/trendyol-modest-bow-neck-dress-red-3642103
MTE UltraRange Neo VR3 Sneakers,VANS,Women > Shoes > Sneakers,147.33,147.33,https://www.zalora.com.ph/p/vans-mte-ultrarange-neo-vr3-sneakers-brown-4366692
Mach 7 Women's Running - Frost/Neon Yuzu,HOKA,Women > Sports > Footwear > Running Shoes,124.0,155.01,https://www.zalora.com.ph/p/hoka-mach-7-women-s-running-frost-neon-yuzu-yellow-4221502
Madaline Sandals,ALDO,Women > Shoes > Sandals > Flat Sandals,39.16,86.44,https://www.zalora.com.ph/p/aldo-madaline-sandals-gold-4201711
Madeleine Comfy Heels,My Ballerine,Women > Shoes > Heels,81.45,110.18,https://www.zalora.com.ph/p/my-ballerine-madeleine-comfy-heels-beige-4140162
Maggie Skater Waist Opening Pieced Skirt Square Neck Crepe Knitted Mini Dress,GRIMELANGE,Women > Clothing > Dresses > Summer Dresses,10.48,27.9,https://www.zalora.com.ph/p/grimelange-maggie-skater-waist-opening-pieced-skirt-square-neck-crepe-knitted-mini-dress-black-3532424
Mailee Bow Detailed Blouse,BADOMODA,Women > Clothing > Tops > Blouses,21.14,21.14,https://www.zalora.com.ph/p/badomoda-mailee-bow-detailed-blouse-green-3600027
"Male Essential 16"" Watershort",Speedo,Sports > Men's Sports > Clothing > Swimwear & Beachwear,27.56,27.56,https://www.zalora.com.ph/p/speedo-male-essential-16-watershort-red-2929024
Man Gym Shorts,Terranova,Men > Clothing > Shorts > Sport,22.84,22.84,https://www.zalora.com.ph/p/terranova-man-gym-shorts-blue-3722148
Man Long Pants,Terranova,Men > Clothing > Pants > Skinny Fit,34.27,34.27,https://www.zalora.com.ph/p/terranova-man-long-pants-beige-3717807
Man Long Pants Jeans,Terranova,Men > Clothing > Jeans > Regular,22.84,22.84,https://www.zalora.com.ph/p/terranova-man-long-pants-jeans-white-3750566
Man Short-Sleeved Polo Shirt,Terranova,Men > Clothing > Polos,14.68,14.68,https://www.zalora.com.ph/p/terranova-man-short-sleeved-polo-shirt-grey-3714158
Man Short-Sleeved T-Shirt,Terranova,Men > Clothing > T-Shirts > Short Sleeves,11.41,11.41,https://www.zalora.com.ph/p/terranova-man-short-sleeved-t-shirt-navy-3714145
Man Short-Sleeved T-Shirt,Terranova,Men > Clothing > T-Shirts > Short Sleeves,11.41,11.41,https://www.zalora.com.ph/p/terranova-man-short-sleeved-t-shirt-blue-3714147
Manner Raglan Long Sleeves Rash Guard,Sunseeker,Sports > Men's Sports > Men's Sports,38.4,54.85,https://www.zalora.com.ph/p/sunseeker-manner-raglan-long-sleeves-rash-guard-blue-3488753
Manson Black Loafer with Buckle,Bristol Shoes,Men > Shoes > Loafers & Boat Shoes,67.1,89.46,https://www.zalora.com.ph/p/bristol-shoes-manson-black-loafer-with-buckle-black-3199092
Marco Dave Pants,Jack & Jones,Men > Clothing > Pants > Casual,20.93,37.53,https://www.zalora.com.ph/p/jack-jones-marco-dave-pants-beige-3398243
Margerita Cardigan,GWD,Women > Clothing > Knitwear & Cardigans,55.06,55.06,https://www.zalora.com.ph/p/gwd-margerita-cardigan-black-3565818
Mario Skateboard Red Cotton Short Sleeve Essential T-Shirt,QuirkyT,Sports > Men's Sports > Clothing > T-Shirts,29.43,65.4,https://www.zalora.com.ph/p/quirkyt-mario-skateboard-red-cotton-short-sleeve-essential-t-shirt-red-2915540
Maroon Puff Sleeve Dress with Embellished Belt,FabAlley,Women > Clothing > Dresses,78.36,78.36,https://www.zalora.com.ph/p/faballey-maroon-puff-sleeve-dress-with-embellished-belt-red-2814470
Marty Sneakers,ALDO,Men > Shoes > Sneakers,27.56,122.36,https://www.zalora.com.ph/p/aldo-marty-sneakers-white-3848155
Mary Jane Ankle Strap Square Toe Heeled Shoes,Trendyol,Women > Shoes > Heels > Open Toes,27.7,36.06,https://www.zalora.com.ph/p/trendyol-mary-jane-ankle-strap-square-toe-heeled-shoes-green-4293665
Maternity Silk Kurta Set with Nursing - Green,THE MOM STORE,Women > Clothing > Maternity,32.11,32.11,https://www.zalora.com.ph/p/the-mom-store-maternity-silk-kurta-set-with-nursing-green-green-3709067
Maxi Dress with Collar Detail,Trendyol,Women > Clothing > Dresses > Maxi Dresses,62.18,62.18,https://www.zalora.com.ph/p/trendyol-maxi-dress-with-collar-detail-navy-3505979
Maxi Flared Skirt,Trendyol,Women > Clothing > Skirts > Maxi Skirts,21.03,40.14,https://www.zalora.com.ph/p/trendyol-maxi-flared-skirt-blue-3475671
Maxi Flower Heeled Sandals,Mango,Women > Shoes > Heels > Open Toes,48.89,70.12,https://www.zalora.com.ph/p/mango-maxi-flower-heeled-sandals-pink-2894500
Maxi Three Quarter Sleeve Relaxed Dress,Trendyol,Women > Clothing > Dresses > Summer Dresses,11.66,62.02,https://www.zalora.com.ph/p/trendyol-maxi-three-quarter-sleeve-relaxed-dress-black-3685895
Mayar Mini Dress,Savel,Women > Clothing > Dresses > Mini Dresses,103.88,148.39,https://www.zalora.com.ph/p/savel-mayar-mini-dress-black-2524522
Mayze Stack Luxe Sneakers,PUMA,Sports > Women's Sports > Footwear > Sneakers,119.17,119.17,https://www.zalora.com.ph/p/puma-mayze-stack-luxe-sneakers-white-2899383
McKinnon Black Loafers,Bristol Shoes,Men > Shoes > Loafers & Boat Shoes,76.04,89.46,https://www.zalora.com.ph/p/bristol-shoes-mckinnon-black-loafers-black-4139060
Medium Beige Carol Sneakers,Carlo Rino,Women > Shoes > Sneakers,39.91,79.81,https://www.zalora.com.ph/p/carlo-rino-medium-beige-carol-sneakers-beige-3683536
Mega Pete Logo Shirt,Original Penguin,Men > Clothing > Polos,71.67,71.67,https://www.zalora.com.ph/p/original-penguin-mega-pete-logo-shirt-grey-3388866
Melis Ağazat x KOTON High Waist Trousers,KOTON,Women > Clothing > Pants & Leggings,31.36,43.9,https://www.zalora.com.ph/p/koton-melis-agazat-x-koton-high-waist-trousers-grey-3776215
Melliji Maryjane Flats (1cm) - Dark Brown,SAPPUN,Women > Shoes > Flats,33.6,48.0,https://www.zalora.com.ph/p/sappun-melliji-maryjane-flats-1cm-dark-brown-brown-3575016
Melody Slippers,Penti,Women > Shoes > Sandals > Flat Sandals,42.9,75.08,https://www.zalora.com.ph/p/penti-melody-slippers-brown-4085692
Melrose Tubes Lite Men's Shoes,K-Swiss,Men > Shoes > Sneakers,107.74,107.74,https://www.zalora.com.ph/p/k-swiss-melrose-tubes-lite-men-s-shoes-black-4196939
Men Classic - Long Sleeve Shirt - Mexican Skull (Calavera),A Fish Named Fred,Men > Clothing > Shirts > Long Sleeve,120.4,120.4,https://www.zalora.com.ph/p/a-fish-named-fred-men-classic-long-sleeve-shirt-mexican-skull-calavera-multi-navy-2668813
Men Comfort Active Street Sneakers - 260121118,Louis Cuppers,Men > Shoes > Sports Shoes,29.37,29.37,https://www.zalora.com.ph/p/louis-cuppers-men-comfort-active-street-sneakers-260121118-brown-4218416
Men Comfort Active Street Sneakers - 260321122,Louis Cuppers,Men > Shoes > Sports Shoes,27.74,27.74,https://www.zalora.com.ph/p/louis-cuppers-men-comfort-active-street-sneakers-260321122-beige-4308602
Men Comfort Sport & Street Sneakers - 250421110,Louis Cuppers,Men > Shoes > Sports Shoes,26.1,26.1,https://www.zalora.com.ph/p/louis-cuppers-men-comfort-sport-street-sneakers-250421110-orange-4095524
Men EBUFFER Lite 14 Training Shoes Cushioned Comfortable Commuter Walking Shoes 1126A7713,Anta,Men > Sports > Footwear > Running Shoes,52.16,52.16,https://www.zalora.com.ph/p/anta-men-ebuffer-lite-14-training-shoes-cushioned-comfortable-commuter-walking-shoes-1126a7713-white-4261480
Men LEDAO Sports Running Shoes Shock Absorption Support Non-slip 1125A7719K,Anta,Sports > Men's Sports > Footwear > Running Shoes,58.69,58.69,https://www.zalora.com.ph/p/anta-men-ledao-sports-running-shoes-shock-absorption-support-non-slip-1125a7719k-white-4361591
Men MOUNTAIN 2.5 Basketball Shoes Performance Cushioned Wear-resistant Sport Sneakers 1125D1604,Anta,Sports > Men's Sports > Footwear > Basketball Shoes,58.69,58.69,https://www.zalora.com.ph/p/anta-men-mountain-2-5-basketball-shoes-performance-cushioned-wear-resistant-sport-sneakers-1125d1604-black-4264292
Men Shock The Game Shock Wave 6.0 Basketball Shoes,Anta,Men > Shoes > Sports Shoes,114.19,114.19,https://www.zalora.com.ph/p/anta-men-shock-the-game-shock-wave-6-0-basketball-shoes-lilac-purple-3870499
Men Skyline 3 Basketball Shoes,Anta,Sports > Men's Sports > Footwear > Basketball Shoes,81.53,81.53,https://www.zalora.com.ph/p/anta-men-skyline-3-basketball-shoes-pink-4181442
Men Slip On Faux Leather Casual Formal - 260131362,Louis Cuppers,Men > Shoes > Loafers & Boat Shoes,26.1,26.1,https://www.zalora.com.ph/p/louis-cuppers-men-slip-on-faux-leather-casual-formal-260131362-black-4191710
Men Slip On Faux Leather Classic Casual Sandals - 240441246,Louis Cuppers,Men > Shoes > Sandals & Flip Flops,27.74,27.74,https://www.zalora.com.ph/p/louis-cuppers-men-slip-on-faux-leather-classic-casual-sandals-240441246-brown-3548970
Men Slip On Faux Leather Classic Casual Sandals - 250141253,Louis Cuppers,Men > Shoes > Sandals & Flip Flops,24.47,24.47,https://www.zalora.com.ph/p/louis-cuppers-men-slip-on-faux-leather-classic-casual-sandals-250141253-black-3703264
Men Slip On Faux Leather Classic Casual Sandals - 250141255,Louis Cuppers,Men > Shoes > Sandals & Flip Flops,27.74,27.74,https://www.zalora.com.ph/p/louis-cuppers-men-slip-on-faux-leather-classic-casual-sandals-250141255-black-3699698
Men Slip On Faux Leather Classic Casual Sandals - 250441265,Louis Cuppers,Men > Shoes > Sandals & Flip Flops,31.0,31.0,https://www.zalora.com.ph/p/louis-cuppers-men-slip-on-faux-leather-classic-casual-sandals-250441265-brown-4164549
Men Slip On Faux Leather Classic Casual Sandals - 250441271,Louis Cuppers,Men > Shoes > Sandals & Flip Flops,26.1,26.1,https://www.zalora.com.ph/p/louis-cuppers-men-slip-on-faux-leather-classic-casual-sandals-250441271-grey-4106448
Men Slip On Faux Leather Classic Casual Sandals - 260141279,Louis Cuppers,Men > Shoes > Sandals & Flip Flops,20.39,20.39,https://www.zalora.com.ph/p/louis-cuppers-men-slip-on-faux-leather-classic-casual-sandals-260141279-green-4191792
Men Slip On Faux Leather Classic Casual Sandals - 260141281,Louis Cuppers,Men > Shoes > Sandals & Flip Flops,26.1,26.1,https://www.zalora.com.ph/p/louis-cuppers-men-slip-on-faux-leather-classic-casual-sandals-260141281-black-4191487
Men White Polo with Iconic Scooter Logo,A Fish Named Fred,Men > Clothing > Polos,101.21,101.21,https://www.zalora.com.ph/p/a-fish-named-fred-men-white-polo-with-iconic-scooter-logo-white-2367735
Men WindRider Sports Running Shoes Mesh Breathable Lightweight Comfortable 9124B5506K,Anta,Sports > Men's Sports > Footwear > Running Shoes,75.01,75.01,https://www.zalora.com.ph/p/anta-men-windrider-sports-running-shoes-mesh-breathable-lightweight-comfortable-9124b5506k-silver-4365883
Men's - Charge (Black/White/Silver),Pony,Men > Shoes > Sneakers,42.2,60.32,https://www.zalora.com.ph/p/pony-men-s-charge-black-white-silver-black-4124237
Men's - Madison (Eggnog/Paloma),Pony,Men > Shoes > Sneakers,58.69,65.22,https://www.zalora.com.ph/p/pony-men-s-madison-eggnog-paloma-beige-4138292
Men's - Summit (Black / White),Pony,Sports > Men's Sports > Footwear > Sneakers,46.61,71.75,https://www.zalora.com.ph/p/pony-men-s-summit-black-white-black-white-3663725
Men's Antimicrobial Cotton Classic Regular Fit Roundneck Sleeveless Shirt 1 Piece Umssc1,Biofresh,Men > Clothing > T-Shirts > Singlets,10.0,10.0,https://www.zalora.com.ph/p/biofresh-men-s-antimicrobial-cotton-classic-regular-fit-roundneck-sleeveless-shirt-1-piece-umssc1-white-2782349
Men's Athletics Tee,Under Armour,Sports > Men's Sports > Clothing > T-Shirts,17.09,22.77,https://www.zalora.com.ph/p/under-armour-men-s-athletics-tee-white-3255680
Men's Authentic Original Black Amaretto Boat Shoe (1914861),Sperry,Men > Shoes > Loafers & Boat Shoes,102.77,102.77,https://www.zalora.com.ph/p/sperry-men-s-authentic-original-black-amaretto-boat-shoe-1914861-black-4362392
Men's Authentic Original™ Minulag 3 Eye Boat Shoes Topsider - Brown (0M10410367),Sperry,Men > Shoes > Loafers & Boat Shoes,123.91,123.91,https://www.zalora.com.ph/p/sperry-men-s-authentic-original-minulag-3-eye-boat-shoes-topsider-brown-0m10410367-brown-4184371
Men's Authorized Personnel Tee,Nike,Men > Clothing > T-Shirts > Short Sleeves,32.57,32.57,https://www.zalora.com.ph/p/nike-men-s-authorized-personnel-tee-white-2344252
Men's Bahama II Sneakers - Sand/Gum (25F03231),Sperry,Men > Shoes > Sneakers,70.12,70.12,https://www.zalora.com.ph/p/sperry-men-s-bahama-ii-sneakers-sand-gum-25f03231-beige-4254469
Men's Baseshot 223 1 Sneakers,Lacoste,Men > Sports > Footwear > Sneakers,97.13,97.13,https://www.zalora.com.ph/p/lacoste-men-s-baseshot-223-1-sneakers-black-3625663
Men's Bickett Performance Jersey Polo,Peter Millar,Sports > Men's Sports > Clothing > Polos,89.79,89.79,https://www.zalora.com.ph/p/peter-millar-men-s-bickett-performance-jersey-polo-blue-3730773
Men's Boots Shoes MY 25840 Brown C64,Mario D' boro Runway,Men > Shoes > Boots,47.33,47.33,https://www.zalora.com.ph/p/mario-d-boro-runway-men-s-boots-shoes-my-25840-brown-c64-brown-3703693
Men's Carnaby Set 225 2 Leather Sneakers,Lacoste,Men > Sports > Footwear > Sneakers,108.56,108.56,https://www.zalora.com.ph/p/lacoste-men-s-carnaby-set-225-2-leather-sneakers-black-4146329
Men's Casual Loafers MX 24965 Black C53 C60,Mario D' boro Runway,Men > Shoes > Loafers & Boat Shoes,35.91,35.91,https://www.zalora.com.ph/p/mario-d-boro-runway-men-s-casual-loafers-mx-24965-black-c53-c60-black-3457180
Men's Casual Loafers MX 25699 Black C62,Mario D' boro Runway,Men > Shoes > Loafers & Boat Shoes,37.54,37.54,https://www.zalora.com.ph/p/mario-d-boro-runway-men-s-casual-loafers-mx-25699-black-c62-black-3647012
Men's Casual Loafers MY 26026 C69,Mario D' boro Runway,Men > Shoes > Loafers & Boat Shoes,45.69,45.69,https://www.zalora.com.ph/p/mario-d-boro-runway-men-s-casual-loafers-my-26026-c69-black-3804520
Men's Casual Shoes in White 58240401007,ECCO,Men > Shoes > Slip-Ons,207.13,313.33,https://www.zalora.com.ph/p/ecco-men-s-casual-shoes-in-white-58240401007-white-4158589
Men's Classic 2-Eye Boat Shoe(Brown),Timberland,Men > Shoes > Loafers & Boat Shoes,163.17,163.17,https://www.zalora.com.ph/p/timberland-men-s-classic-2-eye-boat-shoe-brown-brown-4330503
Men's Classic Fit L.12.12 Polo,Lacoste,Men > Clothing > Polos,97.13,97.13,https://www.zalora.com.ph/p/lacoste-men-s-classic-fit-l-12-12-polo-white-3633897
Men's Coed Double Band Slides,OXGN,Men > Shoes > Sandals & Flip Flops > Sandals,10.0,10.0,https://www.zalora.com.ph/p/oxgn-men-s-coed-double-band-slides-black-3191770
Men's Cotton Extreme Performance Crew Length Socks 1 pair PMS0104,PUMA,Men > Clothing > Socks > Calf-length socks,10.0,10.0,https://www.zalora.com.ph/p/puma-men-s-cotton-extreme-performance-crew-length-socks-1-pair-pms0104-white-1860134
Men's Court Vision Low Next Nature Sneakers,Nike,Sports > Men's Sports > Footwear > Sneakers,47.26,47.26,https://www.zalora.com.ph/p/nike-men-s-court-vision-low-next-nature-sneakers-black-2004476
Men's Donny Novelty 1173728 - SDCH,Sanuk,Men > Shoes > Slip-Ons,63.59,63.59,https://www.zalora.com.ph/p/sanuk-men-s-donny-novelty-1173728-sdch-brown-4258295
Men's Double Strap Sandals,OXGN,Men > Shoes > Sandals & Flip Flops > Sandals,10.0,10.0,https://www.zalora.com.ph/p/oxgn-men-s-double-strap-sandals-brown-4327743
Men's Double Strap Slides,REGATTA,Men > Shoes > Sandals & Flip Flops > Sandals,10.0,10.0,https://www.zalora.com.ph/p/regatta-men-s-double-strap-slides-green-4208817
Men's Elance™ Perfect V-Neck Shirt,Jockey,Men > Clothing > T-Shirts > Short Sleeves,10.0,10.0,https://www.zalora.com.ph/p/jockey-men-s-elance-perfect-v-neck-shirt-red-1392734
Men's Elite Active 1264 Leather Sneakers,Lacoste,Men > Sports > Footwear > Sneakers,154.27,154.27,https://www.zalora.com.ph/p/lacoste-men-s-elite-active-1264-leather-sneakers-black-4188911
Men's Elite Active 223 2 Trainers,Lacoste,Men > Shoes > Sports Shoes,141.21,141.21,https://www.zalora.com.ph/p/lacoste-men-s-elite-active-223-2-trainers-black-3628840
Men's Elite Active Evo Sneakers,Lacoste,Men > Sports > Footwear > Sneakers,113.46,113.46,https://www.zalora.com.ph/p/lacoste-men-s-elite-active-evo-sneakers-grey-3976380
Men's Epaulette Stripe Polo,G/FORE,Sports > Men's Sports > Clothing > Polos,55.5,111.01,https://www.zalora.com.ph/p/g-fore-men-s-epaulette-stripe-polo-navy-3271283
Men's Essential Pique Polo,G/FORE,Sports > Men's Sports > Clothing > Polos,42.45,84.89,https://www.zalora.com.ph/p/g-fore-men-s-essential-pique-polo-grey-3279653
Men's Floral Watercolor Tech Jersey Slim Fit Polo,G/FORE,Sports > Men's Sports > Clothing > Polos,58.77,117.54,https://www.zalora.com.ph/p/g-fore-men-s-floral-watercolor-tech-jersey-slim-fit-polo-grey-3688078
Men's Formal MZ 27136 Black leather slip-on shoe with thick rugged sole and textured upper.,Mario D' boro Runway,Men > Shoes > Formal,47.33,47.33,https://www.zalora.com.ph/p/mario-d-boro-runway-men-s-formal-mz-27136-black-leather-slip-on-shoe-with-thick-rugged-sole-and-textured-upper-black-4345175
Men's Formal MZ 27214 C95 Black Leather Dress Shoe With Lace-up Closure and Low Heel,Mario D' boro Runway,Men > Shoes > Formal,45.69,45.69,https://www.zalora.com.ph/p/mario-d-boro-runway-men-s-formal-mz-27214-c95-black-leather-dress-shoe-with-lace-up-closure-and-low-heel-black-4341381
Men's Formal Oxford MY 26091 - Black C88,Mario D' boro Runway,Men > Shoes > Formal,50.59,50.59,https://www.zalora.com.ph/p/mario-d-boro-runway-men-s-formal-oxford-my-26091-black-c88-black-4208136
Men's Formal Slip On MY 26332 Black C77 C88 C93 C96,Mario D' boro Runway,Men > Shoes > Formal,34.27,34.27,https://www.zalora.com.ph/p/mario-d-boro-runway-men-s-formal-slip-on-my-26332-black-c77-c88-c93-c96-black-4072342
Men's Formal Slip On MY 26389 - Dark Brown C85,Mario D' boro Runway,Men > Shoes > Formal,44.06,44.06,https://www.zalora.com.ph/p/mario-d-boro-runway-men-s-formal-slip-on-my-26389-dark-brown-c85-brown-4173914
Men's Formal Slip On MY 26521 - Black C81 All Seasons Shoes,Mario D' boro Runway,Men > Shoes > Formal,44.06,44.06,https://www.zalora.com.ph/p/mario-d-boro-runway-men-s-formal-slip-on-my-26521-black-c81-all-seasons-shoes-black-4114767
Men's Formal Slip On MY 26673 - Black C82,Mario D' boro Runway,Men > Shoes > Formal,55.49,55.49,https://www.zalora.com.ph/p/mario-d-boro-runway-men-s-formal-slip-on-my-26673-black-c82-black-4126202
Men's Formal Slip-On Dress Shoes MX 24912 C81 C87 C93,Mario D' boro Runway,Men > Shoes > Formal,40.76,40.76,https://www.zalora.com.ph/p/mario-d-boro-runway-men-s-formal-slip-on-dress-shoes-mx-24912-c81-c87-c93-black-4112067
Men's Formal With Lace Shoes Mx 24624 Brown C47,Mario D' boro Runway,Men > Shoes > Formal,37.54,37.54,https://www.zalora.com.ph/p/mario-d-boro-runway-men-s-formal-with-lace-shoes-mx-24624-brown-c47-brown-3283113
Men's Formal with Lace MY 26041 - Brown C82,Mario D' boro Runway,Men > Shoes > Formal,45.69,45.69,https://www.zalora.com.ph/p/mario-d-boro-runway-men-s-formal-with-lace-my-26041-brown-c82-brown-4127165
Men's G/Lock Gallivanter Pebble Leather Saddle Golf Shoes,G/FORE,Men > Shoes > Sports Shoes,206.35,257.94,https://www.zalora.com.ph/p/g-fore-men-s-g-lock-gallivanter-pebble-leather-saddle-golf-shoes-black-3692779
Men's Gallivan2r G/lock Golf Shoes,G/FORE,Men > Sports > Footwear > Outdoors,249.77,249.77,https://www.zalora.com.ph/p/g-fore-men-s-gallivan2r-g-lock-golf-shoes-white-4187828
Men's Goldencoast Clog II - Black (1166915-BLK),UGG,Men > Shoes > Slip-Ons,146.91,146.91,https://www.zalora.com.ph/p/ugg-men-s-goldencoast-clog-ii-black-1166915-blk-black-3683574
Men's Grovewood Performance Jersey Polo,Peter Millar,Sports > Men's Sports > Clothing > Polos,89.79,89.79,https://www.zalora.com.ph/p/peter-millar-men-s-grovewood-performance-jersey-polo-navy-3730775
Men's Halyard Retro Sneakers - White (24F000810),Sperry,Men > Shoes > Sneakers,81.54,81.54,https://www.zalora.com.ph/p/sperry-men-s-halyard-retro-sneakers-white-24f000810-white-4238797
Men's Hayden Moc Shoe - Chestnut (1158276-CHE),UGG,Men > Shoes > Slip-Ons,102.83,146.91,https://www.zalora.com.ph/p/ugg-men-s-hayden-moc-shoe-chestnut-1158276-che-brown-3959905
Men's Heritage Utility Mini Classic Boot - Chestnut / Whitecap (1173811-CWTC),UGG,Men > Shoes > Loafers & Boat Shoes,146.75,209.43,https://www.zalora.com.ph/p/ugg-men-s-heritage-utility-mini-classic-boot-chestnut-whitecap-1173811-cwtc-brown-3959915
Men's Hooded Trench Coats YCX-K8929,Twenty Eight Shoes,Men > Clothing > Jackets & Coats > Coats,46.05,51.96,https://www.zalora.com.ph/p/twenty-eight-shoes-men-s-hooded-trench-coats-ycx-k8929-grey-2814672
Men's Igor Lace-Up Sneakers,ALBERTO,Men > Shoes > Sneakers,37.53,37.53,https://www.zalora.com.ph/p/alberto-men-s-igor-lace-up-sneakers-white-2941136
Men's Knit Shorts,Nike,Sports > Men's Sports > Clothing > Shorts,30.94,30.94,https://www.zalora.com.ph/p/nike-men-s-knit-shorts-black-3196158
Men's Kosmopolis Moccasins,GEOX,Men > Shoes > Loafers & Boat Shoes,201.76,201.76,https://www.zalora.com.ph/p/geox-men-s-kosmopolis-moccasins-black-3127153
Men's Long Sleeves Woven Shirt,Volkswagen,Men > Clothing > Shirts > Long Sleeve,27.38,27.38,https://www.zalora.com.ph/p/volkswagen-men-s-long-sleeves-woven-shirt-blue-3012848
Men's Loungewear Shorts,BENCH,Men > Clothing > Underwear & Loungewear > Loungewear,10.0,10.0,https://www.zalora.com.ph/p/bench-men-s-loungewear-shorts-black-3689953
Men's Low Top Lace-up Sneakers in Black,London Rag,Men > Shoes > Sneakers,33.29,60.55,https://www.zalora.com.ph/p/london-rag-men-s-low-top-lace-up-sneakers-in-black-black-3219526
Men's MG4X2 Stippled Hybrid Golf Cross Trainer,G/FORE,Men > Sports > Footwear > Others,176.31,220.39,https://www.zalora.com.ph/p/g-fore-men-s-mg4x2-stippled-hybrid-golf-cross-trainer-white-3500939
Men's Offcourt Slides,Nike,Sports > Men's Sports > Footwear > Sneakers,28.0,30.94,https://www.zalora.com.ph/p/nike-men-s-offcourt-slides-green-4162398
Men's One Band Slides,Penshoppe,Men > Shoes > Sandals & Flip Flops,10.0,10.0,https://www.zalora.com.ph/p/penshoppe-men-s-one-band-slides-blue-4312831
Men's Perforated Stripe Polo Shirt,G/FORE,Sports > Men's Sports > Clothing > Polos,50.61,101.21,https://www.zalora.com.ph/p/g-fore-men-s-perforated-stripe-polo-shirt-blue-3271584
Men's Perforated Stripe Polo Shirt,G/FORE,Sports > Men's Sports > Clothing > Polos,50.61,101.21,https://www.zalora.com.ph/p/g-fore-men-s-perforated-stripe-polo-shirt-white-3279651
Men's Powercourt 125 2 Sneakers,Lacoste,Men > Sports > Footwear > Sneakers,97.13,97.13,https://www.zalora.com.ph/p/lacoste-men-s-powercourt-125-2-sneakers-white-3749707
Men's Premium Dark Denim L Event Slim Jeans,Marithe + Francois Girbaud,Men > Clothing > Jeans > Slim,86.52,86.52,https://www.zalora.com.ph/p/marithe-francois-girbaud-men-s-premium-dark-denim-l-event-slim-jeans-blue-3122825
Men's Round Neck Graphic Tee,Volkswagen,Men > Clothing > T-Shirts > Graphic,12.52,12.52,https://www.zalora.com.ph/p/volkswagen-men-s-round-neck-graphic-tee-grey-2916224
Men's Round Neck Graphic Tee,Volkswagen,Men > Clothing > T-Shirts > Graphic,12.52,12.52,https://www.zalora.com.ph/p/volkswagen-men-s-round-neck-graphic-tee-black-2916269
Men's SHOOTER LOW True Red Black,Pony,Sports > Men's Sports > Footwear > Sneakers,29.3,48.89,https://www.zalora.com.ph/p/pony-men-s-shooter-low-true-red-black-red-3343342
Men's SHOOTER LOW White Amazon,Pony,Sports > Men's Sports > Footwear > Sneakers,29.3,48.89,https://www.zalora.com.ph/p/pony-men-s-shooter-low-white-amazon-white-3343336
Men's SPORT Abrasion-Resistant Interlock Polo,Lacoste,Men > Clothing > Polos,97.13,97.13,https://www.zalora.com.ph/p/lacoste-men-s-sport-abrasion-resistant-interlock-polo-white-3628149
Men's Sandals with Cord Strap and Rubber Toe Bumper,Penshoppe,Men > Shoes > Sandals & Flip Flops > Sandals,24.47,24.47,https://www.zalora.com.ph/p/penshoppe-men-s-sandals-with-cord-strap-and-rubber-toe-bumper-brown-4207789
Men's Shock Wave 6.0 Pro (Shock The Game) Basketball Shoes in Black,Anta,Men > Shoes > Sports Shoes,179.49,179.49,https://www.zalora.com.ph/p/anta-men-s-shock-wave-6-0-pro-shock-the-game-basketball-shoes-in-black-black-3748334
Men's Short-Sleeve Authentic Button-Down A9161-0000,Levi's,Men > Clothing > Shirts > Short Sleeve,47.33,47.33,https://www.zalora.com.ph/p/levi-s-men-s-short-sleeve-authentic-button-down-a9161-0000-blue-3443610
Men's Skull in One Performance Jersey Polo,Peter Millar,Sports > Men's Sports > Clothing > Polos,54.85,78.36,https://www.zalora.com.ph/p/peter-millar-men-s-skull-in-one-performance-jersey-polo-blue-3645770
Men's Soft Footbed Slides with Embossed Pattern,Penshoppe,Men > Shoes > Sandals & Flip Flops > Sandals,11.41,11.41,https://www.zalora.com.ph/p/penshoppe-men-s-soft-footbed-slides-with-embossed-pattern-white-4044054
Men's Soltide Leather Sneakers Light Beige Rainbow,Sperry,Men > Shoes > Sneakers,81.54,81.54,https://www.zalora.com.ph/p/sperry-men-s-soltide-leather-sneakers-light-beige-rainbow-beige-3839813
Men's Soltide Sneakers,Sperry,Men > Shoes > Sneakers,81.54,81.54,https://www.zalora.com.ph/p/sperry-men-s-soltide-sneakers-multi-3816570
Men's Sports Shoes in Black 82387451052,ECCO,Luxury > Men's Luxury > Shoes > Sneakers,232.68,367.97,https://www.zalora.com.ph/p/ecco-men-s-sports-shoes-in-black-82387451052-black-4259812
Men's Surge 4 Running Shoes,Under Armour,Sports > Men's Sports > Footwear > Sneakers,58.69,58.69,https://www.zalora.com.ph/p/under-armour-men-s-surge-4-running-shoes-white-3365637
Men's Surge 4 Running Shoes,Under Armour,,52.57,58.69,https://www.zalora.com.ph/p/under-armour-men-s-surge-4-running-shoes-blue-3255757
Men's Tempo Performance Mesh Polo Iceaq,Peter Millar,Sports > Men's Sports > Clothing > Polos,70.85,101.21,https://www.zalora.com.ph/p/peter-millar-men-s-tempo-performance-mesh-polo-iceaq-blue-3645778
Men's Terence Ankle Boots,GEOX,Men > Shoes > Boots,254.65,254.65,https://www.zalora.com.ph/p/geox-men-s-terence-ankle-boots-brown-4269537
Men's Textured Ribbed Knit Polo with Hem Band - The New Standard,Bocu,Men > Clothing > Polos,27.74,27.74,https://www.zalora.com.ph/p/bocu-men-s-textured-ribbed-knit-polo-with-hem-band-the-new-standard-brown-3246787
Men's Thick Cotton Crew Sports Socks - 3 Pairs In A Pack,Burlington,Sports > Men's Sports > Accessories > Other Accessories,10.0,10.0,https://www.zalora.com.ph/p/burlington-men-s-thick-cotton-crew-sports-socks-3-pairs-in-a-pack-white-2127890
Men's Two Tone Fore Play Ankle Sock (Baja/Venetian),G/FORE,Men > Clothing > Socks > Ankle socks,13.88,13.88,https://www.zalora.com.ph/p/g-fore-men-s-two-tone-fore-play-ankle-sock-baja-venetian-blue-3731446
Men's U Adacter M Wide Moccasins,GEOX,Men > Shoes > Loafers & Boat Shoes,201.76,201.76,https://www.zalora.com.ph/p/geox-men-s-u-adacter-m-wide-moccasins-black-2778210
Men's U Adacter Shoes,GEOX,Men > Shoes > Loafers & Boat Shoes,201.76,201.76,https://www.zalora.com.ph/p/geox-men-s-u-adacter-shoes-brown-2986355
Men's U Kosmopolis +Grip W Moccasins,GEOX,Men > Shoes > Loafers & Boat Shoes,177.93,177.93,https://www.zalora.com.ph/p/geox-men-s-u-kosmopolis-grip-w-moccasins-brown-2778212
Men's U LEITAN A - NAPPA Formal Lace-up,GEOX,Men > Shoes > Formal,171.4,171.4,https://www.zalora.com.ph/p/geox-men-s-u-leitan-a-nappa-formal-lace-up-black-3353878
Men's U Moner W 2 Fit Moccasins U44Q6D,GEOX,Men > Shoes > Loafers & Boat Shoes,220.37,220.37,https://www.zalora.com.ph/p/geox-men-s-u-moner-w-2-fit-moccasins-u44q6d-brown-2643641
Men's U Moner W 2FIT D Moccasins,GEOX,Men > Shoes > Loafers & Boat Shoes,220.37,220.37,https://www.zalora.com.ph/p/geox-men-s-u-moner-w-2fit-d-moccasins-brown-3364123
Men's U Spherica Actif X1 Sneakers,GEOX,Men > Shoes > Sneakers,286.0,286.0,https://www.zalora.com.ph/p/geox-men-s-u-spherica-actif-x1-sneakers-blue-4024483
Men's U Spherica Ecub-3 Sneakers,GEOX,Men > Shoes > Sneakers,246.82,246.82,https://www.zalora.com.ph/p/geox-men-s-u-spherica-ecub-3-sneakers-white-4024654
Men's Vanish Seamless Short Sleeves T-Shirt,Under Armour,Sports > Men's Sports > Footwear,39.82,42.36,https://www.zalora.com.ph/p/under-armour-men-s-vanish-seamless-short-sleeves-t-shirt-black-3645878
Men's Wave Driver Penny Loafers Brown,Sperry,Men > Shoes > Loafers & Boat Shoes,102.77,102.77,https://www.zalora.com.ph/p/sperry-men-s-wave-driver-penny-loafers-brown-brown-3859162
Men's Wave Venetian Casual Driving Shoes - Tan (24F00271),Sperry,Men > Shoes > Loafers & Boat Shoes,107.58,107.58,https://www.zalora.com.ph/p/sperry-men-s-wave-venetian-casual-driving-shoes-tan-24f00271-brown-4362364
Men's White Comfy Workout Tee,Fitleasure,Sports > Men's Sports > Clothing > T-Shirts,47.55,109.83,https://www.zalora.com.ph/p/fitleasure-men-s-white-comfy-workout-tee-white-2479771
Men's Zone V-Neck T-shirt,Jockey,Men > Clothing > T-Shirts > Plain,10.0,10.0,https://www.zalora.com.ph/p/jockey-men-s-zone-v-neck-t-shirt-white-1392753
Menhaden Wedge Sandals,ALDO,Women > Shoes > Wedges > Wedge Sandals,70.12,70.12,https://www.zalora.com.ph/p/aldo-menhaden-wedge-sandals-black-3460603
Mens Bobs B Flex 2.0 Slip-Ins - Black,Skechers,Men > Shoes > Slip-Ons,64.58,73.38,https://www.zalora.com.ph/p/skechers-mens-bobs-b-flex-2-0-slip-ins-black-black-4202913
Mens Go Walk Flex Sandal - Easy Entry - Olive,Skechers,Men > Shoes > Sandals & Flip Flops > Sandals,64.58,73.38,https://www.zalora.com.ph/p/skechers-mens-go-walk-flex-sandal-easy-entry-olive-green-4267514
Mens Heritage Vero MS White - Grey,FILA,Sports > Men's Sports > Footwear > Sneakers,40.8,40.8,https://www.zalora.com.ph/p/fila-mens-heritage-vero-ms-white-grey-grey-white-3800334
Mens Hotshot - Pyke - White/Black,Skechers,Men > Shoes > Sneakers,47.34,53.79,https://www.zalora.com.ph/p/skechers-mens-hotshot-pyke-white-black-white-4267491
Mens Sport Vapor Foam Sandal - Navy/Red,Skechers,Men > Shoes > Sandals & Flip Flops > Sandals,40.15,45.63,https://www.zalora.com.ph/p/skechers-mens-sport-vapor-foam-sandal-navy-red-navy-4233132
Men’s DRI+RIDE Scoot Microfiber Leather Mid Cut Sneaker Shoes HDMH531,Burlington,Men > Shoes > Sneakers,55.59,55.59,https://www.zalora.com.ph/p/burlington-men-s-dri-ride-scoot-microfiber-leather-mid-cut-sneaker-shoes-hdmh531-grey-4195035
Men’s Retro Culture Shoes in Grey/Heather Castlerock,361 Degrees,Men > Shoes > Sports Shoes,65.14,65.14,https://www.zalora.com.ph/p/361degrees-men-s-retro-culture-shoes-in-grey-heather-castlerock-grey-white-4324063
Meridian Ankle Leggings,Under Armour,Sports > Women's Sports > Clothing > Tights,44.36,71.75,https://www.zalora.com.ph/p/under-armour-meridian-ankle-leggings-black-3255618
Mesh Detail Pointy Ankle Boots in Red,London Rag,Women > Shoes > Boots > Ankle Boots,55.98,79.81,https://www.zalora.com.ph/p/london-rag-mesh-detail-pointy-ankle-boots-in-red-red-3583266
Mesh Knitwear Sweater,KOTON,Women > Clothing > Knitwear & Cardigans,10.0,28.0,https://www.zalora.com.ph/p/koton-mesh-knitwear-sweater-black-3409551
Mesh bustier top,H&M,Women > Clothing > Blazers,10.0,25.05,https://www.zalora.com.ph/p/hm-mesh-bustier-top-black-3031914
Metal Bar Detail High Heels,Trendyol,Women > Shoes > Heels > High Heels,45.69,51.41,https://www.zalora.com.ph/p/trendyol-metal-bar-detail-high-heels-black-4293861
Metal Buckle Leather Loafers TH928-1,Twenty Eight Shoes,Women > Shoes > Flats > Loafers & Boat Shoes,53.53,76.35,https://www.zalora.com.ph/p/twenty-eight-shoes-metal-buckle-leather-loafers-th928-1-black-3197940
Metal Chain Link Detail Calf Boots in Black,London Rag,Women > Shoes > Boots > Long Boots,68.22,85.2,https://www.zalora.com.ph/p/london-rag-metal-chain-link-detail-calf-boots-in-black-black-3543038
Metallic Ankle Strap Heel Sandals in Pink,London Rag,Women > Shoes > Heels > High Heels,38.67,59.41,https://www.zalora.com.ph/p/london-rag-metallic-ankle-strap-heel-sandals-in-pink-pink-3566921
Metallic Mary Jane Ballerinas in Red,Rag & CO.,Women > Shoes > Flats > Ballerinas,37.37,53.37,https://www.zalora.com.ph/p/rag-co-metallic-mary-jane-ballerinas-in-red-red-3508155
Metallic Pearl Embellished Flats in Gold,Rag & CO.,Women > Shoes > Flats,42.59,60.71,https://www.zalora.com.ph/p/rag-co-metallic-pearl-embellished-flats-in-gold-gold-3688442
Metallic Pleather Bow Ballerinas in Blue,Rag & CO.,Women > Shoes > Flats > Ballerinas,38.18,50.75,https://www.zalora.com.ph/p/rag-co-metallic-pleather-bow-ballerinas-in-blue-blue-3507144
Metallic Pleather Clog Sandals in Silver,Rag & CO.,Women > Shoes > Heels > High Heels,44.88,81.45,https://www.zalora.com.ph/p/rag-co-metallic-pleather-clog-sandals-in-silver-silver-4022928
Metallic Rhinestone Clear Wedge Sandals In Gold,London Rag,Women > Shoes > Wedges > Wedge Sandals,49.94,71.32,https://www.zalora.com.ph/p/london-rag-metallic-rhinestone-clear-wedge-sandals-in-gold-gold-3659044
Metallic Woven Espadrille Wedges in Blush,London Rag,Women > Shoes > Wedges > Wedge Sandals,38.51,59.08,https://www.zalora.com.ph/p/london-rag-metallic-woven-espadrille-wedges-in-blush-pink-3689467
Metcon 10,Nike,Sports > Men's Sports > Footwear > Sneakers,140.31,140.31,https://www.zalora.com.ph/p/nike-metcon-10-yellow-4211748
Miami Cropped Tee,St MRLO,Women > Clothing > Tops > T-Shirts,52.22,52.22,https://www.zalora.com.ph/p/st-mrlo-miami-cropped-tee-brown-1916337
Miami Formal Shoes,Easy Soft By World Balance,Men > Shoes > Formal,10.0,10.0,https://www.zalora.com.ph/p/easy-soft-miami-formal-shoes-black-997318
Miany Tops - Beige,THE LOUNGE EDIT,Women > Clothing > Tops > Sleeveless,13.79,13.79,https://www.zalora.com.ph/p/the-lounge-edit-miany-tops-beige-beige-2402488
Michalina Dress,THE LOUNGE EDIT,Women > Clothing > Dresses > Mini Dresses,36.73,36.73,https://www.zalora.com.ph/p/the-lounge-edit-michalina-dress-black-2025143
Microban Ladies’ Cotton Lite Thin Casual Ankle Socks 3 pairs in a pack VLCKG17,Burlington,Women > Clothing > Socks & Tights > Ankle socks,10.0,10.0,https://www.zalora.com.ph/p/burlington-microban-ladies-cotton-lite-thin-casual-ankle-socks-3-pairs-in-a-pack-vlckg17-black-2164342
Mid Heels,Trendyol,Women > Shoes > Heels > Open Toes,37.06,72.63,https://www.zalora.com.ph/p/trendyol-mid-heels-black-4293896
Mid Waist Brown Shorts,iROO,Women > Clothing > Shorts,76.43,76.43,https://www.zalora.com.ph/p/iroo-mid-waist-brown-shorts-brown-3418773
Mid Waist Skinny Jeans,Trendyol,Men > Clothing > Jeans > Skinny,28.98,40.14,https://www.zalora.com.ph/p/trendyol-mid-waist-skinny-jeans-grey-3731261
Mid-Length Cardigan Sweater,Jnby,Women > Clothing > Knitwear & Cardigans,225.12,225.12,https://www.zalora.com.ph/p/jnby-mid-length-cardigan-sweater-white-3669662
Midi Black Dress With Contrast White Trim,iROO,Women > Clothing > Dresses,121.82,121.82,https://www.zalora.com.ph/p/iroo-midi-black-dress-with-contrast-white-trim-black-3710201
Midi Strap Dress,Jnby,Women > Clothing > Dresses,225.12,225.12,https://www.zalora.com.ph/p/jnby-midi-strap-dress-white-3713198
Midi-length asymmetrical denim skirt,Desigual,Women > Clothing > Skirts,148.39,148.39,https://www.zalora.com.ph/p/desigual-midi-length-asymmetrical-denim-skirt-blue-3649257
Midtown Sneakers,ALDO,Men > Shoes > Sneakers,119.09,119.09,https://www.zalora.com.ph/p/aldo-midtown-sneakers-brown-4314918
Mielle Midi Dress,Savel,Women > Clothing > Dresses,65.28,65.28,https://www.zalora.com.ph/p/savel-mielle-midi-dress-black-2801440
Milan Penny Men's Dress Casual Shoes,Hush Puppies,Men > Shoes > Formal,106.11,106.11,https://www.zalora.com.ph/p/hush-puppies-milan-penny-men-s-dress-casual-shoes-black-4340585
Milandra Tank Top,THE LOUNGE EDIT,Women > Clothing > Tops > Sleeveless,22.86,22.86,https://www.zalora.com.ph/p/the-lounge-edit-milandra-tank-top-purple-1947674
Milano BF,Birkenstock,Women > Shoes > Sandals > Flat Sandals,122.27,122.27,https://www.zalora.com.ph/p/birkenstock-milano-bf-white-3089855
Milarose Crochet Knit Dress,FORCAST,Women > Clothing > Dresses > Summer Dresses,38.28,76.56,https://www.zalora.com.ph/p/forcast-milarose-crochet-knit-dress-brown-3086981
Miller Metallic Sandals,TORY BURCH,Women > Shoes > Sandals > Flat Sandals,229.61,390.15,https://www.zalora.com.ph/p/tory-burch-miller-metallic-sandals-gold-4283474
Minetta Comfy Loafers,My Ballerine,Women > Shoes > Sandals > Espadrilles,68.71,91.08,https://www.zalora.com.ph/p/my-ballerine-minetta-comfy-loafers-black-3795948
Mini Knitwear Dress,Trendyol,Women > Clothing > Dresses > Mini Dresses,17.91,45.04,https://www.zalora.com.ph/p/trendyol-mini-knitwear-dress-black-3027278
Mini Strapless Dress,KOTON,Women > Clothing > Dresses > Party Dresses,16.01,23.33,https://www.zalora.com.ph/p/koton-mini-strapless-dress-black-3585914
Minimalist Style Slim Suit Jacket YGH-EL8701,HAPPY FRIDAYS,Women > Clothing > Blazers,68.99,81.79,https://www.zalora.com.ph/p/happy-fridays-minimalist-style-slim-suit-jacket-ygh-el8701-white-3763714
Misty High Rise Slim Jeans,Electro Denim Lab,Women > Clothing > Jeans,15.92,16.9,https://www.zalora.com.ph/p/electro-denim-lab-misty-high-rise-slim-jeans-blue-3504920
Misty High Rise Slim Jeans,Electro Denim Lab,Women > Clothing > Jeans,15.92,16.9,https://www.zalora.com.ph/p/electro-denim-lab-misty-high-rise-slim-jeans-blue-3504916
Moab Speed 2 Gore-Tex – Cement/Cherry Women’s Hiking Shoes,Merrell,Men > Shoes > Sneakers,156.56,156.56,https://www.zalora.com.ph/p/merrell-moab-speed-2-gore-tex-cement-cherry-women-s-hiking-shoes-grey-4353934
Moab Speed 2 – Stucco Men’s Hiking Shoes,Merrell,Men > Shoes > Sneakers,98.19,119.09,https://www.zalora.com.ph/p/merrell-moab-speed-2-stucco-men-s-hiking-shoes-brown-4286580
Moc-toe Wallabee Shoes CQ2405104,Twenty Eight Shoes,Men > Shoes > Loafers & Boat Shoes,96.15,120.18,https://www.zalora.com.ph/p/twenty-eight-shoes-moc-toe-wallabee-shoes-cq2405104-brown-4179745
Mock Neck Rib Top,Happiness Istanbul,Women > Clothing > Tops > Sleeveless,10.15,11.57,https://www.zalora.com.ph/p/happiness-istanbul-mock-neck-rib-top-blue-3510566
Monaco Maxi Skirt,Peppermayo,Women > Clothing > Skirts,46.67,46.67,https://www.zalora.com.ph/p/peppermayo-monaco-maxi-skirt-orange-2397263
Montreal Men's Lifestyle Shoes,Easy Soft By World Balance,Men > Shoes > Loafers & Boat Shoes,10.0,10.0,https://www.zalora.com.ph/p/easy-soft-montreal-men-s-lifestyle-shoes-black-3832714
Moon X-High Skinny Jeans,JACQUELINE DE YONG,Women > Clothing > Jeans > Skinny Jeans,30.18,30.18,https://www.zalora.com.ph/p/jacqueline-de-yong-moon-x-high-skinny-jeans-blue-2531963
More Uptempo Low,Nike,Sports > Men's Sports > Footwear > Sneakers,92.69,153.37,https://www.zalora.com.ph/p/nike-more-uptempo-low-brown-4211745
Morphlite Reflective Gore-Tex – Black Men’s Trail Running Shoes,Merrell,Men > Shoes > Sneakers,99.58,120.72,https://www.zalora.com.ph/p/merrell-morphlite-reflective-gore-tex-black-men-s-trail-running-shoes-black-4267435
Mortif Floral Blouse with Front Ribbon Tie,Hopeshow,Women > Clothing > Tops,37.5,37.5,https://www.zalora.com.ph/p/hopeshow-mortif-floral-blouse-with-front-ribbon-tie-multi-3200458
Morton Black Loafer,Bristol Shoes,Men > Shoes > Loafers & Boat Shoes,72.87,91.09,https://www.zalora.com.ph/p/bristol-shoes-morton-black-loafer-black-4000635
Motion Joggers,Under Armour,Sports > Women's Sports > Women's Sports,47.88,52.16,https://www.zalora.com.ph/p/under-armour-motion-joggers-black-2468865
Motiva 2 Walking Shoes,Nike,Sports > Women's Sports > Footwear > Sneakers,95.37,102.77,https://www.zalora.com.ph/p/nike-motiva-2-walking-shoes-yellow-4225413
Motorsport MERCEDES - AMG PETRONAS FORMULA ONE TEAM BARREDA DECODE SHOES Unisex Grey JR1063,ADIDAS,Men > Sports > Footwear > Running Shoes,76.73,76.73,https://www.zalora.com.ph/p/adidas-motorsport-mercedes-amg-petronas-formula-one-team-barreda-decode-shoes-unisex-grey-jr1063-grey-3921103
Mtl72Sneaker-L Low-Top Sneakers,ALDO,Women > Shoes > Sneakers,35.91,92.97,https://www.zalora.com.ph/p/aldo-mtl72sneaker-l-low-top-sneakers-grey-3956367
Multi Pockets Cotton Casual Shorts GJL27053,Twenty Eight Shoes,Men > Clothing > Shorts > Chinos,36.57,48.32,https://www.zalora.com.ph/p/twenty-eight-shoes-multi-pockets-cotton-casual-shorts-gjl27053-green-2597782
Multi Pockets Cotton Casual Shorts GJL27401,Twenty Eight Shoes,Men > Clothing > Shorts > Chinos,38.53,45.71,https://www.zalora.com.ph/p/twenty-eight-shoes-multi-pockets-cotton-casual-shorts-gjl27401-green-2597785
Muslimah Blouse,Gene Martino,Women > Clothing > Tops > Blouses,14.68,14.68,https://www.zalora.com.ph/p/gene-martino-muslimah-blouse-red-1811388
Muslimah Top,Gene Martino,Women > Clothing > Tops > Blouses,17.94,17.94,https://www.zalora.com.ph/p/gene-martino-muslimah-top-blue-1545493
NE Vacation Club Black Shorts,New Era,Women > Clothing > Shorts > Casual Shorts,46.8,66.85,https://www.zalora.com.ph/p/new-era-ne-vacation-club-black-shorts-black-3750016
NEO STEP Men's Lifestyle Athleisure Shoes,World Balance,Men > Shoes > Sneakers,31.0,31.0,https://www.zalora.com.ph/p/world-balance-neo-step-men-s-lifestyle-athleisure-shoes-black-4178505
NOLA Women's Slide Sandals,Jordan,Sports > Women's Sports > Footwear > Sandals & Flip Flops,40.73,40.73,https://www.zalora.com.ph/p/jordan-nola-women-s-slide-sandals-green-4233287
Napoleon Penny Men's Dress Casual Shoes,Hush Puppies,Men > Shoes > Loafers & Boat Shoes,97.95,97.95,https://www.zalora.com.ph/p/hush-puppies-napoleon-penny-men-s-dress-casual-shoes-black-3855905
Nappa Leather-Effect Moccasins,MANGO Man,Men > Shoes > Loafers & Boat Shoes,65.27,81.54,https://www.zalora.com.ph/p/mango-man-nappa-leather-effect-moccasins-black-3855977
Nappa Monogram Women's Loafers in Black,SAINT LAURENT,Women > Shoes > Flats > Loafers & Boat Shoes,745.61,784.86,https://www.zalora.com.ph/p/saint-laurent-nappa-monogram-women-s-loafers-in-black-black-3324554
Nautical Azure Boardshorts With Drawstring Swimwear For Men,ISLAND HAZE,Sports > Men's Sports > Clothing > Swimwear & Beachwear,19.57,19.57,https://www.zalora.com.ph/p/island-haze-nautical-azure-boardshorts-with-drawstring-swimwear-for-men-blue-3711220
Navy Blue Striped Classic Fit Shirt,SST&C,Men > Clothing > Shirts > Long Sleeve,60.17,60.17,https://www.zalora.com.ph/p/sst-c-navy-blue-striped-classic-fit-shirt-navy-3513956
Navy Check Leisure Suit,SST&C,Men > Clothing > Blazers & Suits > Suit Jacket,189.45,189.45,https://www.zalora.com.ph/p/sst-c-navy-check-leisure-suit-navy-3513952
Neck Scarf Long Sleeve Blouse,AIR SPACE,Women > Clothing > Tops > Blouses,15.84,26.92,https://www.zalora.com.ph/p/air-space-neck-scarf-long-sleeve-blouse-white-3571620
Neil Lace Up Men's Casual Shoes,Hush Puppies,Men > Shoes > Formal,91.42,91.42,https://www.zalora.com.ph/p/hush-puppies-neil-lace-up-men-s-casual-shoes-brown-3778871
Neil Slip On Men's Casual Shoes,Hush Puppies,Men > Shoes > Slip-Ons,91.42,91.42,https://www.zalora.com.ph/p/hush-puppies-neil-slip-on-men-s-casual-shoes-brown-3778870
Neo Terrain Driving Shoes in Calf Suede,MCM,Luxury > Men's Luxury > Shoes > Formal,577.9,577.9,https://www.zalora.com.ph/p/mcm-neo-terrain-driving-shoes-in-calf-suede-brown-4311665
Neo Terrain Driving Shoes in Calf Suede,MCM,Luxury > Men's Luxury > Shoes > Sandals & Flip Flops,577.9,577.9,https://www.zalora.com.ph/p/mcm-neo-terrain-driving-shoes-in-calf-suede-blue-4310847
Neo Terrain Lo Sneakers in Visetos,MCM,Luxury > Men's Luxury > Shoes > Sneakers,532.19,532.19,https://www.zalora.com.ph/p/mcm-neo-terrain-lo-sneakers-in-visetos-brown-4129232
Nerd Loose Tapered Jeans,Electro Denim Lab,Men > Clothing > Jeans,17.92,17.92,https://www.zalora.com.ph/p/electro-denim-lab-nerd-loose-tapered-jeans-blue-3387975
Nergize,New Balance,Sports > Women's Sports > Footwear > Sneakers,78.2,78.2,https://www.zalora.com.ph/p/new-balance-nergize-multi-4217013
Nethe Midi Dress,Vero Moda,Women > Clothing > Dresses > Summer Dresses,10.0,54.24,https://www.zalora.com.ph/p/vero-moda-nethe-midi-dress-brown-3397839
Nettie Chunky Sneakers,CLN,Women > Shoes > Sneakers,22.02,24.47,https://www.zalora.com.ph/p/cln-nettie-chunky-sneakers-beige-4303705
New Balance Unisex 740  - WHITE,New Balance,Women > Shoes > Sneakers,114.19,114.19,https://www.zalora.com.ph/p/new-balance-new-balance-unisex-740-white-white-4346128
New Fringe Flare Jeans CA032516LGBL,Sunnydaysweety,Women > Clothing > Jeans > Flare Jeans,67.75,67.75,https://www.zalora.com.ph/p/sunnydaysweety-new-fringe-flare-jeans-ca032516lgbl-blue-1905881
New Linen New Horizon Maxi Linen Dress,F2 - Fashion and Freedom,Women > Clothing > Dresses > Summer Dresses,128.28,128.28,https://www.zalora.com.ph/p/f2-fashion-and-freedom-new-linen-new-horizon-maxi-linen-dress-green-2485032
New Linen New Horizon Maxi Silk Dress,F2 - Fashion and Freedom,Women > Clothing > Dresses > Summer Dresses,128.28,128.28,https://www.zalora.com.ph/p/f2-fashion-and-freedom-new-linen-new-horizon-maxi-silk-dress-green-2484996
New Linen New Horizon Midi Linen Dress,F2 - Fashion and Freedom,Women > Clothing > Dresses > Summer Dresses,128.28,128.28,https://www.zalora.com.ph/p/f2-fashion-and-freedom-new-linen-new-horizon-midi-linen-dress-multi-2484988
New Linen New Horizone Maxi Linen Dress,F2 - Fashion and Freedom,Women > Clothing > Dresses > Summer Dresses,119.58,119.58,https://www.zalora.com.ph/p/f2-fashion-and-freedom-new-linen-new-horizone-maxi-linen-dress-green-2484997
New Up,Zaxy,Women > Shoes > Wedges > Wedge Sandals,40.73,40.73,https://www.zalora.com.ph/p/zaxy-new-up-blue-4184437
Newyork City Royal Blue Cotton Short Sleeve Crew Neck Relaxed Tee,QuirkyT,Sports > Men's Sports > Clothing > T-Shirts,29.43,65.4,https://www.zalora.com.ph/p/quirkyt-newyork-city-royal-blue-cotton-short-sleeve-crew-neck-relaxed-tee-blue-2915591
Nhibre Maryjane Flats (1cm) - Beige,SAPPUN,Women > Shoes > Flats > Ballerinas,35.65,50.93,https://www.zalora.com.ph/p/sappun-nhibre-maryjane-flats-1cm-beige-beige-3575019
Nia Women's Lifestyle Athleisure Sandals,World Balance,Women > Sports > Footwear > Sandals & Flip-flops,27.74,27.74,https://www.zalora.com.ph/p/world-balance-nia-women-s-lifestyle-athleisure-sandals-black-pink-3824261
Nic Cami Top,St MRLO,Women > Clothing > Tops,58.75,58.75,https://www.zalora.com.ph/p/st-mrlo-nic-cami-top-black-2663176
Niche irregular skirt suit A021926,Sunnydaysweety,Women > Clothing > Dresses,109.38,109.38,https://www.zalora.com.ph/p/sunnydaysweety-niche-irregular-skirt-suit-a021926-beige-3321787
Nicola Mini Dress,Savel,Women > Clothing > Dresses > Mini Dresses,76.71,76.71,https://www.zalora.com.ph/p/savel-nicola-mini-dress-red-2476543
Nike Air Max 90,Nike,Sports > Men's Sports > Footwear > Sneakers,102.05,107.66,https://www.zalora.com.ph/p/nike-nike-air-max-90-multi-4190156
Nike Air Zoom Rival Fly 4 Glam,Nike,Sports > Men's Sports > Footwear > Sneakers,102.77,102.77,https://www.zalora.com.ph/p/nike-nike-air-zoom-rival-fly-4-glam-yellow-4329761
Nike Court Vision Low,Nike,Sports > Men's Sports > Footwear > Sneakers,67.47,73.38,https://www.zalora.com.ph/p/nike-nike-court-vision-low-multi-4307196
Nike Field General,Nike,Sports > Women's Sports > Footwear > Sneakers,89.17,94.6,https://www.zalora.com.ph/p/nike-nike-field-general-brown-4226807
Nike Flex Train,Nike,Sports > Men's Sports > Footwear > Sneakers,61.95,65.22,https://www.zalora.com.ph/p/nike-nike-flex-train-multi-4225414
Nike Structure Plus,Nike,Sports > Women's Sports > Footwear > Running Shoes,151.74,151.74,https://www.zalora.com.ph/p/nike-nike-structure-plus-multi-4262779
Nike Structure Plus,Nike,Sports > Men's Sports > Footwear > Sneakers,136.35,151.74,https://www.zalora.com.ph/p/nike-nike-structure-plus-blue-4260554
Nike Uplift Sc,Nike,Sports > Men's Sports > Footwear > Sneakers,58.69,58.69,https://www.zalora.com.ph/p/nike-nike-uplift-sc-black-grey-4162347
Nike V5 Rnr,Nike,Sports > Women's Sports > Footwear > Sneakers,84.81,84.81,https://www.zalora.com.ph/p/nike-nike-v5-rnr-multi-4279498
Nike Vomero Plus,Nike,Sports > Men's Sports > Footwear > Sneakers,145.7,153.37,https://www.zalora.com.ph/p/nike-nike-vomero-plus-multi-4188112
Nikki Mini Wrap Skirt,FORCAST,Women > Clothing > Skirts > Mini Skirts,48.81,48.81,https://www.zalora.com.ph/p/forcast-nikki-mini-wrap-skirt-beige-3512157
Nikki Mini Wrap Skirt,FORCAST,Women > Clothing > Skirts > Mini Skirts,48.81,48.81,https://www.zalora.com.ph/p/forcast-nikki-mini-wrap-skirt-black-3512165
Noa Comfy Loafers,My Ballerine,Women > Shoes > Flats > Loafers & Boat Shoes,62.35,84.71,https://www.zalora.com.ph/p/my-ballerine-noa-comfy-loafers-brown-4109448
Noemia Boots,ALDO,Women > Shoes > Boots > Heeled Boots,59.03,143.48,https://www.zalora.com.ph/p/aldo-noemia-boots-brown-4009058
Non Iron Elastic Texture Suits 5550,HAPPY FRIDAYS,Men > Clothing > Blazers & Suits > Suit Jacket,74.92,98.36,https://www.zalora.com.ph/p/happy-fridays-non-iron-elastic-texture-suits-5550-grey-2785077
Noosa Tri 16,ASICS,Sports > Women's Sports > Footwear > Running Shoes,151.66,151.66,https://www.zalora.com.ph/p/asics-noosa-tri-16-orange-4311492
Noosa Tri 16,ASICS,Sports > Women's Sports > Footwear > Running Shoes,151.66,151.66,https://www.zalora.com.ph/p/asics-noosa-tri-16-multi-4213072
Norell Ruffle Dress,Vero Moda,Women > Clothing > Dresses > Summer Dresses,23.26,61.2,https://www.zalora.com.ph/p/vero-moda-norell-ruffle-dress-black-3378149
Norette Lace-Up Sneakers,CLN,Women > Shoes > Sneakers,22.02,24.47,https://www.zalora.com.ph/p/cln-norette-lace-up-sneakers-beige-4233687
Novablast 5 Atc,ASICS,Sports > Men's Sports > Footwear > Running Shoes,151.66,151.66,https://www.zalora.com.ph/p/asics-novablast-5-atc-multi-4205464
Nunzio Lace Up Wingtip Men's Dress Casual Shoes,Hush Puppies,Men > Shoes > Formal,94.69,94.69,https://www.zalora.com.ph/p/hush-puppies-nunzio-lace-up-wingtip-men-s-dress-casual-shoes-black-3819094
O.O.O. Textured Polo Shirt,MEMO,Men > Clothing > Polos,13.04,13.04,https://www.zalora.com.ph/p/memo-o-o-o-textured-polo-shirt-white-3548935
O.O.O. Textured T-Shirt,MEMO,Men > Clothing > T-Shirts > Short Sleeves,10.0,10.0,https://www.zalora.com.ph/p/memo-o-o-o-textured-t-shirt-blue-3707002
Oceania Slip On Sandals,ALDO,Women > Shoes > Sandals > Flat Sandals,69.74,81.54,https://www.zalora.com.ph/p/aldo-oceania-slip-on-sandals-beige-3618758
Odelia Wedge Slides,CLN,Women > Shoes > Wedges > Wedge Sandals,16.31,24.47,https://www.zalora.com.ph/p/cln-odelia-wedge-slides-black-4186739
Off Shoulder Mini Dress,Trendyol,Women > Clothing > Dresses > Summer Dresses,31.07,37.86,https://www.zalora.com.ph/p/trendyol-off-shoulder-mini-dress-white-3475001
Off Shoulder Ruffle Hem Top,Saturday Club,Women > Clothing > Tops > Blouses,12.97,43.24,https://www.zalora.com.ph/p/saturday-club-off-shoulder-ruffle-hem-top-blue-2704795
Off Shoulder Soft Texture Sweater,KOTON,Women > Clothing > Knitwear & Cardigans,17.34,43.57,https://www.zalora.com.ph/p/koton-off-shoulder-soft-texture-sweater-green-3413715
Off-the-shoulder bodycon dress,H&M,Women > Clothing > Dresses,19.43,25.29,https://www.zalora.com.ph/p/hm-off-the-shoulder-bodycon-dress-black-2926172
Official Shoes,Under Armour,Sports > Women's Sports > Footwear > Sneakers,66.13,71.75,https://www.zalora.com.ph/p/under-armour-official-shoes-3860453
Olaeldan Slingback Heels,ALDO,Women > Shoes > Heels > High Heels,49.2,97.87,https://www.zalora.com.ph/p/aldo-olaeldan-slingback-heels-white-3715068
Old Skool,VANS,Women > Shoes > Sneakers,76.48,76.48,https://www.zalora.com.ph/p/vans-old-skool-multi-4366515
Old Skool,VANS,Women > Shoes > Sneakers,76.48,76.48,https://www.zalora.com.ph/p/vans-old-skool-multi-4366561
Old Skool,VANS,Sports > Women's Sports > Footwear > Sneakers,86.49,86.49,https://www.zalora.com.ph/p/vans-old-skool-multi-3876427
Old Skool Seasonal Sneakers,VANS,Women > Shoes > Sneakers,81.59,81.59,https://www.zalora.com.ph/p/vans-old-skool-seasonal-sneakers-navy-3986127
Old Skool Sneakers,VANS,Men > Shoes > Sneakers,80.97,80.97,https://www.zalora.com.ph/p/vans-old-skool-sneakers-blue-4366710
Olive Garden Maternity And Nursing Dress,THE MOM STORE,Women > Clothing > Maternity,20.57,20.57,https://www.zalora.com.ph/p/the-mom-store-olive-garden-maternity-and-nursing-dress-green-3284716
Oliviah Flat Sandals,Call It Spring,Women > Shoes > Sandals > Flat Sandals,32.65,47.26,https://www.zalora.com.ph/p/call-it-spring-oliviah-flat-sandals-multi-4179635
Olivie Heels,ALDO,Women > Shoes > Heels > Open Toes,65.54,76.65,https://www.zalora.com.ph/p/aldo-olivie-heels-white-4185196
Omari Men's Lifestyle Athleisure Shoes,World Balance,Men > Shoes > Sneakers,35.9,35.9,https://www.zalora.com.ph/p/world-balance-omari-men-s-lifestyle-athleisure-shoes-white-3855461
Omega Trainers,Converse,Women > Shoes > Sneakers,34.22,60.97,https://www.zalora.com.ph/p/converse-omega-trainers-white-3847218
One Button Tailored Blazer,Well Suited,Women > Clothing > Blazers,38.85,55.5,https://www.zalora.com.ph/p/well-suited-one-button-tailored-blazer-blue-2466640
One Button Tailored Pants Suit,Well Suited,Women > Clothing > Pants & Leggings > Straight Leg Pants,54.85,78.36,https://www.zalora.com.ph/p/well-suited-one-button-tailored-pants-suit-black-blue-2393949
One Shoulder Choker Neck Bodycon Dress,FabAlley,Women > Clothing > Dresses,47.9,47.9,https://www.zalora.com.ph/p/faballey-one-shoulder-choker-neck-bodycon-dress-grey-2265700
One Shoulder Embellished Top,FabAlley,Women > Clothing > Tops,27.43,27.43,https://www.zalora.com.ph/p/faballey-one-shoulder-embellished-top-blue-2301250
One Sleeve T-Shirt,Karl Lagerfeld,Luxury > Outlet > Women's Clothing > Tops,167.31,167.31,https://www.zalora.com.ph/p/karl-lagerfeld-one-sleeve-t-shirt-blue-3684992
One Up By World Balance Allie Slides Women's Slides,ONE UP,Women > Shoes > Sandals > Flat Sandals,10.0,14.27,https://www.zalora.com.ph/p/one-up-one-up-by-world-balance-allie-slides-women-s-slides-pink-3700599
One Up By World Balance Saffron Women's Athleisure Shoes,World Balance,Women > Shoes > Sneakers,20.41,20.41,https://www.zalora.com.ph/p/world-balance-one-up-by-world-balance-saffron-women-s-athleisure-shoes-black-grey-3636537
One-Shoulder Blouse,Olalook,Women > Clothing > Tops > Blouses,17.78,17.78,https://www.zalora.com.ph/p/olalook-one-shoulder-blouse-grey-3539398
Oneameth Chunky Loafers,ALDO,Women > Shoes > Flats > Loafers & Boat Shoes,135.42,135.42,https://www.zalora.com.ph/p/aldo-oneameth-chunky-loafers-black-3848110
Oneameth Chunky Loafers,ALDO,Women > Shoes > Flats > Loafers & Boat Shoes,135.42,135.42,https://www.zalora.com.ph/p/aldo-oneameth-chunky-loafers-black-3432205
Openwork Knit Skirt,Mango,Women > Clothing > Skirts > Midi Skirts,32.57,48.89,https://www.zalora.com.ph/p/mango-openwork-knit-skirt-black-2307507
Organic Cotton Jersy Tee Sticker Pete,Original Penguin,Men > Clothing > T-Shirts > Short Sleeves,53.71,53.71,https://www.zalora.com.ph/p/original-penguin-organic-cotton-jersy-tee-sticker-pete-white-3388855
Originals Cargo Denim Capri,Guess,Women > Clothing > Jeans,29.37,96.28,https://www.zalora.com.ph/p/guess-originals-cargo-denim-capri-blue-3462359
Otom Penny Men's Dress Casual Shoes,Hush Puppies,Men > Shoes > Formal,106.11,106.11,https://www.zalora.com.ph/p/hush-puppies-otom-penny-men-s-dress-casual-shoes-black-4328828
Outdoor Multifunctional Hooded Jacket RF872,Twenty Eight Shoes,Men > Clothing > Jackets & Coats > Winter Jackets,64.08,75.26,https://www.zalora.com.ph/p/twenty-eight-shoes-outdoor-multifunctional-hooded-jacket-rf872-n-a-3173964
Oversize Checked Overshirt,Lacoste,Men > Clothing > Shirts > Long Sleeve,100.4,167.33,https://www.zalora.com.ph/p/lacoste-oversize-checked-overshirt-blue-3636898
Oversize Hooded Coat,Trendyol,Women > Clothing > Jackets & Coats > Down Jackets,60.39,60.39,https://www.zalora.com.ph/p/trendyol-oversize-hooded-coat-grey-2552086
Oversized  Don’t Care Red  Cotton Short Sleeve Essential Relaxed Tee,QuirkyT,Sports > Men's Sports > Clothing > T-Shirts,31.0,68.89,https://www.zalora.com.ph/p/quirkyt-oversized-don-t-care-red-cotton-short-sleeve-essential-relaxed-tee-red-2915504
Oversized Coat,KOTON,Women > Clothing > Jackets & Coats > Coats,69.01,175.15,https://www.zalora.com.ph/p/koton-oversized-coat-black-3592088
Oversized Denim Shirt,Mango,Women > Clothing > Tops > Shirts,37.47,37.47,https://www.zalora.com.ph/p/mango-oversized-denim-shirt-blue-2330963
Oversized Quilted Coat,Happiness Istanbul,Women > Clothing > Jackets & Coats > Coats,59.08,65.45,https://www.zalora.com.ph/p/happiness-istanbul-oversized-quilted-coat-navy-3387411
Oversized cable-knit jumper,H&M,Women > Clothing > Knitwear & Cardigans,27.59,37.38,https://www.zalora.com.ph/p/hm-oversized-cable-knit-jumper-grey-3031952
Oversized denim shirt,H&M,Women > Clothing > Tops > Blouses,29.22,29.22,https://www.zalora.com.ph/p/hm-oversized-denim-shirt-beige-3690817
Owens Sneakers,ALDO,Men > Shoes > Sneakers,91.34,91.34,https://www.zalora.com.ph/p/aldo-owens-sneakers-green-3529604
Own The Run Tank Top,ADIDAS,Men > Sports > Clothing > Tops,26.12,26.12,https://www.zalora.com.ph/p/adidas-own-the-run-tank-top-black-3256132
Ozzy Low-Top Sneakers,ALDO,Men > Shoes > Sneakers,31.02,79.91,https://www.zalora.com.ph/p/aldo-ozzy-low-top-sneakers-black-4023221
P-6000 Women's Shoes,Nike,Sports > Women's Sports > Footwear > Sneakers,101.13,101.13,https://www.zalora.com.ph/p/nike-p-6000-women-s-shoes-brown-4339979
PANDORA Square Toe Block Heel Burgundy,Florsheim,Women > Shoes > Heels > Pumps,146.91,146.91,https://www.zalora.com.ph/p/florsheim-pandora-square-toe-block-heel-burgundy-red-4211685
POINTED TOE BUCKLE SLINGBACK HEELS,Nose,Women > Shoes > Heels > Pumps,42.43,46.51,https://www.zalora.com.ph/p/nose-pointed-toe-buckle-slingback-heels-black-4020964
POINTED TOE EYELET EMBELLISHED MID HEEL MULE,Nose,Women > Shoes > Heels > Low Heels,55.49,62.02,https://www.zalora.com.ph/p/nose-pointed-toe-eyelet-embellished-mid-heel-mule-black-4249385
PRIME COURT Women's Performance Basketball Shoes,World Balance,Women > Sports > Footwear > Basketball Shoes,44.06,44.06,https://www.zalora.com.ph/p/world-balance-prime-court-women-s-performance-basketball-shoes-beige-4270979
PS CORE GRIP Women's Performance Shoes,World Balance,Women > Shoes > Sports Shoes,34.27,34.27,https://www.zalora.com.ph/p/world-balance-ps-core-grip-women-s-performance-shoes-black-4194602
Pacific Leather Men's Shoes,Nike,Sports > Men's Sports > Footwear > Sneakers,66.61,70.12,https://www.zalora.com.ph/p/nike-pacific-leather-men-s-shoes-white-4314203
Paige Short Sleeve Blouse,FORCAST,Women > Clothing > Tops > Blouses,55.34,55.34,https://www.zalora.com.ph/p/forcast-paige-short-sleeve-blouse-white-3759211
Pallarider  Thins Women's Boots,Palladium,Women > Shoes > Boots > Ankle Boots,191.0,191.0,https://www.zalora.com.ph/p/palladium-pallarider-thins-women-s-boots-black-4214949
Pallarider  Zip WPA Men's Boots,Palladium,Men > Shoes > Boots,182.84,182.84,https://www.zalora.com.ph/p/palladium-pallarider-zip-wpa-men-s-boots-black-4214941
Pallarider Lo Track Men's Shoes,Palladium,Men > Shoes > Sneakers,140.39,140.39,https://www.zalora.com.ph/p/palladium-pallarider-lo-track-men-s-shoes-black-4214951
Pallarise Ranger Women's Boots,Palladium,Women > Shoes > Boots > Ankle Boots,138.76,138.76,https://www.zalora.com.ph/p/palladium-pallarise-ranger-women-s-boots-black-4092114
Pallashock Zip Warm Men's Boots,Palladium,Men > Shoes > Boots,124.07,124.07,https://www.zalora.com.ph/p/palladium-pallashock-zip-warm-men-s-boots-brown-3959805
Pallatrooper Moc  Women's Shoes,Palladium,Women > Shoes > Flats > Loafers & Boat Shoes,117.54,117.54,https://www.zalora.com.ph/p/palladium-pallatrooper-moc-women-s-shoes-black-4134518
Paloma Mini Skirt / Ocean Child,Blackbough Swim,Women > Clothing > Skirts > Mini Skirts,29.38,29.38,https://www.zalora.com.ph/p/blackbough-swim-paloma-mini-skirt-ocean-child-blue-3645739
Pampa SC Thins WP+ Men's Boots,Palladium,Men > Shoes > Boots,117.7,168.15,https://www.zalora.com.ph/p/palladium-pampa-sc-thins-wp-men-s-boots-brown-4105963
Pampa Sp20 Cuff WP+ Women's Boots,Palladium,Women > Shoes > Boots > Flat Boots,111.01,111.01,https://www.zalora.com.ph/p/palladium-pampa-sp20-cuff-wp-women-s-boots-black-green-4105966
Pampa Zip Lth Legacy Men's Boots,Palladium,Men > Shoes > Boots,140.39,140.39,https://www.zalora.com.ph/p/palladium-pampa-zip-lth-legacy-men-s-boots-black-4096491
Panel Mini Dress,Trendyol,Women > Clothing > Dresses > Work Dresses,16.24,47.33,https://www.zalora.com.ph/p/trendyol-panel-mini-dress-black-3685771
Panelled Sweater,Happiness Istanbul,Women > Clothing > Knitwear & Cardigans,10.0,10.0,https://www.zalora.com.ph/p/happiness-istanbul-panelled-sweater-black-3511383
Parachute Fabric 2 Layer Sports Shorts,Trendyol,Sports > Women's Sports > Women's Sports,16.52,21.21,https://www.zalora.com.ph/p/trendyol-parachute-fabric-2-layer-sports-shorts-green-3071485
Paris Wedge Plain Toe Women's Back to school,Hush Puppies,Women > Shoes > Wedges > Wedge Pumps,88.16,88.16,https://www.zalora.com.ph/p/hush-puppies-paris-wedge-plain-toe-women-s-back-to-school-black-3984865
Park Floral Denim Blue/Navy (WF69012-PARK5A410),Keds,Women > Shoes > Sneakers,68.48,68.48,https://www.zalora.com.ph/p/keds-park-floral-denim-blue-navy-wf69012-park5a410-blue-4307506
Patent Flats,Soho,Women > Shoes > Flats,32.8,32.8,https://www.zalora.com.ph/p/soho-patent-flats-brown-3446205
Patent Leather Loafers WW8107-1,Twenty Eight Shoes,Women > Shoes > Flats > Loafers & Boat Shoes,40.8,67.41,https://www.zalora.com.ph/p/twenty-eight-shoes-patent-leather-loafers-ww8107-1-black-white-2673782
Patent T-strap Heels,CARMELLETES,Women > Shoes > Heels > High Heels,13.88,27.75,https://www.zalora.com.ph/p/carmelletes-patent-t-strap-heels-black-3520578
Patience Mesh Crop,Peppermayo,Women > Clothing > Tops,25.32,25.32,https://www.zalora.com.ph/p/peppermayo-patience-mesh-crop-yellow-2435662
Patsey Lace Up Plain Toe Women's Dress Casual Shoes,Hush Puppies,Women > Shoes > Flats > Oxford & Lace Up,79.99,79.99,https://www.zalora.com.ph/p/hush-puppies-patsey-lace-up-plain-toe-women-s-dress-casual-shoes-brown-4158184
Patterned Dress,KOTON,Women > Clothing > Dresses > Summer Dresses,13.44,19.9,https://www.zalora.com.ph/p/koton-patterned-dress-black-3426596
Pauleen Dress Purple,THE LOUNGE EDIT,Women > Clothing > Dresses > Mini Dresses,57.63,57.63,https://www.zalora.com.ph/p/the-lounge-edit-pauleen-dress-purple-purple-2501441
Payslee Slide Sandals,Call It Spring,Women > Shoes > Sandals > Flat Sandals,29.38,44.0,https://www.zalora.com.ph/p/call-it-spring-payslee-slide-sandals-white-4212552
Peach Cool Summer Drawstring Shorts,London Rag,Women > Clothing > Shorts > Casual Shorts,24.63,35.08,https://www.zalora.com.ph/p/london-rag-peach-cool-summer-drawstring-shorts-orange-2407307
Peach The Carnaby Sneakers,Carlo Rino,Women > Shoes > Sneakers,59.87,85.53,https://www.zalora.com.ph/p/carlo-rino-peach-the-carnaby-sneakers-pink-4225345
Pearl Quilted Ballerina,Happy2U,Women > Shoes > Heels > Mid Heels,37.53,53.69,https://www.zalora.com.ph/p/happy2u-pearl-quilted-ballerina-black-3953347
Pearl Strap Mary Jane Shoes WW128-3,Twenty Eight Shoes,Women > Shoes > Flats,48.96,69.87,https://www.zalora.com.ph/p/twenty-eight-shoes-pearl-strap-mary-jane-shoes-ww128-3-silver-2988335
Pearl stitch T-shirt,Desigual,Women > Clothing > Tops > T-Shirts,77.38,77.38,https://www.zalora.com.ph/p/desigual-pearl-stitch-t-shirt-black-3649469
Pearl-Studded Horsebit Flats In Beige,London Rag,Women > Shoes > Sandals > Flat Sandals,37.37,49.61,https://www.zalora.com.ph/p/london-rag-pearl-studded-horsebit-flats-in-beige-beige-3703933
Peep-toe High Heel Sandals WTY-2013-4,Twenty Eight Shoes,Women > Shoes > Wedges > Wedge Sandals,46.51,58.12,https://www.zalora.com.ph/p/twenty-eight-shoes-peep-toe-high-heel-sandals-wty-2013-4-blue-2596514
Pegasus 42 EasyOn Women's Road Running Shoes,Nike,Sports > Women's Sports > Footwear > Sneakers,125.62,125.62,https://www.zalora.com.ph/p/nike-pegasus-42-easyon-women-s-road-running-shoes-multi-4345129
Pegasus 42 Road Running Shoes,Nike,Sports > Women's Sports > Footwear,125.62,125.62,https://www.zalora.com.ph/p/nike-pegasus-42-road-running-shoes-multi-4345127
Pegasus Plus,Nike,Sports > Women's Sports > Footwear > Running Shoes,161.54,161.54,https://www.zalora.com.ph/p/nike-pegasus-plus-black-4130097
Pegasus Plus,Nike,Sports > Men's Sports > Footwear > Sneakers,108.1,161.54,https://www.zalora.com.ph/p/nike-pegasus-plus-black-4262754
Penelopy T-Strap Wedges,ALDO,Women > Shoes > Wedges > Open Toes Wedges,81.54,81.54,https://www.zalora.com.ph/p/aldo-penelopy-t-strap-wedges-brown-3618757
Penelopy Wedge Sandals,ALDO,Women > Shoes > Wedges > Wedge Sandals,70.12,70.12,https://www.zalora.com.ph/p/aldo-penelopy-wedge-sandals-black-3671264
Pensarn Heeled Shoes,ALDO,Women > Shoes > Heels > Low Heels,60.4,86.44,https://www.zalora.com.ph/p/aldo-pensarn-heeled-shoes-black-4234967
Pensarn Heels,ALDO,Women > Shoes > Heels > Low Heels,87.47,97.87,https://www.zalora.com.ph/p/aldo-pensarn-heels-black-4201688
Perforated Ankle Boots,Soho,Women > Shoes > Boots > Heeled Boots,96.24,118.34,https://www.zalora.com.ph/p/soho-perforated-ankle-boots-black-4276862
Perforated Mary Jane ballet pumps,H&M,Women > Shoes > Flats,29.22,29.22,https://www.zalora.com.ph/p/hm-perforated-mary-jane-ballet-pumps-black-3744234
Performance Football Shirt Activewear for Men,Umbro,Sports > Men's Sports > Clothing > T-Shirts,26.1,26.1,https://www.zalora.com.ph/p/umbro-performance-football-shirt-activewear-for-men-blue-3625820
Performance HD Tee,Harley Davidson,Men > Clothing > T-Shirts,69.3,69.3,https://www.zalora.com.ph/p/harley-davidson-performance-hd-tee-grey-2779836
Perry Linen Tailored Pants,FORCAST,Women > Clothing > Pants & Leggings > Straight Leg Pants,76.56,76.56,https://www.zalora.com.ph/p/forcast-perry-linen-tailored-pants-white-3650151
Perry Slingback Women's Sandals,Hush Puppies,Women > Shoes > Heels > Open Toes,71.83,71.83,https://www.zalora.com.ph/p/hush-puppies-perry-slingback-women-s-sandals-black-4139092
Peter Millar Women's Chrissie Zip-Sleeveless Performance Polo,Peter Millar,Sports > Women's Sports > Clothing > T-Shirts,54.85,78.36,https://www.zalora.com.ph/p/peter-millar-peter-millar-women-s-chrissie-zip-sleeveless-performance-polo-orange-3645765
Pf Macey Star Embroidery Jumper,French Connection,Women > Clothing > Hoodies & Sweatshirts,98.47,98.47,https://www.zalora.com.ph/p/french-connection-pf-macey-star-embroidery-jumper-brown-2188073
Phade RN 3 Running Shoes,Under Armour,Sports > Women's Sports > Footwear > Running Shoes,42.12,52.16,https://www.zalora.com.ph/p/under-armour-phade-rn-3-running-shoes-4175602
Phade RN 3 Women's Running Shoes,Under Armour,Sports > Women's Sports > Footwear > Running Shoes,52.16,52.16,https://www.zalora.com.ph/p/under-armour-phade-rn-3-women-s-running-shoes-4175279
Phantom 4 Chrome Shoes,Under Armour,Sports > Women's Sports > Footwear > Sneakers,146.84,146.84,https://www.zalora.com.ph/p/under-armour-phantom-4-chrome-shoes-blue-3872798
Phantom 4 Chrome Shoes,Under Armour,Sports > Women's Sports > Footwear > Sneakers,89.79,146.84,https://www.zalora.com.ph/p/under-armour-phantom-4-chrome-shoes-brown-3872738
Phantom Run 2 Road Running Shoes,Nike,Sports > Women's Sports > Footwear > Sneakers,126.14,126.14,https://www.zalora.com.ph/p/nike-phantom-run-2-road-running-shoes-multi-4065615
Phantom X Men's Shoes,Under Armour,Sports > Men's Sports > Footwear > Sneakers,146.84,146.84,https://www.zalora.com.ph/p/under-armour-phantom-x-men-s-shoes-black-4176829
Picnic Basket Knit Crop,Peppermayo,Women > Clothing > Tops,46.67,46.67,https://www.zalora.com.ph/p/peppermayo-picnic-basket-knit-crop-pink-2397372
Pink Floral Drawstring  Tiered Jumpsuit,Indya,Women > Clothing > Playsuits & Jumpsuits,60.96,60.96,https://www.zalora.com.ph/p/indya-pink-floral-drawstring-tiered-jumpsuit-pink-2659316
Pink Leopard Print Knit Cardigan,iROO,Women > Clothing > Jackets & Coats,89.98,89.98,https://www.zalora.com.ph/p/iroo-pink-leopard-print-knit-cardigan-multi-3164372
Pink Marbles Running T-shirt,Wattsup,Women > Clothing > Tops > T-Shirts,57.09,57.09,https://www.zalora.com.ph/p/wattsup-pink-marbles-running-t-shirt-pink-3749347
Pink Tee With Front Graphic,iROO,Women > Clothing > Tops,57.46,57.46,https://www.zalora.com.ph/p/iroo-pink-tee-with-front-graphic-pink-3255990
Pink The Ivy Sneakers,Carlo Rino,Women > Shoes > Sneakers,42.76,85.53,https://www.zalora.com.ph/p/carlo-rino-pink-the-ivy-sneakers-pink-4091775
Pink Vest With Front Pleated Ruffle Detail,iROO,Women > Clothing > Tops,105.56,105.56,https://www.zalora.com.ph/p/iroo-pink-vest-with-front-pleated-ruffle-detail-pink-3164451
Pip Linen Blended Shirt,FORCAST,Women > Clothing > Tops > Shirts,63.5,63.5,https://www.zalora.com.ph/p/forcast-pip-linen-blended-shirt-black-multi-3650166
Piping-detail track pants,H&M,Women > Clothing > Pants & Leggings,24.32,24.32,https://www.zalora.com.ph/p/hm-piping-detail-track-pants-black-3118329
Pippa Heel Women's Dress Casual Shoes,Hush Puppies,Women > Shoes > Heels > High Heels,88.16,88.16,https://www.zalora.com.ph/p/hush-puppies-pippa-heel-women-s-dress-casual-shoes-beige-4139091
Pituitary Sensation Over Knee Coat YX9968,Twenty Eight Shoes,Women > Clothing > Jackets & Coats > Coats,80.79,115.42,https://www.zalora.com.ph/p/twenty-eight-shoes-pituitary-sensation-over-knee-coat-yx9968-beige-2582904
Pizo,Diadora,Sports > Men's Sports > Footwear > Sneakers,29.63,29.63,https://www.zalora.com.ph/p/diadora-pizo-navy-4100451
Pizora,Diadora,Sports > Men's Sports > Footwear > Sneakers,29.96,29.96,https://www.zalora.com.ph/p/diadora-pizora-beige-4081745
Plaid Jacket,KOTON,Women > Clothing > Jackets & Coats,20.13,50.59,https://www.zalora.com.ph/p/koton-plaid-jacket-navy-3407757
Plastic Zip Up Hi Heels Shoe Cover,Fashion by Latest Gadget,Women > Shoes > Shoes Accessories,13.22,30.85,https://www.zalora.com.ph/p/fashion-by-latest-gadget-plastic-zip-up-hi-heels-shoe-cover-blue-631736
Platform Embroidered Canvas Espadrilles HB6105,Twenty Eight Shoes,Women > Shoes > Flats > Espadrilles,70.55,88.19,https://www.zalora.com.ph/p/twenty-eight-shoes-platform-embroidered-canvas-espadrilles-hb6105-beige-4140031
Platform Leather Martin Boots MZ85770,Twenty Eight Shoes,Women > Shoes > Boots,73.79,85.54,https://www.zalora.com.ph/p/twenty-eight-shoes-platform-leather-martin-boots-mz85770-black-2584393
Platform Split Leather Sneakers RX2516,Twenty Eight Shoes,Women > Shoes > Sneakers,75.39,88.19,https://www.zalora.com.ph/p/twenty-eight-shoes-platform-split-leather-sneakers-rx2516-white-4119558
Platform Transparent Strap Crystal Heel Sandals WW808-10,Twenty Eight Shoes,Women > Shoes > Heels > High Heels,46.84,77.94,https://www.zalora.com.ph/p/twenty-eight-shoes-platform-transparent-strap-crystal-heel-sandals-ww808-10-beige-3821988
Playoff 3.0 Polo Shirt,Under Armour,Men > Clothing > Polos,53.27,61.95,https://www.zalora.com.ph/p/under-armour-playoff-3-0-polo-shirt-black-3000487
Playoff 3.0 Polo Shirt,Under Armour,Sports > Men's Sports > Footwear,56.97,61.95,https://www.zalora.com.ph/p/under-armour-playoff-3-0-polo-shirt-black-3637532
Playoff Heather Polo Shirt,Under Armour,Sports > Men's Sports > Footwear,53.63,61.95,https://www.zalora.com.ph/p/under-armour-playoff-heather-polo-shirt-grey-3637540
Pleated A-line Dress YX3210,Twenty Eight Shoes,Women > Clothing > Dresses,45.69,65.22,https://www.zalora.com.ph/p/twenty-eight-shoes-pleated-a-line-dress-yx3210-black-3151540
Pleated Back Shirt,Happiness Istanbul,Women > Clothing > Tops > Shirts,10.33,21.21,https://www.zalora.com.ph/p/happiness-istanbul-pleated-back-shirt-beige-3476035
Pleated Dress,Electro Denim Lab,Women > Clothing > Dresses,19.57,22.45,https://www.zalora.com.ph/p/electro-denim-lab-pleated-dress-green-3417975
Pleated Printed Sleeveless Shirt,Jnby,Women > Clothing > Tops > Shirts,159.66,159.66,https://www.zalora.com.ph/p/jnby-pleated-printed-sleeveless-shirt-red-3720717
Pleated Strap Flyknit Slip-Ons ALM888-2,Twenty Eight Shoes,Women > Shoes > Slip-Ons,45.69,60.83,https://www.zalora.com.ph/p/twenty-eight-shoes-pleated-strap-flyknit-slip-ons-alm888-2-black-3508336
Pleated Wrap Mini Skirt,& Other Stories,Women > Clothing > Skirts > Mini Skirts,40.77,81.54,https://www.zalora.com.ph/p/other-stories-pleated-wrap-mini-skirt-black-3669363
Pleated one-shoulder dress,H&M,Women > Clothing > Dresses,39.02,56.97,https://www.zalora.com.ph/p/hm-pleated-one-shoulder-dress-orange-3755627
Plus Size Button Mini Skirt,Trendyol,Women > Clothing > Skirts > Midi Skirts,15.82,32.47,https://www.zalora.com.ph/p/trendyol-plus-size-button-mini-skirt-black-3318954
Plus Size Graphic T-Shirt,Trendyol,Women > Clothing > Tops > T-Shirts,14.55,18.76,https://www.zalora.com.ph/p/trendyol-plus-size-graphic-t-shirt-grey-3195181
Plus Size High Waist Skort,Trendyol,Women > Clothing > Shorts > Casual Shorts,19.12,33.45,https://www.zalora.com.ph/p/trendyol-plus-size-high-waist-skort-black-3350186
Plus Size High Waist Utility Skort,Trendyol,Women > Clothing > Skirts > Mini Skirts,56.47,102.01,https://www.zalora.com.ph/p/trendyol-plus-size-high-waist-utility-skort-black-3685732
Plus Size High Waist Wide-Cut Jeans,Trendyol,Women > Clothing > Jeans,27.39,51.57,https://www.zalora.com.ph/p/trendyol-plus-size-high-waist-wide-cut-jeans-blue-3685558
Plus Size Oversized Hooded Fleece Sweatshirt,Trendyol,Men > Clothing > Hoodies & Sweatshirts > Sweatshirts,15.74,25.29,https://www.zalora.com.ph/p/trendyol-plus-size-oversized-hooded-fleece-sweatshirt-green-3437873
Plus Size Sleeveless Midi Dress,Trendyol,Women > Clothing > Dresses > Maxi Dresses,19.72,37.53,https://www.zalora.com.ph/p/trendyol-plus-size-sleeveless-midi-dress-black-3293868
Pocket Decoration Casual T-Shirt AY-D5806,Twenty Eight Shoes,Men > Clothing > T-Shirts,43.39,56.19,https://www.zalora.com.ph/p/twenty-eight-shoes-pocket-decoration-casual-t-shirt-ay-d5806-black-3739432
Pocket Midi Skirt,Trendyol,Women > Clothing > Skirts > Midi Skirts,14.86,37.37,https://www.zalora.com.ph/p/trendyol-pocket-midi-skirt-grey-3126532
Pocket Tweed Jacket,Mango,Women > Clothing > Jackets & Coats,81.54,81.54,https://www.zalora.com.ph/p/mango-pocket-tweed-jacket-pink-2775066
Pointe Women's Shoes,Jordan,Sports > Women's Sports > Footwear > Sneakers,114.19,114.19,https://www.zalora.com.ph/p/jordan-pointe-women-s-shoes-black-grey-4339890
Pointed Toe Lace Up Heels,Soho,Women > Shoes > Heels > High Heels,25.11,42.43,https://www.zalora.com.ph/p/soho-pointed-toe-lace-up-heels-multi-4276826
Pointed boots,H&M,Women > Shoes > Boots,37.38,65.14,https://www.zalora.com.ph/p/hm-pointed-boots-yellow-3942294
Pointed mules,H&M,Women > Shoes > Heels,22.69,32.49,https://www.zalora.com.ph/p/hm-pointed-mules-black-3282088
Pointed-toe ankle boots,H&M,Women > Shoes > Boots,40.65,40.65,https://www.zalora.com.ph/p/hm-pointed-toe-ankle-boots-black-4007816
Pointelle Crop Top With Scallop Details And Tie,JUST G,Women > Clothing > Tops > Blouses,20.9,26.1,https://www.zalora.com.ph/p/just-g-pointelle-crop-top-with-scallop-details-and-tie-pink-3633620
Pointelle Jersey Skirt Set,JUST G,Women > Clothing > Dresses > Mini Dresses,10.0,24.99,https://www.zalora.com.ph/p/just-g-pointelle-jersey-skirt-set-black-3583557
Pointelle Knit Top With Scallop Detail,JUST G,Women > Clothing > Tops > Blouses,22.2,27.74,https://www.zalora.com.ph/p/just-g-pointelle-knit-top-with-scallop-detail-brown-3577675
Pointelle-Knit Turtleneck Top,& Other Stories,Women > Clothing > Tops,75.01,75.01,https://www.zalora.com.ph/p/other-stories-pointelle-knit-turtleneck-top-black-3703523
Pointelle-knit cardigan,H&M,Women > Clothing > Knitwear & Cardigans,21.06,27.59,https://www.zalora.com.ph/p/hm-pointelle-knit-cardigan-green-3204268
Pointelle-knit dress,H&M,Women > Clothing > Dresses,25.96,32.49,https://www.zalora.com.ph/p/hm-pointelle-knit-dress-black-3690872
Polka Dot Slim Fit Shirt,SST&C,Men > Clothing > Shirts > Formal,73.43,73.43,https://www.zalora.com.ph/p/sst-c-polka-dot-slim-fit-shirt-blue-3722621
Polka Dot Slim Fit Suit Set YGH-EM8099set,HAPPY FRIDAYS,Women > Clothing > Shorts > Tailored Shorts,121.28,134.83,https://www.zalora.com.ph/p/happy-fridays-polka-dot-slim-fit-suit-set-ygh-em8099set-brown-3117558
Polly Slides,CLN,Women > Shoes > Sandals > Flat Sandals,13.04,24.47,https://www.zalora.com.ph/p/cln-polly-slides-white-3896197
Polo Haus - Men’Cotton Plain Regular Fit Short Sleeve,POLO HAUS,Men > Clothing > Shirts,37.53,37.53,https://www.zalora.com.ph/p/polo-haus-polo-haus-men-cotton-plain-regular-fit-short-sleeve-beige-2587674
Polo Haus - Men’s Business Short Sleeve 100% Cotton Collar Tee MBCS005,POLO HAUS,Men > Clothing > Men's Clothing,37.53,37.53,https://www.zalora.com.ph/p/polo-haus-polo-haus-men-s-business-short-sleeve-100-cotton-collar-tee-mbcs005-red-3646967
Polo Haus - Men’s Cotton Mix Signature Fit Long Sleeve MBSSVB008,POLO HAUS,Men > Clothing > Shirts,37.53,37.53,https://www.zalora.com.ph/p/polo-haus-polo-haus-men-s-cotton-mix-signature-fit-long-sleeve-mbssvb008-pink-3392391
Polo Haus - Men’s Regular Fit CoolTech Polo Tee MKCSV012,POLO HAUS,Men > Clothing > Polos,31.0,31.0,https://www.zalora.com.ph/p/polo-haus-polo-haus-men-s-regular-fit-cooltech-polo-tee-mkcsv012-blue-3185471
Polo Haus - Men’s Signature Fit Polo Tee,POLO HAUS,Men > Clothing > Polos,44.06,44.06,https://www.zalora.com.ph/p/polo-haus-polo-haus-men-s-signature-fit-polo-tee-blue-2668455
Polo Haus - PL7 Women’s S/Sleeve Polo Shirt,POLO HAUS,Women > Clothing > Tops,31.0,31.0,https://www.zalora.com.ph/p/polo-haus-polo-haus-pl7-women-s-s-sleeve-polo-shirt-black-3014424
Polo Haus - Women’s Oxford Long Sleeve Shirt Dress WBSD002,POLO HAUS,Women > Clothing > Tops,37.53,37.53,https://www.zalora.com.ph/p/polo-haus-polo-haus-women-s-oxford-long-sleeve-shirt-dress-wbsd002-blue-3712313
Polo Haus - Women’s Puffy Sleeve Round Neck Knitted Top WBKT001,POLO HAUS,Women > Clothing > Tops,19.57,19.57,https://www.zalora.com.ph/p/polo-haus-polo-haus-women-s-puffy-sleeve-round-neck-knitted-top-wbkt001-pink-3712346
Polo Shirt,Volkswagen,Men > Clothing > Polos,21.04,21.04,https://www.zalora.com.ph/p/volkswagen-polo-shirt-green-3461785
Polo – Blue White | Breathable Performance Shirt,Rudy Project,Sports > Men's Sports > Clothing > Polos,20.56,37.38,https://www.zalora.com.ph/p/rudy-project-polo-blue-white-breathable-performance-shirt-blue-3297928
Poncho Vinyl Free Size Raincoat - Blue,Fashion by Latest Gadget,Women > Clothing > Jackets & Coats > Coats,10.0,21.62,https://www.zalora.com.ph/p/fashion-by-latest-gadget-poncho-vinyl-free-size-raincoat-blue-blue-1690962
Possession Slip Sandals,Melissa,Women > Shoes > Sandals > Flat Sandals,65.22,65.22,https://www.zalora.com.ph/p/melissa-possession-slip-sandals-green-4324136
Powder Blue Boota Flared High Low Tunic Dress With Dori Belt,Indya,Women > Clothing > Tops > Blouses,53.33,53.33,https://www.zalora.com.ph/p/indya-powder-blue-boota-flared-high-low-tunic-dress-with-dori-belt-blue-2266765
Prabo,Diadora,Sports > Men's Sports > Footwear > Sneakers,30.04,30.04,https://www.zalora.com.ph/p/diadora-prabo-blue-4216953
Precision 8 Mid,Nike,Sports > Men's Sports > Footwear > Sneakers,66.85,66.85,https://www.zalora.com.ph/p/nike-precision-8-mid-grey-4299120
Premium Loose Fit Art T-Shirt,Cotton On,Men > Clothing > T-Shirts > Short Sleeves,26.1,26.1,https://www.zalora.com.ph/p/cotton-on-premium-loose-fit-art-t-shirt-multi-3128374
Premium Sateen Chino Pants,Electro Denim Lab,Women > Clothing > Pants & Leggings,11.35,22.82,https://www.zalora.com.ph/p/electro-denim-lab-premium-sateen-chino-pants-brown-2987636
Premium Sateen Slim Chinos,Electro Denim Lab,Men > Clothing > Pants,17.88,21.63,https://www.zalora.com.ph/p/electro-denim-lab-premium-sateen-slim-chinos-green-3249551
Premium Sateen Straight Chinos,Electro Denim Lab,Men > Clothing > Pants,16.29,23.26,https://www.zalora.com.ph/p/electro-denim-lab-premium-sateen-straight-chinos-grey-2987660
Premium Sateen Straight Chinos,Electro Denim Lab,Men > Clothing > Pants,16.29,23.26,https://www.zalora.com.ph/p/electro-denim-lab-premium-sateen-straight-chinos-brown-2987641
Preth Derby Shoes,ALDO,Men > Shoes > Loafers & Boat Shoes,99.22,114.19,https://www.zalora.com.ph/p/aldo-preth-derby-shoes-black-3848038
Print Ribbon Tie Wrap Skirt,Trendyol,Women > Clothing > Skirts > Mini Skirts,17.78,17.78,https://www.zalora.com.ph/p/trendyol-print-ribbon-tie-wrap-skirt-pink-3069179
Printed Buttoned Mini Dress,& Other Stories,Women > Clothing > Dresses > Summer Dresses,75.01,75.01,https://www.zalora.com.ph/p/other-stories-printed-buttoned-mini-dress-black-2491306
Printed Cotton Blouse,Mango,Women > Clothing > Tops > Blouses,24.41,24.41,https://www.zalora.com.ph/p/mango-printed-cotton-blouse-yellow-2032946
Printed Cotton Blouse,Mango,Women > Clothing > Tops > Blouses,24.41,24.41,https://www.zalora.com.ph/p/mango-printed-cotton-blouse-white-2041117
Printed Dress With Balloon Sleeves,Mango,Women > Clothing > Dresses > Mini Dresses,48.89,48.89,https://www.zalora.com.ph/p/mango-printed-dress-with-balloon-sleeves-pink-2255642
Printed Dress With Balloon Sleeves,Mango,Women > Clothing > Dresses > Summer Dresses,32.57,32.57,https://www.zalora.com.ph/p/mango-printed-dress-with-balloon-sleeves-black-1916703
"Printed Relaxed/Wide, Comfortable Cut Crewneck Knitted T-Shirt",Trendyol,Women > Clothing > Tops > T-Shirts,10.0,17.81,https://www.zalora.com.ph/p/trendyol-printed-relaxed-wide-comfortable-cut-crewneck-knitted-t-shirt-white-3441344
Printed Short Sleeves T-Shirt,Alacati,Women > Clothing > Tops > T-Shirts,19.08,21.53,https://www.zalora.com.ph/p/alacati-printed-short-sleeves-t-shirt-multi-2831053
Printed Short Sleeves Tiered Dress,ARMONIKA,Women > Clothing > Dresses > Summer Dresses,16.8,16.8,https://www.zalora.com.ph/p/armonika-printed-short-sleeves-tiered-dress-navy-3482467
Printed Short-Sleeved Shirt YL-C224,Twenty Eight Shoes,Men > Clothing > Shirts,32.63,34.76,https://www.zalora.com.ph/p/twenty-eight-shoes-printed-short-sleeved-shirt-yl-c224-multi-2977391
Printed Short-Sleeved Shirt YL-C289,Twenty Eight Shoes,Men > Clothing > Shirts,40.32,52.21,https://www.zalora.com.ph/p/twenty-eight-shoes-printed-short-sleeved-shirt-yl-c289-brown-3321578
Printed Side Slit Midi Skirt,& Other Stories,Women > Clothing > Skirts > Midi Skirts,75.01,75.01,https://www.zalora.com.ph/p/other-stories-printed-side-slit-midi-skirt-blue-2480750
Printed Stitching Casual Shirt WM2102,Twenty Eight Shoes,Men > Clothing > Shirts,32.63,44.71,https://www.zalora.com.ph/p/twenty-eight-shoes-printed-stitching-casual-shirt-wm2102-white-2807686
Printed T-shirt,H&M,Women > Clothing > Tops,32.49,32.49,https://www.zalora.com.ph/p/hm-printed-t-shirt-white-3654003
Printed zip-through hoodie,H&M,Women > Clothing > Hoodies & Sweatshirts,27.59,37.38,https://www.zalora.com.ph/p/hm-printed-zip-through-hoodie-white-2814947
Project Rock BSR 5 Training Shoes,Under Armour,Sports > Men's Sports > Footwear > Sneakers,89.93,114.19,https://www.zalora.com.ph/p/under-armour-project-rock-bsr-5-training-shoes-grey-4175325
Promina Walking Shoes,Nike,Sports > Women's Sports > Footwear > Running Shoes,53.79,53.79,https://www.zalora.com.ph/p/nike-promina-walking-shoes-black-grey-4327302
Puff Sleeve Art Print Ruffled Hem Top,Saturday Club,Women > Clothing > Tops > Blouses,49.77,49.77,https://www.zalora.com.ph/p/saturday-club-puff-sleeve-art-print-ruffled-hem-top-blue-2554533
Puff Sleeve Ruched Polka Dot Top,Hopeshow,Women > Clothing > Tops,43.08,43.08,https://www.zalora.com.ph/p/hopeshow-puff-sleeve-ruched-polka-dot-top-green-2378142
Puff Sleeve Square Neck Textured Dress,Hopeshow,Women > Clothing > Dresses,37.5,37.5,https://www.zalora.com.ph/p/hopeshow-puff-sleeve-square-neck-textured-dress-white-3457293
Puff Sleeve Summer Wrap Polka Dot Midi Dress,Hopeshow,Women > Clothing > Dresses,62.15,62.15,https://www.zalora.com.ph/p/hopeshow-puff-sleeve-summer-wrap-polka-dot-midi-dress-brown-3200381
Puff Sleeve V-Neck Button Down Knitted Dress,Hopeshow,Women > Clothing > Dresses,69.27,69.27,https://www.zalora.com.ph/p/hopeshow-puff-sleeve-v-neck-button-down-knitted-dress-white-3200494
Puff-sleeved cotton dress,H&M,Women > Clothing > Dresses,29.22,29.22,https://www.zalora.com.ph/p/hm-puff-sleeved-cotton-dress-blue-3690844
Puff-sleeved off-the-shoulder top,H&M,Women > Clothing > Tops,13.04,13.04,https://www.zalora.com.ph/p/hm-puff-sleeved-off-the-shoulder-top-white-3755828
Pull-on jersey trousers,H&M,Women > Clothing > Pants & Leggings,16.16,27.59,https://www.zalora.com.ph/p/hm-pull-on-jersey-trousers-orange-2797468
Puma Ladies' Cotton Thick Sports Low Cut Socks 3 pairs in a pack PLSKG12,PUMA,Women > Clothing > Socks & Tights > Invisible socks,10.0,10.0,https://www.zalora.com.ph/p/puma-puma-ladies-cotton-thick-sports-low-cut-socks-3-pairs-in-a-pack-plskg12-white-3709518
Puma Shuffle,PUMA,Men > Sports > Footwear > Sneakers,42.02,53.87,https://www.zalora.com.ph/p/puma-puma-shuffle-white-3384854
Pure Cotton Casual Long Sleeve Shirt YX319,Twenty Eight Shoes,Women > Clothing > Tops > Shirts,40.8,57.64,https://www.zalora.com.ph/p/twenty-eight-shoes-pure-cotton-casual-long-sleeve-shirt-yx319-pink-3200015
Pure Cotton Pockets Long Sleeve Shirt  AX-SH693,Twenty Eight Shoes,Men > Clothing > Shirts,44.73,59.65,https://www.zalora.com.ph/p/twenty-eight-shoes-pure-cotton-pockets-long-sleeve-shirt-ax-sh693-blue-3101572
Pure Cotton Pockets Shorts GJL97953,Twenty Eight Shoes,Men > Clothing > Shorts > Chinos,36.57,48.32,https://www.zalora.com.ph/p/twenty-eight-shoes-pure-cotton-pockets-shorts-gjl97953-grey-2597714
Pure Cotton Stripe Long Sleeved Shirt C801,Twenty Eight Shoes,Men > Clothing > Shirts,42.79,52.24,https://www.zalora.com.ph/p/twenty-eight-shoes-pure-cotton-stripe-long-sleeved-shirt-c801-red-2667520
Pursuit 4 Big Logo Running Shoes,Under Armour,Sports > Women's Sports > Footwear > Running Shoes,45.45,58.69,https://www.zalora.com.ph/p/under-armour-pursuit-4-big-logo-running-shoes-grey-4175713
Pursuit 4 Shoes,Under Armour,Sports > Women's Sports > Footwear > Running Shoes,37.68,58.69,https://www.zalora.com.ph/p/under-armour-pursuit-4-shoes-grey-3873142
Push Up Model Trousers For Women,Terranova,Women > Clothing > Pants & Leggings > Skinny Pants,16.24,16.24,https://www.zalora.com.ph/p/terranova-push-up-model-trousers-for-women-beige-3357929
Push Up Model Trousers For Women,Terranova,Women > Clothing > Pants & Leggings > Skinny Pants,16.24,16.24,https://www.zalora.com.ph/p/terranova-push-up-model-trousers-for-women-black-3357930
Pétale De Rose Comfy Ballerina,My Ballerine,Women > Shoes > Heels > Open Toes,68.71,91.08,https://www.zalora.com.ph/p/my-ballerine-petale-de-rose-comfy-ballerina-black-3706183
Quantic Tapered Mom Jeans,Electro Denim Lab,Women > Clothing > Jeans,16.31,20.37,https://www.zalora.com.ph/p/electro-denim-lab-quantic-tapered-mom-jeans-grey-3453118
Quinta Open Knit Top,FORCAST,Women > Clothing > Tops > Sleeveless,48.81,48.81,https://www.zalora.com.ph/p/forcast-quinta-open-knit-top-beige-3759244
"R Rebound 30"" Skinny Jeans",French Connection,Women > Clothing > Jeans > Skinny Jeans,82.06,82.06,https://www.zalora.com.ph/p/french-connection-r-rebound-30-skinny-jeans-blue-1936605
R78 Runner Trainers,PUMA,Sports > Women's Sports > Sneakers,65.3,65.3,https://www.zalora.com.ph/p/puma-r78-runner-trainers-black-2423270
REANAN Men's Lifestyle Athleisure Shoes,ONE UP,Men > Shoes > Sneakers,21.21,30.2,https://www.zalora.com.ph/p/one-up-reanan-men-s-lifestyle-athleisure-shoes-black-grey-4212254
RELAXED COTTON WIDE-LEG TROUSERS,COS,Women > Clothing > Pants & Leggings,97.13,97.13,https://www.zalora.com.ph/p/cos-relaxed-cotton-wide-leg-trousers-blue-3715559
RIBBED JERSEY LONG-SLEEVED TOP,COS,Women > Clothing > Tops,41.63,41.63,https://www.zalora.com.ph/p/cos-ribbed-jersey-long-sleeved-top-white-3742723
RIBBED-KNIT TANK TOP,COS,Women > Clothing > Tops,64.48,64.48,https://www.zalora.com.ph/p/cos-ribbed-knit-tank-top-blue-3715621
RIVA Moc Toe Bit Loafer,Florsheim,Men > Shoes > Formal,212.21,212.21,https://www.zalora.com.ph/p/florsheim-riva-moc-toe-bit-loafer-black-4311520
RPBLC-S Men's Lifestyle Classic Shoes,World Balance,Men > Shoes > Sneakers,40.8,40.8,https://www.zalora.com.ph/p/world-balance-rpblc-s-men-s-lifestyle-classic-shoes-white-4084678
RPBLC-S Men's Lifestyle Classic Shoes,World Balance,Men > Shoes > Sneakers,40.8,40.8,https://www.zalora.com.ph/p/world-balance-rpblc-s-men-s-lifestyle-classic-shoes-white-4084677
RX MOC 3.0Unisex Sportstyle Shoes in Sky / Ballad Blue / Vanilla Ice,Salomon,Men > Shoes > Sports Shoes,114.11,114.11,https://www.zalora.com.ph/p/salomon-rx-moc-3-0unisex-sportstyle-shoes-in-sky-ballad-blue-vanilla-ice-blue-3870243
Raf Elite Short Sleeve Top,RAF,Women > Clothing > Tops > Blouses,39.15,39.15,https://www.zalora.com.ph/p/raf-raf-elite-short-sleeve-top-blue-3544824
Raf Sasha Skirt,RAF,Women > Clothing > Skirts > Midi Skirts,47.31,47.31,https://www.zalora.com.ph/p/raf-raf-sasha-skirt-white-3599160
Raffia Wooden Clogs In Light Beige,Rag & CO.,Women > Shoes > Heels > Mid Heels,40.96,74.26,https://www.zalora.com.ph/p/rag-co-raffia-wooden-clogs-in-light-beige-beige-3703334
Raffia Wooden Clogs In Pink,Rag & CO.,Women > Shoes > Heels > Mid Heels,40.96,74.26,https://www.zalora.com.ph/p/rag-co-raffia-wooden-clogs-in-pink-pink-3703331
Rain Belted Blazer,FORCAST,Women > Clothing > Jackets & Coats,112.48,112.48,https://www.zalora.com.ph/p/forcast-rain-belted-blazer-yellow-3512182
Rain Shoe Cover 1 pair FMSHC1/FLSHC1,Biofresh,Women > Shoes > Shoes Accessories,10.0,10.0,https://www.zalora.com.ph/p/biofresh-rain-shoe-cover-1-pair-fmshc1-flshc1-grey-4228626
Raina Off-the-Shoulder Wrap Mini Dress,Heather Clothing,Women > Clothing > Dresses > Party Dresses,42.45,42.45,https://www.zalora.com.ph/p/heather-clothing-raina-off-the-shoulder-wrap-mini-dress-white-3174092
Rally II Mens Tumbled-Leather Sneakers,FITFLOP,Men > Shoes > Sneakers,117.46,117.46,https://www.zalora.com.ph/p/fitflop-rally-ii-mens-tumbled-leather-sneakers-white-4235793
Rasmine V-Neck Dress,Vero Moda,Women > Clothing > Dresses > Maxi Dresses,10.0,46.84,https://www.zalora.com.ph/p/vero-moda-rasmine-v-neck-dress-brown-3378102
Ravelle Sandals,ALDO,Women > Shoes > Sandals > Flat Sandals,79.31,91.34,https://www.zalora.com.ph/p/aldo-ravelle-sandals-multi-4100850
Ravia Short Dress,Cole Vintage,Women > Clothing > Dresses > Mini Dresses,16.32,32.63,https://www.zalora.com.ph/p/cole-vintage-ravia-short-dress-white-3173943
Rayes Shoes,ALDO,Women > Shoes > Sneakers,86.47,99.5,https://www.zalora.com.ph/p/aldo-rayes-shoes-silver-4066878
Real Leather Thong Toe Sandals In Tan,Rag & CO.,Women > Shoes > Heels > Mid Heels,35.57,71.0,https://www.zalora.com.ph/p/rag-co-real-leather-thong-toe-sandals-in-tan-brown-3698717
Rebound V6 Low Sneakers,PUMA,Sports > Women's Sports > Footwear > Sneakers,63.67,63.67,https://www.zalora.com.ph/p/puma-rebound-v6-low-sneakers-white-3119660
Recycled Faux Leather Wedge Sandals in Beige,London Rag,Women > Shoes > Heels,35.74,64.96,https://www.zalora.com.ph/p/london-rag-recycled-faux-leather-wedge-sandals-in-beige-beige-3357932
Red Buckle Detail Mary Janes Square Toe Women'S Ballet Flats Takss26Be00001,Trendyol,Women > Shoes > Flats > Ballerinas,29.17,48.14,https://www.zalora.com.ph/p/trendyol-red-buckle-detail-mary-janes-square-toe-women-s-ballet-flats-takss26be00001-red-4292337
Red Overlap Skorts,iROO,Women > Clothing > Pants & Leggings,61.53,61.53,https://www.zalora.com.ph/p/iroo-red-overlap-skorts-red-3687871
Red Sole Pointed Toe Heeled Boots,Trendyol,Women > Shoes > Boots > Heeled Boots,76.61,90.59,https://www.zalora.com.ph/p/trendyol-red-sole-pointed-toe-heeled-boots-black-4293692
Red White Stripe Puff Sleeve Top,iROO,Women > Clothing > Tops,96.76,96.76,https://www.zalora.com.ph/p/iroo-red-white-stripe-puff-sleeve-top-multi-3688320
Reece Oxford Shoes,ALDO,Men > Shoes > Formal,104.07,120.72,https://www.zalora.com.ph/p/aldo-reece-oxford-shoes-black-3848135
Reena Dress,Cole Vintage,Women > Clothing > Dresses > Mini Dresses,12.24,24.47,https://www.zalora.com.ph/p/cole-vintage-reena-dress-brown-2709041
Reggie Sneakers,ALDO,Men > Shoes > Sneakers,75.03,102.77,https://www.zalora.com.ph/p/aldo-reggie-sneakers-white-4201841
Regular Denim Jeans,Petrol Industries,Men > Clothing > Jeans > Regular,26.02,93.04,https://www.zalora.com.ph/p/petrol-industries-regular-denim-jeans-blue-3729855
Regular Fit Basic Plain Bermuda Shorts With Pockets,DeFacto,Men > Clothing > Shorts,20.6,27.08,https://www.zalora.com.ph/p/defacto-regular-fit-basic-plain-bermuda-shorts-with-pockets-green-3737613
Regular Fit Chino shorts,H&M,Men > Clothing > Shorts,13.04,19.43,https://www.zalora.com.ph/p/hm-regular-fit-chino-shorts-3160092
Regular Fit Dobby Dress Shirt with Trim,Hechter Paris,Men > Clothing > Shirts > Long Sleeve,19.59,39.16,https://www.zalora.com.ph/p/hechter-paris-regular-fit-dobby-dress-shirt-with-trim-white-3518741
Regular Fit Hooded Zippered Knitwear Cardigan,DeFacto,Women > Clothing > Knitwear & Cardigans,46.59,87.32,https://www.zalora.com.ph/p/defacto-regular-fit-hooded-zippered-knitwear-cardigan-beige-3733592
Regular Fit Linen shirt,H&M,Men > Clothing > Shirts,40.65,40.65,https://www.zalora.com.ph/p/hm-regular-fit-linen-shirt-blue-3633528
Regular Fit Linen trousers,H&M,Men > Clothing > Pants,48.81,48.81,https://www.zalora.com.ph/p/hm-regular-fit-linen-trousers-beige-3632071
Regular Fit Linen-blend shorts,H&M,Men > Clothing > Shorts,16.16,27.59,https://www.zalora.com.ph/p/hm-regular-fit-linen-blend-shorts-white-3304404
Regular Fit Merino wool polo shirt,H&M,Sports > Men's Sports > Clothing > Polos,48.81,48.81,https://www.zalora.com.ph/p/hm-regular-fit-merino-wool-polo-shirt-black-3755521
Regular Fit Merino wool polo shirt,H&M,Sports > Men's Sports > Clothing > Polos,48.81,48.81,https://www.zalora.com.ph/p/hm-regular-fit-merino-wool-polo-shirt-brown-3755473
Regular Fit Nylon cargo trousers,H&M,Men > Clothing > Pants,32.49,32.49,https://www.zalora.com.ph/p/hm-regular-fit-nylon-cargo-trousers-beige-3755685
Regular Fit Resort shirt,H&M,Men > Clothing > Shirts,29.22,29.22,https://www.zalora.com.ph/p/hm-regular-fit-resort-shirt-black-3755481
Regular Fit Ribbed resort shirt,H&M,Men > Clothing > Shirts,29.22,29.22,https://www.zalora.com.ph/p/hm-regular-fit-ribbed-resort-shirt-blue-3744994
Regular Fit Short,Ego,Men > Clothing > Shorts > Chinos,10.0,30.0,https://www.zalora.com.ph/p/ego-regular-fit-short-black-3764694
Regular Fit Short-sleeved linen-blend shirt,H&M,Men > Clothing > Shirts,24.32,24.32,https://www.zalora.com.ph/p/hm-regular-fit-short-sleeved-linen-blend-shirt-white-3631749
Regular Fit Shorts,H&M,Men > Clothing > Shorts,14.68,25.29,https://www.zalora.com.ph/p/hm-regular-fit-shorts-beige-3251327
Regular Fit Textured resort shirt,H&M,Men > Clothing > Shirts,19.43,24.32,https://www.zalora.com.ph/p/hm-regular-fit-textured-resort-shirt-white-3690097
Regular Fit Utility overshirt,H&M,Men > Clothing > Shirts,32.49,32.49,https://www.zalora.com.ph/p/hm-regular-fit-utility-overshirt-white-3631081
Regular Fit Utility shirt,H&M,Men > Clothing > Shirts,13.04,29.22,https://www.zalora.com.ph/p/hm-regular-fit-utility-shirt-beige-3630745
Regular Straight Chino Pants,Bossini Men,Men > Clothing > Pants > Regular Fit,10.61,27.75,https://www.zalora.com.ph/p/bossini-men-regular-straight-chino-pants-brown-3594518
Reign XT Training Shoes,Under Armour,Sports > Men's Sports > Footwear > Sneakers,111.89,119.09,https://www.zalora.com.ph/p/under-armour-reign-xt-training-shoes-white-4176927
Reign XT Women's Training Shoes,Under Armour,Sports > Women's Sports > Footwear > Sneakers,119.09,119.09,https://www.zalora.com.ph/p/under-armour-reign-xt-women-s-training-shoes-grey-4343090
Relax Fit Tied T-Shirt,DeFacto,Women > Clothing > Tops > T-Shirts,16.72,26.76,https://www.zalora.com.ph/p/defacto-relax-fit-tied-t-shirt-navy-3736215
Relaxed Fit Linen-blend shorts,H&M,Men > Clothing > Shorts,13.04,29.22,https://www.zalora.com.ph/p/hm-relaxed-fit-linen-blend-shorts-white-3691380
Relaxed Fit Linen-blend shorts,H&M,Men > Clothing > Shorts,13.04,29.22,https://www.zalora.com.ph/p/hm-relaxed-fit-linen-blend-shorts-white-3462979
Relaxed Fit Linen-blend shorts,H&M,Men > Clothing > Shorts,10.59,27.59,https://www.zalora.com.ph/p/hm-relaxed-fit-linen-blend-shorts-beige-2754044
Relaxed Fit Short Sleeve Black Cotton Burger Graphic Tee,QuirkyT,Sports > Men's Sports > Clothing > T-Shirts,29.43,65.4,https://www.zalora.com.ph/p/quirkyt-relaxed-fit-short-sleeve-black-cotton-burger-graphic-tee-black-2915475
Relaxed Polo T-Shirt in Navy CO815,Coach,Luxury > Men's Luxury > Clothing > Polos,160.86,356.54,https://www.zalora.com.ph/p/coach-relaxed-polo-t-shirt-in-navy-co815-blue-3578406
Relaxed Shirt,Trendyol,Women > Clothing > Tops > Shirts,17.52,21.21,https://www.zalora.com.ph/p/trendyol-relaxed-shirt-blue-3731424
Relaxed Stripe Jumper,Alacati,Women > Clothing > Knitwear & Cardigans,21.19,28.23,https://www.zalora.com.ph/p/alacati-relaxed-stripe-jumper-white-3105922
Relaxed Sweatshorts,Electro Denim Lab,Men > Clothing > Shorts,10.0,12.82,https://www.zalora.com.ph/p/electro-denim-lab-relaxed-sweatshorts-black-3417991
Relaxed T-Shirt,Trendyol,Women > Clothing > Tops > T-Shirts,10.0,21.0,https://www.zalora.com.ph/p/trendyol-relaxed-t-shirt-black-3731410
Remie Top and Shorts Set,THE LOUNGE EDIT,Women > Clothing > Tops > Blouses,38.36,38.36,https://www.zalora.com.ph/p/the-lounge-edit-remie-top-and-shorts-set-pink-2099253
Respected,Skechers,Sports > Men's Sports > Footwear > Sneakers,89.71,89.71,https://www.zalora.com.ph/p/skechers-respected-black-4042202
Retro Slate Men's Lifestyle Classic Shoes,World Balance,Men > Shoes > Sneakers,31.0,31.0,https://www.zalora.com.ph/p/world-balance-retro-slate-men-s-lifestyle-classic-shoes-black-4130480
Retro-Q FF Fabric/Suede Sneakers,FITFLOP,Women > Shoes > Sneakers,97.87,97.87,https://www.zalora.com.ph/p/fitflop-retro-q-ff-fabric-suede-sneakers-multi-4235814
Retrostep Sneakers,ALDO,Women > Shoes > Sneakers,76.38,89.71,https://www.zalora.com.ph/p/aldo-retrostep-sneakers-multi-3699256
Rev - Sneakers for Mens,Oxy Originals,Men > Shoes > Sneakers,65.04,81.3,https://www.zalora.com.ph/p/oxy-originals-rev-sneakers-for-mens-grey-4158134
Rev - Sneakers for Womens,Oxy Originals,Women > Shoes > Slip-Ons,65.04,81.3,https://www.zalora.com.ph/p/oxy-originals-rev-sneakers-for-womens-black-4158130
Reva Travel Ballet Flats,TORY BURCH,Women > Shoes > Flats > Ballerinas,527.85,559.93,https://www.zalora.com.ph/p/tory-burch-reva-travel-ballet-flats-black-4283478
Reverie Off Shoulder Midi Dress,Heather Clothing,Women > Clothing > Dresses > Maxi Dresses,35.91,48.97,https://www.zalora.com.ph/p/heather-clothing-reverie-off-shoulder-midi-dress-black-3620642
Reversible Pleated Mesh Skirt AF8562,Twenty Eight Shoes,Women > Clothing > Skirts > Maxi Skirts,33.96,38.53,https://www.zalora.com.ph/p/twenty-eight-shoes-reversible-pleated-mesh-skirt-af8562-white-2932034
Revolution 8,Nike,Sports > Men's Sports > Footwear > Sneakers,51.02,53.79,https://www.zalora.com.ph/p/nike-revolution-8-multi-4188075
Revolution 8 EasyOn Road Running Shoes,Nike,Sports > Women's Sports > Footwear > Running Shoes,53.79,53.79,https://www.zalora.com.ph/p/nike-revolution-8-easyon-road-running-shoes-multi-4231347
Rhinestone Brooch Wrap-Around Boots In Black,London Rag,Women > Shoes > Boots > Heeled Boots,68.55,97.93,https://www.zalora.com.ph/p/london-rag-rhinestone-brooch-wrap-around-boots-in-black-black-3607514
Rhinestone Buckle Patent Leather Slingback Mid Heel XJ333-3,Twenty Eight Shoes,Women > Shoes > Heels > Mid Heels,52.55,75.09,https://www.zalora.com.ph/p/twenty-eight-shoes-rhinestone-buckle-patent-leather-slingback-mid-heel-xj333-3-pink-2611324
Rhinestone Penny Strap Loafers in Black,Rag & CO.,Women > Shoes > Flats > Loafers & Boat Shoes,60.39,109.69,https://www.zalora.com.ph/p/rag-co-rhinestone-penny-strap-loafers-in-black-black-3568868
Rhinestone Strap Toe Sandals WW196-1,Twenty Eight Shoes,Women > Shoes > Sandals,45.37,75.39,https://www.zalora.com.ph/p/twenty-eight-shoes-rhinestone-strap-toe-sandals-ww196-1-silver-3821303
Rhinestone Wrap-Around Stiletto Boots in Black,London Rag,Women > Shoes > Boots > Heeled Boots,62.18,82.75,https://www.zalora.com.ph/p/london-rag-rhinestone-wrap-around-stiletto-boots-in-black-black-3577325
Rhinestone-Studded Glitter Flats in Silver,London Rag,Women > Shoes > Flats,41.12,54.84,https://www.zalora.com.ph/p/london-rag-rhinestone-studded-glitter-flats-in-silver-silver-3699213
Rhinestones Strap Satin Calf Boots in SIlver,London Rag,Women > Shoes > Boots > Heeled Boots,77.69,110.99,https://www.zalora.com.ph/p/london-rag-rhinestones-strap-satin-calf-boots-in-silver-silver-3599716
Riala Slides,CLN,Women > Shoes > Sandals > Flat Sandals,22.02,24.47,https://www.zalora.com.ph/p/cln-riala-slides-beige-4196839
Rib-knit dress,H&M,Women > Clothing > Dresses,27.59,27.59,https://www.zalora.com.ph/p/hm-rib-knit-dress-black-3304704
Rib-knit dress,H&M,Women > Clothing > Dresses,27.59,27.59,https://www.zalora.com.ph/p/hm-rib-knit-dress-white-3304706
Rib-knit off-the-shoulder dress,H&M,Women > Clothing > Dresses,13.04,27.59,https://www.zalora.com.ph/p/hm-rib-knit-off-the-shoulder-dress-beige-3222977
Rib-knit trousers,H&M,Women > Clothing > Pants & Leggings,15.49,27.59,https://www.zalora.com.ph/p/hm-rib-knit-trousers-beige-3032029
Rib-knit trousers,H&M,Women > Clothing > Pants & Leggings,22.69,29.22,https://www.zalora.com.ph/p/hm-rib-knit-trousers-brown-3755889
Rib-knit tube top,H&M,Women > Clothing > Blazers,22.69,29.22,https://www.zalora.com.ph/p/hm-rib-knit-tube-top-3691436
Ribbed Bell Knit Dress,Happiness Istanbul,Women > Clothing > Dresses > Mini Dresses,15.53,51.41,https://www.zalora.com.ph/p/happiness-istanbul-ribbed-bell-knit-dress-red-3510199
Ribbed High Neck Bodysuit,Trendyol,Women > Clothing > Tops > Blouses,10.0,17.8,https://www.zalora.com.ph/p/trendyol-ribbed-high-neck-bodysuit-navy-2131415
Ribbed Knitwear Sweater,Happiness Istanbul,Women > Clothing > Knitwear & Cardigans,10.59,31.0,https://www.zalora.com.ph/p/happiness-istanbul-ribbed-knitwear-sweater-blue-3494240
Ribbed T-shirt,H&M,Women > Clothing > Tops > T-Shirts,10.0,10.0,https://www.zalora.com.ph/p/hm-ribbed-t-shirt-black-3626041
Ribbed cut-out top,H&M,Women > Clothing > Tops,16.31,16.31,https://www.zalora.com.ph/p/hm-ribbed-cut-out-top-white-3636631
Ribbed jersey cardigan,H&M,Women > Clothing > Knitwear & Cardigans,13.04,13.04,https://www.zalora.com.ph/p/hm-ribbed-jersey-cardigan-beige-3691501
Ribbed mini dress,H&M,Women > Clothing > Dresses,24.32,24.32,https://www.zalora.com.ph/p/hm-ribbed-mini-dress-black-3690163
Ribbed pyjamas,H&M,Women > Clothing > Lingerie & Loungewear > Loungewear,25.29,25.29,https://www.zalora.com.ph/p/hm-ribbed-pyjamas-grey-3211142
Ribbed viscose-blend top,H&M,Women > Clothing > Tops,19.43,27.59,https://www.zalora.com.ph/p/hm-ribbed-viscose-blend-top-grey-2894976
Ribbon Flats,Soho,Women > Shoes > Flats,33.94,33.94,https://www.zalora.com.ph/p/soho-ribbon-flats-silver-3446547
Ribbon Knot Crop Top,URBAN REVIVO,Women > Clothing > Tops,32.49,32.49,https://www.zalora.com.ph/p/urban-revivo-ribbon-knot-crop-top-white-2178355
Ribbon Sandal Mules,Happy2U,Women > Shoes > Heels > Mid Heels,37.53,53.69,https://www.zalora.com.ph/p/happy2u-ribbon-sandal-mules-red-3754208
Ribbon/Bow and Piping Detail Pajama Set,Trendyol,Women > Clothing > Lingerie & Loungewear > Loungewear,22.99,24.8,https://www.zalora.com.ph/p/trendyol-ribbon-bow-and-piping-detail-pajama-set-black-3717906
Richelie Pajamas - Red,THE LOUNGE EDIT,Women > Clothing > Lingerie & Loungewear > Loungewear,29.71,29.71,https://www.zalora.com.ph/p/the-lounge-edit-richelie-pajamas-red-red-2359591
Richland,Diadora,Sports > Men's Sports > Footwear > Sneakers,30.04,30.04,https://www.zalora.com.ph/p/diadora-richland-black-4216969
Rider 29 J1GC250358 Running Shoes Casual Shoes,Mizuno,Men > Sports > Footwear > Running Shoes,117.54,146.92,https://www.zalora.com.ph/p/mizuno-rider-29-j1gc250358-running-shoes-casual-shoes-beige-4175140
Rogue 5 Shoes,Under Armour,Sports > Women's Sports > Footwear > Running Shoes,58.64,65.22,https://www.zalora.com.ph/p/under-armour-rogue-5-shoes-green-3872787
Ronny Chunky Loafers,ALDO,Women > Shoes > Flats > Loafers & Boat Shoes,75.01,75.01,https://www.zalora.com.ph/p/aldo-ronny-chunky-loafers-black-3699300
Rosalina Heels,ALDO,Women > Shoes > Heels > Open Toes,114.19,114.19,https://www.zalora.com.ph/p/aldo-rosalina-heels-black-4189843
Round Neck Finelines Short Sleeve T-Shirt,Freego Mens,Men > Clothing > T-Shirts > Short Sleeves,10.0,17.99,https://www.zalora.com.ph/p/freego-mens-round-neck-finelines-short-sleeve-t-shirt-white-3465114
Round Neck Slit Sleeveless Dress,Jnby,Women > Clothing > Dresses,159.66,159.66,https://www.zalora.com.ph/p/jnby-round-neck-slit-sleeveless-dress-beige-3713535
Round Neck Streaky Long Sleeves,Ego,Men > Clothing > Hoodies & Sweatshirts > Sweatshirts,10.0,18.96,https://www.zalora.com.ph/p/ego-round-neck-streaky-long-sleeves-blue-3764643
Round Neck Tank Top,Superdry,Women > Clothing > Tops > Sleeveless,13.27,37.53,https://www.zalora.com.ph/p/superdry-round-neck-tank-top-black-3258343
Round Neck Tie-dyed Knit Sweater AY-H23190,Twenty Eight Shoes,Women > Clothing > Knitwear & Cardigans,64.32,64.32,https://www.zalora.com.ph/p/twenty-eight-shoes-round-neck-tie-dyed-knit-sweater-ay-h23190-grey-3168329
Round Object Design Long Sleeve Shirt - Navy,A Fish Named Fred,Men > Clothing > Shirts > Long Sleeve,120.4,120.4,https://www.zalora.com.ph/p/a-fish-named-fred-round-object-design-long-sleeve-shirt-navy-multi-navy-2518312
Round Toe Sneakers,Trendyol,Men > Shoes > Sneakers,34.97,61.2,https://www.zalora.com.ph/p/trendyol-round-toe-sneakers-brown-4293515
Round-toe Fly Knit‌ Flat Shoes TJ-Y2,Twenty Eight Shoes,Women > Shoes > Flats > Ballerinas,55.19,68.99,https://www.zalora.com.ph/p/twenty-eight-shoes-round-toe-fly-knit-flat-shoes-tj-y2-n-a-4127938
Round-toe Fly Knit‌ Flat Shoes TJ-Y2,Twenty Eight Shoes,Women > Shoes > Flats > Ballerinas,55.19,68.99,https://www.zalora.com.ph/p/twenty-eight-shoes-round-toe-fly-knit-flat-shoes-tj-y2-blue-4127946
Roundneck Streaky Longsleeves,Ego,Men > Clothing > T-Shirts > Long Sleeves,10.0,21.99,https://www.zalora.com.ph/p/ego-roundneck-streaky-longsleeves-white-3142811
Roundneck Waffle Knits T-Shirt,Ego,Men > Clothing > T-Shirts > Short Sleeves,10.0,35.03,https://www.zalora.com.ph/p/ego-roundneck-waffle-knits-t-shirt-green-3727681
Rowley Classic,VANS,Women > Shoes > Sneakers,94.11,94.11,https://www.zalora.com.ph/p/vans-rowley-classic-multi-4366436
Rtg Sequin-Backtab Leather Sneakers,FITFLOP,Women > Shoes > Sneakers,123.99,123.99,https://www.zalora.com.ph/p/fitflop-rtg-sequin-backtab-leather-sneakers-multi-4235737
Rubyrose Sneakers,Call It Spring,Women > Shoes > Sneakers,43.65,57.06,https://www.zalora.com.ph/p/call-it-spring-rubyrose-sneakers-brown-4091355
Ruched Gathered Midi Dress With Contrast Panel,Saturday Club,Women > Clothing > Dresses > Summer Dresses,52.22,52.22,https://www.zalora.com.ph/p/saturday-club-ruched-gathered-midi-dress-with-contrast-panel-blue-2104616
Ruched Linen Dress,Mango,Women > Clothing > Dresses > Summer Dresses,65.22,65.22,https://www.zalora.com.ph/p/mango-ruched-linen-dress-grey-2293917
Ruched One Shoulder Top,Trendyol,Women > Clothing > Tops > Blouses,10.0,12.63,https://www.zalora.com.ph/p/trendyol-ruched-one-shoulder-top-brown-3297915
Ruffle Broderie Top,Hopeshow,Women > Clothing > Tops > Blouses,47.67,47.67,https://www.zalora.com.ph/p/hopeshow-ruffle-broderie-top-white-2983996
Ruffle Detailed Stand Collar Bodysuit,Trendyol,Women > Clothing > Tops,10.0,23.82,https://www.zalora.com.ph/p/trendyol-ruffle-detailed-stand-collar-bodysuit-black-3440871
Ruffled Dress,Trendyol,Women > Clothing > Dresses > Summer Dresses,14.94,46.51,https://www.zalora.com.ph/p/trendyol-ruffled-dress-black-2640323
Run Defy Road Running Shoes,Nike,Sports > Men's Sports > Footwear > Sneakers,46.85,50.53,https://www.zalora.com.ph/p/nike-run-defy-road-running-shoes-multi-4225405
Run Star Trainer,Converse,Women > Shoes > Sneakers,55.85,78.2,https://www.zalora.com.ph/p/converse-run-star-trainer-yellow-4217089
Run Star Trainer Ox Sneakers,Converse,Women > Shoes > Sneakers,77.25,81.46,https://www.zalora.com.ph/p/converse-run-star-trainer-ox-sneakers-grey-4012865
Run Star Trainers,Converse,Sports > Women's Sports > Footwear > Sneakers,74.93,74.93,https://www.zalora.com.ph/p/converse-run-star-trainers-yellow-4186041
Run Velocity 2In1 Short,PUMA,Men > Sports > Clothing > Bottoms,48.97,48.97,https://www.zalora.com.ph/p/puma-run-velocity-2in1-short-black-3580607
Running Adizero Pacer Shoes Men White KZ6846,ADIDAS,Sports > Men's Sports > Footwear > Sneakers,79.99,79.99,https://www.zalora.com.ph/p/adidas-running-adizero-pacer-shoes-men-white-kz6846-white-4312406
Running Adizero SL2 Shoes Women Purple KK1056,ADIDAS,Sports > Women's Sports > Footwear > Running Shoes,106.11,106.11,https://www.zalora.com.ph/p/adidas-running-adizero-sl2-shoes-women-purple-kk1056-purple-4316188
Running Duramo SL 2 Running Shoes Women Black IH8225,ADIDAS,Sports > Women's Sports > Footwear > Sneakers,63.67,63.67,https://www.zalora.com.ph/p/adidas-running-duramo-sl-2-running-shoes-women-black-ih8225-black-3715438
Running Duramo SL 2 Running Shoes Women Blue IH8228,ADIDAS,Women > Sports > Footwear > Training & Fitness,62.03,62.03,https://www.zalora.com.ph/p/adidas-running-duramo-sl-2-running-shoes-women-blue-ih8228-blue-3920825
Running Duramo Speed 2 Running Shoes Men Grey JP9227,ADIDAS,Men > Sports > Footwear > Training and Fitness,73.46,73.46,https://www.zalora.com.ph/p/adidas-running-duramo-speed-2-running-shoes-men-grey-jp9227-grey-4219547
Running HYPERBOOST EDGE Running Shoes Men Black KI0358,ADIDAS,Men > Sports > Footwear > Training and Fitness,179.57,179.57,https://www.zalora.com.ph/p/adidas-running-hyperboost-edge-running-shoes-men-black-ki0358-black-4334673
Running Response Super Shoes Men Blue JQ2527,ADIDAS,Men > Sports > Footwear > Training and Fitness,73.46,73.46,https://www.zalora.com.ph/p/adidas-running-response-super-shoes-men-blue-jq2527-blue-4215812
Running Zenboost BOOST+ Running Shoes Men Black HQ9527,ADIDAS,Men > Sports > Footwear > Training and Fitness,89.79,89.79,https://www.zalora.com.ph/p/adidas-running-zenboost-boost-running-shoes-men-black-hq9527-black-4334526
Rupari Heels,ALDO,Women > Shoes > Heels > Low Heels,101.13,101.13,https://www.zalora.com.ph/p/aldo-rupari-heels-brown-4315000
Rush Backstrap Men's Sandals,Hush Puppies,Men > Shoes > Sandals & Flip Flops > Sandals,58.77,58.77,https://www.zalora.com.ph/p/hush-puppies-rush-backstrap-men-s-sandals-black-4223903
S/S Korean Style New Houndstooth Flounce One-Piece Dress A23021427,Sunnydaysweety,Women > Clothing > Dresses,63.5,63.5,https://www.zalora.com.ph/p/sunnydaysweety-s-s-korean-style-new-houndstooth-flounce-one-piece-dress-a23021427-multi-2843609
SARIVE Women's Lifestyle Classic Shoes,World Balance,Women > Shoes > Sneakers,32.63,32.63,https://www.zalora.com.ph/p/world-balance-sarive-women-s-lifestyle-classic-shoes-white-4295812
SL 72 OG Shoes,ADIDAS,Sports > Women's Sports > Footwear > Sneakers,83.96,97.95,https://www.zalora.com.ph/p/adidas-sl-72-og-shoes-pink-3696690
SL 72 OG Shoes,ADIDAS,Women > Sports > Footwear > Lifestyle,97.95,97.95,https://www.zalora.com.ph/p/adidas-sl-72-og-shoes-purple-3987518
SL 72 RS Shoes,ADIDAS,Men > Shoes > Sneakers,87.96,97.95,https://www.zalora.com.ph/p/adidas-sl-72-rs-shoes-blue-4237415
SL 72 RS Shoes,ADIDAS,Sports > Men's Sports > Footwear > Sneakers,97.95,97.95,https://www.zalora.com.ph/p/adidas-sl-72-rs-shoes-white-3849044
SL 72 RS Shoes,ADIDAS,Men > Sports > Footwear > Lifestyle,97.95,97.95,https://www.zalora.com.ph/p/adidas-sl-72-rs-shoes-multi-3448262
SLEEVELESS BUBBLE-HEM MIDI DRESS,COS,Women > Clothing > Dresses,138.76,138.76,https://www.zalora.com.ph/p/cos-sleeveless-bubble-hem-midi-dress-pink-3742444
SLEEVELESS BUBBLE-HEM MIDI DRESS,COS,Women > Clothing > Dresses,138.76,138.76,https://www.zalora.com.ph/p/cos-sleeveless-bubble-hem-midi-dress-blue-3742403
SLIDE MAX Men's Slides,World Balance,Men > Shoes > Sandals & Flip Flops > Sandals,16.31,16.31,https://www.zalora.com.ph/p/world-balance-slide-max-men-s-slides-grey-4045884
SLIM RIBBED COTTON TANK TOP,COS,Men > Clothing > Shirts,20.41,20.41,https://www.zalora.com.ph/p/cos-slim-ribbed-cotton-tank-top-black-3716018
SLINGBACK LOW HEEL PUMP WITH RIBBON DETAIL,Nose,Women > Shoes > Heels > Low Heels,35.9,40.8,https://www.zalora.com.ph/p/nose-slingback-low-heel-pump-with-ribbon-detail-white-4020965
SOARA Women's Lifestyle Athleisure Shoes,ONE UP,Women > Shoes > Sneakers,18.77,27.74,https://www.zalora.com.ph/p/one-up-soara-women-s-lifestyle-athleisure-shoes-white-4298077
SOPHIE CRUSH AD,Melissa,Women > Shoes > Flats > Ballerinas,76.65,76.65,https://www.zalora.com.ph/p/melissa-sophie-crush-ad-pink-4158894
SPEEDCROSS PEAK Men's Trail Running Shoes in Black/Black/White,Salomon,Men > Shoes > Sports Shoes,179.41,179.41,https://www.zalora.com.ph/p/salomon-speedcross-peak-men-s-trail-running-shoes-in-black-black-white-black-3877979
SQUARE TOE PLATFORM HEEL PUMP,Nose,Women > Shoes > Heels > Pumps,45.69,45.69,https://www.zalora.com.ph/p/nose-square-toe-platform-heel-pump-red-3543935
STAPLE x Ghost Trail Men's Running Shoes,Brooks,Sports > Men's Sports > Footwear > Running Shoes,117.47,146.84,https://www.zalora.com.ph/p/brooks-staple-x-ghost-trail-men-s-running-shoes-grey-4219446
STEP-WIDE SQUARE TOE SLINGBACK CHUNKY HEEL,Nose,Women > Shoes > Heels > Pumps,52.22,63.65,https://www.zalora.com.ph/p/nose-step-wide-square-toe-slingback-chunky-heel-black-4218892
STEVIE Slip-on,Florsheim,Women > Shoes > Sandals > Flat Sandals,179.56,179.56,https://www.zalora.com.ph/p/florsheim-stevie-slip-on-black-4266040
STRAPPY CLOUDFOAM WEDGE HEEL SLIDE,Nose,Women > Shoes > Wedges > Open Toes Wedges,63.65,63.65,https://www.zalora.com.ph/p/nose-strappy-cloudfoam-wedge-heel-slide-brown-4350798
STRAPPY SQUARE TOE WITH CLOUDFOAM HEEL THONG,Nose,Women > Shoes > Heels > Mid Heels,58.75,63.65,https://www.zalora.com.ph/p/nose-strappy-square-toe-with-cloudfoam-heel-thong-white-4289762
SUPERNOVA 2.0 Men’s Training Basketball Shoes in 361 White/Black (Zen),361 Degrees,Sports > Men's Sports > Footwear > Basketball Shoes,97.79,97.79,https://www.zalora.com.ph/p/361degrees-supernova-2-0-men-s-training-basketball-shoes-in-361-white-black-zen-black-white-4146522
Salt-Water Original Premium Rose Gold 231,Salt-Water,Women > Shoes > Sandals > Flat Sandals,65.22,65.22,https://www.zalora.com.ph/p/salt-water-salt-water-original-premium-rose-gold-231-gold-3403906
Saltings Studded Sandals,ALDO,Women > Shoes > Sandals > Flat Sandals,70.12,70.12,https://www.zalora.com.ph/p/aldo-saltings-studded-sandals-silver-3472393
Sam Linen Relaxed Shirt,FORCAST,Women > Clothing > Tops > Shirts,63.5,63.5,https://www.zalora.com.ph/p/forcast-sam-linen-relaxed-shirt-blue-multi-3650167
Samara Slip On Women's BTS Shoes,Hush Puppies,Women > Shoes > Flats > Ballerinas,58.77,58.77,https://www.zalora.com.ph/p/hush-puppies-samara-slip-on-women-s-bts-shoes-black-4296936
Samba 62 Super Mercedes-AMG Petronas F1 Team Shoes,ADIDAS,Men > Sports > Footwear > Running Shoes,114.27,114.27,https://www.zalora.com.ph/p/adidas-samba-62-super-mercedes-amg-petronas-f1-team-shoes-white-4329828
Samba 62 Super Shoes,ADIDAS,Men > Sports > Footwear > Lifestyle,100.28,111.01,https://www.zalora.com.ph/p/adidas-samba-62-super-shoes-brown-4180267
Samba Jane Shoes,ADIDAS,Sports > Women's Sports > Footwear > Sneakers,89.79,89.79,https://www.zalora.com.ph/p/adidas-samba-jane-shoes-beige-4296082
Samba OG Mule Shoes,ADIDAS,Women > Sports > Footwear > Lifestyle,89.79,89.79,https://www.zalora.com.ph/p/adidas-samba-og-mule-shoes-black-4314463
Samba OG Shoes,ADIDAS,Sports > Men's Sports > Footwear > Sneakers,111.01,111.01,https://www.zalora.com.ph/p/adidas-samba-og-shoes-white-4180630
Samba OG Shoes,ADIDAS,Women > Sports > Footwear > Lifestyle,111.01,111.01,https://www.zalora.com.ph/p/adidas-samba-og-shoes-multi-3849931
Samba OG Shoes,ADIDAS,Men > Sports > Footwear > Lifestyle,94.96,114.27,https://www.zalora.com.ph/p/adidas-samba-og-shoes-red-4274258
Samba OG Shoes,ADIDAS,Sports > Men's Sports > Footwear > Sneakers,114.27,114.27,https://www.zalora.com.ph/p/adidas-samba-og-shoes-white-1601850
Samba OG Shoes,ADIDAS,Women > Shoes > Sports Shoes,81.58,111.01,https://www.zalora.com.ph/p/adidas-samba-og-shoes-brown-4217416
Samba OG Sneakers,ADIDAS,Women > Sports > Footwear > Lifestyle,111.01,111.01,https://www.zalora.com.ph/p/adidas-samba-og-sneakers-black-3376722
Samba OG X Liberty London Shoes,ADIDAS,Women > Sports > Footwear > Lifestyle,111.01,111.01,https://www.zalora.com.ph/p/adidas-samba-og-x-liberty-london-shoes-red-4333245
Samba Shoes,ADIDAS,Women > Sports > Footwear > Lifestyle,111.01,111.01,https://www.zalora.com.ph/p/adidas-samba-shoes-black-3377111
Samba Shoes,ADIDAS,Sports > Men's Sports > Footwear > Sneakers,119.17,119.17,https://www.zalora.com.ph/p/adidas-samba-shoes-grey-4180277
San Antonio Spurs T-shirt For Men Core Collection [N6Q1],NBA,Sports > Men's Sports > Clothing > T-Shirts,14.61,14.61,https://www.zalora.com.ph/p/nba-san-antonio-spurs-t-shirt-for-men-core-collection-n6q1-black-3766648
Sana Wedge Slip On Women's Back to School,Hush Puppies,Women > Shoes > Wedges > Wedge Pumps,65.3,65.3,https://www.zalora.com.ph/p/hush-puppies-sana-wedge-slip-on-women-s-back-to-school-black-4196072
Sandals,H&M,Women > Shoes > Sandals,29.22,29.22,https://www.zalora.com.ph/p/hm-sandals-yellow-4131136
Sandals,H&M,Women > Shoes > Sandals,40.65,40.65,https://www.zalora.com.ph/p/hm-sandals-beige-4092749
Santacruz Jogger Sneakers,Call It Spring,Men > Shoes > Sneakers,40.81,60.32,https://www.zalora.com.ph/p/call-it-spring-santacruz-jogger-sneakers-black-3971812
Sarasota Men's Sandals,Under Armour,Sports > Men's Sports > Footwear > Sandals & Flip Flops,22.77,22.77,https://www.zalora.com.ph/p/under-armour-sarasota-men-s-sandals-4343070
Satin Cargo Skirt,Karl Lagerfeld,Luxury > Outlet > Women's Clothing > Skirts,291.38,291.38,https://www.zalora.com.ph/p/karl-lagerfeld-satin-cargo-skirt-black-3670171
Satin Nightgown,Trendyol,Women > Clothing > Lingerie & Loungewear > Loungewear,16.9,35.08,https://www.zalora.com.ph/p/trendyol-satin-nightgown-grey-3636271
Satin Rhinestone Ankle Party Boots in Brown,London Rag,Women > Shoes > Boots > Ankle Boots,65.61,87.49,https://www.zalora.com.ph/p/london-rag-satin-rhinestone-ankle-party-boots-in-brown-brown-3577312
Satin Utility Shirt,& Other Stories,Women > Clothing > Tops > Shirts,91.34,91.34,https://www.zalora.com.ph/p/other-stories-satin-utility-shirt-white-3577668
Satin knee-high boots,H&M,Women > Shoes > Boots,45.55,81.46,https://www.zalora.com.ph/p/hm-satin-knee-high-boots-brown-3882621
Saylorr Heeled Shoes,Call It Spring,Women > Shoes > Heels > High Heels,37.55,53.79,https://www.zalora.com.ph/p/call-it-spring-saylorr-heeled-shoes-black-4179646
Scalloped Mini Dress,& Other Stories,Women > Clothing > Dresses > Summer Dresses,102.77,102.77,https://www.zalora.com.ph/p/other-stories-scalloped-mini-dress-yellow-3498107
Scarf Collar Blouse with Stones Detail,KOTON,Women > Clothing > Tops > Blouses,17.91,21.21,https://www.zalora.com.ph/p/koton-scarf-collar-blouse-with-stones-detail-white-3585140
Scarlett Bow Women's BTS Shoes,Hush Puppies,Women > Shoes > Flats > Ballerinas,71.83,71.83,https://www.zalora.com.ph/p/hush-puppies-scarlett-bow-women-s-bts-shoes-black-4314700
Scent of Summer Midi Cotton Dress,F2 - Fashion and Freedom,Women > Clothing > Dresses > Summer Dresses,108.71,108.71,https://www.zalora.com.ph/p/f2-fashion-and-freedom-scent-of-summer-midi-cotton-dress-black-2485006
Scoop Neck Short Sleeve T-Shirt for Women,Terranova,Women > Clothing > Tops > T-Shirts,10.0,10.0,https://www.zalora.com.ph/p/terranova-scoop-neck-short-sleeve-t-shirt-for-women-orange-3396922
Scoop Neck Tee,Superdry,Women > Clothing > Tops > T-Shirts,19.7,29.37,https://www.zalora.com.ph/p/superdry-scoop-neck-tee-white-3572703
Scoop Neck Washed Rib Tank,Lorna Jane,Sports > Women's Sports > Clothing > Tanks & Singlets,19.92,45.69,https://www.zalora.com.ph/p/lorna-jane-scoop-neck-washed-rib-tank-black-3699805
Screener Women's Sports Shoes in Beige Color Blocked 750633 FAB4S,Gucci,Women > Shoes > Sneakers,882.04,1610.84,https://www.zalora.com.ph/p/gucci-screener-women-s-sports-shoes-in-beige-color-blocked-750633-fab4s-multi-4088669
Seamless Long Sleeve Shirt For Women,Terranova,Women > Clothing > Tops > Shirts,10.0,10.0,https://www.zalora.com.ph/p/terranova-seamless-long-sleeve-shirt-for-women-green-3309051
Seasalt Cornwall Black Port Gaverne Tunic,Seasalt Cornwall,Women > Clothing > Tops > Blouses,97.13,97.13,https://www.zalora.com.ph/p/seasalt-cornwall-seasalt-cornwall-black-port-gaverne-tunic-black-3488363
Seasalt Cornwall Blue Boscastle Mac,Seasalt Cornwall,Women > Clothing > Jackets & Coats,187.74,187.74,https://www.zalora.com.ph/p/seasalt-cornwall-seasalt-cornwall-blue-boscastle-mac-blue-3639204
Seasalt Cornwall Blue Calican Dress,Seasalt Cornwall,Women > Clothing > Dresses > Maxi Dresses,102.85,102.85,https://www.zalora.com.ph/p/seasalt-cornwall-seasalt-cornwall-blue-calican-dress-blue-3671222
Seasalt Cornwall Blue Clear Water Jumpsuit,Seasalt Cornwall,Women > Clothing > Playsuits & Jumpsuits,132.23,132.23,https://www.zalora.com.ph/p/seasalt-cornwall-seasalt-cornwall-blue-clear-water-jumpsuit-blue-3639253
Seasalt Cornwall Green Housel Bay Dress,Seasalt Cornwall,Women > Clothing > Dresses,132.23,132.23,https://www.zalora.com.ph/p/seasalt-cornwall-seasalt-cornwall-green-housel-bay-dress-green-3761661
Seasalt Cornwall Multi Chateaux Dress (Half Sleeve),Seasalt Cornwall,Women > Clothing > Dresses,102.85,102.85,https://www.zalora.com.ph/p/seasalt-cornwall-seasalt-cornwall-multi-chateaux-dress-half-sleeve-multi-3742029
Seasalt Cornwall Multi Formative Tunic,Seasalt Cornwall,Women > Clothing > Tops,97.95,97.95,https://www.zalora.com.ph/p/seasalt-cornwall-seasalt-cornwall-multi-formative-tunic-multi-3639226
Seasalt Cornwall Multi Ocean Gaze Tunic,Seasalt Cornwall,Women > Clothing > Tops,60.4,60.4,https://www.zalora.com.ph/p/seasalt-cornwall-seasalt-cornwall-multi-ocean-gaze-tunic-multi-3386551
Seasalt Cornwall Multi Rosalind Satin Midi Dress,Seasalt Cornwall,Women > Clothing > Dresses,140.39,140.39,https://www.zalora.com.ph/p/seasalt-cornwall-seasalt-cornwall-multi-rosalind-satin-midi-dress-multi-3705601
Seasalt Cornwall Pink Veronica Dress,Seasalt Cornwall,Women > Clothing > Dresses,97.13,97.13,https://www.zalora.com.ph/p/seasalt-cornwall-seasalt-cornwall-pink-veronica-dress-pink-3516135
Seasalt Cornwall Purple Herb Garden Top,Seasalt Cornwall,Women > Clothing > Tops,56.32,56.32,https://www.zalora.com.ph/p/seasalt-cornwall-seasalt-cornwall-purple-herb-garden-top-purple-3386625
Seasalt Cornwall Red Busy Lizzy Tunic,Seasalt Cornwall,Women > Clothing > Tops,67.75,67.75,https://www.zalora.com.ph/p/seasalt-cornwall-seasalt-cornwall-red-busy-lizzy-tunic-red-3386363
Seasalt Cornwall Teal Loganberry Tunic,Seasalt Cornwall,Women > Clothing > Tops > Blouses,97.13,97.13,https://www.zalora.com.ph/p/seasalt-cornwall-seasalt-cornwall-teal-loganberry-tunic-green-3550532
Seaside Sweethearts Wrap Mini Skirt,Peppermayo,Women > Clothing > Skirts,43.55,43.55,https://www.zalora.com.ph/p/peppermayo-seaside-sweethearts-wrap-mini-skirt-multi-2553746
Sequin Embellished Oversized Blazer in Lilac,London Rag,Women > Clothing > Jackets & Coats,60.06,99.89,https://www.zalora.com.ph/p/london-rag-sequin-embellished-oversized-blazer-in-lilac-purple-3421815
Sequin Wrap Mini Dress,& Other Stories,Women > Clothing > Dresses > Party Dresses,151.74,151.74,https://www.zalora.com.ph/p/other-stories-sequin-wrap-mini-dress-silver-2653643
Sequined Trousers,Bianco Lucci,Women > Clothing > Pants & Leggings,25.86,44.88,https://www.zalora.com.ph/p/bianco-lucci-sequined-trousers-white-3526246
Serena Printed Dress,Chictees,Women > Clothing > Dresses > Maxi Dresses,24.47,24.47,https://www.zalora.com.ph/p/chictees-serena-printed-dress-brown-3598161
Shadow Shirt,Harley Davidson,Men > Clothing > Shirts,120.74,120.74,https://www.zalora.com.ph/p/harley-davidson-shadow-shirt-grey-3147459
Sheer Mock Neck Top,& Other Stories,Women > Clothing > Tops,48.89,48.89,https://www.zalora.com.ph/p/other-stories-sheer-mock-neck-top-brown-3669285
Sheer crêpe polo shirt,H&M,Women > Clothing > Tops,10.0,28.61,https://www.zalora.com.ph/p/hm-sheer-crepe-polo-shirt-white-3305198
Shield Piqué Polo Shirt,Gant,Men > Clothing > Polos,53.33,155.07,https://www.zalora.com.ph/p/gant-shield-pique-polo-shirt-green-3617952
Shift dress,H&M,Women > Clothing > Dresses,11.41,16.31,https://www.zalora.com.ph/p/hm-shift-dress-beige-3690007
Shiny Jewelled Shorts Skirt,Trendyol,Women > Clothing > Skirts > Mini Skirts,10.0,45.16,https://www.zalora.com.ph/p/trendyol-shiny-jewelled-shorts-skirt-black-3294089
Shiny short dress,Desigual,Women > Clothing > Dresses,148.39,148.39,https://www.zalora.com.ph/p/desigual-shiny-short-dress-red-3711973
Shirt,H&M,Women > Clothing > Tops > Blouses,16.31,16.31,https://www.zalora.com.ph/p/hm-shirt-white-3118772
Shirt Collar Faux Suede Lined Pocket Detailed Zippered Plush Coat,KOTON,Women > Clothing > Jackets & Coats,104.53,128.3,https://www.zalora.com.ph/p/koton-shirt-collar-faux-suede-lined-pocket-detailed-zippered-plush-coat-white-3775505
Shoelace,Sebago,Men > Shoes > Shoes Accessories,10.0,10.0,https://www.zalora.com.ph/p/sebago-shoelace-blue-2404657
Shoelace,Sebago,Men > Shoes > Shoes Accessories,10.0,10.0,https://www.zalora.com.ph/p/sebago-shoelace-blue-2618983
Shoelace,Sebago,Men > Shoes > Shoes Accessories,10.0,10.0,https://www.zalora.com.ph/p/sebago-shoelace-black-2396807
Short Cardigan Sweater,Jnby,Women > Clothing > Knitwear & Cardigans,382.49,382.49,https://www.zalora.com.ph/p/jnby-short-cardigan-sweater-black-3670491
Short Sleeve Printed Shirt YL-C140,Twenty Eight Shoes,Men > Clothing > Shirts,32.63,34.76,https://www.zalora.com.ph/p/twenty-eight-shoes-short-sleeve-printed-shirt-yl-c140-purple-2875354
Short Sleeve Satin Blouse With Bateau Neckline,Anne Klein,Women > Clothing > Tops > Blouses,59.59,59.59,https://www.zalora.com.ph/p/anne-klein-short-sleeve-satin-blouse-with-bateau-neckline-beige-3638594
Short Sleeve Top,Gene Martino,Women > Modest Wear > Inners,11.41,11.41,https://www.zalora.com.ph/p/gene-martino-short-sleeve-top-white-2460779
Short Sleeve Tshirt with Print Satin Slip Dress,DKNY,Women > Clothing > Dresses > Maxi Dresses,80.36,80.36,https://www.zalora.com.ph/p/dkny-short-sleeve-tshirt-with-print-satin-slip-dress-black-3665333
Short Sleeve V-Neck Bridesmaid Dress,Hopeshow,Women > Clothing > Dresses,41.74,41.74,https://www.zalora.com.ph/p/hopeshow-short-sleeve-v-neck-bridesmaid-dress-white-3457364
Short Sleeves T-Shirt,US POLO ASSN,Men > Clothing > T-Shirts > Short Sleeves,27.46,57.94,https://www.zalora.com.ph/p/us-polo-assn-short-sleeves-t-shirt-white-3464022
Short Waist Skirt,Jnby,Women > Clothing > Skirts > Mini Skirts,172.72,172.72,https://www.zalora.com.ph/p/jnby-short-waist-skirt-white-3670678
Short Waist Skirt,Jnby,Women > Clothing > Skirts > Mini Skirts,199.0,199.0,https://www.zalora.com.ph/p/jnby-short-waist-skirt-brown-3670682
Short denim jacket,H&M,Women > Clothing > Jackets & Coats,24.32,32.49,https://www.zalora.com.ph/p/hm-short-denim-jacket-black-2925804
Short denim jacket,H&M,Women > Clothing > Jackets & Coats,32.49,32.49,https://www.zalora.com.ph/p/hm-short-denim-jacket-blue-3267112
Short dress with long puffed sleeves and floral print.,Desigual,Women > Clothing > Dresses,148.39,148.39,https://www.zalora.com.ph/p/desigual-short-dress-with-long-puffed-sleeves-and-floral-print-multi-3568758
Short skirt,H&M,Women > Clothing > Skirts,21.06,32.49,https://www.zalora.com.ph/p/hm-short-skirt-beige-2741130
Short sleeves Pullovers Knitted sweaters,Jnby,Women > Clothing > Knitwear & Cardigans,225.12,225.12,https://www.zalora.com.ph/p/jnby-short-sleeves-pullovers-knitted-sweaters-black-3618912
Short-sleeved sweatshirt,H&M,Women > Clothing > Tops > T-Shirts,14.68,14.68,https://www.zalora.com.ph/p/hm-short-sleeved-sweatshirt-grey-3745386
ShortSleeve Poplin AOP Birds,Original Penguin,Men > Clothing > Shirts > Short Sleeve,79.83,79.83,https://www.zalora.com.ph/p/original-penguin-shortsleeve-poplin-aop-birds-blue-3388839
Shoulder-pad dress,H&M,Women > Clothing > Dresses,21.06,27.59,https://www.zalora.com.ph/p/hm-shoulder-pad-dress-black-3098362
Side Zippers Wide Leg Sweatpants,KOTON,Women > Clothing > Pants & Leggings > Wide-legged Pants,30.38,52.39,https://www.zalora.com.ph/p/koton-side-zippers-wide-leg-sweatpants-black-3772778
Siierra Heeled Sandals,Call It Spring,Women > Shoes > Heels,16.32,44.0,https://www.zalora.com.ph/p/call-it-spring-siierra-heeled-sandals-red-3956621
Silk Dress With Draped Neckline,Mango,Women > Clothing > Dresses > Party Dresses,163.17,163.17,https://www.zalora.com.ph/p/mango-silk-dress-with-draped-neckline-grey-3709466
Silk Organdy A-line Maxi Skirt AF0236,Twenty Eight Shoes,Women > Clothing > Skirts > Maxi Skirts,32.0,38.53,https://www.zalora.com.ph/p/twenty-eight-shoes-silk-organdy-a-line-maxi-skirt-af0236-black-2597805
Simple Cotton Casual Shorts GJL071,Twenty Eight Shoes,Men > Clothing > Shorts > Chinos,40.49,52.24,https://www.zalora.com.ph/p/twenty-eight-shoes-simple-cotton-casual-shorts-gjl071-grey-2592175
Simple Long Sleeve Formal Blouse,Hopeshow,Women > Clothing > Tops,50.59,50.59,https://www.zalora.com.ph/p/hopeshow-simple-long-sleeve-formal-blouse-brown-3200428
Simple thin Suit Set YGH-EY8906set,HAPPY FRIDAYS,Women > Clothing > Pants & Leggings > Wide-legged Pants,75.41,107.73,https://www.zalora.com.ph/p/happy-fridays-simple-thin-suit-set-ygh-ey8906set-pink-3399765
Single Button Knitted Cardigan BD8601,HAPPY FRIDAYS,Men > Clothing > Knitwear & Cardigans,59.06,59.06,https://www.zalora.com.ph/p/happy-fridays-single-button-knitted-cardigan-bd8601-black-3026774
Single Sleeve Mini Dress,Happiness Istanbul,Women > Clothing > Dresses > Party Dresses,10.0,54.94,https://www.zalora.com.ph/p/happiness-istanbul-single-sleeve-mini-dress-black-3065074
Single-Breasted Wool Trench Coats LB886,HAPPY FRIDAYS,Men > Clothing > Jackets & Coats > Coats,120.18,145.78,https://www.zalora.com.ph/p/happy-fridays-single-breasted-wool-trench-coats-lb886-black-3565659
Single-breasted V-neck Knitted Cardigan TX-BD16,HAPPY FRIDAYS,Men > Clothing > Knitwear & Cardigans > Cardigans,45.22,75.39,https://www.zalora.com.ph/p/happy-fridays-single-breasted-v-neck-knitted-cardigan-tx-bd16-n-a-3600942
Skateboarding & Lifestyle VL Court Bold Shoes Women White IH3082,ADIDAS,Women > Sports > Footwear > Lifestyle,68.56,68.56,https://www.zalora.com.ph/p/adidas-skateboarding-lifestyle-vl-court-bold-shoes-women-white-ih3082-white-4312063
Skech-Air Ventura,Skechers,Sports > Men's Sports > Footwear > Sneakers,84.73,84.73,https://www.zalora.com.ph/p/skechers-skech-air-ventura-black-4135974
Skyquest Trek – Black Women’s Aftersport Athletic Shoes,Merrell,Women > Shoes > Sneakers,75.26,91.26,https://www.zalora.com.ph/p/merrell-skyquest-trek-black-women-s-aftersport-athletic-shoes-black-4267440
Sleeveless Black White Stripe Lace Dress,iROO,Women > Clothing > Dresses,148.92,148.92,https://www.zalora.com.ph/p/iroo-sleeveless-black-white-stripe-lace-dress-multi-3555224
Sleeveless Bodee Inner Top,UMMA,Women > Clothing > Women's Clothing,19.57,19.57,https://www.zalora.com.ph/p/umma-sleeveless-bodee-inner-top-white-2250786
Sleeveless Lucia Jumpsuit,Guess,Women > Clothing > Playsuits & Jumpsuits,40.8,135.46,https://www.zalora.com.ph/p/guess-sleeveless-lucia-jumpsuit-blue-3658364
Sleeveless Midi Dress,& Other Stories,Women > Clothing > Dresses > Summer Dresses,51.38,102.77,https://www.zalora.com.ph/p/other-stories-sleeveless-midi-dress-black-3663242
Slim Cargo Jeans,Electro Denim Lab,Women > Clothing > Jeans,16.31,19.56,https://www.zalora.com.ph/p/electro-denim-lab-slim-cargo-jeans-blue-3504934
Slim Casual Long Sleeved Shirt C2001,Twenty Eight Shoes,Men > Clothing > Shirts,40.27,52.24,https://www.zalora.com.ph/p/twenty-eight-shoes-slim-casual-long-sleeved-shirt-c2001-black-2663946
Slim Casual Suit Jacket LB6672,HAPPY FRIDAYS,Men > Clothing > Blazers & Suits > Suit Jacket,84.24,103.83,https://www.zalora.com.ph/p/happy-fridays-slim-casual-suit-jacket-lb6672-blue-3308259
Slim Casual Suit Jacket LB6672,HAPPY FRIDAYS,Men > Clothing > Blazers & Suits > Suit Jacket,81.61,103.83,https://www.zalora.com.ph/p/happy-fridays-slim-casual-suit-jacket-lb6672-grey-3308254
Slim Casual Suit Jacket LB6690,HAPPY FRIDAYS,Men > Clothing > Blazers & Suits > Suit Jacket,84.24,103.83,https://www.zalora.com.ph/p/happy-fridays-slim-casual-suit-jacket-lb6690-blue-3031477
Slim Casual Textured Suit Jacket 2507,HAPPY FRIDAYS,Men > Clothing > Blazers & Suits > Suit Jacket,79.98,104.86,https://www.zalora.com.ph/p/happy-fridays-slim-casual-textured-suit-jacket-2507-grey-2660323
Slim Check Blazer YGH-EQ1003,Twenty Eight Shoes,Women > Clothing > Jackets & Coats > Coats,40.8,58.75,https://www.zalora.com.ph/p/twenty-eight-shoes-slim-check-blazer-ygh-eq1003-green-3024268
Slim Crystal Sw II Flip Flops,Havaianas,Women > Shoes > Flip-Flops,27.74,27.74,https://www.zalora.com.ph/p/havaianas-slim-crystal-sw-ii-flip-flops-gold-4272114
Slim Cut Crew Neck Short Sleeve Modal Tee,DeFacto,Men > Clothing > T-Shirts > Short Sleeves,22.54,31.16,https://www.zalora.com.ph/p/defacto-slim-cut-crew-neck-short-sleeve-modal-tee-black-3735927
Slim Denim Biker Jacket MJY-N1214-2,Twenty Eight Shoes,Men > Clothing > Jackets & Coats > Denim Jackets,68.99,94.59,https://www.zalora.com.ph/p/twenty-eight-shoes-slim-denim-biker-jacket-mjy-n1214-2-blue-3572328
Slim Fit Crew Neck Cardigan,DeFacto,Women > Clothing > Knitwear & Cardigans,25.37,45.2,https://www.zalora.com.ph/p/defacto-slim-fit-crew-neck-cardigan-red-3735286
Slim Fit Italian Collar Non Iron Long Sleeve Shirt,DeFacto,Men > Clothing > Shirts > Long Sleeve,21.92,35.08,https://www.zalora.com.ph/p/defacto-slim-fit-italian-collar-non-iron-long-sleeve-shirt-white-3732206
Slim Fit Jacquard-knit sweater vest,H&M,Men > Clothing > Shirts,13.04,29.22,https://www.zalora.com.ph/p/hm-slim-fit-jacquard-knit-sweater-vest-3748597
Slim Fit Linen shirt,H&M,Men > Clothing > Shirts,25.96,40.65,https://www.zalora.com.ph/p/hm-slim-fit-linen-shirt-white-3632839
Slim Fit Long Sleeve T-shirt AX501,Twenty Eight Shoes,Men > Clothing > T-Shirts > Long Sleeves,42.53,55.06,https://www.zalora.com.ph/p/twenty-eight-shoes-slim-fit-long-sleeve-t-shirt-ax501-blue-2668411
Slim Fit Long Sleeve T-shirt AX501,Twenty Eight Shoes,Men > Clothing > T-Shirts > Long Sleeves,42.53,55.06,https://www.zalora.com.ph/p/twenty-eight-shoes-slim-fit-long-sleeve-t-shirt-ax501-grey-2668460
Slim Fit Monogram Jacquard T-shirt,Lacoste,Women > Clothing > Tops > T-Shirts,71.01,118.36,https://www.zalora.com.ph/p/lacoste-slim-fit-monogram-jacquard-t-shirt-brown-3749764
Slim Fit Solid Stretch Suit Jacket,Hechter Paris,Men > Clothing > Blazers & Suits > Suit Jacket,48.97,97.93,https://www.zalora.com.ph/p/hechter-paris-slim-fit-solid-stretch-suit-jacket-grey-3283093
Slim Fit Sports trousers with DryMove™,H&M,Men > Sports > Clothing > Bottoms,24.32,29.22,https://www.zalora.com.ph/p/hm-slim-fit-sports-trousers-with-drymove-black-3118921
Slim Fit Stretch Cotton Bermuda Shorts,Lacoste,Men > Clothing > Shorts > Chinos,67.99,97.13,https://www.zalora.com.ph/p/lacoste-slim-fit-stretch-cotton-bermuda-shorts-beige-3749791
Slim Flip Flops,Havaianas,Women > Shoes > Flip-Flops,17.94,17.94,https://www.zalora.com.ph/p/havaianas-slim-flip-flops-gold-2603351
Slim Gloss,Havaianas,Women > Shoes > Flip-Flops,22.84,22.84,https://www.zalora.com.ph/p/havaianas-slim-gloss-black-4082921
Slim Jogger Pants,KOTON,Women > Clothing > Pants & Leggings,47.33,47.33,https://www.zalora.com.ph/p/koton-slim-jogger-pants-beige-3775562
Slim Knit Polo Shirt SC3327,Twenty Eight Shoes,Men > Clothing > Polos,38.67,51.57,https://www.zalora.com.ph/p/twenty-eight-shoes-slim-knit-polo-shirt-sc3327-green-2807681
Slim Lapel Suit Jacket YGH-EY8960,HAPPY FRIDAYS,Women > Clothing > Blazers,81.79,94.59,https://www.zalora.com.ph/p/happy-fridays-slim-lapel-suit-jacket-ygh-ey8960-pink-3758802
Slim Lapel Suit Set YGH-EM6815set,HAPPY FRIDAYS,Women > Clothing > Blazers,120.18,145.78,https://www.zalora.com.ph/p/happy-fridays-slim-lapel-suit-set-ygh-em6815set-black-3754033
Slim Logo Metallic Flip Flops,Havaianas,Women > Shoes > Flip-Flops,22.84,22.84,https://www.zalora.com.ph/p/havaianas-slim-logo-metallic-flip-flops-gold-4336932
Slim Organic Flip Flops,Havaianas,Women > Shoes > Flip-Flops,22.84,22.84,https://www.zalora.com.ph/p/havaianas-slim-organic-flip-flops-black-grey-4327423
Slim Shield Pique Polo Shirt,Gant,Men > Clothing > Polos,58.88,155.07,https://www.zalora.com.ph/p/gant-slim-shield-pique-polo-shirt-blue-3499511
Slim Stand Collar Zipper Jacket TX-YH708,Twenty Eight Shoes,Men > Clothing > Jackets & Coats,78.2,78.2,https://www.zalora.com.ph/p/twenty-eight-shoes-slim-stand-collar-zipper-jacket-tx-yh708-black-3098715
Slim Straight High Jeans,H&M,Women > Clothing > Jeans,19.43,25.96,https://www.zalora.com.ph/p/hm-slim-straight-high-jeans-black-3463604
Slim Tapered Chinos,Bossini Men,Men > Clothing > Pants > Slim Fit,10.61,27.75,https://www.zalora.com.ph/p/bossini-men-slim-tapered-chinos-brown-3421452
Slim Tapered Chinos,Bossini Men,Men > Clothing > Pants > Slim Fit,10.61,27.75,https://www.zalora.com.ph/p/bossini-men-slim-tapered-chinos-brown-3594476
Slim Tapered Chinos,Ego,Men > Clothing > Pants > Slim Fit,10.0,32.01,https://www.zalora.com.ph/p/ego-slim-tapered-chinos-brown-3727644
Slim Tapered Chinos,Bossini Men,Men > Clothing > Pants > Slim Fit,10.61,27.75,https://www.zalora.com.ph/p/bossini-men-slim-tapered-chinos-brown-3594478
Slim Trench Coat YGH-EY89137,Twenty Eight Shoes,Women > Clothing > Jackets & Coats > Coats,83.24,95.16,https://www.zalora.com.ph/p/twenty-eight-shoes-slim-trench-coat-ygh-ey89137-brown-3026909
Slim fit short sleeve T-shirt,Jnby,Women > Clothing > Tops > T-Shirts,120.32,120.32,https://www.zalora.com.ph/p/jnby-slim-fit-short-sleeve-t-shirt-white-3619261
Slip On Business Shoes,Louis Cuppers,Men > Shoes > Formal,27.74,27.74,https://www.zalora.com.ph/p/louis-cuppers-slip-on-business-shoes-black-1850854
Slip On Casual Flats,Speedy Rhino,Women > Shoes > Comfort Shoes,20.39,20.39,https://www.zalora.com.ph/p/speedy-rhino-slip-on-casual-flats-yellow-3454729
Slip On Fashion Heels,Louis Cuppers,Women > Shoes > Heels,24.47,24.47,https://www.zalora.com.ph/p/louis-cuppers-slip-on-fashion-heels-black-2727200
Slippy II,Roxy,Women > Shoes > Sandals > Flat Sandals,14.56,26.36,https://www.zalora.com.ph/p/roxy-slippy-ii-multi-4217246
Slipstream Men's Slides,World Balance,Men > Shoes > Sandals & Flip Flops > Sandals,10.0,10.0,https://www.zalora.com.ph/p/world-balance-slipstream-men-s-slides-black-2553511
Slit Evening Dress,Trendyol,Women > Clothing > Dresses > Party Dresses,53.51,63.0,https://www.zalora.com.ph/p/trendyol-slit-evening-dress-red-3636338
Slit Maxi Skirt,Trendyol,Women > Clothing > Skirts > Maxi Skirts,22.59,38.02,https://www.zalora.com.ph/p/trendyol-slit-maxi-skirt-red-3636457
Slit-Detailed Velvet Midi Dress,& Other Stories,Women > Clothing > Dresses > Summer Dresses,51.38,102.77,https://www.zalora.com.ph/p/other-stories-slit-detailed-velvet-midi-dress-beige-3663227
Smock Tie Waist Wrap Mini Dress,ASOS Design,Women > Clothing > Dresses > Summer Dresses,10.0,53.31,https://www.zalora.com.ph/p/asos-design-smock-tie-waist-wrap-mini-dress-blue-3411637
Smock-detail dress,H&M,Women > Clothing > Dresses,14.68,24.32,https://www.zalora.com.ph/p/hm-smock-detail-dress-white-3755977
Smocked Mini Dress,& Other Stories,Women > Clothing > Dresses > Mini Dresses,81.54,81.54,https://www.zalora.com.ph/p/other-stories-smocked-mini-dress-white-2971852
Smocked flared trousers,H&M,Women > Clothing > Pants & Leggings,14.68,21.06,https://www.zalora.com.ph/p/hm-smocked-flared-trousers-black-3530564
Smoked Unisex Sneaker 20678,Soho,Women > Shoes > Sneakers,47.44,54.84,https://www.zalora.com.ph/p/soho-smoked-unisex-sneaker-20678-grey-3991455
Snoop Sparrow Flex,Skechers,Sports > Men's Sports > Footwear > Sneakers,84.24,84.24,https://www.zalora.com.ph/p/skechers-snoop-sparrow-flex-blue-4216832
Snug-Fit Sneakers,Soho,Women > Shoes > Sneakers,24.01,47.82,https://www.zalora.com.ph/p/soho-snug-fit-sneakers-navy-3581463
Snug-Fit Sneakers,Soho,Women > Shoes > Sneakers,38.54,72.63,https://www.zalora.com.ph/p/soho-snug-fit-sneakers-multi-4277391
Soer Sneakers,ALDO,Women > Shoes > Sneakers,43.72,76.65,https://www.zalora.com.ph/p/aldo-soer-sneakers-white-4259666
Sofiya Sneakers,Call It Spring,Women > Shoes > Sneakers,38.61,45.63,https://www.zalora.com.ph/p/call-it-spring-sofiya-sneakers-blue-4189761
Soft Ballerina Bow Ad,Melissa,Women > Shoes > Flats > Ballerinas,76.65,76.65,https://www.zalora.com.ph/p/melissa-soft-ballerina-bow-ad-pink-4194592
Soft Ballerina Essential Flats,Melissa,Women > Shoes > Flats > Ballerinas,65.22,65.22,https://www.zalora.com.ph/p/melissa-soft-ballerina-essential-flats-pink-4324140
Soft Leather Slingback Sandals In Tan,Rag & CO.,Women > Shoes > Heels > Low Heels,33.29,60.55,https://www.zalora.com.ph/p/rag-co-soft-leather-slingback-sandals-in-tan-brown-3698743
Soft Textured Sweater Cardigan with Zipper and Braids,Trendyol,Women > Clothing > Knitwear & Cardigans,24.72,38.84,https://www.zalora.com.ph/p/trendyol-soft-textured-sweater-cardigan-with-zipper-and-braids-green-3058799
Sofya Half Moon Scarf In Brown,UMMA,Women > Accessories > Scarves & Shawls > Hijabs,23.65,23.65,https://www.zalora.com.ph/p/umma-sofya-half-moon-scarf-in-brown-brown-1603434
Solania Heeled Sandals,ALDO,Women > Shoes > Heels > High Heels,35.91,92.97,https://www.zalora.com.ph/p/aldo-solania-heeled-sandals-green-3971085
Solano Sandals,Call It Spring,Men > Shoes > Sandals & Flip Flops > Sandals,30.76,45.63,https://www.zalora.com.ph/p/call-it-spring-solano-sandals-white-4201616
Solano Slide Sandals,Call It Spring,Men > Shoes > Sandals & Flip Flops > Sandals,29.38,44.0,https://www.zalora.com.ph/p/call-it-spring-solano-slide-sandals-black-4235089
Solstice Bellrosse Sleeveless Vest Top,Plains & Prints,Women > Clothing > Tops > Sleeveless,27.72,27.72,https://www.zalora.com.ph/p/plains-prints-solstice-bellrosse-sleeveless-vest-top-blue-3725323
Solstice Bourne Short Sleeve Top,Plains & Prints,Women > Clothing > Tops > Shirts,27.72,27.72,https://www.zalora.com.ph/p/plains-prints-solstice-bourne-short-sleeve-top-beige-3725328
Solstice Brienza Shorts,Plains & Prints,Women > Clothing > Shorts > Casual Shorts,22.82,22.82,https://www.zalora.com.ph/p/plains-prints-solstice-brienza-shorts-navy-3729385
Sonic 7 Men's Running Shoes,Under Armour,Sports > Men's Sports > Footwear > Sneakers,123.99,123.99,https://www.zalora.com.ph/p/under-armour-sonic-7-men-s-running-shoes-white-3872949
Spanish Knitted Dress with Sleeves,Trendyol,Women > Clothing > Dresses > Maxi Dresses,12.46,25.78,https://www.zalora.com.ph/p/trendyol-spanish-knitted-dress-with-sleeves-blue-3685912
Spanner Anti Slip Anti Smash Safety Shoes,Spanner,Men > Shoes > Boots,62.02,62.02,https://www.zalora.com.ph/p/spanner-spanner-anti-slip-anti-smash-safety-shoes-black-3454743
Spark Sidney Women's Flats Shoes,Vionic,Women > Shoes > Flats > Ballerinas,125.7,125.7,https://www.zalora.com.ph/p/vionic-spark-sidney-women-s-flats-shoes-pink-4351947
Speed Arc Matis – Pigeon Men’s Hiking Shoes,Merrell,Men > Shoes > Sneakers,150.11,150.11,https://www.zalora.com.ph/p/merrell-speed-arc-matis-pigeon-men-s-hiking-shoes-beige-4353920
Speed Eco Waterproof – Drab Men’s Hiking Shoes,Merrell,Men > Shoes > Sneakers,80.73,97.87,https://www.zalora.com.ph/p/merrell-speed-eco-waterproof-drab-men-s-hiking-shoes-beige-4276044
Speed Eco – Highrise Women's Hiking Shoes,Merrell,Women > Shoes > Sneakers,72.65,88.07,https://www.zalora.com.ph/p/merrell-speed-eco-highrise-women-s-hiking-shoes-beige-4267455
Speedcat Lux,PUMA,Men > Sports > Footwear > Sneakers,122.44,122.44,https://www.zalora.com.ph/p/puma-speedcat-lux-brown-4120813
Speedcat Mule Women's Sneakers (Beige),PUMA,Sports > Women's Sports > Footwear > Sneakers,84.89,84.89,https://www.zalora.com.ph/p/puma-speedcat-mule-women-s-sneakers-beige-beige-4311627
Speedcat Sandal,PUMA,Women > Sports > Footwear > Sandals & Flip-flops,61.71,68.56,https://www.zalora.com.ph/p/puma-speedcat-sandal-red-4157379
Speedex 2 Men's Shoes,K-Swiss,Men > Shoes > Sneakers,101.21,101.21,https://www.zalora.com.ph/p/k-swiss-speedex-2-men-s-shoes-black-white-4082584
Spicy Low-Top Sneakers,ALDO,Women > Shoes > Sneakers,97.87,97.87,https://www.zalora.com.ph/p/aldo-spicy-low-top-sneakers-white-4269130
Sport - Sneakers for Mens,Oxy Originals,Men > Shoes > Sneakers,51.98,64.97,https://www.zalora.com.ph/p/oxy-originals-sport-sneakers-for-mens-grey-3617520
Sport Cropped Pants,Volkswagen,Men > Clothing > Pants,12.52,12.52,https://www.zalora.com.ph/p/volkswagen-sport-cropped-pants-black-2705917
Sportif Mini Boardshorts with Side Pockets Swimwear for Women,SASSA,Women > Sports > Clothing > Bottoms,10.0,10.0,https://www.zalora.com.ph/p/sassa-sportif-mini-boardshorts-with-side-pockets-swimwear-for-women-black-3727926
Sports zip-through hoodie with DryMove™,H&M,Men > Sports > Clothing > Tops,24.32,40.65,https://www.zalora.com.ph/p/hm-sports-zip-through-hoodie-with-drymove-black-3530508
Sportstyle Logo Short Sleeve,Under Armour,Sports > Men's Sports > Footwear,13.26,22.77,https://www.zalora.com.ph/p/under-armour-sportstyle-logo-short-sleeve-black-3255745
Sportswear Club Fleece Women's Joggers,Nike,Sports > Women's Sports > Clothing > Pants,46.41,50.53,https://www.zalora.com.ph/p/nike-sportswear-club-fleece-women-s-joggers-grey-3538122
Spring/Summer Elastic Waist Pleated Maxi Skirt  AF8628,Twenty Eight Shoes,Women > Clothing > Skirts > Maxi Skirts,33.96,38.53,https://www.zalora.com.ph/p/twenty-eight-shoes-spring-summer-elastic-waist-pleated-maxi-skirt-af8628-black-2613519
Spring/Summer High Waist Puffy A-line Maxi Skirt  AF0803,Twenty Eight Shoes,Women > Clothing > Skirts > Maxi Skirts,35.91,42.45,https://www.zalora.com.ph/p/twenty-eight-shoes-spring-summer-high-waist-puffy-a-line-maxi-skirt-af0803-white-2615983
Square Buckle Lamb Leather Pumps BSH1012511,Twenty Eight Shoes,Women > Shoes > Heels > Pumps,65.28,97.3,https://www.zalora.com.ph/p/twenty-eight-shoes-square-buckle-lamb-leather-pumps-bsh1012511-pink-2605308
Square Collar Corset Look Top,KOTON,Women > Clothing > Tops > Sleeveless,10.0,17.8,https://www.zalora.com.ph/p/koton-square-collar-corset-look-top-black-3759958
Square Heeled Shoes,Soho,Women > Shoes > Heels > Open Toes,30.74,57.94,https://www.zalora.com.ph/p/soho-square-heeled-shoes-silver-4277085
Square Neck Back Cutout Pleated Top,Saturday Club,Women > Clothing > Tops > Sleeveless,11.5,38.35,https://www.zalora.com.ph/p/saturday-club-square-neck-back-cutout-pleated-top-black-2704906
Square Neck Contrast Sleeve Mini Dress,Hopeshow,Women > Clothing > Dresses > Mini Dresses,58.1,58.1,https://www.zalora.com.ph/p/hopeshow-square-neck-contrast-sleeve-mini-dress-black-2378031
Square Neck Eyelet Mini Dress,JUST G,Women > Clothing > Dresses > Mini Dresses,12.41,31.0,https://www.zalora.com.ph/p/just-g-square-neck-eyelet-mini-dress-white-3583550
Square Neck Knit Top With Drawstring,JUST G,Women > Clothing > Tops > Blouses,20.9,26.1,https://www.zalora.com.ph/p/just-g-square-neck-knit-top-with-drawstring-pink-3492602
Square Neck Piping Mini Dress,KOTON,Women > Clothing > Dresses > Summer Dresses,11.59,32.47,https://www.zalora.com.ph/p/koton-square-neck-piping-mini-dress-black-3407358
Square Neck Short Sleeve Lace Cocktail Dress,Hopeshow,Women > Clothing > Dresses,42.46,42.46,https://www.zalora.com.ph/p/hopeshow-square-neck-short-sleeve-lace-cocktail-dress-black-3200437
Square Toe Ankle Boots In Off White,London Rag,Women > Shoes > Boots > Ankle Boots,56.3,75.08,https://www.zalora.com.ph/p/london-rag-square-toe-ankle-boots-in-off-white-white-3573058
Square Toe Microfiber Leather Flat Shoes WW888-1,Twenty Eight Shoes,Women > Shoes > Flats,57.61,72.96,https://www.zalora.com.ph/p/twenty-eight-shoes-square-toe-microfiber-leather-flat-shoes-ww888-1-beige-3422947
Stacey Bow Women's BTS Shoes,Hush Puppies,Women > Shoes > Flats > Ballerinas,58.77,58.77,https://www.zalora.com.ph/p/hush-puppies-stacey-bow-women-s-bts-shoes-black-4266220
Stamina Sport,Skechers,Sports > Men's Sports > Footwear,84.73,84.73,https://www.zalora.com.ph/p/skechers-stamina-sport-black-4123775
Stand Collar Slim Fit Sweater AX-Y832,Twenty Eight Shoes,Men > Clothing > Knitwear & Cardigans > Knitwear,50.26,70.18,https://www.zalora.com.ph/p/twenty-eight-shoes-stand-collar-slim-fit-sweater-ax-y832-beige-3036708
Stand-Up Collar Dress,Trendyol,Women > Clothing > Dresses > Maxi Dresses,18.56,46.67,https://www.zalora.com.ph/p/trendyol-stand-up-collar-dress-brown-3055573
Stelvio - Sneakers for Womens,Oxy Originals,Women > Shoes > Sneakers,97.62,97.62,https://www.zalora.com.ph/p/oxy-originals-stelvio-sneakers-for-womens-beige-4340475
Steph Venetian Women's Casual Shoes,Hush Puppies,Women > Shoes > Slip-Ons,58.77,58.77,https://www.zalora.com.ph/p/hush-puppies-steph-venetian-women-s-casual-shoes-black-4346925
Stepup Sneakers,ALDO,Men > Shoes > Sneakers,43.95,91.34,https://www.zalora.com.ph/p/aldo-stepup-sneakers-blue-3715069
Stessy2.0 Heels,ALDO,Women > Shoes > Heels > Pumps,86.41,94.6,https://www.zalora.com.ph/p/aldo-stessy2-0-heels-purple-4184929
Stessysling Heeled Shoes,ALDO,Women > Shoes > Heels > High Heels,96.24,96.24,https://www.zalora.com.ph/p/aldo-stessysling-heeled-shoes-blue-4265824
Stessysling2.0 Heels,ALDO,Women > Shoes > Heels > High Heels,98.21,107.66,https://www.zalora.com.ph/p/aldo-stessysling2-0-heels-red-4315315
Stiletto Heel Lace Pumps in Black,London Rag,Women > Shoes > Heels > Pumps,33.45,51.41,https://www.zalora.com.ph/p/london-rag-stiletto-heel-lace-pumps-in-black-black-3571950
Stilo Loafers  for Womens,Oxy Originals,Women > Shoes > Flats > Loafers & Boat Shoes,91.16,113.95,https://www.zalora.com.ph/p/oxy-originals-stilo-loafers-for-womens-black-4196112
Stilo Loafers for Mens,Oxy Originals,Men > Shoes > Loafers & Boat Shoes,91.16,113.95,https://www.zalora.com.ph/p/oxy-originals-stilo-loafers-for-mens-brown-4196113
Stone Buckled Sandals,Soho,Women > Shoes > Sandals > Flat Sandals,23.21,31.65,https://www.zalora.com.ph/p/soho-stone-buckled-sandals-black-4277612
Stone Mini Dress,KOTON,Women > Clothing > Dresses > Party Dresses,46.84,46.84,https://www.zalora.com.ph/p/koton-stone-mini-dress-black-3409180
Stones Scalloped Collar Shirt,KOTON,Women > Clothing > Tops > Shirts,11.08,27.57,https://www.zalora.com.ph/p/koton-stones-scalloped-collar-shirt-white-3424487
Stormi Bow Women's Casual Shoes,Hush Puppies,Women > Shoes > Flats > Ballerinas,58.77,58.77,https://www.zalora.com.ph/p/hush-puppies-stormi-bow-women-s-casual-shoes-black-4222360
Straight Cropped Shorts AX019,Twenty Eight Shoes,Men > Clothing > Shorts > Chinos,37.24,43.26,https://www.zalora.com.ph/p/twenty-eight-shoes-straight-cropped-shorts-ax019-grey-2707639
Straight Cropped Shorts AX019,Twenty Eight Shoes,Men > Clothing > Shorts > Chinos,37.24,43.26,https://www.zalora.com.ph/p/twenty-eight-shoes-straight-cropped-shorts-ax019-blue-2707642
Straight Cut Jeans,Alacati,Women > Clothing > Jeans,22.68,61.2,https://www.zalora.com.ph/p/alacati-straight-cut-jeans-blue-3561067
Straight Cut Panel Long Pants,Jnby,Women > Clothing > Pants & Leggings,251.41,251.41,https://www.zalora.com.ph/p/jnby-straight-cut-panel-long-pants-brown-3668776
Straight Leg Trousers,Well Suited,Women > Clothing > Pants & Leggings > Straight Leg Pants,27.59,42.45,https://www.zalora.com.ph/p/well-suited-straight-leg-trousers-black-2200769
Straight Leg Utility Pants,Jnby,Women > Clothing > Knitwear & Cardigans,315.24,315.24,https://www.zalora.com.ph/p/jnby-straight-leg-utility-pants-black-3754272
Straight Trousers,Well Suited,Women > Clothing > Pants & Leggings > Straight Leg Pants,29.71,42.45,https://www.zalora.com.ph/p/well-suited-straight-trousers-black-3270220
Straight crease-leg trousers,H&M,Women > Clothing > Pants & Leggings,19.43,24.32,https://www.zalora.com.ph/p/hm-straight-crease-leg-trousers-black-3744737
Straight jeans,H&M,Women > Clothing > Jeans,32.49,32.49,https://www.zalora.com.ph/p/hm-straight-jeans-blue-3523701
Strand Star,Skechers,Sports > Women's Sports > Footwear,78.77,78.77,https://www.zalora.com.ph/p/skechers-strand-star-white-4181593
Strap Heel Sandal 221-2,Twenty Eight Shoes,Women > Shoes > Sandals,49.63,55.5,https://www.zalora.com.ph/p/twenty-eight-shoes-strap-heel-sandal-221-2-white-2610903
Strap Tube Bodice Cutout Midi Dress,Saturday Club,Women > Clothing > Dresses > Mini Dresses,55.49,55.49,https://www.zalora.com.ph/p/saturday-club-strap-tube-bodice-cutout-midi-dress-red-2704835
Strapless Midi Dress,Trendyol,Women > Clothing > Dresses > Party Dresses,35.39,54.67,https://www.zalora.com.ph/p/trendyol-strapless-midi-dress-red-3505845
Strappy Toe Ring Block Heels,CARMELLETES,Women > Shoes > Heels > Mid Heels,15.51,27.75,https://www.zalora.com.ph/p/carmelletes-strappy-toe-ring-block-heels-white-3520607
Strappy lace dress,H&M,Women > Clothing > Dresses,22.69,29.22,https://www.zalora.com.ph/p/hm-strappy-lace-dress-white-3691498
Strappy lace dress,H&M,Women > Clothing > Dresses,37.38,48.81,https://www.zalora.com.ph/p/hm-strappy-lace-dress-white-3755637
Street Mirage Men's Shoes,Under Armour,Sports > Men's Sports > Footwear > Sneakers,63.59,70.12,https://www.zalora.com.ph/p/under-armour-street-mirage-men-s-shoes-blue-3872574
Stretch Cotton Shorts,Shiwi,Men > Clothing > Shorts > Chinos,57.94,57.94,https://www.zalora.com.ph/p/shiwi-stretch-cotton-shorts-beige-1712719
Stretch Fabric Melange Coat,Well Suited,Women > Clothing > Jackets & Coats > Coats,54.85,78.36,https://www.zalora.com.ph/p/well-suited-stretch-fabric-melange-coat-grey-3134896
Stretch Solid Regular Fit Dress Pants,Hechter Paris,Men > Clothing > Pants > Regular Fit,48.96,48.96,https://www.zalora.com.ph/p/hechter-paris-stretch-solid-regular-fit-dress-pants-black-3295274
Stride Dri-FIT Woven Running Pants,Nike,Sports > Men's Sports > Clothing > Pants,58.48,63.59,https://www.zalora.com.ph/p/nike-stride-dri-fit-woven-running-pants-black-3651012
Stripe Collared Knitwear Sweater,Trendyol,Women > Clothing > Knitwear & Cardigans,17.94,28.72,https://www.zalora.com.ph/p/trendyol-stripe-collared-knitwear-sweater-navy-3058158
"Stripe Neckline with Embroidered Text, Fleece Inside Sweatshirt",Trendyol,Women > Clothing > Hoodies & Sweatshirts,16.59,33.61,https://www.zalora.com.ph/p/trendyol-stripe-neckline-with-embroidered-text-fleece-inside-sweatshirt-white-3437508
Stripe Skort,Trendyol,Women > Clothing > Shorts > Tailored Shorts,10.09,25.29,https://www.zalora.com.ph/p/trendyol-stripe-skort-navy-3294075
Stripe Sweater,Happiness Istanbul,Women > Clothing > Knitwear & Cardigans,10.81,25.29,https://www.zalora.com.ph/p/happiness-istanbul-stripe-sweater-black-3273095
Stripe T-Shirt,Trendyol,Women > Clothing > Tops > T-Shirts,10.59,19.57,https://www.zalora.com.ph/p/trendyol-stripe-t-shirt-red-3602527
Striped Dressed Shirt In Slim Fit With Trim,Daniel Hechter,Men > Clothing > Shirts > Long Sleeve,19.59,39.16,https://www.zalora.com.ph/p/daniel-hechter-striped-dressed-shirt-in-slim-fit-with-trim-blue-3045264
Striped Print Midi Dress,Mango,Women > Clothing > Dresses > Maxi Dresses,70.12,70.12,https://www.zalora.com.ph/p/mango-striped-print-midi-dress-black-3705399
Strux Sliders Men's Slides,ONE UP,Men > Shoes > Sandals & Flip Flops > Sandals,10.0,13.16,https://www.zalora.com.ph/p/one-up-strux-sliders-men-s-slides-beige-4114185
Stryker Sneakers,ALDO,Men > Shoes > Sneakers,46.04,102.5,https://www.zalora.com.ph/p/aldo-stryker-sneakers-brown-4009035
Stud Embellished Ballet Flats in Lilac,London Rag,Women > Shoes > Flats > Ballerinas,29.04,38.51,https://www.zalora.com.ph/p/london-rag-stud-embellished-ballet-flats-in-lilac-purple-3507024
Stud Embellished Block Heel Sandals in Beige,London Rag,Women > Shoes > Heels > Low Heels,45.69,60.88,https://www.zalora.com.ph/p/london-rag-stud-embellished-block-heel-sandals-in-beige-beige-3652126
Stud Flat Sandals,Trendyol,Women > Shoes > Sandals > Flat Sandals,21.21,33.45,https://www.zalora.com.ph/p/trendyol-stud-flat-sandals-black-4293967
Stud Mid Heels,Trendyol,Women > Shoes > Heels > Open Toes,33.73,61.2,https://www.zalora.com.ph/p/trendyol-stud-mid-heels-red-4293557
Stud-detail barrel-leg jeans,H&M,Women > Clothing > Pants & Leggings,22.69,32.49,https://www.zalora.com.ph/p/hm-stud-detail-barrel-leg-jeans-black-3691739
Studded Faux Leather Slip Ons In Red,London Rag,Women > Shoes > Slip-Ons,49.61,62.02,https://www.zalora.com.ph/p/london-rag-studded-faux-leather-slip-ons-in-red-red-3670962
Studded Genuine Leather Loafers in Brown,Rag & CO.,Women > Shoes > Flats > Loafers & Boat Shoes,86.18,172.21,https://www.zalora.com.ph/p/rag-co-studded-genuine-leather-loafers-in-brown-brown-3410353
Studded Genuine Leather Sandals In Black,Rag & CO.,Women > Shoes > Heels > Mid Heels,43.57,79.65,https://www.zalora.com.ph/p/rag-co-studded-genuine-leather-sandals-in-black-black-3689477
Studded Thong Toe Wedges in Beige,Rag & CO.,Women > Shoes > Wedges > Open Toes Wedges,47.82,86.83,https://www.zalora.com.ph/p/rag-co-studded-thong-toe-wedges-in-beige-beige-3698737
Studded sandals,H&M,Women > Shoes > Sandals,32.49,32.49,https://www.zalora.com.ph/p/hm-studded-sandals-brown-3629867
Stylish Soft Slim Fit Suit Jacket YGH-EQ8653,HAPPY FRIDAYS,Women > Clothing > Blazers,52.73,75.41,https://www.zalora.com.ph/p/happy-fridays-stylish-soft-slim-fit-suit-jacket-ygh-eq8653-white-3390363
Suede & Faux Fur Slip-On Mules in Black,Rag & CO.,Women > Shoes > Flats,50.75,92.22,https://www.zalora.com.ph/p/rag-co-suede-faux-fur-slip-on-mules-in-black-black-3616399
Suede Contrast Trainers,Mango,Women > Shoes > Sneakers,60.37,81.54,https://www.zalora.com.ph/p/mango-suede-contrast-trainers-brown-4075624
Suede Moccasin With Eyelets,Mango,Women > Shoes > Flats > Loafers & Boat Shoes,24.41,81.54,https://www.zalora.com.ph/p/mango-suede-moccasin-with-eyelets-brown-4227920
Suede footbed mules,H&M,Women > Shoes > Sandals,81.46,81.46,https://www.zalora.com.ph/p/hm-suede-footbed-mules-beige-4063632
Suede sock boots,H&M,Women > Shoes > Boots,73.3,114.11,https://www.zalora.com.ph/p/hm-suede-sock-boots-brown-3346632
Summer Casual Dress with Spots Design,Hopeshow,Women > Clothing > Dresses,35.37,35.37,https://www.zalora.com.ph/p/hopeshow-summer-casual-dress-with-spots-design-multi-3457272
Summer Get Away Linen Short,F2 - Fashion and Freedom,Women > Clothing > Shorts > Casual Shorts,41.3,41.3,https://www.zalora.com.ph/p/f2-fashion-and-freedom-summer-get-away-linen-short-beige-2490058
Summer Get Away Maxi Cotton Dress,F2 - Fashion and Freedom,Women > Clothing > Dresses > Summer Dresses,108.71,108.71,https://www.zalora.com.ph/p/f2-fashion-and-freedom-summer-get-away-maxi-cotton-dress-blue-2490040
Summer Get Away Silk Dress,F2 - Fashion and Freedom,Women > Clothing > Dresses > Party Dresses,128.28,128.28,https://www.zalora.com.ph/p/f2-fashion-and-freedom-summer-get-away-silk-dress-purple-2491693
Summer Get Away Silk Dress,F2 - Fashion and Freedom,Women > Clothing > Dresses > Party Dresses,119.58,119.58,https://www.zalora.com.ph/p/f2-fashion-and-freedom-summer-get-away-silk-dress-multi-2490047
Summer High Rise Skinny Jeans,Electro Denim Lab,Women > Clothing > Jeans,13.86,16.9,https://www.zalora.com.ph/p/electro-denim-lab-summer-high-rise-skinny-jeans-blue-3223555
Summer Pearl Lightweight Maxi Skirt AF9818,Twenty Eight Shoes,Women > Clothing > Skirts > Maxi Skirts,35.91,42.45,https://www.zalora.com.ph/p/twenty-eight-shoes-summer-pearl-lightweight-maxi-skirt-af9818-brown-2597748
Summer Picnic Short Sleeve Floral Midi Dress,Hopeshow,Women > Clothing > Dresses,62.15,62.15,https://www.zalora.com.ph/p/hopeshow-summer-picnic-short-sleeve-floral-midi-dress-blue-3200482
Summer Short Sleeve Midi Dress with Floral Prints,Hopeshow,Women > Clothing > Dresses,38.92,38.92,https://www.zalora.com.ph/p/hopeshow-summer-short-sleeve-midi-dress-with-floral-prints-blue-3200461
Summer Tees 2025 Piña Short Sleeve Shirt Top,Plains & Prints,Women > Clothing > Tops > T-Shirts,16.29,16.29,https://www.zalora.com.ph/p/plains-prints-summer-tees-2025-pina-short-sleeve-shirt-top-blue-3698921
Summer V-Neck Lace Frill Top,Hopeshow,Women > Clothing > Tops,47.93,47.93,https://www.zalora.com.ph/p/hopeshow-summer-v-neck-lace-frill-top-green-3200395
Summer new style French camisole sleeveless top CA24050634BK,Sunnydaysweety,Women > Clothing > Tops,24.49,24.49,https://www.zalora.com.ph/p/sunnydaysweety-summer-new-style-french-camisole-sleeveless-top-ca24050634bk-black-3390558
Summits,Skechers,Sports > Men's Sports > Footwear,72.16,72.16,https://www.zalora.com.ph/p/skechers-summits-multi-4216876
Sun Trooper Men's Slippers,World Balance,Sports > Men's Sports > Footwear > Sandals & Flip Flops,10.0,10.0,https://www.zalora.com.ph/p/world-balance-sun-trooper-men-s-slippers-black-red-2853927
Sun Trooper Men's Slippers,World Balance,Sports > Men's Sports > Footwear > Sandals & Flip Flops,10.0,10.0,https://www.zalora.com.ph/p/world-balance-sun-trooper-men-s-slippers-blue-1835760
Sunbeam Sandals,ALDO,Women > Shoes > Sandals > Flat Sandals,61.95,61.95,https://www.zalora.com.ph/p/aldo-sunbeam-sandals-white-4185118
Sunday Sweat Hoodie,French Connection,Men > Clothing > Hoodies & Sweatshirts,65.65,65.65,https://www.zalora.com.ph/p/french-connection-sunday-sweat-hoodie-blue-2147327
Sunday Sweat Hoodie,French Connection,Men > Clothing > Hoodies & Sweatshirts,65.65,65.65,https://www.zalora.com.ph/p/french-connection-sunday-sweat-hoodie-orange-2147347
Super Baggy Jeans,Cotton On,Men > Clothing > Jeans,70.65,78.34,https://www.zalora.com.ph/p/cotton-on-super-baggy-jeans-blue-3765589
Super Baggy Jeans,Cotton On,Men > Clothing > Jeans,77.59,82.42,https://www.zalora.com.ph/p/cotton-on-super-baggy-jeans-black-3519547
Super Baggy Track Pants,Cotton On,Men > Clothing > Pants > Casual,51.41,51.41,https://www.zalora.com.ph/p/cotton-on-super-baggy-track-pants-black-3696516
Super-Q Bow Crystal-Trim Knit  Ballet Flats,FITFLOP,Women > Shoes > Slip-Ons,123.99,123.99,https://www.zalora.com.ph/p/fitflop-super-q-bow-crystal-trim-knit-ballet-flats-black-4235795
Super-Q Knit Slip-On Laced Sneakers,FITFLOP,Women > Shoes > Sneakers,114.19,114.19,https://www.zalora.com.ph/p/fitflop-super-q-knit-slip-on-laced-sneakers-multi-4235806
Super-Star Sneakers,GOLDEN GOOSE,Luxury > Outlet > Women's Shoes > Sneakers,492.64,1006.42,https://www.zalora.com.ph/p/golden-goose-super-star-sneakers-white-4257960
Super-q Bow Knit Ballerinas,FITFLOP,Women > Shoes > Flats > Ballerinas,83.52,104.4,https://www.zalora.com.ph/p/fitflop-super-q-bow-knit-ballerinas-beige-4064810
Super-q Bow Knit Ballerinas,FITFLOP,Women > Shoes > Flats > Ballerinas,104.4,104.4,https://www.zalora.com.ph/p/fitflop-super-q-bow-knit-ballerinas-beige-4064797
Super-q Bow Women Knit Ballerinas,FITFLOP,Women > Shoes > Flats > Ballerinas,104.4,104.4,https://www.zalora.com.ph/p/fitflop-super-q-bow-women-knit-ballerinas-black-4070324
Supernova Ease Shoes,ADIDAS,Men > Sports > Footwear > Training and Fitness,89.13,89.13,https://www.zalora.com.ph/p/adidas-supernova-ease-shoes-white-4090997
Supernova Glide Running Shoes,ADIDAS,Sports > Men's Sports > Footwear > Sneakers,91.49,97.95,https://www.zalora.com.ph/p/adidas-supernova-glide-running-shoes-white-4180709
Supernova Glide Running Shoes,ADIDAS,Men > Sports > Footwear > Training and Fitness,92.89,97.95,https://www.zalora.com.ph/p/adidas-supernova-glide-running-shoes-white-4125561
Superstar II Shoes,ADIDAS,Sports > Men's Sports > Footwear > Sneakers,62.3,111.01,https://www.zalora.com.ph/p/adidas-superstar-ii-shoes-black-3657823
Superstar II Shoes,ADIDAS,Sports > Men's Sports > Footwear > Sneakers,97.95,97.95,https://www.zalora.com.ph/p/adidas-superstar-ii-shoes-white-3657617
Superstar II Shoes,ADIDAS,Women > Sports > Footwear > Lifestyle,97.95,97.95,https://www.zalora.com.ph/p/adidas-superstar-ii-shoes-grey-4125560
Superstar Lo Pro Shoes,ADIDAS,Sports > Women's Sports > Footwear > Sneakers,97.95,97.95,https://www.zalora.com.ph/p/adidas-superstar-lo-pro-shoes-black-4273142
Surfer Mens Leather/mesh Cross Slides,FITFLOP,Men > Shoes > Sandals & Flip Flops > Sandals,97.87,97.87,https://www.zalora.com.ph/p/fitflop-surfer-mens-leather-mesh-cross-slides-blue-4064862
Surfer Mens Toe-post Sandals,FITFLOP,Men > Shoes > Sandals & Flip Flops > Sandals,68.48,68.48,https://www.zalora.com.ph/p/fitflop-surfer-mens-toe-post-sandals-blue-4064811
Susannah Wedge Sandal,Kenneth Cole,Women > Shoes > Wedges > Wedge Sandals,127.95,170.6,https://www.zalora.com.ph/p/kenneth-cole-susannah-wedge-sandal-white-4106227
Sutton Mini Dress,Savel,Women > Clothing > Dresses > Mini Dresses,82.42,82.42,https://www.zalora.com.ph/p/savel-sutton-mini-dress-pink-2759648
Sweatshirt Raglan Flowermardi_Green,Mardi Mercredi,Women > Clothing > Hoodies & Sweatshirts,109.21,109.21,https://www.zalora.com.ph/p/mardi-mercredi-sweatshirt-raglan-flowermardi-green-green-3712878
Sweetthing Sneakers,ALDO,Women > Shoes > Sneakers,21.29,102.77,https://www.zalora.com.ph/p/aldo-sweetthing-sneakers-white-3848115
Swift Tempo Embossed Leggings Women's Activewear,DANSKIN,Women > Clothing > Pants & Leggings > Leggings,24.48,24.48,https://www.zalora.com.ph/p/danskin-swift-tempo-embossed-leggings-women-s-activewear-black-1807992
Swim Sports Shorts with Drawstring with Mesh Pouch Brett -Lyon Blue(SinglePack),Hanford,Sports > Men's Sports > Clothing > Swimwear & Beachwear,10.0,10.0,https://www.zalora.com.ph/p/hanford-swim-sports-shorts-with-drawstring-with-mesh-pouch-brett-lyon-blue-singlepack-blue-3343301
Switch Back,Skechers,Sports > Women's Sports > Footwear,78.44,78.44,https://www.zalora.com.ph/p/skechers-switch-back-purple-4174800
Syira Comfy Sandals,My Ballerine,Women > Shoes > Flats > Ballerinas,59.24,78.34,https://www.zalora.com.ph/p/my-ballerine-syira-comfy-sandals-brown-4140133
Syliaa Heels,ALDO,Women > Shoes > Heels > Mid Heels,72.55,79.91,https://www.zalora.com.ph/p/aldo-syliaa-heels-black-4091281
T-Shirt With Puffed Sleeves,Mango,Women > Clothing > Tops > T-Shirts,21.14,21.14,https://www.zalora.com.ph/p/mango-t-shirt-with-puffed-sleeves-brown-1980440
T-strap Mesh Heels Dancing Shoes,CARMELLETES,Women > Shoes > Heels > Open Toes,39.18,39.18,https://www.zalora.com.ph/p/carmelletes-t-strap-mesh-heels-dancing-shoes-black-3637206
TAILORED LINEN-BLEND LONGLINE SHORTS,COS,Women > Clothing > Pants & Leggings,97.13,97.13,https://www.zalora.com.ph/p/cos-tailored-linen-blend-longline-shorts-brown-3742516
TERRA QUEST Women's Performance Trail Shoes,World Balance,Sports > Women's Sports > Footwear > Training Shoes,47.33,47.33,https://www.zalora.com.ph/p/world-balance-terra-quest-women-s-performance-trail-shoes-beige-turquoise-4074620
TIDE WIDE-LEG JEANS,COS,Women > Clothing > Jeans,97.13,97.13,https://www.zalora.com.ph/p/cos-tide-wide-leg-jeans-blue-3742307
TIE-DETAIL WIDE-LEG TROUSERS,COS,Women > Clothing > Pants & Leggings,106.11,106.11,https://www.zalora.com.ph/p/cos-tie-detail-wide-leg-trousers-beige-3742743
TONIA Barbie High Waist Straight Leg,BADOMODA,Women > Clothing > Pants & Leggings > Straight Leg Pants,27.67,27.67,https://www.zalora.com.ph/p/badomoda-tonia-barbie-high-waist-straight-leg-beige-2882991
TRIBUTE Women's Flip Flops in Black,SAINT LAURENT,Women > Shoes > Flip-Flops,607.86,747.18,https://www.zalora.com.ph/p/saint-laurent-tribute-women-s-flip-flops-in-black-black-3149156
Tag Sand,Zaxy,Women > Shoes > Sandals > Flat Sandals,47.26,47.26,https://www.zalora.com.ph/p/zaxy-tag-sand-brown-4344957
Tailored Bermuda shorts,H&M,Women > Clothing > Shorts,29.22,29.22,https://www.zalora.com.ph/p/hm-tailored-bermuda-shorts-white-3743903
Tailored Shorts,Electro Denim Lab,Men > Clothing > Shorts,10.0,19.99,https://www.zalora.com.ph/p/electro-denim-lab-tailored-shorts-grey-2987642
Tailored Shorts,Electro Denim Lab,Men > Clothing > Shorts,10.0,19.99,https://www.zalora.com.ph/p/electro-denim-lab-tailored-shorts-blue-2987661
Tan Chunky Sandals,London Rag,Women > Shoes > Sandals,26.43,50.59,https://www.zalora.com.ph/p/london-rag-tan-chunky-sandals-brown-3236150
Tangelo Peach Plaid Floral Baju Kurung Pahang 4.0,Era Maya,Women > Modest Wear > Baju Kurungs & Sets,53.86,53.86,https://www.zalora.com.ph/p/era-maya-tangelo-peach-plaid-floral-baju-kurung-pahang-4-0-orange-2785762
Tany Round Neck T-Shirt,Hummel,Sports > Women's Sports > Clothing > T-Shirts,16.31,16.31,https://www.zalora.com.ph/p/hummel-tany-round-neck-t-shirt-black-2787070
Tapered Fit Jeans - Joe Jeans,KOTON,Men > Clothing > Jeans > Regular,29.92,42.76,https://www.zalora.com.ph/p/koton-tapered-fit-jeans-joe-jeans-purple-3774753
Tapered Shorts,Ego,Men > Clothing > Shorts > Chinos,10.0,34.31,https://www.zalora.com.ph/p/ego-tapered-shorts-brown-3727601
Tapered chino trousers,Desigual,Men > Clothing > Pants,134.52,134.52,https://www.zalora.com.ph/p/desigual-tapered-chino-trousers-white-3575650
Tapered trousers,H&M,Women > Clothing > Pants & Leggings,35.75,48.81,https://www.zalora.com.ph/p/hm-tapered-trousers-black-3630447
Tapered-waist denim jacket,H&M,Women > Clothing > Jackets & Coats,53.71,53.71,https://www.zalora.com.ph/p/hm-tapered-waist-denim-jacket-blue-3118966
Tapered-waist dress,H&M,Women > Clothing > Dresses,10.0,28.21,https://www.zalora.com.ph/p/hm-tapered-waist-dress-beige-3208199
Tatskie Dress,THE LOUNGE EDIT,Women > Clothing > Dresses > Party Dresses,37.71,37.71,https://www.zalora.com.ph/p/the-lounge-edit-tatskie-dress-pink-2496715
Taunee Espadrilles,THE LOUNGE EDIT,Women > Shoes > Flats > Espadrilles,38.04,38.04,https://www.zalora.com.ph/p/the-lounge-edit-taunee-espadrilles-beige-3620993
Tavia Loungewear Shorts Set,THE LOUNGE EDIT,Women > Clothing > Lingerie & Loungewear > Loungewear,24.49,24.49,https://www.zalora.com.ph/p/the-lounge-edit-tavia-loungewear-shorts-set-blue-1838661
Tech Polo Shirt,Under Armour,Sports > Men's Sports > Men's Sports,37.14,42.36,https://www.zalora.com.ph/p/under-armour-tech-polo-shirt-navy-2097521
Temperament Slim V-Neck Hip One-Step One-Piece Dress A22050309,Sunnydaysweety,Women > Clothing > Dresses > Summer Dresses,60.83,60.83,https://www.zalora.com.ph/p/sunnydaysweety-temperament-slim-v-neck-hip-one-step-one-piece-dress-a22050309-green-2407790
Ten Women's Sandals 20750,Soho,Women > Shoes > Sandals > Flat Sandals,28.65,32.8,https://www.zalora.com.ph/p/soho-ten-women-s-sandals-20750-beige-3991692
Tennis Avacourt 3 Tennis Shoes Women White JQ3436,ADIDAS,Women > Sports > Footwear > Training & Fitness,122.44,122.44,https://www.zalora.com.ph/p/adidas-tennis-avacourt-3-tennis-shoes-women-white-jq3436-white-4334445
Tennis Barricade 14 Tennis Shoes Women White JR1763,ADIDAS,Sports > Women's Sports > Footwear > Sneakers,155.09,155.09,https://www.zalora.com.ph/p/adidas-tennis-barricade-14-tennis-shoes-women-white-jr1763-white-4237924
Tennis Women's Shoes Jet Mach 3,Babolat,Women > Shoes > Sports Shoes,122.76,153.45,https://www.zalora.com.ph/p/babolat-tennis-women-s-shoes-jet-mach-3-black-orange-3751054
Terra Manta Shoes,Nike,Sports > Women's Sports > Footwear > Sneakers,78.28,78.28,https://www.zalora.com.ph/p/nike-terra-manta-shoes-black-3651275
Terra Manta Shoes,Nike,Sports > Men's Sports > Footwear > Sneakers,50.38,78.28,https://www.zalora.com.ph/p/nike-terra-manta-shoes-black-4018086
Tether Design Mid-Length Dress,Hopeshow,Women > Clothing > Dresses,68.11,68.11,https://www.zalora.com.ph/p/hopeshow-tether-design-mid-length-dress-multi-2984016
Textured Puff Sleeve Mini Dress,& Other Stories,Women > Clothing > Dresses > Summer Dresses,102.77,102.77,https://www.zalora.com.ph/p/other-stories-textured-puff-sleeve-mini-dress-black-2461841
Textured Shirt,Alacati,Women > Clothing > Tops > Shirts,10.0,28.01,https://www.zalora.com.ph/p/alacati-textured-shirt-beige-3021885
Textured Suit Pants,Well Suited,Women > Clothing > Pants & Leggings > Straight Leg Pants,36.57,45.71,https://www.zalora.com.ph/p/well-suited-textured-suit-pants-black-3387851
Textured Trousers,KOTON,Women > Clothing > Pants & Leggings > Straight Leg Pants,20.62,39.0,https://www.zalora.com.ph/p/koton-textured-trousers-navy-3774631
Textured Turtleneck Knitwear Sweater,Avva,Men > Clothing > Knitwear & Cardigans > Knitwear,20.85,30.51,https://www.zalora.com.ph/p/avva-textured-turtleneck-knitwear-sweater-beige-3556519
Textured dress,H&M,Women > Clothing > Dresses,34.12,53.71,https://www.zalora.com.ph/p/hm-textured-dress-black-3119060
Textured jersey cycling shorts,H&M,Women > Clothing > Shorts,10.0,10.0,https://www.zalora.com.ph/p/hm-textured-jersey-cycling-shorts-grey-3031923
Textured strappy dress,H&M,Women > Clothing > Dresses,14.68,29.22,https://www.zalora.com.ph/p/hm-textured-strappy-dress-black-3744931
Thalassa Draped Midi Dress,Heather Clothing,Women > Clothing > Dresses > Maxi Dresses,24.49,32.65,https://www.zalora.com.ph/p/heather-clothing-thalassa-draped-midi-dress-black-3620634
The Dash Mens T-Toe Leather Sneakers,FITFLOP,Men > Shoes > Sneakers,114.19,114.19,https://www.zalora.com.ph/p/fitflop-the-dash-mens-t-toe-leather-sneakers-multi-4225843
Thea Long Sleeve Dress,Vero Moda,Women > Clothing > Dresses > Maxi Dresses,55.23,65.28,https://www.zalora.com.ph/p/vero-moda-thea-long-sleeve-dress-black-3528061
Thelma High Waist Wide Pants,ONLY,Women > Clothing > Pants & Leggings > Wide-legged Pants,12.73,52.22,https://www.zalora.com.ph/p/only-thelma-high-waist-wide-pants-brown-3711171
Thin Casual Short Sleeve Hoodies AC2317,Twenty Eight Shoes,Men > Clothing > Hoodies & Sweatshirts > Hoodies,46.46,52.42,https://www.zalora.com.ph/p/twenty-eight-shoes-thin-casual-short-sleeve-hoodies-ac2317-black-2878168
Thin Textured Cardigan TX-Y1790,HAPPY FRIDAYS,Men > Clothing > Knitwear & Cardigans > Cardigans,41.45,68.99,https://www.zalora.com.ph/p/happy-fridays-thin-textured-cardigan-tx-y1790-black-3601053
Tiana Espadrilles,THE LOUNGE EDIT,Women > Shoes > Flats > Espadrilles,42.93,42.93,https://www.zalora.com.ph/p/the-lounge-edit-tiana-espadrilles-gold-3620985
Tidal Treasure Jammers Swimwear For Men,ISLAND HAZE,Sports > Men's Sports > Clothing > Swimwear & Beachwear,16.31,16.31,https://www.zalora.com.ph/p/island-haze-tidal-treasure-jammers-swimwear-for-men-black-3369920
Tides 2.0,Billabong,Men > Shoes > Sandals & Flip Flops > Flip Flops,15.1,15.1,https://www.zalora.com.ph/p/billabong-tides-2-0-gold-4281455
Tides 2.0 Print,Billabong,Men > Shoes > Sandals & Flip Flops > Flip Flops,15.1,15.1,https://www.zalora.com.ph/p/billabong-tides-2-0-print-gold-4281458
Tie-belt shirt dress,H&M,Women > Clothing > Dresses,27.59,37.38,https://www.zalora.com.ph/p/hm-tie-belt-shirt-dress-black-3118924
Tie-detail poplin dress,H&M,Women > Clothing > Dresses,16.31,16.31,https://www.zalora.com.ph/p/hm-tie-detail-poplin-dress-white-3690309
Tie-detail vest top,H&M,Women > Clothing > Tops,10.0,26.72,https://www.zalora.com.ph/p/hm-tie-detail-vest-top-grey-3756142
Tied Blouse Skirt Set,Trendyol,Women > Clothing > Tops > Blouses,53.2,53.2,https://www.zalora.com.ph/p/trendyol-tied-blouse-skirt-set-green-3063021
Tina Square Pants,Chictees,Women > Clothing > Pants & Leggings > Wide-legged Pants,14.68,14.68,https://www.zalora.com.ph/p/chictees-tina-square-pants-brown-3645906
Tina Square Pants,Chictees,Women > Clothing > Pants & Leggings > Wide-legged Pants,14.68,14.68,https://www.zalora.com.ph/p/chictees-tina-square-pants-black-3645907
Tisha Heeled Sandals,ALDO,Women > Shoes > Heels > Mid Heels,53.87,79.91,https://www.zalora.com.ph/p/aldo-tisha-heeled-sandals-white-4211215
Tobacco Shoes,ADIDAS,Sports > Men's Sports > Footwear > Sneakers,105.23,111.01,https://www.zalora.com.ph/p/adidas-tobacco-shoes-multi-4094818
Tobi Midi Dress,BWLDR,Women > Clothing > Dresses,94.67,94.67,https://www.zalora.com.ph/p/bwldr-tobi-midi-dress-white-2681845
Toddy Sneakers,ALDO,Men > Shoes > Sneakers,86.47,97.44,https://www.zalora.com.ph/p/aldo-toddy-sneakers-black-4008966
Tokyo Shoes,ADIDAS,Women > Sports > Footwear > Lifestyle,89.79,89.79,https://www.zalora.com.ph/p/adidas-tokyo-shoes-grey-3849461
Top Flip Flops,Havaianas,Women > Shoes > Flip-Flops,16.31,16.31,https://www.zalora.com.ph/p/havaianas-top-flip-flops-green-3754324
Top Logomania II Flip Flops,Havaianas,Men > Shoes > Sandals & Flip Flops > Flip Flops,22.84,22.84,https://www.zalora.com.ph/p/havaianas-top-logomania-ii-flip-flops-blue-4327429
Top and Bottom Tracksuit Set,KOTON,Women > Clothing > Pants & Leggings > Straight Leg Pants,65.01,68.55,https://www.zalora.com.ph/p/koton-top-and-bottom-tracksuit-set-multi-3774835
Trabuco Sneakers,Call It Spring,Men > Shoes > Sneakers,27.62,58.69,https://www.zalora.com.ph/p/call-it-spring-trabuco-sneakers-black-4189680
Trail Bound Women's Performance Shoes,World Balance,Women > Shoes > Sports Shoes,26.92,35.9,https://www.zalora.com.ph/p/world-balance-trail-bound-women-s-performance-shoes-white-3861228
Trail Wave Women's Performance Trail Sandals,World Balance,Women > Sports > Footwear > Sandals & Flip-flops,23.25,31.0,https://www.zalora.com.ph/p/world-balance-trail-wave-women-s-performance-trail-sandals-beige-3855456
Trainer-style mules,H&M,Women > Shoes > Sneakers,29.22,29.22,https://www.zalora.com.ph/p/hm-trainer-style-mules-beige-4207724
Trainers,H&M,Women > Shoes > Sneakers,40.65,40.65,https://www.zalora.com.ph/p/hm-trainers-brown-3744251
Trainers,H&M,Women > Shoes > Sneakers,29.22,29.22,https://www.zalora.com.ph/p/hm-trainers-grey-4252208
Trainers,H&M,Women > Shoes > Sneakers,32.49,32.49,https://www.zalora.com.ph/p/hm-trainers-black-3983938
Transport 2 Men's Running - Archival Taupe/Archival Taupe,HOKA,Men > Sports > Footwear > Running Shoes,171.33,171.33,https://www.zalora.com.ph/p/hoka-transport-2-men-s-running-archival-taupe-archival-taupe-brown-4317861
Transport 2 Wide Men's Running - Archival Taupe/Archival Taupe,HOKA,Men > Sports > Footwear > Running Shoes,171.33,171.33,https://www.zalora.com.ph/p/hoka-transport-2-wide-men-s-running-archival-taupe-archival-taupe-brown-4317878
Trase Sd,DC,Men > Shoes > Sneakers,53.06,53.06,https://www.zalora.com.ph/p/dc-trase-sd-grey-4232790
Travel Oasis,Quiksilver,Men > Shoes > Sandals & Flip Flops > Flip Flops,22.56,36.0,https://www.zalora.com.ph/p/quiksilver-travel-oasis-black-4065388
Travis Black Boots,Bristol Shoes,Men > Shoes > Boots,84.24,112.32,https://www.zalora.com.ph/p/bristol-shoes-travis-black-boots-black-4000609
Trefoil Essentials Fleece Shorts,ADIDAS,Sports > Men's Sports > Clothing > Shorts,39.18,39.18,https://www.zalora.com.ph/p/adidas-trefoil-essentials-fleece-shorts-black-3464842
Trefoil Essentials French Terry Pants,ADIDAS,Sports > Men's Sports > Clothing > Pants,60.37,63.67,https://www.zalora.com.ph/p/adidas-trefoil-essentials-french-terry-pants-black-3751454
Triple Up Slip-ons,Keds,Women > Shoes > Slip-Ons,84.81,84.81,https://www.zalora.com.ph/p/keds-triple-up-slip-ons-pink-3562249
Trippin Dippin Thong,Billabong,Women > Shoes > Flip-Flops,12.78,17.97,https://www.zalora.com.ph/p/billabong-trippin-dippin-thong-blue-4065726
Trista Corset Mini Dress With Draped Cascading Mesh Details,Heather Clothing,Women > Clothing > Dresses > Party Dresses,53.87,53.87,https://www.zalora.com.ph/p/heather-clothing-trista-corset-mini-dress-with-draped-cascading-mesh-details-black-3174093
Trixie High-Waist Straight Fit Slacks,BADOMODA,Women > Clothing > Pants & Leggings > Straight Leg Pants,14.53,26.04,https://www.zalora.com.ph/p/badomoda-trixie-high-waist-straight-fit-slacks-pink-2711034
Tropicall Wedges,Call It Spring,Women > Shoes > Wedges > Open Toes Wedges,52.4,57.06,https://www.zalora.com.ph/p/call-it-spring-tropicall-wedges-multi-4201843
Troyes Loungewear Shorts Set,RAISING LITTLE,Women > Clothing > Lingerie & Loungewear > Loungewear,21.22,21.22,https://www.zalora.com.ph/p/raising-little-troyes-loungewear-shorts-set-white-1702217
Turndown Collar Print Summer Shirt,KOTON,Men > Clothing > Shirts > Short Sleeve,10.0,28.0,https://www.zalora.com.ph/p/koton-turndown-collar-print-summer-shirt-green-3414660
Turtleneck Knitwear Blouse,Bianco Lucci,Women > Clothing > Tops > Blouses,10.0,18.53,https://www.zalora.com.ph/p/bianco-lucci-turtleneck-knitwear-blouse-black-3527805
Tweed Asymmetric Skirt,iROO,Women > Clothing > Skirts,90.65,90.65,https://www.zalora.com.ph/p/iroo-tweed-asymmetric-skirt-multi-3687856
Tweed Flare Mini Dress,AIR SPACE,Women > Clothing > Dresses > Mini Dresses,19.59,34.27,https://www.zalora.com.ph/p/air-space-tweed-flare-mini-dress-blue-3767054
Tweed Jacket With Pearl Buttons,Mango,Women > Clothing > Jackets & Coats,107.66,107.66,https://www.zalora.com.ph/p/mango-tweed-jacket-with-pearl-buttons-green-2812077
Twill cargo trousers,H&M,Women > Clothing > Pants & Leggings,21.06,32.49,https://www.zalora.com.ph/p/hm-twill-cargo-trousers-3268036
Twill shacket,H&M,Women > Clothing > Jackets & Coats,37.38,45.55,https://www.zalora.com.ph/p/hm-twill-shacket-white-3689177
Twist Neckline Jersey Mini Dress,Style State,Women > Clothing > Dresses > Mini Dresses,19.98,57.12,https://www.zalora.com.ph/p/style-state-twist-neckline-jersey-mini-dress-black-3721865
Two Strap Leather Slide Flats,CARMELLETES,Women > Shoes > Sandals > Flat Sandals,29.38,29.38,https://www.zalora.com.ph/p/carmelletes-two-strap-leather-slide-flats-white-3520359
Tywyn Ankle Boots,ALDO,Women > Shoes > Boots > Heeled Boots,120.02,143.58,https://www.zalora.com.ph/p/aldo-tywyn-ankle-boots-brown-4315138
U-shaped Toe Cap Cow Suede Loafers CQ2501249,Twenty Eight Shoes,Men > Shoes > Loafers & Boat Shoes,116.63,145.78,https://www.zalora.com.ph/p/twenty-eight-shoes-u-shaped-toe-cap-cow-suede-loafers-cq2501249-n-a-4174033
U25BYA Men's Sneakers,GEOX,Men > Shoes > Sneakers,153.44,153.44,https://www.zalora.com.ph/p/geox-u25bya-men-s-sneakers-black-2464539
UA Tech Short Sleeve Tee,Under Armour,Men > Clothing > T-Shirts > Short Sleeves,26.04,26.04,https://www.zalora.com.ph/p/under-armour-ua-tech-short-sleeve-tee-black-1074424
Ua Authentic,VANS,Sports > Women's Sports > Footwear,58.77,58.77,https://www.zalora.com.ph/p/vans-ua-authentic-black-4366438
Uji BFBC/Suede,Birkenstock,Women > Shoes > Sandals > Flat Sandals,163.09,163.09,https://www.zalora.com.ph/p/birkenstock-uji-bfbc-suede-beige-3089869
Ultimate Basics Owl Polo,MEMO,Men > Clothing > Polos,16.31,16.31,https://www.zalora.com.ph/p/memo-ultimate-basics-owl-polo-white-3685284
Ultimate Basics Owl Polo,MEMO,Men > Clothing > Polos,16.31,16.31,https://www.zalora.com.ph/p/memo-ultimate-basics-owl-polo-blue-1849326
Ultimate Basics Owl Polo,MEMO,Men > Clothing > Polos,16.31,16.31,https://www.zalora.com.ph/p/memo-ultimate-basics-owl-polo-blue-3098530
Ultra Comfort Basic Semi Fit Plain Round Neck T-Shirt For Women,Huga,Women > Clothing > Tops > T-Shirts,10.0,29.39,https://www.zalora.com.ph/p/huga-ultra-comfort-basic-semi-fit-plain-round-neck-t-shirt-for-women-green-2912640
Ultraboost 5 Shoes,ADIDAS,Men > Sports > Footwear > Training and Fitness,154.81,163.25,https://www.zalora.com.ph/p/adidas-ultraboost-5-shoes-blue-4090334
Ultraboost 5x Shoes,ADIDAS,Sports > Women's Sports > Footwear > Sneakers,163.25,163.25,https://www.zalora.com.ph/p/adidas-ultraboost-5x-shoes-white-3849926
Ultraboost 5x Shoes,ADIDAS,Women > Sports > Footwear > Training & Fitness,154.81,163.25,https://www.zalora.com.ph/p/adidas-ultraboost-5x-shoes-orange-4064223
Una Acai Sandals,Havaianas,Women > Shoes > Sandals > Flat Sandals,57.12,57.12,https://www.zalora.com.ph/p/havaianas-una-acai-sandals-purple-3519180
Unisex Comfortable Outdoor Hiking And Fitness Shoes HYF030,Twenty Eight Shoes,Women > Shoes > Slip-Ons,46.62,52.94,https://www.zalora.com.ph/p/twenty-eight-shoes-unisex-comfortable-outdoor-hiking-and-fitness-shoes-hyf030-blue-3582361
Unisex Comfortable Outdoor Hiking And Wading Shoes HYF-A819,Twenty Eight Shoes,Women > Shoes > Slip-Ons,44.49,52.94,https://www.zalora.com.ph/p/twenty-eight-shoes-unisex-comfortable-outdoor-hiking-and-wading-shoes-hyf-a819-n-a-3579311
Unisex Faux Fur Jacket in Chocolate,London Rag,Women > Clothing > Jackets & Coats > Down Jackets,67.24,122.09,https://www.zalora.com.ph/p/london-rag-unisex-faux-fur-jacket-in-chocolate-brown-3555448
Unisex SOFTRIDE Carson Running Shoes (Black),PUMA,Men > Sports > Footwear > Running Shoes,43.29,55.5,https://www.zalora.com.ph/p/puma-unisex-softride-carson-running-shoes-black-black-4353582
Unisex Velcro Outdoor Hiking And Wading Shoes HYF203,Twenty Eight Shoes,Women > Shoes > Slip-Ons,42.05,48.26,https://www.zalora.com.ph/p/twenty-eight-shoes-unisex-velcro-outdoor-hiking-and-wading-shoes-hyf203-black-2591956
Uno,Skechers,Sports > Women's Sports > Footwear > Sneakers,71.75,71.75,https://www.zalora.com.ph/p/skechers-uno-black-4042362
Uno,Skechers,Sports > Women's Sports > Footwear,72.89,72.89,https://www.zalora.com.ph/p/skechers-uno-white-4281556
Uno Glide-Step,Skechers,Sports > Men's Sports > Footwear > Sneakers,82.6,82.6,https://www.zalora.com.ph/p/skechers-uno-glide-step-navy-4232976
Uno Glide-Step,Skechers,Sports > Women's Sports > Footwear > Sneakers,88.48,88.48,https://www.zalora.com.ph/p/skechers-uno-glide-step-multi-4232986
Uno Lite,Skechers,Sports > Women's Sports > Footwear > Sneakers,58.77,58.77,https://www.zalora.com.ph/p/skechers-uno-lite-black-4341829
Uno Ryze,Skechers,Sports > Men's Sports > Footwear > Sneakers,90.52,90.52,https://www.zalora.com.ph/p/skechers-uno-ryze-white-4174794
Unstoppable Cargo Pants,Under Armour,Sports > Men's Sports > Clothing > Pants,87.13,97.87,https://www.zalora.com.ph/p/under-armour-unstoppable-cargo-pants-black-3637492
Uplift SC,Nike,Sports > Men's Sports > Footwear > Sneakers,54.25,58.69,https://www.zalora.com.ph/p/nike-uplift-sc-black-4047928
Urban Doodle Boston Celtics Mens T-Shirt,NBA,Sports > Men's Sports > Clothing > T-Shirts,13.04,24.41,https://www.zalora.com.ph/p/nba-urban-doodle-boston-celtics-mens-t-shirt-black-3766652
V Neck Floral Print Dress,Saturday Club,Women > Clothing > Dresses > Mini Dresses,27.75,55.49,https://www.zalora.com.ph/p/saturday-club-v-neck-floral-print-dress-red-2363044
V neck sleeveless dress,Jnby,Women > Clothing > Dresses,303.81,303.81,https://www.zalora.com.ph/p/jnby-v-neck-sleeveless-dress-black-3700142
V-90 Leather White Black Sneakers,Veja,Men > Shoes > Sneakers,168.15,168.15,https://www.zalora.com.ph/p/veja-v-90-leather-white-black-sneakers-white-4234510
V-90 Leather White Petale Sneakers,Veja,Women > Shoes > Sneakers,168.15,168.15,https://www.zalora.com.ph/p/veja-v-90-leather-white-petale-sneakers-white-4234511
V-90 O.T. Leather Sneakers,Veja,Women > Shoes > Sneakers,168.15,168.15,https://www.zalora.com.ph/p/veja-v-90-o-t-leather-sneakers-white-3483655
V-Neck Belt Dress In Black,London Rag,Women > Clothing > Dresses > Mini Dresses,18.43,92.06,https://www.zalora.com.ph/p/london-rag-v-neck-belt-dress-in-black-black-3251093
V-Neck Long Sleeve Pullover Cashmere Sweater,Jnby,Women > Clothing > Knitwear & Cardigans,251.41,251.41,https://www.zalora.com.ph/p/jnby-v-neck-long-sleeve-pullover-cashmere-sweater-3668727
V-Neck Pink Texture Top,iROO,Women > Clothing > Tops,62.88,62.88,https://www.zalora.com.ph/p/iroo-v-neck-pink-texture-top-pink-3455915
V-Neck Puff Sleeve Floral Blouse,Hopeshow,Women > Clothing > Tops,50.59,50.59,https://www.zalora.com.ph/p/hopeshow-v-neck-puff-sleeve-floral-blouse-orange-3200561
V-Neck Suit Vest ZQ-M94,HAPPY FRIDAYS,Men > Clothing > Blazers & Suits > Vest,43.57,58.12,https://www.zalora.com.ph/p/happy-fridays-v-neck-suit-vest-zq-m94-black-3022075
V-neck Casual Vest XH2019,HAPPY FRIDAYS,Men > Clothing > Blazers & Suits > Vest,40.03,51.83,https://www.zalora.com.ph/p/happy-fridays-v-neck-casual-vest-xh2019-grey-2810559
V-neck chiffon dress,H&M,Women > Clothing > Dresses,17.79,29.22,https://www.zalora.com.ph/p/hm-v-neck-chiffon-dress-beige-2814902
V2K Run Women's Shoes With Reflective Accents,Nike,Sports > Women's Sports > Footwear > Sneakers,101.05,112.56,https://www.zalora.com.ph/p/nike-v2k-run-women-s-shoes-with-reflective-accents-white-4254407
V5 RNR Shoes with Reflective Accents,Nike,Sports > Women's Sports > Footwear > Sneakers,80.51,84.81,https://www.zalora.com.ph/p/nike-v5-rnr-shoes-with-reflective-accents-black-grey-4162216
VL Court 3.0 Shoes,ADIDAS,Men > Sports > Footwear > Lifestyle,65.3,65.3,https://www.zalora.com.ph/p/adidas-vl-court-3-0-shoes-white-3849166
VOLKSWAGEN MEN S/S POLO TEE,Volkswagen,Men > Clothing > Polos,23.13,23.13,https://www.zalora.com.ph/p/volkswagen-volkswagen-men-s-s-polo-tee-grey-3012866
Valera Loafers,ALDO,Women > Shoes > Flats > Loafers & Boat Shoes,60.4,86.44,https://www.zalora.com.ph/p/aldo-valera-loafers-white-4211246
Valera Loafers,ALDO,Women > Shoes > Flats > Loafers & Boat Shoes,40.71,102.77,https://www.zalora.com.ph/p/aldo-valera-loafers-pink-4201639
Valerie Comfy Heels,My Ballerine,Women > Shoes > Heels > Mid Heels,49.61,65.61,https://www.zalora.com.ph/p/my-ballerine-valerie-comfy-heels-brown-2636176
Valerriaa Heeled Sandals,Call It Spring,Women > Shoes > Heels > Mid Heels,39.18,57.06,https://www.zalora.com.ph/p/call-it-spring-valerriaa-heeled-sandals-white-4212542
Vanessa Top and Bottom - White,THE LOUNGE EDIT,Women > Clothing > Tops > Shirts,32.73,32.73,https://www.zalora.com.ph/p/the-lounge-edit-vanessa-top-and-bottom-white-white-2359601
Vanish Energy Short Sleeve T-Shirt,Under Armour,Sports > Women's Sports > Clothing > T-Shirts,35.18,42.36,https://www.zalora.com.ph/p/under-armour-vanish-energy-short-sleeve-t-shirt-black-3637972
Velociti 4 Shoes,Under Armour,Sports > Women's Sports > Footwear > Running Shoes,146.84,146.84,https://www.zalora.com.ph/p/under-armour-velociti-4-shoes-white-3872650
Velvet Flared Trousers,& Other Stories,Women > Clothing > Pants & Leggings > Wide-legged Pants,91.34,91.34,https://www.zalora.com.ph/p/other-stories-velvet-flared-trousers-black-2653552
Verity Crossover Dress,FORCAST,Women > Clothing > Dresses > Summer Dresses,42.36,84.73,https://www.zalora.com.ph/p/forcast-verity-crossover-dress-blue-3189885
Verone Heels,ALDO,Women > Shoes > Heels > Pumps,104.4,104.4,https://www.zalora.com.ph/p/aldo-verone-heels-navy-4189825
Versatile Pockets Cargo Pants GJL688,Twenty Eight Shoes,Men > Clothing > Pants > Casual,50.9,58.02,https://www.zalora.com.ph/p/twenty-eight-shoes-versatile-pockets-cargo-pants-gjl688-green-2902108
Vibe Slides Women's Slides,ONE UP,Women > Shoes > Sandals > Flat Sandals,10.0,10.0,https://www.zalora.com.ph/p/one-up-vibe-slides-women-s-slides-grey-3883651
Vicki Heels,Call It Spring,Women > Shoes > Heels > Mid Heels,29.74,51.24,https://www.zalora.com.ph/p/call-it-spring-vicki-heels-silver-4008947
Vie Mini Dress,Savel,Women > Clothing > Dresses > Mini Dresses,82.42,82.42,https://www.zalora.com.ph/p/savel-vie-mini-dress-pink-2589133
Villanueva Loafers,Call It Spring,Men > Shoes > Loafers & Boat Shoes,63.59,63.59,https://www.zalora.com.ph/p/call-it-spring-villanueva-loafers-brown-4212623
Vintage Checkered Platform Loafers WW105-2,Twenty Eight Shoes,Women > Shoes > Flats > Loafers & Boat Shoes,48.96,60.06,https://www.zalora.com.ph/p/twenty-eight-shoes-vintage-checkered-platform-loafers-ww105-2-black-2668982
Vintage Platform Derby Shoes WW805-8,Twenty Eight Shoes,Women > Shoes > Flats > Loafers & Boat Shoes,48.96,69.85,https://www.zalora.com.ph/p/twenty-eight-shoes-vintage-platform-derby-shoes-ww805-8-black-3276056
Vintage Skinny High Jeans,H&M,Women > Clothing > Pants & Leggings,10.0,33.85,https://www.zalora.com.ph/p/hm-vintage-skinny-high-jeans-black-2741116
Vinyl Shoes with Eyelets,Mango,Women > Shoes > Flats,37.47,70.12,https://www.zalora.com.ph/p/mango-vinyl-shoes-with-eyelets-silver-3874308
Virtue,Skechers,Sports > Women's Sports > Footwear > Basketball Shoes,66.03,66.03,https://www.zalora.com.ph/p/skechers-virtue-multi-4081741
Vista Knot Dress,Willa,Women > Clothing > Dresses,94.67,94.67,https://www.zalora.com.ph/p/willa-vista-knot-dress-white-2425422
Viva Iv,Roxy,Women > Shoes > Flip-Flops,10.63,30.2,https://www.zalora.com.ph/p/roxy-viva-iv-blue-4121829
Viviana Sleeveless Knit Top,FORCAST,Women > Clothing > Tops > Sleeveless,42.28,42.28,https://www.zalora.com.ph/p/forcast-viviana-sleeveless-knit-top-brown-3623176
Vivienne Twist Crop Top,Lotus Activewear,Women > Sports > Clothing > Tops,12.16,12.16,https://www.zalora.com.ph/p/lotus-activewear-vivienne-twist-crop-top-yellow-2820634
Volley Canvas Sneakers,Veja,Women > Shoes > Sneakers,127.33,127.33,https://www.zalora.com.ph/p/veja-volley-canvas-sneakers-black-white-4098910
Voluminous dress,H&M,Women > Clothing > Dresses,40.65,53.71,https://www.zalora.com.ph/p/hm-voluminous-dress-black-2754438
Vomero 18 Road Running Shoes,Nike,Sports > Women's Sports > Footwear > Running Shoes,137.05,137.05,https://www.zalora.com.ph/p/nike-vomero-18-road-running-shoes-white-4327200
Vomero 18 Road Running Shoes,Nike,Sports > Women's Sports > Footwear > Running Shoes,123.17,137.05,https://www.zalora.com.ph/p/nike-vomero-18-road-running-shoes-white-3843633
Vomero 18 SE Women's Road Running Shoes,Nike,Sports > Women's Sports > Footwear > Running Shoes,145.21,145.21,https://www.zalora.com.ph/p/nike-vomero-18-se-women-s-road-running-shoes-black-grey-4327281
WHITE LINEN SHIRT,F2 - Fashion and Freedom,Women > Clothing > Tops,41.32,41.32,https://www.zalora.com.ph/p/f2-fashion-and-freedom-white-linen-shirt-white-3109178
WOMEN'S COTTON LIFESTYLE PRINTED SHORT SLEEVE T-SHIRT,TRITONI,Women > Clothing > Tops > T-Shirts,31.02,31.02,https://www.zalora.com.ph/p/tritoni-women-s-cotton-lifestyle-printed-short-sleeve-t-shirt-red-3708393
Waffle T-Shirt,GRIMELANGE,Men > Clothing > T-Shirts > Short Sleeves,15.74,38.67,https://www.zalora.com.ph/p/grimelange-waffle-t-shirt-green-3532650
Wata II Low Canvas Sneakers,Veja,Women > Shoes > Sneakers,137.13,137.13,https://www.zalora.com.ph/p/veja-wata-ii-low-canvas-sneakers-white-3087775
Water Repellent Belted Quilted Coat,Trendyol,Women > Clothing > Jackets & Coats > Coats,32.73,106.91,https://www.zalora.com.ph/p/trendyol-water-repellent-belted-quilted-coat-black-3574546
Water Repellent Hooded Long Coat,DeFacto,Women > Clothing > Jackets & Coats > Coats,82.77,236.7,https://www.zalora.com.ph/p/defacto-water-repellent-hooded-long-coat-black-3732361
Water Repellent Jacket with Pockets for Men,Umbro,Sports > Men's Sports > Clothing > Outerwear & Hoodies,37.53,37.53,https://www.zalora.com.ph/p/umbro-water-repellent-jacket-with-pockets-for-men-black-3627075
Wave Bodice,St MRLO,Women > Clothing > Tops,42.43,42.43,https://www.zalora.com.ph/p/st-mrlo-wave-bodice-green-2747096
Wave Medal 8 81GA258211 Table Tennis Shoes Sports Shoes,Mizuno,Men > Sports > Footwear > Training and Fitness,77.05,96.32,https://www.zalora.com.ph/p/mizuno-wave-medal-8-81ga258211-table-tennis-shoes-sports-shoes-white-4215196
Wave Medal 8 81GA258212 Table Tennis Shoes Sports Shoes,Mizuno,Men > Sports > Footwear > Training and Fitness,92.56,102.85,https://www.zalora.com.ph/p/mizuno-wave-medal-8-81ga258212-table-tennis-shoes-sports-shoes-black-white-4175133
Wave Medal Boa 81GA201231 Table Tennis Shoes,Mizuno,Men > Sports > Footwear > Others,86.85,124.07,https://www.zalora.com.ph/p/mizuno-wave-medal-boa-81ga201231-table-tennis-shoes-white-3918968
Wave Momentum 3 V1GA231297 Volleyball Shoes,Mizuno,Women > Shoes > Sports Shoes,90.11,150.19,https://www.zalora.com.ph/p/mizuno-wave-momentum-3-v1ga231297-volleyball-shoes-multi-3818444
Wave Motion Trainer,Converse,Women > Shoes > Sneakers,116.48,116.48,https://www.zalora.com.ph/p/converse-wave-motion-trainer-beige-4251265
Wave Motion Trainers,Converse,Women > Shoes > Sneakers,110.93,110.93,https://www.zalora.com.ph/p/converse-wave-motion-trainers-multi-4276334
Wave Motion Trainers,Converse,Women > Shoes > Sneakers,110.93,110.93,https://www.zalora.com.ph/p/converse-wave-motion-trainers-black-4276321
Wave Rider 10 Sport Unisex Harbor Mist/Black/Fig,Mizuno,Women > Sports > Footwear > Running Shoes,156.56,156.56,https://www.zalora.com.ph/p/mizuno-wave-rider-10-sport-unisex-harbor-mist-black-fig-white-4257170
Wave Rider 10 Sport Unisex Snow White/Black/Slate,Mizuno,Women > Sports > Footwear > Running Shoes,156.56,156.56,https://www.zalora.com.ph/p/mizuno-wave-rider-10-sport-unisex-snow-white-black-slate-white-4257168
Wave Rider 27 Men MZRN J1GC230306 Men's Running Shoes Walking Casual Shoes,Mizuno,Men > Sports > Footwear > Running Shoes,130.6,130.6,https://www.zalora.com.ph/p/mizuno-wave-rider-27-men-mzrn-j1gc230306-men-s-running-shoes-walking-casual-shoes-white-3974100
Wells Penny Loafers,Sperry,Women > Shoes > Flats > Loafers & Boat Shoes,102.77,102.77,https://www.zalora.com.ph/p/sperry-wells-penny-loafers-black-3477716
Wezan Skirt Blue,THE LOUNGE EDIT,Women > Clothing > Skirts > Midi Skirts,25.71,25.71,https://www.zalora.com.ph/p/the-lounge-edit-wezan-skirt-blue-blue-2603099
Whatisadam03 Sneakers,ALDO,Men > Shoes > Sneakers,54.39,123.07,https://www.zalora.com.ph/p/aldo-whatisadam03-sneakers-multi-4008837
Whiddon Step Black,Clarks,Men > Shoes > Formal,129.78,129.78,https://www.zalora.com.ph/p/clarks-whiddon-step-black-black-3689289
Whirl Sneakers,ALDO,Men > Shoes > Sneakers,93.05,102.77,https://www.zalora.com.ph/p/aldo-whirl-sneakers-grey-4259689
Whispers Of Petals Comfy Heels,My Ballerine,Women > Shoes > Heels > Open Toes,81.45,110.18,https://www.zalora.com.ph/p/my-ballerine-whispers-of-petals-comfy-heels-pink-3706185
White Button Up Blouse,SST&C,Women > Clothing > Tops > Blouses,71.7,71.7,https://www.zalora.com.ph/p/sst-c-white-button-up-blouse-white-3578608
White Classic Fit Trousers,SST&C,Women > Clothing > Pants & Leggings,76.65,76.65,https://www.zalora.com.ph/p/sst-c-white-classic-fit-trousers-white-3713196
White Flexi Cloud Buckled Sandals,Carlo Rino,Women > Shoes > Sandals > Flat Sandals,31.34,62.67,https://www.zalora.com.ph/p/carlo-rino-white-flexi-cloud-buckled-sandals-white-4294377
White Laser Cut Mary Jane Women's Ballerina Babet Takss25Be00037,Trendyol,Women > Shoes > Flats > Ballerinas,25.84,34.43,https://www.zalora.com.ph/p/trendyol-white-laser-cut-mary-jane-women-s-ballerina-babet-takss25be00037-white-3990259
White Midi Dress,F2 - Fashion and Freedom,Women > Clothing > Dresses,128.3,128.3,https://www.zalora.com.ph/p/f2-fashion-and-freedom-white-midi-dress-white-3109180
White Pump Sandals,London Rag,Women > Shoes > Heels > Pumps,29.37,53.37,https://www.zalora.com.ph/p/london-rag-white-pump-sandals-white-3391262
White Rhinestone Laced Sneakers,London Rag,Women > Shoes > Sneakers,37.86,50.43,https://www.zalora.com.ph/p/london-rag-white-rhinestone-laced-sneakers-white-3194744
White Side-seam Slim Fit Stretch Chinos,SST&C,Men > Clothing > Pants > Casual,86.26,86.26,https://www.zalora.com.ph/p/sst-c-white-side-seam-slim-fit-stretch-chinos-white-3722641
White Women'S Slippers 21323,Soho,Women > Shoes > Sandals,19.92,26.43,https://www.zalora.com.ph/p/soho-white-women-s-slippers-21323-white-4277431
White Women's Sandals 20331,Soho,Women > Shoes > Sandals,36.54,65.77,https://www.zalora.com.ph/p/soho-white-women-s-sandals-20331-white-3991706
White Women's Sneaker 20414,Soho,Women > Shoes > Sneakers,45.61,55.65,https://www.zalora.com.ph/p/soho-white-women-s-sneaker-20414-white-3991731
White Women's Sneaker 20772,Soho,Women > Shoes > Sneakers,37.51,42.59,https://www.zalora.com.ph/p/soho-white-women-s-sneaker-20772-white-3991791
White&Black Everyday Sneakers,London Rag,Women > Shoes > Sneakers,37.2,49.29,https://www.zalora.com.ph/p/london-rag-white-black-everyday-sneakers-black-silver-3432065
White-Black Women's Sneaker 20414,Soho,Women > Shoes > Sneakers,37.89,59.9,https://www.zalora.com.ph/p/soho-white-black-women-s-sneaker-20414-white-3991450
White-Black-Powder Women's Sneaker 20413,Soho,Women > Shoes > Sneakers,57.5,62.02,https://www.zalora.com.ph/p/soho-white-black-powder-women-s-sneaker-20413-white-3991318
Wide Collar Satin Button Blouse,Hopeshow,Women > Clothing > Tops > Blouses,36.55,36.55,https://www.zalora.com.ph/p/hopeshow-wide-collar-satin-button-blouse-beige-2377872
Wide High Waist Jeans,H&M,Women > Clothing > Jeans,29.22,29.22,https://www.zalora.com.ph/p/hm-wide-high-waist-jeans-blue-3745008
Wide Leg Jeans,Trendyol,Women > Clothing > Jeans,40.8,44.88,https://www.zalora.com.ph/p/trendyol-wide-leg-jeans-blue-3475020
Wide Legs Sweatpants,KOTON,Women > Clothing > Pants & Leggings > Wide-legged Pants,19.36,30.18,https://www.zalora.com.ph/p/koton-wide-legs-sweatpants-black-3773114
Wide Pocket Denim Jacket,Happiness Istanbul,Women > Clothing > Jackets & Coats > Denim Jackets,30.76,58.59,https://www.zalora.com.ph/p/happiness-istanbul-wide-pocket-denim-jacket-blue-3510754
Wide braided jeans,H&M,Women > Clothing > Pants & Leggings,56.97,56.97,https://www.zalora.com.ph/p/hm-wide-braided-jeans-white-3631389
Wide trousers,H&M,Women > Clothing > Pants & Leggings,22.69,32.49,https://www.zalora.com.ph/p/hm-wide-trousers-beige-3304564
Wide trousers,H&M,Women > Clothing > Pants & Leggings,22.69,32.49,https://www.zalora.com.ph/p/hm-wide-trousers-green-2893762
Wide-Leg Jumpsuit With Lace-Trimmed Back,Saturday Club,Women > Clothing > Playsuits & Jumpsuits,51.41,51.41,https://www.zalora.com.ph/p/saturday-club-wide-leg-jumpsuit-with-lace-trimmed-back-brown-orange-1618691
William Wash Polo Shirt,Jack & Jones,Men > Clothing > Polos,15.95,43.24,https://www.zalora.com.ph/p/jack-jones-william-wash-polo-shirt-brown-3656120
Willow Women's Sandals,Jordan,Sports > Women's Sports > Footwear > Other Footwear,53.79,53.79,https://www.zalora.com.ph/p/jordan-willow-women-s-sandals-white-4251086
Window Detail and Crew Neck Mini Linen Dress,KOTON,Women > Clothing > Dresses > Summer Dresses,33.94,33.94,https://www.zalora.com.ph/p/koton-window-detail-and-crew-neck-mini-linen-dress-black-3759874
Windward Logo T-Shirt,Petrol Industries,Men > Clothing > T-Shirts > Short Sleeves,10.0,29.75,https://www.zalora.com.ph/p/petrol-industries-windward-logo-t-shirt-brown-3729854
Winter Bow Mid Heels,Happy2U,Women > Shoes > Heels > Mid Heels,37.53,53.69,https://www.zalora.com.ph/p/happy2u-winter-bow-mid-heels-pink-4009791
Winter Bow Mid Heels,Happy2U,Women > Shoes > Heels > Mid Heels,37.53,53.69,https://www.zalora.com.ph/p/happy2u-winter-bow-mid-heels-black-4009806
Woman Dress,Terranova,Women > Clothing > Dresses > Maxi Dresses,13.04,13.04,https://www.zalora.com.ph/p/terranova-woman-dress-green-3715837
Woman Long Pants,Terranova,Women > Clothing > Pants & Leggings > Skinny Pants,19.57,19.57,https://www.zalora.com.ph/p/terranova-woman-long-pants-black-3722088
Woman Long Pants Jeans,Terranova,Women > Clothing > Jeans,26.1,26.1,https://www.zalora.com.ph/p/terranova-woman-long-pants-jeans-blue-3731439
Woman Long Pants Jeans Denim,Terranova,Women > Clothing > Jeans,26.04,26.04,https://www.zalora.com.ph/p/terranova-woman-long-pants-jeans-denim-black-3764227
Woman Long-sleeved T-shirt,Terranova,Women > Clothing > Plus Size > Plus Size Tops,21.14,21.14,https://www.zalora.com.ph/p/terranova-woman-long-sleeved-t-shirt-red-3692461
Woman Short Leggings,Terranova,Women > Clothing > Pants & Leggings > Leggings,10.0,10.0,https://www.zalora.com.ph/p/terranova-woman-short-leggings-white-3715842
Woman Short-Sleeved T-Shirt,Terranova,Women > Clothing > Tops > T-Shirts,10.0,10.0,https://www.zalora.com.ph/p/terranova-woman-short-sleeved-t-shirt-blue-3714165
Woman Short-Sleeved T-Shirt,Terranova,Women > Clothing > Tops > T-Shirts,10.0,10.0,https://www.zalora.com.ph/p/terranova-woman-short-sleeved-t-shirt-white-3718136
Woman Short-Sleeved T-Shirt,Terranova,Women > Clothing > Tops > T-Shirts,10.0,10.0,https://www.zalora.com.ph/p/terranova-woman-short-sleeved-t-shirt-black-3718139
Woman Short-Sleeved T-Shirt,Terranova,Women > Clothing > Tops > T-Shirts,10.0,10.0,https://www.zalora.com.ph/p/terranova-woman-short-sleeved-t-shirt-blue-3719794
Woman Short-Sleeved T-Shirt,Terranova,Women > Clothing > Tops > T-Shirts,11.41,11.41,https://www.zalora.com.ph/p/terranova-woman-short-sleeved-t-shirt-black-3714115
Woman Short-Sleeved T-Shirt,Terranova,Women > Clothing > Tops > T-Shirts,10.0,10.0,https://www.zalora.com.ph/p/terranova-woman-short-sleeved-t-shirt-blue-3719791
Woman Short-Sleeved T-Shirt,Terranova,Women > Clothing > Tops > T-Shirts,10.0,10.0,https://www.zalora.com.ph/p/terranova-woman-short-sleeved-t-shirt-red-3714508
Woman Short-sleeved T-shirt,Terranova,Women > Clothing > Tops > T-Shirts,10.0,10.0,https://www.zalora.com.ph/p/terranova-woman-short-sleeved-t-shirt-green-3714827
Woman Top,Terranova,Women > Clothing > Tops > Sleeveless,10.0,10.0,https://www.zalora.com.ph/p/terranova-woman-top-blue-3720049
Woman Top,Terranova,Women > Clothing > Tops > Sleeveless,10.0,10.0,https://www.zalora.com.ph/p/terranova-woman-top-white-3722149
Woman's Calista Wedge Sandals,ALBERTO,Women > Shoes > Wedges > Wedge Sandals,27.74,27.74,https://www.zalora.com.ph/p/alberto-woman-s-calista-wedge-sandals-brown-3704442
Woman's Dress,Terranova,Women > Clothing > Dresses > Mini Dresses,23.65,23.65,https://www.zalora.com.ph/p/terranova-woman-s-dress-grey-3538352
Woman's Full-Length Gym Pants,Terranova,Women > Clothing > Pants & Leggings > Straight Leg Pants,14.68,14.68,https://www.zalora.com.ph/p/terranova-woman-s-full-length-gym-pants-black-3542417
Woman's Long-sleeved Shirt,Terranova,Women > Clothing > Tops > Shirts,22.84,22.84,https://www.zalora.com.ph/p/terranova-woman-s-long-sleeved-shirt-green-3567778
Woman's Sweater 3-5,Terranova,Women > Clothing > Hoodies & Sweatshirts,19.57,19.57,https://www.zalora.com.ph/p/terranova-woman-s-sweater-3-5-beige-3545666
Women A-EBUFFER 15 Lite Training Runnign Shoes Mesh Breathable Soft Sole Sports shoes 1226B7713,Anta,Women > Sports > Footwear > Running Shoes,52.16,52.16,https://www.zalora.com.ph/p/anta-women-a-ebuffer-15-lite-training-runnign-shoes-mesh-breathable-soft-sole-sports-shoes-1226b7713-green-4257311
Women Casual Fashion Boots - 260180124,Noveni,Women > Shoes > Boots,29.37,29.37,https://www.zalora.com.ph/p/noveni-women-casual-fashion-boots-260180124-black-4191659
Women Fashion Heels - 240290167,Noveni,Women > Shoes > Heels,31.0,31.0,https://www.zalora.com.ph/p/noveni-women-fashion-heels-240290167-black-3346977
Women Fashion Heels - 250190182,Noveni,Women > Shoes > Heels,29.37,29.37,https://www.zalora.com.ph/p/noveni-women-fashion-heels-250190182-black-3684536
Women Fashion Heels - 250190192,Noveni,Women > Shoes > Heels,26.1,26.1,https://www.zalora.com.ph/p/noveni-women-fashion-heels-250190192-black-3699705
Women Faux Leather Strap Fashion Wedges - 240280099,Noveni,Women > Shoes > Sandals,18.76,18.76,https://www.zalora.com.ph/p/noveni-women-faux-leather-strap-fashion-wedges-240280099-white-3331150
Women Faux Leather Strap Fashion Wedges - 240280100,Noveni,Women > Shoes > Sandals,18.76,18.76,https://www.zalora.com.ph/p/noveni-women-faux-leather-strap-fashion-wedges-240280100-white-3331149
Women Lace up Knitted Lifestyle Sneakers - 240181008,Louis Cuppers,Women > Shoes > Sports Shoes,31.0,31.0,https://www.zalora.com.ph/p/louis-cuppers-women-lace-up-knitted-lifestyle-sneakers-240181008-black-3247711
Women Lace up Knitted Lifestyle Sneakers - 240181009,Louis Cuppers,Women > Shoes > Sports Shoes,29.37,29.37,https://www.zalora.com.ph/p/louis-cuppers-women-lace-up-knitted-lifestyle-sneakers-240181009-black-3247715
Women Lace up Knitted Lifestyle Sneakers - 240181010,Louis Cuppers,Women > Shoes > Sports Shoes,31.0,31.0,https://www.zalora.com.ph/p/louis-cuppers-women-lace-up-knitted-lifestyle-sneakers-240181010-black-3247712
Women Platform Heel Loafers - 260180121,Noveni,Women > Shoes > Flats,26.1,26.1,https://www.zalora.com.ph/p/noveni-women-platform-heel-loafers-260180121-black-4218413
Women Sling Back Faux Leather Strap Casual Sandals - 230471224,Louis Cuppers,Women > Shoes > Sandals,26.1,26.1,https://www.zalora.com.ph/p/louis-cuppers-women-sling-back-faux-leather-strap-casual-sandals-230471224-black-3164621
Women Sling Back Faux Leather Strap Casual Sandals - 230471224,Louis Cuppers,Women > Shoes > Sandals,26.1,26.1,https://www.zalora.com.ph/p/louis-cuppers-women-sling-back-faux-leather-strap-casual-sandals-230471224-brown-3164617
Women Slip On Casual Flats - 240392024,Louis Cuppers,Women > Shoes > Slip-Ons,24.47,24.47,https://www.zalora.com.ph/p/louis-cuppers-women-slip-on-casual-flats-240392024-black-3433709
Women Slip On Casual Flats - 240460375,Noveni,Women > Shoes > Flats,26.1,26.1,https://www.zalora.com.ph/p/noveni-women-slip-on-casual-flats-240460375-black-3548915
Women Slip On Casual Sandals - 240470223,Noveni,Women > Shoes > Slip-Ons,20.39,20.39,https://www.zalora.com.ph/p/noveni-women-slip-on-casual-sandals-240470223-black-3548969
Women Slip On Casual Sandals - 240470224,Noveni,Women > Shoes > Slip-Ons,20.39,20.39,https://www.zalora.com.ph/p/noveni-women-slip-on-casual-sandals-240470224-multi-3548979
Women Slip On Casual Sandals - 240471252,Louis Cuppers,Women > Shoes > Slip-Ons,24.47,24.47,https://www.zalora.com.ph/p/louis-cuppers-women-slip-on-casual-sandals-240471252-black-3548904
Women Slip On Casual Sandals - 250171261,Louis Cuppers,Women > Shoes > Sandals,20.39,20.39,https://www.zalora.com.ph/p/louis-cuppers-women-slip-on-casual-sandals-250171261-orange-3684500
Women Slip On Casual Sandals - 250171263,Louis Cuppers,Women > Shoes > Sandals,24.47,24.47,https://www.zalora.com.ph/p/louis-cuppers-women-slip-on-casual-sandals-250171263-brown-3684511
Women Slip On Casual Sandals - 250171265,Louis Cuppers,Women > Shoes > Sandals,24.47,24.47,https://www.zalora.com.ph/p/louis-cuppers-women-slip-on-casual-sandals-250171265-black-3684512
Women Slip On Casual Sandals - 250171266,Louis Cuppers,Women > Shoes > Sandals,24.47,24.47,https://www.zalora.com.ph/p/louis-cuppers-women-slip-on-casual-sandals-250171266-orange-3684493
Women Slip On Casual Sandals - 260170233,Noveni,Women > Shoes > Sandals,27.74,27.74,https://www.zalora.com.ph/p/noveni-women-slip-on-casual-sandals-260170233-black-4191807
Women Slip On Casual Sandals - 260181028,Louis Cuppers,Women > Shoes > Sandals,24.47,24.47,https://www.zalora.com.ph/p/louis-cuppers-women-slip-on-casual-sandals-260181028-black-4191537
Women Slip On Casual Wedges Sandals - 230471226,Louis Cuppers,Women > Shoes > Sandals,24.47,24.47,https://www.zalora.com.ph/p/louis-cuppers-women-slip-on-casual-wedges-sandals-230471226-black-3164627
Women Slip On Faux Leather Fashion Heels - 240370214,Noveni,Women > Shoes > Slip-Ons,20.39,20.39,https://www.zalora.com.ph/p/noveni-women-slip-on-faux-leather-fashion-heels-240370214-brown-3433734
Women Slip On Faux Leather Fashion Heels - 240370214,Noveni,Women > Shoes > Slip-Ons,20.39,20.39,https://www.zalora.com.ph/p/noveni-women-slip-on-faux-leather-fashion-heels-240370214-black-3433756
Women Slip On Laser Cut Casual Wedges - 230471228,Louis Cuppers,Women > Shoes > Wedges > Wedge Sandals,24.47,24.47,https://www.zalora.com.ph/p/louis-cuppers-women-slip-on-laser-cut-casual-wedges-230471228-black-3165241
Women Slip on Fashion Heels - 240490176,Noveni,Women > Shoes > Heels,26.1,26.1,https://www.zalora.com.ph/p/noveni-women-slip-on-fashion-heels-240490176-silver-3548924
Women Slip on Fashion Heels - 240490181,Noveni,Women > Shoes > Heels,29.37,29.37,https://www.zalora.com.ph/p/noveni-women-slip-on-fashion-heels-240490181-black-3548940
Women Slip-on Casual Strap Sandals - 240271237,Louis Cuppers,Women > Shoes > Wedges,24.47,24.47,https://www.zalora.com.ph/p/louis-cuppers-women-slip-on-casual-strap-sandals-240271237-beige-3331162
Women's  Catalina One-Band Platform Sandals,Moleca,Women > Shoes > Wedges > Wedge Sandals,26.1,26.1,https://www.zalora.com.ph/p/moleca-women-s-catalina-one-band-platform-sandals-black-4160863
Women's  Nadine Slingback Heels Shoes,Moleca,Women > Shoes > Heels > Mid Heels,35.9,35.9,https://www.zalora.com.ph/p/moleca-women-s-nadine-slingback-heels-shoes-black-4173837
Women's Alessia Slip-on Sandals,ALBERTO,Women > Shoes > Sandals > Flat Sandals,24.47,24.47,https://www.zalora.com.ph/p/alberto-women-s-alessia-slip-on-sandals-black-4073530
Women's Amirah Flat Sandals,ALBERTO,Women > Shoes > Sandals > Flat Sandals,21.21,21.21,https://www.zalora.com.ph/p/alberto-women-s-amirah-flat-sandals-brown-3709980
Women's Anniela Slip-on Sandals,ALBERTO,Women > Shoes > Sandals > Flat Sandals,24.47,24.47,https://www.zalora.com.ph/p/alberto-women-s-anniela-slip-on-sandals-brown-4151917
Women's Avery Mary Jane Sneakers - Mocha Mousse (26S00502),Sperry,Women > Shoes > Sneakers,86.44,86.44,https://www.zalora.com.ph/p/sperry-women-s-avery-mary-jane-sneakers-mocha-mousse-26s00502-beige-4329005
Women's Axle Suede Mule in Sepia/Dark Cocoa,Crocs,Women > Shoes > Slip-Ons,81.54,81.54,https://www.zalora.com.ph/p/crocs-women-s-axle-suede-mule-in-sepia-dark-cocoa-multi-4345742
Women's Ballet Flats LX 26284 Black C49,Mario D' boro Runway,Women > Shoes > Flats > Ballerinas,26.12,26.12,https://www.zalora.com.ph/p/mario-d-boro-runway-women-s-ballet-flats-lx-26284-black-c49-black-3308996
Women's Ballet Flats LX 27722 Black C61,Mario D' boro Runway,Women > Shoes > Flats > Ballerinas,32.65,32.65,https://www.zalora.com.ph/p/mario-d-boro-runway-women-s-ballet-flats-lx-27722-black-c61-black-3621673
Women's Ballet Flats LY 26926 Bone C67,Mario D' boro Runway,Women > Shoes > Flats > Ballerinas,31.0,31.0,https://www.zalora.com.ph/p/mario-d-boro-runway-women-s-ballet-flats-ly-26926-bone-c67-white-3727783
Women's Ballet Flats LY 29276 Beige C79,Mario D' boro Runway,Women > Shoes > Flats > Ballerinas,35.9,35.9,https://www.zalora.com.ph/p/mario-d-boro-runway-women-s-ballet-flats-ly-29276-beige-c79-beige-4090313
Women's Baseshot 224 1 Sneakers,Lacoste,Women > Sports > Footwear > Sneakers,97.13,97.13,https://www.zalora.com.ph/p/lacoste-women-s-baseshot-224-1-sneakers-beige-3622101
Women's Baseshot 225 4 Sneakers,Lacoste,Women > Sports > Footwear > Sneakers,73.71,105.3,https://www.zalora.com.ph/p/lacoste-women-s-baseshot-225-4-sneakers-brown-4064160
Women's Baseshot EVO 125 1 Sneakers,Lacoste,Women > Sports > Footwear > Sneakers,67.99,97.13,https://www.zalora.com.ph/p/lacoste-women-s-baseshot-evo-125-1-sneakers-white-3749698
Women's Baseshot Pro 225 6 Sneakers,Lacoste,Women > Sports > Footwear > Sneakers,84.24,105.3,https://www.zalora.com.ph/p/lacoste-women-s-baseshot-pro-225-6-sneakers-white-4123916
Women's Bayside Casual Loafers - Taupe (24F003720),Sperry,Women > Shoes > Flats > Loafers & Boat Shoes,102.77,102.77,https://www.zalora.com.ph/p/sperry-women-s-bayside-casual-loafers-taupe-24f003720-brown-4195723
Women's Belly Flat Sandals,ALBERTO,Women > Shoes > Sandals > Flat Sandals,24.47,24.47,https://www.zalora.com.ph/p/alberto-women-s-belly-flat-sandals-beige-4190504
Women's Bermuda Beach Leather Sneakers - White (L10400679),Sperry,Women > Shoes > Sneakers,70.12,70.12,https://www.zalora.com.ph/p/sperry-women-s-bermuda-beach-leather-sneakers-white-l10400679-white-4183548
Women's Black Boots - Model 19956,Soho,Women > Shoes > Boots > Heeled Boots,92.63,103.32,https://www.zalora.com.ph/p/soho-women-s-black-boots-model-19956-black-3991474
Women's Black Zipper And Lace Detailed Boots Takaw25Bo00025,Trendyol,Women > Shoes > Boots > Long Boots,54.33,60.88,https://www.zalora.com.ph/p/trendyol-women-s-black-zipper-and-lace-detailed-boots-takaw25bo00025-black-3990083
Women's Bliss Platform Sandals,Moleca,Women > Shoes > Sandals > Flat Sandals,31.0,31.0,https://www.zalora.com.ph/p/moleca-women-s-bliss-platform-sandals-white-4016939
Women's Classic Ultra Mini - Chestnut (1116109-CHE),UGG,Women > Shoes > Boots,167.8,167.8,https://www.zalora.com.ph/p/ugg-women-s-classic-ultra-mini-chestnut-1116109-che-brown-3554384
Women's Classic Ultra Mini - Sand (1116109-SAN),UGG,Women > Shoes > Boots,167.8,167.8,https://www.zalora.com.ph/p/ugg-women-s-classic-ultra-mini-sand-1116109-san-brown-3554394
Women's Classic Wedge Heels,Trendyol,Women > Shoes > Wedges > Wedge Pumps,50.3,57.94,https://www.zalora.com.ph/p/trendyol-women-s-classic-wedge-heels-black-4294023
Women's Club-Low 126 5 Leather Sneakers,Lacoste,Women > Sports > Footwear > Sneakers,129.78,129.78,https://www.zalora.com.ph/p/lacoste-women-s-club-low-126-5-leather-sneakers-white-4188912
Women's College Pumps LY 28509 Black C68,Mario D' boro Runway,Women > Shoes > Heels > Pumps,29.37,29.37,https://www.zalora.com.ph/p/mario-d-boro-runway-women-s-college-pumps-ly-28509-black-c68-black-3785814
Women's College Pumps LY 28629 Black C73 C74 C90 C94,Mario D' boro Runway,Women > Shoes > Heels > Pumps,31.0,31.0,https://www.zalora.com.ph/p/mario-d-boro-runway-women-s-college-pumps-ly-28629-black-c73-c74-c90-c94-black-3870177
Women's Comfort Foam Insoles,Piccadilly,Women > Shoes > Shoes Accessories,10.0,10.0,https://www.zalora.com.ph/p/piccadilly-women-s-comfort-foam-insoles-beige-3141902
Women's Coreen Slip-on Sandals,ALBERTO,Women > Shoes > Sandals > Flat Sandals,29.37,29.37,https://www.zalora.com.ph/p/alberto-women-s-coreen-slip-on-sandals-white-4152382
Women's Crest Vibe Washable Leather Sneakers - Navy (STS82400),Sperry,Women > Shoes > Sneakers,74.93,74.93,https://www.zalora.com.ph/p/sperry-women-s-crest-vibe-washable-leather-sneakers-navy-sts82400-navy-4195724
Women's Cross City Trainer Leather/Mesh Sneaker White (WF68266),Keds,Women > Shoes > Sneakers,57.06,81.54,https://www.zalora.com.ph/p/keds-women-s-cross-city-trainer-leather-mesh-sneaker-white-wf68266-beige-4257239
Women's D Genziana Mid B Heeled Sandals,GEOX,Women > Shoes > Heels > Mid Heels,204.05,204.05,https://www.zalora.com.ph/p/geox-women-s-d-genziana-mid-b-heeled-sandals-black-3738205
Women's D Jaylon 2 Shoes,GEOX,Women > Shoes > Flats > Loafers & Boat Shoes,227.23,227.23,https://www.zalora.com.ph/p/geox-women-s-d-jaylon-2-shoes-brown-4024612
Women's D Spherica Ec1 A - Tumb.Lea Shoes,GEOX,Women > Shoes > Flats > Loafers & Boat Shoes,215.47,215.47,https://www.zalora.com.ph/p/geox-women-s-d-spherica-ec1-a-tumb-lea-shoes-beige-4272157
Women's Evening Sandals LY 29666 Maroon C89,Mario D' boro Runway,Women > Shoes > Heels > High Heels,39.16,39.16,https://www.zalora.com.ph/p/mario-d-boro-runway-women-s-evening-sandals-ly-29666-maroon-c89-red-4207021
Women's Flats Sandals LX 26368 Black C49,Mario D' boro Runway,Women > Shoes > Sandals > Flat Sandals,29.38,29.38,https://www.zalora.com.ph/p/mario-d-boro-runway-women-s-flats-sandals-lx-26368-black-c49-black-3310237
Women's Flats Sandals LX 27342 Black C54,Mario D' boro Runway,Women > Shoes > Sandals > Flat Sandals,24.48,24.48,https://www.zalora.com.ph/p/mario-d-boro-runway-women-s-flats-sandals-lx-27342-black-c54-black-3478436
Women's Flats Sandals LY 27144 Bone C65 C74,Mario D' boro Runway,Women > Shoes > Sandals > Flat Sandals,34.27,34.27,https://www.zalora.com.ph/p/mario-d-boro-runway-women-s-flats-sandals-ly-27144-bone-c65-c74-beige-3708304
Women's Flats Shoes LV 22227 Black C29 C74 C54,Mario D' boro Runway,Women > Shoes > Flats > Ballerinas,22.85,22.85,https://www.zalora.com.ph/p/mario-d-boro-runway-women-s-flats-shoes-lv-22227-black-c29-c74-c54-black-2603152
Women's Getaway Glimmer Triangle Flip in Dark Cocoa,Crocs,Women > Shoes > Flip-Flops,44.65,44.65,https://www.zalora.com.ph/p/crocs-women-s-getaway-glimmer-triangle-flip-in-dark-cocoa-brown-4346876
Women's Getaway Strappy in Blush,Crocs,Women > Shoes > Sandals,48.89,48.89,https://www.zalora.com.ph/p/crocs-women-s-getaway-strappy-in-blush-pink-4345083
Women's Getaway Strappy in Stucco,Crocs,Women > Shoes > Sandals,48.89,48.89,https://www.zalora.com.ph/p/crocs-women-s-getaway-strappy-in-stucco-white-3817767
Women's Heeled Sandals LX 26663 Beige C51 C58 C76 C80,Mario D' boro Runway,Women > Shoes > Heels > Mid Heels,31.01,31.01,https://www.zalora.com.ph/p/mario-d-boro-runway-women-s-heeled-sandals-lx-26663-beige-c51-c58-c76-c80-beige-3419203
Women's Heeled Sandals LX 27425 Navy Blue C56 C67,Mario D' boro Runway,Women > Shoes > Heels > Mid Heels,27.75,27.75,https://www.zalora.com.ph/p/mario-d-boro-runway-women-s-heeled-sandals-lx-27425-navy-blue-c56-c67-navy-3506436
Women's Heeled Sandals LY 28048 Black C67,Mario D' boro Runway,Women > Shoes > Heels > Platforms,39.16,39.16,https://www.zalora.com.ph/p/mario-d-boro-runway-women-s-heeled-sandals-ly-28048-black-c67-black-3730012
Women's Heeled Sandals LY 28145 Black C65,Mario D' boro Runway,Women > Shoes > Heels > Mid Heels,35.9,35.9,https://www.zalora.com.ph/p/mario-d-boro-runway-women-s-heeled-sandals-ly-28145-black-c65-black-3708923
Women's Heeled Sandals LY 29479 - VDark Brown C86,Mario D' boro Runway,Women > Shoes > Heels > Mid Heels,35.9,35.9,https://www.zalora.com.ph/p/mario-d-boro-runway-women-s-heeled-sandals-ly-29479-vdark-brown-c86-brown-4160793
Women's Heeled Sandals LY 29483 - Old Rose C86,Mario D' boro Runway,Women > Shoes > Heels > Mid Heels,35.9,35.9,https://www.zalora.com.ph/p/mario-d-boro-runway-women-s-heeled-sandals-ly-29483-old-rose-c86-pink-4160796
Women's Jacky Casual Sneakers,Piccadilly,Women > Shoes > Sneakers,57.12,57.12,https://www.zalora.com.ph/p/piccadilly-women-s-jacky-casual-sneakers-white-4060516
Women's Jenny Casual Sneakers,Piccadilly,Women > Shoes > Sneakers,62.02,62.02,https://www.zalora.com.ph/p/piccadilly-women-s-jenny-casual-sneakers-white-4086897
Women's Jolene Maxi Dress 001HS-0001,Levi's,Women > Clothing > Dresses > Maxi Dresses,57.12,57.12,https://www.zalora.com.ph/p/levi-s-women-s-jolene-maxi-dress-001hs-0001-blue-3761755
Women's Journey Casual Sneakers,Piccadilly,Women > Shoes > Sneakers,48.96,48.96,https://www.zalora.com.ph/p/piccadilly-women-s-journey-casual-sneakers-white-4086890
Women's Kaori Sandals Platform,Moleca,Women > Shoes > Heels > Platforms,35.9,35.9,https://www.zalora.com.ph/p/moleca-women-s-kaori-sandals-platform-brown-4086924
Women's Kellen Sneakers,ALBERTO,Women > Shoes > Sneakers,24.47,24.47,https://www.zalora.com.ph/p/alberto-women-s-kellen-sneakers-white-3748795
Women's Kenzy Platform Sandals,Moleca,Women > Shoes > Sandals > Flat Sandals,24.47,24.47,https://www.zalora.com.ph/p/moleca-women-s-kenzy-platform-sandals-white-4016956
Women's Khloe Ballerina Shoes,Moleca,Women > Shoes > Flats > Ballerinas,22.84,22.84,https://www.zalora.com.ph/p/moleca-women-s-khloe-ballerina-shoes-white-4232090
Women's Kokomo LTT Canvas Sneakers - Light Pink (L10409951),Sperry,Women > Shoes > Sneakers,70.12,70.12,https://www.zalora.com.ph/p/sperry-women-s-kokomo-ltt-canvas-sneakers-light-pink-l10409951-pink-4183542
Women's Kolyn Platform Sandals,Moleca,Women > Shoes > Sandals > Flat Sandals,32.63,32.63,https://www.zalora.com.ph/p/moleca-women-s-kolyn-platform-sandals-black-4017610
Women's Korean Flats LY 27848 Black C67 C74,Mario D' boro Runway,Women > Shoes > Flats > Loafers & Boat Shoes,35.9,35.9,https://www.zalora.com.ph/p/mario-d-boro-runway-women-s-korean-flats-ly-27848-black-c67-c74-black-3728970
Women's LZ 29023 C94 Black Mary Jane shoe with strap and buckle low block heel.,Mario D' boro Runway,Women > Shoes > Heels,34.27,34.27,https://www.zalora.com.ph/p/mario-d-boro-runway-women-s-lz-29023-c94-black-mary-jane-shoe-with-strap-and-buckle-low-block-heel-black-4314736
Women's LZ 29683 C94 Black wedge heel Mary Jane shoe with ankle strap buckle.,Mario D' boro Runway,Women > Shoes > Flats > Ballerinas,34.27,34.27,https://www.zalora.com.ph/p/mario-d-boro-runway-women-s-lz-29683-c94-black-wedge-heel-mary-jane-shoe-with-ankle-strap-buckle-black-4314732
Women's Leather Slip-On Sandals,Penshoppe,Women > Shoes > Sandals > Flat Sandals,10.0,10.0,https://www.zalora.com.ph/p/penshoppe-women-s-leather-slip-on-sandals-brown-4195826
Women's Leather Slip-On Sandals,Penshoppe,Women > Shoes > Sandals > Flat Sandals,10.0,10.0,https://www.zalora.com.ph/p/penshoppe-women-s-leather-slip-on-sandals-black-4102385
Women's Loose-Fit Performance Black T-Shirt,Fitleasure,Sports > Women's Sports > Clothing > T-Shirts,48.78,135.5,https://www.zalora.com.ph/p/fitleasure-women-s-loose-fit-performance-black-t-shirt-black-3708520
Women's Maita Flats Shoes,Moleca,Women > Shoes > Flats > Ballerinas,35.9,35.9,https://www.zalora.com.ph/p/moleca-women-s-maita-flats-shoes-black-4232082
Women's Mar-Tee-Ni Break Short-Sleeve Button Polo,Peter Millar,Sports > Women's Sports > Clothing > T-Shirts,78.36,78.36,https://www.zalora.com.ph/p/peter-millar-women-s-mar-tee-ni-break-short-sleeve-button-polo-blue-3711012
Women's Metallic Rubber Slides,Penshoppe,Women > Shoes > Sandals,10.0,15.02,https://www.zalora.com.ph/p/penshoppe-women-s-metallic-rubber-slides-pink-4225950
Women's Neo Run Ace 1261 Sneakers,Lacoste,Women > Sports > Footwear > Sneakers,105.3,105.3,https://www.zalora.com.ph/p/lacoste-women-s-neo-run-ace-1261-sneakers-white-4250545
Women's Nicia Mid Heel Shoes,Moleca,Women > Shoes > Flats > Ballerinas,39.16,39.16,https://www.zalora.com.ph/p/moleca-women-s-nicia-mid-heel-shoes-brown-4232071
Women's Office Pumps LY 29349 - Black C83,Mario D' boro Runway,Women > Shoes > Heels > Pumps,39.16,39.16,https://www.zalora.com.ph/p/mario-d-boro-runway-women-s-office-pumps-ly-29349-black-c83-black-4144578
Women's Oversized Cotton Green T-Shirt,Fitleasure,Sports > Women's Sports > Clothing > T-Shirts,51.44,140.39,https://www.zalora.com.ph/p/fitleasure-women-s-oversized-cotton-green-t-shirt-green-3708526
Women's Oversized Sneaker In White 553770 WIAIH 9061,ALEXANDER MCQUEEN,Women > Shoes > Sneakers,554.3,824.58,https://www.zalora.com.ph/p/alexander-mcqueen-women-s-oversized-sneaker-in-white-553770-wiaih-9061-multi-4071358
Women's P117 Beth Flat Shoes,Piccadilly,Women > Shoes > Flats,55.49,55.49,https://www.zalora.com.ph/p/piccadilly-women-s-p117-beth-flat-shoes-black-3088170
Women's P655.14 Claudine Heeled Sandals,Piccadilly,Women > Shoes > Heels > Open Toes,60.39,60.39,https://www.zalora.com.ph/p/piccadilly-women-s-p655-14-claudine-heeled-sandals-white-3098297
Women's P739.136 Taci Pumps,Piccadilly,Women > Shoes > Heels > Pumps,48.96,48.96,https://www.zalora.com.ph/p/piccadilly-women-s-p739-136-taci-pumps-brown-3371395
Women's P749.142 Silvana Pumps,Piccadilly,Women > Shoes > Heels > Pumps,57.12,57.12,https://www.zalora.com.ph/p/piccadilly-women-s-p749-142-silvana-pumps-gold-3378269
Women's Padded Leather Band Slides,Penshoppe,Women > Shoes > Sandals,10.0,10.0,https://www.zalora.com.ph/p/penshoppe-women-s-padded-leather-band-slides-brown-4309357
Women's Palmaria Flats Shoes,GEOX,Women > Shoes > Flats > Loafers & Boat Shoes,187.72,187.72,https://www.zalora.com.ph/p/geox-women-s-palmaria-flats-shoes-white-4272163
Women's Partner 224 2 Sneakers,Lacoste,Women > Sports > Footwear > Sneakers,113.46,113.46,https://www.zalora.com.ph/p/lacoste-women-s-partner-224-2-sneakers-white-3622136
Women's Penelope Ballet Flats,Piccadilly,Women > Shoes > Flats > Ballerinas,39.16,39.16,https://www.zalora.com.ph/p/piccadilly-women-s-penelope-ballet-flats-brown-3730624
Women's Penny Ballerina Shoes,Piccadilly,Women > Shoes > Flats > Ballerinas,35.9,35.9,https://www.zalora.com.ph/p/piccadilly-women-s-penny-ballerina-shoes-black-4067756
Women's Penny Ii Flats Shoes,Piccadilly,Women > Shoes > Flats,32.63,32.63,https://www.zalora.com.ph/p/piccadilly-women-s-penny-ii-flats-shoes-black-4339457
Women's Philippa Flats Shoes,Piccadilly,Women > Shoes > Flats > Loafers & Boat Shoes,45.69,45.69,https://www.zalora.com.ph/p/piccadilly-women-s-philippa-flats-shoes-brown-4336656
Women's Pixie Ballet Flats,Piccadilly,Women > Shoes > Flats > Ballerinas,42.43,42.43,https://www.zalora.com.ph/p/piccadilly-women-s-pixie-ballet-flats-black-3730625
Women's Plain Tee,BENCH,Women > Clothing > Tops > T-Shirts,10.0,10.0,https://www.zalora.com.ph/p/bench-women-s-plain-tee-green-3687528
Women's Poliane Flats Shoes,Piccadilly,Women > Shoes > Flats,39.16,39.16,https://www.zalora.com.ph/p/piccadilly-women-s-poliane-flats-shoes-black-4339449
Women's Racer Tank A3381-0000,Levi's,Women > Clothing > Tops > Sleeveless,14.68,14.68,https://www.zalora.com.ph/p/levi-s-women-s-racer-tank-a3381-0000-white-3174423
Women's Seline Flat Sandals,Piccadilly,Women > Shoes > Sandals > Flat Sandals,39.16,39.16,https://www.zalora.com.ph/p/piccadilly-women-s-seline-flat-sandals-pink-4086909
Women's Shadow Stretch High Waisted Short (Dutch),G/FORE,Women > Sports > Clothing > Bottoms,161.62,161.62,https://www.zalora.com.ph/p/g-fore-women-s-shadow-stretch-high-waisted-short-dutch-blue-3746975
Women's Silvana Pumps,Piccadilly,Women > Shoes > Heels > Pumps,48.96,48.96,https://www.zalora.com.ph/p/piccadilly-women-s-silvana-pumps-brown-4159581
Women's Sneakers in White S58WS0109P1895 T1016,MM6 MAISON MARGIELA,Women > Shoes > Sneakers,797.66,1022.68,https://www.zalora.com.ph/p/mm6-maison-margiela-women-s-sneakers-in-white-s58ws0109p1895-t1016-white-4071370
Women's Soft Sole Slides,Penshoppe,Women > Shoes > Sandals > Flat Sandals,11.41,11.41,https://www.zalora.com.ph/p/penshoppe-women-s-soft-sole-slides-pink-4173903
Women's Sshs Lv 22132 Black C7 C9 C22 C24 C52 C70 C90 C94,Mario D' boro Runway,Women > Shoes > Heels > Pumps,24.48,24.48,https://www.zalora.com.ph/p/mario-d-boro-runway-women-s-sshs-lv-22132-black-c7-c9-c22-c24-c52-c70-c90-c94-black-2668054
Women's Starfish 1 Eye Boat Shoe - Navy (26S00102),Sperry,Women > Shoes > Flats > Loafers & Boat Shoes,89.71,89.71,https://www.zalora.com.ph/p/sperry-women-s-starfish-1-eye-boat-shoe-navy-26s00102-navy-4354864
Women's Starfish 1 Eye Boat Shoe - Tan (10429577),Sperry,Women > Shoes > Flats > Loafers & Boat Shoes,89.71,89.71,https://www.zalora.com.ph/p/sperry-women-s-starfish-1-eye-boat-shoe-tan-10429577-brown-4254454
Women's Stretch Cotton Piqué Polo Shirt,Lacoste,Women > Clothing > Tops > T-Shirts,105.3,105.3,https://www.zalora.com.ph/p/lacoste-women-s-stretch-cotton-pique-polo-shirt-red-3639534
Women's Sunfish Sandals - Cream (10428675),Sperry,Women > Shoes > Sandals > Flat Sandals,70.12,70.12,https://www.zalora.com.ph/p/sperry-women-s-sunfish-sandals-cream-10428675-beige-4273123
Women's Sunfish Sandals - Tan (10428670),Sperry,Women > Shoes > Sandals > Flat Sandals,70.12,70.12,https://www.zalora.com.ph/p/sperry-women-s-sunfish-sandals-tan-10428670-brown-4273102
Women's Suzie Flat Sandals,Piccadilly,Women > Shoes > Sandals > Flat Sandals,27.74,27.74,https://www.zalora.com.ph/p/piccadilly-women-s-suzie-flat-sandals-brown-4160752
Women's TYDAL 1234570-NVY,Sanuk,Women > Shoes > Sneakers,55.42,55.42,https://www.zalora.com.ph/p/sanuk-women-s-tydal-1234570-nvy-navy-3860535
Women's TYDAL-WHT,Sanuk,Women > Shoes > Sneakers,55.42,55.42,https://www.zalora.com.ph/p/sanuk-women-s-tydal-wht-white-3860536
Women's Talita High Heel Sandals,Piccadilly,Women > Shoes > Heels > High Heels,65.28,65.28,https://www.zalora.com.ph/p/piccadilly-women-s-talita-high-heel-sandals-white-4336683
Women's Tasman II Slipper - Pink Dawn (1174470-PDW),UGG,Women > Shoes > Slip-Ons,140.05,140.05,https://www.zalora.com.ph/p/ugg-women-s-tasman-ii-slipper-pink-dawn-1174470-pdw-pink-3959909
Women's Tayla Low Heel Sandals,Piccadilly,Women > Shoes > Heels > Low Heels,52.22,52.22,https://www.zalora.com.ph/p/piccadilly-women-s-tayla-low-heel-sandals-beige-4336663
Women's Tazz Slipper - Sea Foam (1122553-SFOA),UGG,Women > Shoes > Sandals,102.83,146.91,https://www.zalora.com.ph/p/ugg-women-s-tazz-slipper-sea-foam-1122553-sfoa-blue-3713316
Women's Thalia Platform Sandals,Piccadilly,Women > Shoes > Wedges > Wedge Sandals,45.69,45.69,https://www.zalora.com.ph/p/piccadilly-women-s-thalia-platform-sandals-red-3730634
Women's The Platform Mid Lug RPC Bramble Fields Navy (WF68049),Keds,Women > Shoes > Sneakers,44.81,89.71,https://www.zalora.com.ph/p/keds-women-s-the-platform-mid-lug-rpc-bramble-fields-navy-wf68049-blue-4043677
Women's Tuxedo Gallivanter Shoes,G/FORE,Sports > Women's Sports > Shop by Activity > Golf,110.19,220.39,https://www.zalora.com.ph/p/g-fore-women-s-tuxedo-gallivanter-shoes-white-3721315
Women's Valerie Wedge Pumps,Piccadilly,Women > Shoes > Wedges > Wedge Pumps,40.8,40.8,https://www.zalora.com.ph/p/piccadilly-women-s-valerie-wedge-pumps-black-3088181
Women's Vani High Heel Shoes,Piccadilly,Women > Shoes > Heels > High Heels,52.22,52.22,https://www.zalora.com.ph/p/piccadilly-women-s-vani-high-heel-shoes-brown-4336648
Women's Venus Mules Shoes,Moleca,Women > Shoes > Flats > Ballerinas,27.74,27.74,https://www.zalora.com.ph/p/moleca-women-s-venus-mules-shoes-black-4086941
Women's Viani High Heel Shoes,Piccadilly,Women > Shoes > Heels > High Heels,50.59,50.59,https://www.zalora.com.ph/p/piccadilly-women-s-viani-high-heel-shoes-multi-4339479
Women's Wedge Sandals LW 26011 Beige C44 C51 C58 C65,Mario D' boro Runway,Women > Shoes > Wedges > Open Toes Wedges,31.01,31.01,https://www.zalora.com.ph/p/mario-d-boro-runway-women-s-wedge-sandals-lw-26011-beige-c44-c51-c58-c65-beige-3187579
Women's Wedge Sandals LY 28026 Black C71 C80,Mario D' boro Runway,Women > Shoes > Wedges > Wedge Sandals,35.9,35.9,https://www.zalora.com.ph/p/mario-d-boro-runway-women-s-wedge-sandals-ly-28026-black-c71-c80-black-3952747
Women's Wedge Sandals LY 29105 - VDark Brown C86,Mario D' boro Runway,Women > Shoes > Wedges > Wedge Sandals,34.27,34.27,https://www.zalora.com.ph/p/mario-d-boro-runway-women-s-wedge-sandals-ly-29105-vdark-brown-c86-brown-4159626
Women's Workout/Training Crop Blue Hoodie,Fitleasure,Sports > Women's Sports > Clothing > Outerwear & Hoodies,63.06,149.52,https://www.zalora.com.ph/p/fitleasure-women-s-workout-training-crop-blue-hoodie-blue-2535770
Women's Ziane Platform 1241 Sneakers,Lacoste,Women > Shoes > Sneakers,97.13,97.13,https://www.zalora.com.ph/p/lacoste-women-s-ziane-platform-1241-sneakers-white-3634993
Womens Academy - Court Charm - Green,Skechers,Women > Shoes > Sneakers,57.39,65.22,https://www.zalora.com.ph/p/skechers-womens-academy-court-charm-green-green-4267501
Womens Champion Point Low Canvas Small Polka Dot Sneaker Snow White/Black (WF68592),Keds,Women > Shoes > Sneakers,58.61,58.61,https://www.zalora.com.ph/p/keds-womens-champion-point-low-canvas-small-polka-dot-sneaker-snow-white-black-wf68592-beige-4257214
Womens Cotton Lounge Wear Shorts,Huga,Women > Clothing > Shorts > Casual Shorts,10.0,30.08,https://www.zalora.com.ph/p/huga-womens-cotton-lounge-wear-shorts-pink-3077805
Womens Go Walk Glide-Step 2.0 - Kristee - Navy Blue,Skechers,Women > Shoes > Sneakers,81.54,81.54,https://www.zalora.com.ph/p/skechers-womens-go-walk-glide-step-2-0-kristee-navy-blue-navy-4346945
Womens Heritage 1911 LS White/Green,FILA,Sports > Women's Sports > Footwear > Sneakers,40.8,40.8,https://www.zalora.com.ph/p/fila-womens-heritage-1911-ls-white-green-white-4212153
Womens Max Run - Pacewave - Light Blue,Skechers,Women > Shoes > Sneakers,83.25,94.6,https://www.zalora.com.ph/p/skechers-womens-max-run-pacewave-light-blue-blue-4327737
Women’s Club-Low S 1261 Leather Slip-On,Lacoste,Women > Sports > Footwear > Sneakers,129.78,129.78,https://www.zalora.com.ph/p/lacoste-women-s-club-low-s-1261-leather-slip-on-black-4187638
Women’s Distorted Check Silky Tech Nylon Polo,G/FORE,Sports > Women's Sports > Clothing > T-Shirts,55.5,111.01,https://www.zalora.com.ph/p/g-fore-women-s-distorted-check-silky-tech-nylon-polo-blue-3683457
Women’s Stardust Silky Tech Nylon Sleeveless Polo,G/FORE,Sports > Women's Sports > Clothing > T-Shirts,50.61,101.21,https://www.zalora.com.ph/p/g-fore-women-s-stardust-silky-tech-nylon-sleeveless-polo-blue-3688068
Wonder Cut Jeans,& Other Stories,Women > Clothing > Jeans,81.54,81.54,https://www.zalora.com.ph/p/other-stories-wonder-cut-jeans-white-2491312
Wool Blend Men's Thermal Set,Well Suited,Men > Clothing > Underwear & Loungewear > Loungewear,57.46,71.83,https://www.zalora.com.ph/p/well-suited-wool-blend-men-s-thermal-set-grey-3599136
Wool-blend suit trousers,H&M,Men > Clothing > Pants,56.97,97.79,https://www.zalora.com.ph/p/hm-wool-blend-suit-trousers-grey-3632648
World Balance ACS MNS 65 P3 Men's Socks,World Balance,Sports > Men's Sports > Accessories > Other Accessories,10.0,10.0,https://www.zalora.com.ph/p/world-balance-world-balance-acs-mns-65-p3-men-s-socks-black-grey-white-3067708
World Balance Chill Slides Men's Slides,World Balance,Sports > Men's Sports > Footwear > Sandals & Flip Flops,10.0,10.0,https://www.zalora.com.ph/p/world-balance-world-balance-chill-slides-men-s-slides-beige-2895396
World Balance Chill Slides Women's Slides,World Balance,Women > Shoes > Sandals > Flat Sandals,10.0,10.0,https://www.zalora.com.ph/p/world-balance-world-balance-chill-slides-women-s-slides-white-2909940
World Balance DELLA Women's Performance Cross Training Shoes,World Balance,Sports > Women's Sports > Footwear > Training Shoes,21.22,32.63,https://www.zalora.com.ph/p/world-balance-world-balance-della-women-s-performance-cross-training-shoes-black-3239645
World Balance HADLEY Women's Lifestyle Classic Shoes,World Balance,Women > Shoes > Sneakers,22.03,29.37,https://www.zalora.com.ph/p/world-balance-world-balance-hadley-women-s-lifestyle-classic-shoes-white-3282732
World Balance Heritage Men's Lifestyle Classic Shoes,World Balance,Sports > Men's Sports > Footwear > Sneakers,34.27,34.27,https://www.zalora.com.ph/p/world-balance-world-balance-heritage-men-s-lifestyle-classic-shoes-white-3617567
World Balance Hustle Man Hardwork Men's Performance Basketball Shoes,World Balance,Sports > Men's Sports > Footwear > Basketball Shoes,47.33,47.33,https://www.zalora.com.ph/p/world-balance-world-balance-hustle-man-hardwork-men-s-performance-basketball-shoes-white-3149908
World Balance Light Trainer Women's Performance Cross Training Shoes,World Balance,Sports > Women's Sports > Footwear > Training Shoes,21.22,40.8,https://www.zalora.com.ph/p/world-balance-world-balance-light-trainer-women-s-performance-cross-training-shoes-white-3191261
World Balance Men's Nshow Socks 01 P3,World Balance,Men > Clothing > Socks > Ankle socks,10.0,10.0,https://www.zalora.com.ph/p/world-balance-world-balance-men-s-nshow-socks-01-p3-black-3663703
World Balance Men's Scottie Text Tee 01,World Balance,Men > Clothing > T-Shirts > Short Sleeves,12.23,12.23,https://www.zalora.com.ph/p/world-balance-world-balance-men-s-scottie-text-tee-01-black-3639110
World Balance Men's Scottie Text Tee 01,World Balance,Men > Clothing > T-Shirts > Short Sleeves,12.23,12.23,https://www.zalora.com.ph/p/world-balance-world-balance-men-s-scottie-text-tee-01-red-3639111
World Balance Rpblc Women's Lifestyle Classic Shoes,World Balance,Women > Shoes > Sneakers,29.37,39.16,https://www.zalora.com.ph/p/world-balance-world-balance-rpblc-women-s-lifestyle-classic-shoes-beige-3710529
World Balance Teena Women's Lifestyle Athleisure Shoes,World Balance,Women > Shoes > Sneakers,19.59,31.0,https://www.zalora.com.ph/p/world-balance-world-balance-teena-women-s-lifestyle-athleisure-shoes-black-3495937
World Balance Unstoppable Men's Performance Basketball Shoes,World Balance,Sports > Men's Sports > Footwear > Basketball Shoes,50.59,50.59,https://www.zalora.com.ph/p/world-balance-world-balance-unstoppable-men-s-performance-basketball-shoes-black-grey-3523329
World Balance VELA TRAINER Women's Performance Shoes,World Balance,Sports > Women's Sports > Footwear > Training Shoes,17.96,37.53,https://www.zalora.com.ph/p/world-balance-world-balance-vela-trainer-women-s-performance-shoes-black-white-2711119
World Balance Women's LEGGINGS 01,World Balance,Sports > Women's Sports > Clothing > Outerwear & Hoodies,16.31,16.31,https://www.zalora.com.ph/p/world-balance-world-balance-women-s-leggings-01-black-3492255
World Balance Women's Nshow Socks 06 P3,World Balance,Women > Sports > Clothing > Socks,10.0,10.0,https://www.zalora.com.ph/p/world-balance-world-balance-women-s-nshow-socks-06-p3-multi-3484759
World Balance X Pba San Miguel Perez Jersey,World Balance,Sports > Men's Sports > Clothing > Tanks & Singlets,14.68,17.94,https://www.zalora.com.ph/p/world-balance-world-balance-x-pba-san-miguel-perez-jersey-red-2502865
World Balance YANIS Women's Lifestyle Athleisure Shoes,World Balance,Women > Shoes > Sneakers,19.59,31.0,https://www.zalora.com.ph/p/world-balance-world-balance-yanis-women-s-lifestyle-athleisure-shoes-black-3390143
World Balance Yogi Trainer Women's Performance Cross Training Shoes,World Balance,Sports > Women's Sports > Footwear > Training Shoes,21.22,40.8,https://www.zalora.com.ph/p/world-balance-world-balance-yogi-trainer-women-s-performance-cross-training-shoes-black-3368392
World Wide T02 Seoul T-Shirt,New Era,Women > Clothing > Tops > T-Shirts,43.12,43.12,https://www.zalora.com.ph/p/new-era-world-wide-t02-seoul-t-shirt-grey-2653028
Woven Band Sandals,Trendyol,Women > Shoes > Sandals > Flat Sandals,18.66,26.92,https://www.zalora.com.ph/p/trendyol-woven-band-sandals-brown-4294013
Woven Bow Detail Ballerinas In Black,London Rag,Women > Shoes > Flats > Ballerinas,28.72,52.22,https://www.zalora.com.ph/p/london-rag-woven-bow-detail-ballerinas-in-black-black-3751498
Woven Embroidered Shorts & Bermuda,Trendyol,Women > Clothing > Shorts > Casual Shorts,10.0,28.0,https://www.zalora.com.ph/p/trendyol-woven-embroidered-shorts-bermuda-black-2852269
Woven Faux Leather Boots in Chocolate,London Rag,Women > Shoes > Boots > Heeled Boots,65.28,93.2,https://www.zalora.com.ph/p/london-rag-woven-faux-leather-boots-in-chocolate-brown-3573028
Woven Raffia Clogs In White,Rag & CO.,Women > Shoes > Heels > Mid Heels,40.8,58.1,https://www.zalora.com.ph/p/rag-co-woven-raffia-clogs-in-white-white-3703900
Woven Short Sleeves Casual Oxford Pea Shirt,PERRY ELLIS,Men > Clothing > Shirts > Short Sleeve,60.24,60.24,https://www.zalora.com.ph/p/perry-ellis-woven-short-sleeves-casual-oxford-pea-shirt-grey-2904067
Woven Short Sleeves Casual Poplin Stretch,PERRY ELLIS,Men > Clothing > Shirts > Short Sleeve,60.24,60.24,https://www.zalora.com.ph/p/perry-ellis-woven-short-sleeves-casual-poplin-stretch-white-2904578
Wrangler Men's Multicolor Polo Shirt,Wrangler,Men > Clothing > Polos,24.16,24.16,https://www.zalora.com.ph/p/wrangler-wrangler-men-s-multicolor-polo-shirt-multi-3692612
Wrangler Plain Color Polo Shirt for Men,Wrangler,Men > Clothing > Polos,20.9,20.9,https://www.zalora.com.ph/p/wrangler-wrangler-plain-color-polo-shirt-for-men-beige-3686703
Wrap dress,H&M,Women > Clothing > Dresses,13.04,27.59,https://www.zalora.com.ph/p/hm-wrap-dress-white-2925905
Wrap skort,H&M,Women > Clothing > Skirts,16.31,16.31,https://www.zalora.com.ph/p/hm-wrap-skort-beige-3743890
Wren Set: Crop Top Sports Bra & Culottes Shorts,Lotus Activewear,Sports > Women's Sports > Women's Sports,34.2,34.2,https://www.zalora.com.ph/p/lotus-activewear-wren-set-crop-top-sports-bra-culottes-shorts-white-3444606
Wrestla Women Dresses,RAISING LITTLE,Women > Clothing > Dresses > Summer Dresses,38.28,38.28,https://www.zalora.com.ph/p/raising-little-wrestla-women-dresses-multi-2494858
Wyetta Women Dress,RAISING LITTLE,Women > Clothing > Dresses > Summer Dresses,35.18,35.18,https://www.zalora.com.ph/p/raising-little-wyetta-women-dress-multi-2506592
Wylaena Slip Ons,ALDO,Women > Shoes > Flats > Loafers & Boat Shoes,91.34,91.34,https://www.zalora.com.ph/p/aldo-wylaena-slip-ons-black-4091335
X ULTRA 360 GTX Women Outdoor Shoes in Plum Kitten / Phantom / Cork,Salomon,Women > Shoes > Sports Shoes,195.74,195.74,https://www.zalora.com.ph/p/salomon-x-ultra-360-gtx-women-outdoor-shoes-in-plum-kitten-phantom-cork-n-a-3712828
X Ultra 360 Edge Mid Gore-tex Men Outdoor Shoes in Bleached Sand / Kelp / Spectrum Blue,Salomon,Men > Shoes > Sports Shoes,212.06,212.06,https://www.zalora.com.ph/p/salomon-x-ultra-360-edge-mid-gore-tex-men-outdoor-shoes-in-bleached-sand-kelp-spectrum-blue-blue-4224006
XA PRO 3D V9 GTX Men Outdoor Shoes in Flint Stone / Black / Ghost Gray,Salomon,Men > Shoes > Sports Shoes,212.06,212.06,https://www.zalora.com.ph/p/salomon-xa-pro-3d-v9-gtx-men-outdoor-shoes-in-flint-stone-black-ghost-gray-black-4195413
XT-6 Men's Sports Shoes in Black 417413,Salomon,Men > Shoes > Sneakers,248.3,400.93,https://www.zalora.com.ph/p/salomon-xt-6-men-s-sports-shoes-in-black-417413-black-4236196
XT-6 Unisex Sportstyle Shoes in Pearl Blue/Grisaille/Vanilla Ice,Salomon,Men > Shoes > Sports Shoes,212.06,212.06,https://www.zalora.com.ph/p/salomon-xt-6-unisex-sportstyle-shoes-in-pearl-blue-grisaille-vanilla-ice-grey-4351969
Xena Mini Dress,REUX,Women > Clothing > Dresses > Mini Dresses,71.81,71.81,https://www.zalora.com.ph/p/reux-xena-mini-dress-black-1820584
YELLOW LINEN JACKET,F2 - Fashion and Freedom,Women > Clothing > Pants & Leggings,130.47,130.47,https://www.zalora.com.ph/p/f2-fashion-and-freedom-yellow-linen-jacket-yellow-3109163
Yarn Detailed Knitwear Sweater,Trendyol,Women > Clothing > Knitwear & Cardigans,45.38,48.96,https://www.zalora.com.ph/p/trendyol-yarn-detailed-knitwear-sweater-white-3104591
Yaya Glitter Strap Heels,Happy2U,Women > Shoes > Heels > Mid Heels,42.43,55.33,https://www.zalora.com.ph/p/happy2u-yaya-glitter-strap-heels-white-4196818
Ybilide Loafers,ALDO,Women > Shoes > Flats > Loafers & Boat Shoes,39.87,92.22,https://www.zalora.com.ph/p/aldo-ybilide-loafers-beige-4009106
Yellow Ikat Printed Pleated Short Kurta,Indya,Women > Clothing > Dresses,42.74,42.74,https://www.zalora.com.ph/p/indya-yellow-ikat-printed-pleated-short-kurta-yellow-3522981
Ylona Loungewear Shorts Set,THE LOUNGE EDIT,Women > Clothing > Lingerie & Loungewear > Loungewear,24.49,24.49,https://www.zalora.com.ph/p/the-lounge-edit-ylona-loungewear-shorts-set-green-1879942
You Are a Fighter Black Cotton Sleeveless Workout/Training Tank,QuirkyT,Sports > Men's Sports > Clothing > Tanks & Singlets,28.59,63.5,https://www.zalora.com.ph/p/quirkyt-you-are-a-fighter-black-cotton-sleeveless-workout-training-tank-black-2918168
Zalora Exclusive - Catalyst Performance Shoes,New Balance,Sports > Women's Sports > Footwear > Sneakers,70.92,78.28,https://www.zalora.com.ph/p/new-balance-zalora-exclusive-catalyst-performance-shoes-blue-3928504
Zarah Mary Janes,CLN,Women > Shoes > Flats > Ballerinas,22.02,24.47,https://www.zalora.com.ph/p/cln-zarah-mary-janes-black-4067046
Zarah Mary Janes,CLN,Women > Shoes > Flats > Ballerinas,22.02,24.47,https://www.zalora.com.ph/p/cln-zarah-mary-janes-silver-4067045
Zavier Shoes,ALDO,Men > Shoes > Sneakers,81.43,94.6,https://www.zalora.com.ph/p/aldo-zavier-shoes-black-4091084
Zebra Print Chiffon Dress,iROO,Women > Clothing > Dresses,172.64,172.64,https://www.zalora.com.ph/p/iroo-zebra-print-chiffon-dress-multi-3183985
Zen,Zaxy,Women > Shoes > Flip-Flops,32.57,32.57,https://www.zalora.com.ph/p/zaxy-zen-brown-4324365
Zen VI Men’s Performance Basketball Shoes in Obsidian Black/Yellow (Be Water),361 Degrees,Sports > Men's Sports > Footwear > Basketball Shoes,130.44,130.44,https://www.zalora.com.ph/p/361degrees-zen-vi-men-s-performance-basketball-shoes-in-obsidian-black-yellow-be-water-black-yellow-4146536
Zethan Sneakers,ALDO,Men > Shoes > Sneakers,67.1,91.34,https://www.zalora.com.ph/p/aldo-zethan-sneakers-white-3509963
Zeynep Tosun x Trendyol Ruched Midi Dress,Trendyol,Women > Clothing > Dresses > Party Dresses,27.44,51.08,https://www.zalora.com.ph/p/trendyol-zeynep-tosun-x-trendyol-ruched-midi-dress-green-3720335
Zip-top rib-knit top,H&M,Women > Clothing > Tops,22.69,29.22,https://www.zalora.com.ph/p/hm-zip-top-rib-knit-top-beige-3632104
Zip-top rib-knit top,H&M,Women > Clothing > Tops,22.69,29.22,https://www.zalora.com.ph/p/hm-zip-top-rib-knit-top-3670907
Zip-top shimmering metallic vest top,H&M,Women > Clothing > Blazers,13.86,19.43,https://www.zalora.com.ph/p/hm-zip-top-shimmering-metallic-vest-top-black-3021123
Zippered Collar Maxi Knit Dress,Happiness Istanbul,Women > Clothing > Dresses > Maxi Dresses,12.85,44.06,https://www.zalora.com.ph/p/happiness-istanbul-zippered-collar-maxi-knit-dress-grey-3510584
Znsory Slides,ADIDAS,Men > Sports > Footwear > Sandals & Flip-Flops,40.81,40.81,https://www.zalora.com.ph/p/adidas-znsory-slides-green-4221835
Zola Women's Lifestyle Athleisure Shoes,World Balance,Women > Shoes > Sneakers,31.0,31.0,https://www.zalora.com.ph/p/world-balance-zola-women-s-lifestyle-athleisure-shoes-black-3815791
Zoom Fly 6 Se,Nike,Sports > Women's Sports > Footwear > Running Shoes,113.3,153.37,https://www.zalora.com.ph/p/nike-zoom-fly-6-se-multi-4262756
Zoom GP Challenge Pro Clay Court Tennis Shoes,Nike,Sports > Men's Sports > Footwear > Sneakers,102.77,102.77,https://www.zalora.com.ph/p/nike-zoom-gp-challenge-pro-clay-court-tennis-shoes-multi-4350071
Zoom Rival Fly 4 Road Racing Shoes,Nike,Sports > Men's Sports > Footwear > Sneakers,81.74,89.71,https://www.zalora.com.ph/p/nike-zoom-rival-fly-4-road-racing-shoes-yellow-4241923
Zoom Vomero 5,Nike,Sports > Men's Sports > Footwear > Sneakers,145.21,145.21,https://www.zalora.com.ph/p/nike-zoom-vomero-5-multi-4262771
Zoom Vomero 5 Se,Nike,Sports > Men's Sports > Footwear > Sneakers,123.3,153.37,https://www.zalora.com.ph/p/nike-zoom-vomero-5-se-multi-4262778
Zyana Knotted Front Top,FORCAST,Women > Clothing > Tops > Blouses,24.41,48.81,https://www.zalora.com.ph/p/forcast-zyana-knotted-front-top-orange-2979709
adilette shower slides,ADIDAS,Men > Sports > Footwear > Sandals & Flip-Flops,24.49,24.49,https://www.zalora.com.ph/p/adidas-adilette-shower-slides-red-2262903
cushOn Women's Feya Knitted Mary Jane Shoes,ALBERTO,Women > Shoes > Flats,29.37,29.37,https://www.zalora.com.ph/p/alberto-cushon-women-s-feya-knitted-mary-jane-shoes-black-4223369
cushOn Women's Haisley Low Pumps,ALBERTO,Women > Shoes > Heels > Low Heels,26.1,26.1,https://www.zalora.com.ph/p/alberto-cushon-women-s-haisley-low-pumps-black-3836876
cushOn Women's Orinthia Knitted Slip-On Sandals,ALBERTO,Women > Shoes > Sandals,24.47,24.47,https://www.zalora.com.ph/p/alberto-cushon-women-s-orinthia-knitted-slip-on-sandals-beige-4223380
denim shorts,Jnby,Women > Clothing > Jeans,172.72,172.72,https://www.zalora.com.ph/p/jnby-denim-shorts-black-3618958
layered Sleeveless Top in Black,MONCLER,Women > Clothing > Tops > Sleeveless,212.39,552.54,https://www.zalora.com.ph/p/moncler-layered-sleeveless-top-in-black-black-3115976
own the run tee,ADIDAS,Men > Sports > Clothing > Tops,29.38,29.38,https://www.zalora.com.ph/p/adidas-own-the-run-tee-black-1638336
short sleeve dress,Jnby,Women > Clothing > Dresses,225.12,225.12,https://www.zalora.com.ph/p/jnby-short-sleeve-dress-black-3617591
short sleeve dress,Jnby,Women > Clothing > Dresses,225.12,225.12,https://www.zalora.com.ph/p/jnby-short-sleeve-dress-black-3755186
short sleeve dress,Jnby,Women > Clothing > Dresses,225.12,225.12,https://www.zalora.com.ph/p/jnby-short-sleeve-dress-pink-3617586
short sleeve sweater dress,Jnby,Women > Clothing > Dresses,199.0,199.0,https://www.zalora.com.ph/p/jnby-short-sleeve-sweater-dress-black-3617581
superstar shoes,ADIDAS,Men > Shoes > Sneakers,63.65,106.11,https://www.zalora.com.ph/p/adidas-superstar-shoes-white-2715032
ultraboost 5,ADIDAS,Men > Sports > Footwear > Running Shoes,163.25,163.25,https://www.zalora.com.ph/p/adidas-ultraboost-5-blue-3376845
‌4CM Hidden Heel Rivet Pumps WW8916-2,Twenty Eight Shoes,Women > Shoes > Heels > Pumps,75.39,94.59,https://www.zalora.com.ph/p/twenty-eight-shoes-4cm-hidden-heel-rivet-pumps-ww8916-2-n-a-4119414
